Domain Code,Domain,Area Code (ISO3),Area,Element Code,Element,Item Code,Item,Year Code,Year,Unit,Value,Flag,Flag Description,Note
FS,Suite of Food Security Indicators,DZA,Algeria,6121,Value,21033,Value of food imports in total merchandise exports (percent) (3-year average),20002002,2000-2002,%,13,E,Estimated value,
FS,Suite of Food Security Indicators,DZA,Algeria,6121,Value,21033,Value of food imports in total merchandise exports (percent) (3-year average),20012003,2001-2003,%,13,E,Estimated value,
FS,Suite of Food Security Indicators,DZA,Algeria,6121,Value,21033,Value of food imports in total merchandise exports (percent) (3-year average),20022004,2002-2004,%,12,E,Estimated value,
FS,Suite of Food Security Indicators,DZA,Algeria,6121,Value,21033,Value of food imports in total merchandise exports (percent) (3-year average),20032005,2003-2005,%,10,E,Estimated value,
FS,Suite of Food Security Indicators,DZA,Algeria,6121,Value,21033,Value of food imports in total merchandise exports (percent) (3-year average),20042006,2004-2006,%,9,E,Estimated value,
FS,Suite of Food Security Indicators,DZA,Algeria,6121,Value,21033,Value of food imports in total merchandise exports (percent) (3-year average),20052007,2005-2007,%,8,E,Estimated value,
FS,Suite of Food Security Indicators,DZA,Algeria,6121,Value,21033,Value of food imports in total merchandise exports (percent) (3-year average),20062008,2006-2008,%,9,E,Estimated value,
FS,Suite of Food Security Indicators,DZA,Algeria,6121,Value,21033,Value of food imports in total merchandise exports (percent) (3-year average),20072009,2007-2009,%,10,E,Estimated value,
FS,Suite of Food Security Indicators,DZA,Algeria,6121,Value,21033,Value of food imports in total merchandise exports (percent) (3-year average),20082010,2008-2010,%,11,E,Estimated value,
FS,Suite of Food Security Indicators,DZA,Algeria,6121,Value,21033,Value of food imports in total merchandise exports (percent) (3-year average),20092011,2009-2011,%,12,E,Estimated value,
FS,Suite of Food Security Indicators,DZA,Algeria,6121,Value,21033,Value of food imports in total merchandise exports (percent) (3-year average),20102012,2010-2012,%,12,E,Estimated value,
FS,Suite of Food Security Indicators,DZA,Algeria,6121,Value,21033,Value of food imports in total merchandise exports (percent) (3-year average),20112013,2011-2013,%,13,E,Estimated value,
FS,Suite of Food Security Indicators,DZA,Algeria,6121,Value,21033,Value of food imports in total merchandise exports (percent) (3-year average),20122014,2012-2014,%,15,E,Estimated value,
FS,Suite of Food Security Indicators,DZA,Algeria,6121,Value,21033,Value of food imports in total merchandise exports (percent) (3-year average),20132015,2013-2015,%,18,E,Estimated value,
FS,Suite of Food Security Indicators,DZA,Algeria,6121,Value,21033,Value of food imports in total merchandise exports (percent) (3-year average),20142016,2014-2016,%,22,E,Estimated value,
FS,Suite of Food Security Indicators,DZA,Algeria,6121,Value,21033,Value of food imports in total merchandise exports (percent) (3-year average),20152017,2015-2017,%,25,E,Estimated value,
FS,Suite of Food Security Indicators,DZA,Algeria,6121,Value,21033,Value of food imports in total merchandise exports (percent) (3-year average),20162018,2016-2018,%,23,E,Estimated value,
FS,Suite of Food Security Indicators,DZA,Algeria,6121,Value,21033,Value of food imports in total merchandise exports (percent) (3-year average),20172019,2017-2019,%,22,E,Estimated value,
FS,Suite of Food Security Indicators,DZA,Algeria,6121,Value,21033,Value of food imports in total merchandise exports (percent) (3-year average),20182020,2018-2020,%,25,E,Estimated value,
FS,Suite of Food Security Indicators,DZA,Algeria,6121,Value,21033,Value of food imports in total merchandise exports (percent) (3-year average),20192021,2019-2021,%,28,E,Estimated value,
FS,Suite of Food Security Indicators,DZA,Algeria,6121,Value,21033,Value of food imports in total merchandise exports (percent) (3-year average),20202022,2020-2022,%,25,E,Estimated value,
FS,Suite of Food Security Indicators,DZA,Algeria,6121,Value,21033,Value of food imports in total merchandise exports (percent) (3-year average),20212023,2021-2023,%,21,E,Estimated value,
FS,Suite of Food Security Indicators,DZA,Algeria,6121,Value,21033,Value of food imports in total merchandise exports (percent) (3-year average),20222024,2022-2024,%,20,E,Estimated value,
FS,Suite of Food Security Indicators,AGO,Angola,6121,Value,21033,Value of food imports in total merchandise exports (percent) (3-year average),20002002,2000-2002,%,7,E,Estimated value,
FS,Suite of Food Security Indicators,AGO,Angola,6121,Value,21033,Value of food imports in total merchandise exports (percent) (3-year average),20012003,2001-2003,%,8,E,Estimated value,
FS,Suite of Food Security Indicators,AGO,Angola,6121,Value,21033,Value of food imports in total merchandise exports (percent) (3-year average),20022004,2002-2004,%,8,E,Estimated value,
FS,Suite of Food Security Indicators,AGO,Angola,6121,Value,21033,Value of food imports in total merchandise exports (percent) (3-year average),20032005,2003-2005,%,6,E,Estimated value,
FS,Suite of Food Security Indicators,AGO,Angola,6121,Value,21033,Value of food imports in total merchandise exports (percent) (3-year average),20042006,2004-2006,%,5,E,Estimated value,
FS,Suite of Food Security Indicators,AGO,Angola,6121,Value,21033,Value of food imports in total merchandise exports (percent) (3-year average),20052007,2005-2007,%,4,E,Estimated value,
FS,Suite of Food Security Indicators,AGO,Angola,6121,Value,21033,Value of food imports in total merchandise exports (percent) (3-year average),20062008,2006-2008,%,4,E,Estimated value,
FS,Suite of Food Security Indicators,AGO,Angola,6121,Value,21033,Value of food imports in total merchandise exports (percent) (3-year average),20072009,2007-2009,%,4,E,Estimated value,
FS,Suite of Food Security Indicators,AGO,Angola,6121,Value,21033,Value of food imports in total merchandise exports (percent) (3-year average),20082010,2008-2010,%,4,E,Estimated value,
FS,Suite of Food Security Indicators,AGO,Angola,6121,Value,21033,Value of food imports in total merchandise exports (percent) (3-year average),20092011,2009-2011,%,5,E,Estimated value,
FS,Suite of Food Security Indicators,AGO,Angola,6121,Value,21033,Value of food imports in total merchandise exports (percent) (3-year average),20102012,2010-2012,%,5,E,Estimated value,
FS,Suite of Food Security Indicators,AGO,Angola,6121,Value,21033,Value of food imports in total merchandise exports (percent) (3-year average),20112013,2011-2013,%,5,E,Estimated value,
FS,Suite of Food Security Indicators,AGO,Angola,6121,Value,21033,Value of food imports in total merchandise exports (percent) (3-year average),20122014,2012-2014,%,6,E,Estimated value,
FS,Suite of Food Security Indicators,AGO,Angola,6121,Value,21033,Value of food imports in total merchandise exports (percent) (3-year average),20132015,2013-2015,%,7,E,Estimated value,
FS,Suite of Food Security Indicators,AGO,Angola,6121,Value,21033,Value of food imports in total merchandise exports (percent) (3-year average),20142016,2014-2016,%,8,E,Estimated value,
FS,Suite of Food Security Indicators,AGO,Angola,6121,Value,21033,Value of food imports in total merchandise exports (percent) (3-year average),20152017,2015-2017,%,8,E,Estimated value,
FS,Suite of Food Security Indicators,AGO,Angola,6121,Value,21033,Value of food imports in total merchandise exports (percent) (3-year average),20162018,2016-2018,%,7,E,Estimated value,
FS,Suite of Food Security Indicators,AGO,Angola,6121,Value,21033,Value of food imports in total merchandise exports (percent) (3-year average),20172019,2017-2019,%,7,E,Estimated value,
FS,Suite of Food Security Indicators,AGO,Angola,6121,Value,21033,Value of food imports in total merchandise exports (percent) (3-year average),20182020,2018-2020,%,7,E,Estimated value,
FS,Suite of Food Security Indicators,AGO,Angola,6121,Value,21033,Value of food imports in total merchandise exports (percent) (3-year average),20192021,2019-2021,%,8,E,Estimated value,
FS,Suite of Food Security Indicators,AGO,Angola,6121,Value,21033,Value of food imports in total merchandise exports (percent) (3-year average),20202022,2020-2022,%,7,E,Estimated value,
FS,Suite of Food Security Indicators,AGO,Angola,6121,Value,21033,Value of food imports in total merchandise exports (percent) (3-year average),20212023,2021-2023,%,6,E,Estimated value,
FS,Suite of Food Security Indicators,AGO,Angola,6121,Value,21033,Value of food imports in total merchandise exports (percent) (3-year average),20222024,2022-2024,%,6,E,Estimated value,
FS,Suite of Food Security Indicators,BEN,Benin,6121,Value,21033,Value of food imports in total merchandise exports (percent) (3-year average),20002002,2000-2002,%,58,E,Estimated value,
FS,Suite of Food Security Indicators,BEN,Benin,6121,Value,21033,Value of food imports in total merchandise exports (percent) (3-year average),20012003,2001-2003,%,62,E,Estimated value,
FS,Suite of Food Security Indicators,BEN,Benin,6121,Value,21033,Value of food imports in total merchandise exports (percent) (3-year average),20022004,2002-2004,%,63,E,Estimated value,
FS,Suite of Food Security Indicators,BEN,Benin,6121,Value,21033,Value of food imports in total merchandise exports (percent) (3-year average),20032005,2003-2005,%,75,E,Estimated value,
FS,Suite of Food Security Indicators,BEN,Benin,6121,Value,21033,Value of food imports in total merchandise exports (percent) (3-year average),20042006,2004-2006,%,106,E,Estimated value,
FS,Suite of Food Security Indicators,BEN,Benin,6121,Value,21033,Value of food imports in total merchandise exports (percent) (3-year average),20052007,2005-2007,%,106,E,Estimated value,
FS,Suite of Food Security Indicators,BEN,Benin,6121,Value,21033,Value of food imports in total merchandise exports (percent) (3-year average),20062008,2006-2008,%,74,E,Estimated value,
FS,Suite of Food Security Indicators,BEN,Benin,6121,Value,21033,Value of food imports in total merchandise exports (percent) (3-year average),20072009,2007-2009,%,51,E,Estimated value,
FS,Suite of Food Security Indicators,BEN,Benin,6121,Value,21033,Value of food imports in total merchandise exports (percent) (3-year average),20082010,2008-2010,%,40,E,Estimated value,
FS,Suite of Food Security Indicators,BEN,Benin,6121,Value,21033,Value of food imports in total merchandise exports (percent) (3-year average),20092011,2009-2011,%,56,E,Estimated value,
FS,Suite of Food Security Indicators,BEN,Benin,6121,Value,21033,Value of food imports in total merchandise exports (percent) (3-year average),20102012,2010-2012,%,63,E,Estimated value,
FS,Suite of Food Security Indicators,BEN,Benin,6121,Value,21033,Value of food imports in total merchandise exports (percent) (3-year average),20112013,2011-2013,%,74,E,Estimated value,
FS,Suite of Food Security Indicators,BEN,Benin,6121,Value,21033,Value of food imports in total merchandise exports (percent) (3-year average),20122014,2012-2014,%,64,E,Estimated value,
FS,Suite of Food Security Indicators,BEN,Benin,6121,Value,21033,Value of food imports in total merchandise exports (percent) (3-year average),20132015,2013-2015,%,61,E,Estimated value,
FS,Suite of Food Security Indicators,BEN,Benin,6121,Value,21033,Value of food imports in total merchandise exports (percent) (3-year average),20142016,2014-2016,%,61,E,Estimated value,
FS,Suite of Food Security Indicators,BEN,Benin,6121,Value,21033,Value of food imports in total merchandise exports (percent) (3-year average),20152017,2015-2017,%,68,E,Estimated value,
FS,Suite of Food Security Indicators,BEN,Benin,6121,Value,21033,Value of food imports in total merchandise exports (percent) (3-year average),20162018,2016-2018,%,68,E,Estimated value,
FS,Suite of Food Security Indicators,BEN,Benin,6121,Value,21033,Value of food imports in total merchandise exports (percent) (3-year average),20172019,2017-2019,%,52,E,Estimated value,
FS,Suite of Food Security Indicators,BEN,Benin,6121,Value,21033,Value of food imports in total merchandise exports (percent) (3-year average),20182020,2018-2020,%,39,E,Estimated value,
FS,Suite of Food Security Indicators,BEN,Benin,6121,Value,21033,Value of food imports in total merchandise exports (percent) (3-year average),20192021,2019-2021,%,30,E,Estimated value,
FS,Suite of Food Security Indicators,BEN,Benin,6121,Value,21033,Value of food imports in total merchandise exports (percent) (3-year average),20202022,2020-2022,%,30,E,Estimated value,
FS,Suite of Food Security Indicators,BEN,Benin,6121,Value,21033,Value of food imports in total merchandise exports (percent) (3-year average),20212023,2021-2023,%,29,E,Estimated value,
FS,Suite of Food Security Indicators,BEN,Benin,6121,Value,21033,Value of food imports in total merchandise exports (percent) (3-year average),20222024,2022-2024,%,29,E,Estimated value,
FS,Suite of Food Security Indicators,BWA,Botswana,6121,Value,21033,Value of food imports in total merchandise exports (percent) (3-year average),20002002,2000-2002,%,13,E,Estimated value,
FS,Suite of Food Security Indicators,BWA,Botswana,6121,Value,21033,Value of food imports in total merchandise exports (percent) (3-year average),20012003,2001-2003,%,12,E,Estimated value,
FS,Suite of Food Security Indicators,BWA,Botswana,6121,Value,21033,Value of food imports in total merchandise exports (percent) (3-year average),20022004,2002-2004,%,9,E,Estimated value,
FS,Suite of Food Security Indicators,BWA,Botswana,6121,Value,21033,Value of food imports in total merchandise exports (percent) (3-year average),20032005,2003-2005,%,7,E,Estimated value,
FS,Suite of Food Security Indicators,BWA,Botswana,6121,Value,21033,Value of food imports in total merchandise exports (percent) (3-year average),20042006,2004-2006,%,6,E,Estimated value,
FS,Suite of Food Security Indicators,BWA,Botswana,6121,Value,21033,Value of food imports in total merchandise exports (percent) (3-year average),20052007,2005-2007,%,7,E,Estimated value,
FS,Suite of Food Security Indicators,BWA,Botswana,6121,Value,21033,Value of food imports in total merchandise exports (percent) (3-year average),20062008,2006-2008,%,9,E,Estimated value,
FS,Suite of Food Security Indicators,BWA,Botswana,6121,Value,21033,Value of food imports in total merchandise exports (percent) (3-year average),20072009,2007-2009,%,11,E,Estimated value,
FS,Suite of Food Security Indicators,BWA,Botswana,6121,Value,21033,Value of food imports in total merchandise exports (percent) (3-year average),20082010,2008-2010,%,13,E,Estimated value,
FS,Suite of Food Security Indicators,BWA,Botswana,6121,Value,21033,Value of food imports in total merchandise exports (percent) (3-year average),20092011,2009-2011,%,13,E,Estimated value,
FS,Suite of Food Security Indicators,BWA,Botswana,6121,Value,21033,Value of food imports in total merchandise exports (percent) (3-year average),20102012,2010-2012,%,11,E,Estimated value,
FS,Suite of Food Security Indicators,BWA,Botswana,6121,Value,21033,Value of food imports in total merchandise exports (percent) (3-year average),20112013,2011-2013,%,10,E,Estimated value,
FS,Suite of Food Security Indicators,BWA,Botswana,6121,Value,21033,Value of food imports in total merchandise exports (percent) (3-year average),20122014,2012-2014,%,9,E,Estimated value,
FS,Suite of Food Security Indicators,BWA,Botswana,6121,Value,21033,Value of food imports in total merchandise exports (percent) (3-year average),20132015,2013-2015,%,8,E,Estimated value,
FS,Suite of Food Security Indicators,BWA,Botswana,6121,Value,21033,Value of food imports in total merchandise exports (percent) (3-year average),20142016,2014-2016,%,8,E,Estimated value,
FS,Suite of Food Security Indicators,BWA,Botswana,6121,Value,21033,Value of food imports in total merchandise exports (percent) (3-year average),20152017,2015-2017,%,9,E,Estimated value,
FS,Suite of Food Security Indicators,BWA,Botswana,6121,Value,21033,Value of food imports in total merchandise exports (percent) (3-year average),20162018,2016-2018,%,9,E,Estimated value,
FS,Suite of Food Security Indicators,BWA,Botswana,6121,Value,21033,Value of food imports in total merchandise exports (percent) (3-year average),20172019,2017-2019,%,11,E,Estimated value,
FS,Suite of Food Security Indicators,BWA,Botswana,6121,Value,21033,Value of food imports in total merchandise exports (percent) (3-year average),20182020,2018-2020,%,13,E,Estimated value,
FS,Suite of Food Security Indicators,BWA,Botswana,6121,Value,21033,Value of food imports in total merchandise exports (percent) (3-year average),20192021,2019-2021,%,14,E,Estimated value,
FS,Suite of Food Security Indicators,BWA,Botswana,6121,Value,21033,Value of food imports in total merchandise exports (percent) (3-year average),20202022,2020-2022,%,13,E,Estimated value,
FS,Suite of Food Security Indicators,BWA,Botswana,6121,Value,21033,Value of food imports in total merchandise exports (percent) (3-year average),20212023,2021-2023,%,13,E,Estimated value,
FS,Suite of Food Security Indicators,BWA,Botswana,6121,Value,21033,Value of food imports in total merchandise exports (percent) (3-year average),20222024,2022-2024,%,16,E,Estimated value,
FS,Suite of Food Security Indicators,BFA,Burkina Faso,6121,Value,21033,Value of food imports in total merchandise exports (percent) (3-year average),20002002,2000-2002,%,52,E,Estimated value,
FS,Suite of Food Security Indicators,BFA,Burkina Faso,6121,Value,21033,Value of food imports in total merchandise exports (percent) (3-year average),20012003,2001-2003,%,43,E,Estimated value,
FS,Suite of Food Security Indicators,BFA,Burkina Faso,6121,Value,21033,Value of food imports in total merchandise exports (percent) (3-year average),20022004,2002-2004,%,32,E,Estimated value,
FS,Suite of Food Security Indicators,BFA,Burkina Faso,6121,Value,21033,Value of food imports in total merchandise exports (percent) (3-year average),20032005,2003-2005,%,38,E,Estimated value,
FS,Suite of Food Security Indicators,BFA,Burkina Faso,6121,Value,21033,Value of food imports in total merchandise exports (percent) (3-year average),20042006,2004-2006,%,45,E,Estimated value,
FS,Suite of Food Security Indicators,BFA,Burkina Faso,6121,Value,21033,Value of food imports in total merchandise exports (percent) (3-year average),20052007,2005-2007,%,56,E,Estimated value,
FS,Suite of Food Security Indicators,BFA,Burkina Faso,6121,Value,21033,Value of food imports in total merchandise exports (percent) (3-year average),20062008,2006-2008,%,46,E,Estimated value,
FS,Suite of Food Security Indicators,BFA,Burkina Faso,6121,Value,21033,Value of food imports in total merchandise exports (percent) (3-year average),20072009,2007-2009,%,37,E,Estimated value,
FS,Suite of Food Security Indicators,BFA,Burkina Faso,6121,Value,21033,Value of food imports in total merchandise exports (percent) (3-year average),20082010,2008-2010,%,27,E,Estimated value,
FS,Suite of Food Security Indicators,BFA,Burkina Faso,6121,Value,21033,Value of food imports in total merchandise exports (percent) (3-year average),20092011,2009-2011,%,19,E,Estimated value,
FS,Suite of Food Security Indicators,BFA,Burkina Faso,6121,Value,21033,Value of food imports in total merchandise exports (percent) (3-year average),20102012,2010-2012,%,17,E,Estimated value,
FS,Suite of Food Security Indicators,BFA,Burkina Faso,6121,Value,21033,Value of food imports in total merchandise exports (percent) (3-year average),20112013,2011-2013,%,18,E,Estimated value,
FS,Suite of Food Security Indicators,BFA,Burkina Faso,6121,Value,21033,Value of food imports in total merchandise exports (percent) (3-year average),20122014,2012-2014,%,18,E,Estimated value,
FS,Suite of Food Security Indicators,BFA,Burkina Faso,6121,Value,21033,Value of food imports in total merchandise exports (percent) (3-year average),20132015,2013-2015,%,17,E,Estimated value,
FS,Suite of Food Security Indicators,BFA,Burkina Faso,6121,Value,21033,Value of food imports in total merchandise exports (percent) (3-year average),20142016,2014-2016,%,16,E,Estimated value,
FS,Suite of Food Security Indicators,BFA,Burkina Faso,6121,Value,21033,Value of food imports in total merchandise exports (percent) (3-year average),20152017,2015-2017,%,15,E,Estimated value,
FS,Suite of Food Security Indicators,BFA,Burkina Faso,6121,Value,21033,Value of food imports in total merchandise exports (percent) (3-year average),20162018,2016-2018,%,14,E,Estimated value,
FS,Suite of Food Security Indicators,BFA,Burkina Faso,6121,Value,21033,Value of food imports in total merchandise exports (percent) (3-year average),20172019,2017-2019,%,13,E,Estimated value,
FS,Suite of Food Security Indicators,BFA,Burkina Faso,6121,Value,21033,Value of food imports in total merchandise exports (percent) (3-year average),20182020,2018-2020,%,11,E,Estimated value,
FS,Suite of Food Security Indicators,BFA,Burkina Faso,6121,Value,21033,Value of food imports in total merchandise exports (percent) (3-year average),20192021,2019-2021,%,10,E,Estimated value,
FS,Suite of Food Security Indicators,BFA,Burkina Faso,6121,Value,21033,Value of food imports in total merchandise exports (percent) (3-year average),20202022,2020-2022,%,10,E,Estimated value,
FS,Suite of Food Security Indicators,BFA,Burkina Faso,6121,Value,21033,Value of food imports in total merchandise exports (percent) (3-year average),20212023,2021-2023,%,11,E,Estimated value,
FS,Suite of Food Security Indicators,BFA,Burkina Faso,6121,Value,21033,Value of food imports in total merchandise exports (percent) (3-year average),20222024,2022-2024,%,12,E,Estimated value,
FS,Suite of Food Security Indicators,BDI,Burundi,6121,Value,21033,Value of food imports in total merchandise exports (percent) (3-year average),20002002,2000-2002,%,65,E,Estimated value,
FS,Suite of Food Security Indicators,BDI,Burundi,6121,Value,21033,Value of food imports in total merchandise exports (percent) (3-year average),20012003,2001-2003,%,78,E,Estimated value,
FS,Suite of Food Security Indicators,BDI,Burundi,6121,Value,21033,Value of food imports in total merchandise exports (percent) (3-year average),20022004,2002-2004,%,101,E,Estimated value,
FS,Suite of Food Security Indicators,BDI,Burundi,6121,Value,21033,Value of food imports in total merchandise exports (percent) (3-year average),20032005,2003-2005,%,89,E,Estimated value,
FS,Suite of Food Security Indicators,BDI,Burundi,6121,Value,21033,Value of food imports in total merchandise exports (percent) (3-year average),20042006,2004-2006,%,102,E,Estimated value,
FS,Suite of Food Security Indicators,BDI,Burundi,6121,Value,21033,Value of food imports in total merchandise exports (percent) (3-year average),20052007,2005-2007,%,110,E,Estimated value,
FS,Suite of Food Security Indicators,BDI,Burundi,6121,Value,21033,Value of food imports in total merchandise exports (percent) (3-year average),20062008,2006-2008,%,116,E,Estimated value,
FS,Suite of Food Security Indicators,BDI,Burundi,6121,Value,21033,Value of food imports in total merchandise exports (percent) (3-year average),20072009,2007-2009,%,113,E,Estimated value,
FS,Suite of Food Security Indicators,BDI,Burundi,6121,Value,21033,Value of food imports in total merchandise exports (percent) (3-year average),20082010,2008-2010,%,82,E,Estimated value,
FS,Suite of Food Security Indicators,BDI,Burundi,6121,Value,21033,Value of food imports in total merchandise exports (percent) (3-year average),20092011,2009-2011,%,71,E,Estimated value,
FS,Suite of Food Security Indicators,BDI,Burundi,6121,Value,21033,Value of food imports in total merchandise exports (percent) (3-year average),20102012,2010-2012,%,87,E,Estimated value,
FS,Suite of Food Security Indicators,BDI,Burundi,6121,Value,21033,Value of food imports in total merchandise exports (percent) (3-year average),20112013,2011-2013,%,100,E,Estimated value,
FS,Suite of Food Security Indicators,BDI,Burundi,6121,Value,21033,Value of food imports in total merchandise exports (percent) (3-year average),20122014,2012-2014,%,100,E,Estimated value,
FS,Suite of Food Security Indicators,BDI,Burundi,6121,Value,21033,Value of food imports in total merchandise exports (percent) (3-year average),20132015,2013-2015,%,69,E,Estimated value,
FS,Suite of Food Security Indicators,BDI,Burundi,6121,Value,21033,Value of food imports in total merchandise exports (percent) (3-year average),20142016,2014-2016,%,60,E,Estimated value,
FS,Suite of Food Security Indicators,BDI,Burundi,6121,Value,21033,Value of food imports in total merchandise exports (percent) (3-year average),20152017,2015-2017,%,66,E,Estimated value,
FS,Suite of Food Security Indicators,BDI,Burundi,6121,Value,21033,Value of food imports in total merchandise exports (percent) (3-year average),20162018,2016-2018,%,71,E,Estimated value,
FS,Suite of Food Security Indicators,BDI,Burundi,6121,Value,21033,Value of food imports in total merchandise exports (percent) (3-year average),20172019,2017-2019,%,72,E,Estimated value,
FS,Suite of Food Security Indicators,BDI,Burundi,6121,Value,21033,Value of food imports in total merchandise exports (percent) (3-year average),20182020,2018-2020,%,72,E,Estimated value,
FS,Suite of Food Security Indicators,BDI,Burundi,6121,Value,21033,Value of food imports in total merchandise exports (percent) (3-year average),20192021,2019-2021,%,76,E,Estimated value,
FS,Suite of Food Security Indicators,BDI,Burundi,6121,Value,21033,Value of food imports in total merchandise exports (percent) (3-year average),20202022,2020-2022,%,76,E,Estimated value,
FS,Suite of Food Security Indicators,BDI,Burundi,6121,Value,21033,Value of food imports in total merchandise exports (percent) (3-year average),20212023,2021-2023,%,75,E,Estimated value,
FS,Suite of Food Security Indicators,BDI,Burundi,6121,Value,21033,Value of food imports in total merchandise exports (percent) (3-year average),20222024,2022-2024,%,81,E,Estimated value,
FS,Suite of Food Security Indicators,CPV,Cabo Verde,6121,Value,21033,Value of food imports in total merchandise exports (percent) (3-year average),20002002,2000-2002,%,701,E,Estimated value,
FS,Suite of Food Security Indicators,CPV,Cabo Verde,6121,Value,21033,Value of food imports in total merchandise exports (percent) (3-year average),20012003,2001-2003,%,780,E,Estimated value,
FS,Suite of Food Security Indicators,CPV,Cabo Verde,6121,Value,21033,Value of food imports in total merchandise exports (percent) (3-year average),20022004,2002-2004,%,790,E,Estimated value,
FS,Suite of Food Security Indicators,CPV,Cabo Verde,6121,Value,21033,Value of food imports in total merchandise exports (percent) (3-year average),20032005,2003-2005,%,796,E,Estimated value,
FS,Suite of Food Security Indicators,CPV,Cabo Verde,6121,Value,21033,Value of food imports in total merchandise exports (percent) (3-year average),20042006,2004-2006,%,754,E,Estimated value,
FS,Suite of Food Security Indicators,CPV,Cabo Verde,6121,Value,21033,Value of food imports in total merchandise exports (percent) (3-year average),20052007,2005-2007,%,810,E,Estimated value,
FS,Suite of Food Security Indicators,CPV,Cabo Verde,6121,Value,21033,Value of food imports in total merchandise exports (percent) (3-year average),20062008,2006-2008,%,747,E,Estimated value,
FS,Suite of Food Security Indicators,CPV,Cabo Verde,6121,Value,21033,Value of food imports in total merchandise exports (percent) (3-year average),20072009,2007-2009,%,674,E,Estimated value,
FS,Suite of Food Security Indicators,CPV,Cabo Verde,6121,Value,21033,Value of food imports in total merchandise exports (percent) (3-year average),20082010,2008-2010,%,531,E,Estimated value,
FS,Suite of Food Security Indicators,CPV,Cabo Verde,6121,Value,21033,Value of food imports in total merchandise exports (percent) (3-year average),20092011,2009-2011,%,418,E,Estimated value,
FS,Suite of Food Security Indicators,CPV,Cabo Verde,6121,Value,21033,Value of food imports in total merchandise exports (percent) (3-year average),20102012,2010-2012,%,380,E,Estimated value,
FS,Suite of Food Security Indicators,CPV,Cabo Verde,6121,Value,21033,Value of food imports in total merchandise exports (percent) (3-year average),20112013,2011-2013,%,344,E,Estimated value,
FS,Suite of Food Security Indicators,CPV,Cabo Verde,6121,Value,21033,Value of food imports in total merchandise exports (percent) (3-year average),20122014,2012-2014,%,314,E,Estimated value,
FS,Suite of Food Security Indicators,CPV,Cabo Verde,6121,Value,21033,Value of food imports in total merchandise exports (percent) (3-year average),20132015,2013-2015,%,284,E,Estimated value,
FS,Suite of Food Security Indicators,CPV,Cabo Verde,6121,Value,21033,Value of food imports in total merchandise exports (percent) (3-year average),20172019,2017-2019,%,365,E,Estimated value,
FS,Suite of Food Security Indicators,CPV,Cabo Verde,6121,Value,21033,Value of food imports in total merchandise exports (percent) (3-year average),20182020,2018-2020,%,351,E,Estimated value,
FS,Suite of Food Security Indicators,CPV,Cabo Verde,6121,Value,21033,Value of food imports in total merchandise exports (percent) (3-year average),20192021,2019-2021,%,387,E,Estimated value,
FS,Suite of Food Security Indicators,CPV,Cabo Verde,6121,Value,21033,Value of food imports in total merchandise exports (percent) (3-year average),20202022,2020-2022,%,451,E,Estimated value,
FS,Suite of Food Security Indicators,CPV,Cabo Verde,6121,Value,21033,Value of food imports in total merchandise exports (percent) (3-year average),20212023,2021-2023,%,514,E,Estimated value,
FS,Suite of Food Security Indicators,CPV,Cabo Verde,6121,Value,21033,Value of food imports in total merchandise exports (percent) (3-year average),20222024,2022-2024,%,489,E,Estimated value,
FS,Suite of Food Security Indicators,CMR,Cameroon,6121,Value,21033,Value of food imports in total merchandise exports (percent) (3-year average),20002002,2000-2002,%,14,E,Estimated value,
FS,Suite of Food Security Indicators,CMR,Cameroon,6121,Value,21033,Value of food imports in total merchandise exports (percent) (3-year average),20012003,2001-2003,%,15,E,Estimated value,
FS,Suite of Food Security Indicators,CMR,Cameroon,6121,Value,21033,Value of food imports in total merchandise exports (percent) (3-year average),20022004,2002-2004,%,16,E,Estimated value,
FS,Suite of Food Security Indicators,CMR,Cameroon,6121,Value,21033,Value of food imports in total merchandise exports (percent) (3-year average),20032005,2003-2005,%,15,E,Estimated value,
FS,Suite of Food Security Indicators,CMR,Cameroon,6121,Value,21033,Value of food imports in total merchandise exports (percent) (3-year average),20042006,2004-2006,%,15,E,Estimated value,
FS,Suite of Food Security Indicators,CMR,Cameroon,6121,Value,21033,Value of food imports in total merchandise exports (percent) (3-year average),20052007,2005-2007,%,15,E,Estimated value,
FS,Suite of Food Security Indicators,CMR,Cameroon,6121,Value,21033,Value of food imports in total merchandise exports (percent) (3-year average),20062008,2006-2008,%,15,E,Estimated value,
FS,Suite of Food Security Indicators,CMR,Cameroon,6121,Value,21033,Value of food imports in total merchandise exports (percent) (3-year average),20072009,2007-2009,%,17,E,Estimated value,
FS,Suite of Food Security Indicators,CMR,Cameroon,6121,Value,21033,Value of food imports in total merchandise exports (percent) (3-year average),20082010,2008-2010,%,18,E,Estimated value,
FS,Suite of Food Security Indicators,CMR,Cameroon,6121,Value,21033,Value of food imports in total merchandise exports (percent) (3-year average),20092011,2009-2011,%,20,E,Estimated value,
FS,Suite of Food Security Indicators,CMR,Cameroon,6121,Value,21033,Value of food imports in total merchandise exports (percent) (3-year average),20102012,2010-2012,%,20,E,Estimated value,
FS,Suite of Food Security Indicators,CMR,Cameroon,6121,Value,21033,Value of food imports in total merchandise exports (percent) (3-year average),20112013,2011-2013,%,24,E,Estimated value,
FS,Suite of Food Security Indicators,CMR,Cameroon,6121,Value,21033,Value of food imports in total merchandise exports (percent) (3-year average),20122014,2012-2014,%,23,E,Estimated value,
FS,Suite of Food Security Indicators,CMR,Cameroon,6121,Value,21033,Value of food imports in total merchandise exports (percent) (3-year average),20132015,2013-2015,%,23,E,Estimated value,
FS,Suite of Food Security Indicators,CMR,Cameroon,6121,Value,21033,Value of food imports in total merchandise exports (percent) (3-year average),20142016,2014-2016,%,21,E,Estimated value,
FS,Suite of Food Security Indicators,CMR,Cameroon,6121,Value,21033,Value of food imports in total merchandise exports (percent) (3-year average),20152017,2015-2017,%,25,E,Estimated value,
FS,Suite of Food Security Indicators,CMR,Cameroon,6121,Value,21033,Value of food imports in total merchandise exports (percent) (3-year average),20162018,2016-2018,%,25,E,Estimated value,
FS,Suite of Food Security Indicators,CMR,Cameroon,6121,Value,21033,Value of food imports in total merchandise exports (percent) (3-year average),20172019,2017-2019,%,25,E,Estimated value,
FS,Suite of Food Security Indicators,CMR,Cameroon,6121,Value,21033,Value of food imports in total merchandise exports (percent) (3-year average),20182020,2018-2020,%,25,E,Estimated value,
FS,Suite of Food Security Indicators,CMR,Cameroon,6121,Value,21033,Value of food imports in total merchandise exports (percent) (3-year average),20192021,2019-2021,%,27,E,Estimated value,
FS,Suite of Food Security Indicators,CMR,Cameroon,6121,Value,21033,Value of food imports in total merchandise exports (percent) (3-year average),20202022,2020-2022,%,28,E,Estimated value,
FS,Suite of Food Security Indicators,CMR,Cameroon,6121,Value,21033,Value of food imports in total merchandise exports (percent) (3-year average),20212023,2021-2023,%,29,E,Estimated value,
FS,Suite of Food Security Indicators,CMR,Cameroon,6121,Value,21033,Value of food imports in total merchandise exports (percent) (3-year average),20222024,2022-2024,%,29,E,Estimated value,
FS,Suite of Food Security Indicators,CAF,Central African Republic,6121,Value,21033,Value of food imports in total merchandise exports (percent) (3-year average),20002002,2000-2002,%,11,E,Estimated value,
FS,Suite of Food Security Indicators,CAF,Central African Republic,6121,Value,21033,Value of food imports in total merchandise exports (percent) (3-year average),20012003,2001-2003,%,13,E,Estimated value,
FS,Suite of Food Security Indicators,CAF,Central African Republic,6121,Value,21033,Value of food imports in total merchandise exports (percent) (3-year average),20022004,2002-2004,%,16,E,Estimated value,
FS,Suite of Food Security Indicators,CAF,Central African Republic,6121,Value,21033,Value of food imports in total merchandise exports (percent) (3-year average),20032005,2003-2005,%,20,E,Estimated value,
FS,Suite of Food Security Indicators,CAF,Central African Republic,6121,Value,21033,Value of food imports in total merchandise exports (percent) (3-year average),20042006,2004-2006,%,22,E,Estimated value,
FS,Suite of Food Security Indicators,CAF,Central African Republic,6121,Value,21033,Value of food imports in total merchandise exports (percent) (3-year average),20052007,2005-2007,%,21,E,Estimated value,
FS,Suite of Food Security Indicators,CAF,Central African Republic,6121,Value,21033,Value of food imports in total merchandise exports (percent) (3-year average),20062008,2006-2008,%,24,E,Estimated value,
FS,Suite of Food Security Indicators,CAF,Central African Republic,6121,Value,21033,Value of food imports in total merchandise exports (percent) (3-year average),20072009,2007-2009,%,31,E,Estimated value,
FS,Suite of Food Security Indicators,CAF,Central African Republic,6121,Value,21033,Value of food imports in total merchandise exports (percent) (3-year average),20082010,2008-2010,%,38,E,Estimated value,
FS,Suite of Food Security Indicators,CAF,Central African Republic,6121,Value,21033,Value of food imports in total merchandise exports (percent) (3-year average),20092011,2009-2011,%,37,E,Estimated value,
FS,Suite of Food Security Indicators,CAF,Central African Republic,6121,Value,21033,Value of food imports in total merchandise exports (percent) (3-year average),20102012,2010-2012,%,32,E,Estimated value,
FS,Suite of Food Security Indicators,CAF,Central African Republic,6121,Value,21033,Value of food imports in total merchandise exports (percent) (3-year average),20112013,2011-2013,%,32,E,Estimated value,
FS,Suite of Food Security Indicators,CAF,Central African Republic,6121,Value,21033,Value of food imports in total merchandise exports (percent) (3-year average),20122014,2012-2014,%,44,E,Estimated value,
FS,Suite of Food Security Indicators,CAF,Central African Republic,6121,Value,21033,Value of food imports in total merchandise exports (percent) (3-year average),20132015,2013-2015,%,60,E,Estimated value,
FS,Suite of Food Security Indicators,CAF,Central African Republic,6121,Value,21033,Value of food imports in total merchandise exports (percent) (3-year average),20142016,2014-2016,%,72,E,Estimated value,
FS,Suite of Food Security Indicators,CAF,Central African Republic,6121,Value,21033,Value of food imports in total merchandise exports (percent) (3-year average),20152017,2015-2017,%,65,E,Estimated value,
FS,Suite of Food Security Indicators,CAF,Central African Republic,6121,Value,21033,Value of food imports in total merchandise exports (percent) (3-year average),20162018,2016-2018,%,57,E,Estimated value,
FS,Suite of Food Security Indicators,CAF,Central African Republic,6121,Value,21033,Value of food imports in total merchandise exports (percent) (3-year average),20172019,2017-2019,%,58,E,Estimated value,
FS,Suite of Food Security Indicators,CAF,Central African Republic,6121,Value,21033,Value of food imports in total merchandise exports (percent) (3-year average),20182020,2018-2020,%,61,E,Estimated value,
FS,Suite of Food Security Indicators,CAF,Central African Republic,6121,Value,21033,Value of food imports in total merchandise exports (percent) (3-year average),20192021,2019-2021,%,63,E,Estimated value,
FS,Suite of Food Security Indicators,CAF,Central African Republic,6121,Value,21033,Value of food imports in total merchandise exports (percent) (3-year average),20202022,2020-2022,%,74,E,Estimated value,
FS,Suite of Food Security Indicators,CAF,Central African Republic,6121,Value,21033,Value of food imports in total merchandise exports (percent) (3-year average),20212023,2021-2023,%,89,E,Estimated value,
FS,Suite of Food Security Indicators,CAF,Central African Republic,6121,Value,21033,Value of food imports in total merchandise exports (percent) (3-year average),20222024,2022-2024,%,90,E,Estimated value,
FS,Suite of Food Security Indicators,TCD,Chad,6121,Value,21033,Value of food imports in total merchandise exports (percent) (3-year average),20002002,2000-2002,%,21,E,Estimated value,
FS,Suite of Food Security Indicators,TCD,Chad,6121,Value,21033,Value of food imports in total merchandise exports (percent) (3-year average),20012003,2001-2003,%,15,E,Estimated value,
FS,Suite of Food Security Indicators,TCD,Chad,6121,Value,21033,Value of food imports in total merchandise exports (percent) (3-year average),20022004,2002-2004,%,6,E,Estimated value,
FS,Suite of Food Security Indicators,TCD,Chad,6121,Value,21033,Value of food imports in total merchandise exports (percent) (3-year average),20032005,2003-2005,%,4,E,Estimated value,
FS,Suite of Food Security Indicators,TCD,Chad,6121,Value,21033,Value of food imports in total merchandise exports (percent) (3-year average),20042006,2004-2006,%,2,E,Estimated value,
FS,Suite of Food Security Indicators,TCD,Chad,6121,Value,21033,Value of food imports in total merchandise exports (percent) (3-year average),20052007,2005-2007,%,2,E,Estimated value,
FS,Suite of Food Security Indicators,TCD,Chad,6121,Value,21033,Value of food imports in total merchandise exports (percent) (3-year average),20062008,2006-2008,%,2,E,Estimated value,
FS,Suite of Food Security Indicators,TCD,Chad,6121,Value,21033,Value of food imports in total merchandise exports (percent) (3-year average),20072009,2007-2009,%,3,E,Estimated value,
FS,Suite of Food Security Indicators,TCD,Chad,6121,Value,21033,Value of food imports in total merchandise exports (percent) (3-year average),20082010,2008-2010,%,4,E,Estimated value,
FS,Suite of Food Security Indicators,TCD,Chad,6121,Value,21033,Value of food imports in total merchandise exports (percent) (3-year average),20092011,2009-2011,%,4,E,Estimated value,
FS,Suite of Food Security Indicators,TCD,Chad,6121,Value,21033,Value of food imports in total merchandise exports (percent) (3-year average),20102012,2010-2012,%,4,E,Estimated value,
FS,Suite of Food Security Indicators,TCD,Chad,6121,Value,21033,Value of food imports in total merchandise exports (percent) (3-year average),20112013,2011-2013,%,3,E,Estimated value,
FS,Suite of Food Security Indicators,TCD,Chad,6121,Value,21033,Value of food imports in total merchandise exports (percent) (3-year average),20122014,2012-2014,%,4,E,Estimated value,
FS,Suite of Food Security Indicators,TCD,Chad,6121,Value,21033,Value of food imports in total merchandise exports (percent) (3-year average),20132015,2013-2015,%,5,E,Estimated value,
FS,Suite of Food Security Indicators,TCD,Chad,6121,Value,21033,Value of food imports in total merchandise exports (percent) (3-year average),20142016,2014-2016,%,6,E,Estimated value,
FS,Suite of Food Security Indicators,TCD,Chad,6121,Value,21033,Value of food imports in total merchandise exports (percent) (3-year average),20152017,2015-2017,%,9,E,Estimated value,
FS,Suite of Food Security Indicators,TCD,Chad,6121,Value,21033,Value of food imports in total merchandise exports (percent) (3-year average),20162018,2016-2018,%,9,E,Estimated value,
FS,Suite of Food Security Indicators,TCD,Chad,6121,Value,21033,Value of food imports in total merchandise exports (percent) (3-year average),20172019,2017-2019,%,8,E,Estimated value,
FS,Suite of Food Security Indicators,TCD,Chad,6121,Value,21033,Value of food imports in total merchandise exports (percent) (3-year average),20182020,2018-2020,%,8,E,Estimated value,
FS,Suite of Food Security Indicators,TCD,Chad,6121,Value,21033,Value of food imports in total merchandise exports (percent) (3-year average),20192021,2019-2021,%,9,E,Estimated value,
FS,Suite of Food Security Indicators,TCD,Chad,6121,Value,21033,Value of food imports in total merchandise exports (percent) (3-year average),20202022,2020-2022,%,9,E,Estimated value,
FS,Suite of Food Security Indicators,TCD,Chad,6121,Value,21033,Value of food imports in total merchandise exports (percent) (3-year average),20212023,2021-2023,%,9,E,Estimated value,
FS,Suite of Food Security Indicators,TCD,Chad,6121,Value,21033,Value of food imports in total merchandise exports (percent) (3-year average),20222024,2022-2024,%,7,E,Estimated value,
FS,Suite of Food Security Indicators,COM,Comoros,6121,Value,21033,Value of food imports in total merchandise exports (percent) (3-year average),20002002,2000-2002,%,104,E,Estimated value,
FS,Suite of Food Security Indicators,COM,Comoros,6121,Value,21033,Value of food imports in total merchandise exports (percent) (3-year average),20012003,2001-2003,%,99,E,Estimated value,
FS,Suite of Food Security Indicators,COM,Comoros,6121,Value,21033,Value of food imports in total merchandise exports (percent) (3-year average),20022004,2002-2004,%,99,E,Estimated value,
FS,Suite of Food Security Indicators,COM,Comoros,6121,Value,21033,Value of food imports in total merchandise exports (percent) (3-year average),20032005,2003-2005,%,112,E,Estimated value,
FS,Suite of Food Security Indicators,COM,Comoros,6121,Value,21033,Value of food imports in total merchandise exports (percent) (3-year average),20042006,2004-2006,%,133,E,Estimated value,
FS,Suite of Food Security Indicators,COM,Comoros,6121,Value,21033,Value of food imports in total merchandise exports (percent) (3-year average),20052007,2005-2007,%,170,E,Estimated value,
FS,Suite of Food Security Indicators,COM,Comoros,6121,Value,21033,Value of food imports in total merchandise exports (percent) (3-year average),20062008,2006-2008,%,244,E,Estimated value,
FS,Suite of Food Security Indicators,COM,Comoros,6121,Value,21033,Value of food imports in total merchandise exports (percent) (3-year average),20072009,2007-2009,%,324,E,Estimated value,
FS,Suite of Food Security Indicators,COM,Comoros,6121,Value,21033,Value of food imports in total merchandise exports (percent) (3-year average),20082010,2008-2010,%,417,E,Estimated value,
FS,Suite of Food Security Indicators,COM,Comoros,6121,Value,21033,Value of food imports in total merchandise exports (percent) (3-year average),20092011,2009-2011,%,318,E,Estimated value,
FS,Suite of Food Security Indicators,COM,Comoros,6121,Value,21033,Value of food imports in total merchandise exports (percent) (3-year average),20102012,2010-2012,%,293,E,Estimated value,
FS,Suite of Food Security Indicators,COM,Comoros,6121,Value,21033,Value of food imports in total merchandise exports (percent) (3-year average),20112013,2011-2013,%,243,E,Estimated value,
FS,Suite of Food Security Indicators,COM,Comoros,6121,Value,21033,Value of food imports in total merchandise exports (percent) (3-year average),20122014,2012-2014,%,271,E,Estimated value,
FS,Suite of Food Security Indicators,COM,Comoros,6121,Value,21033,Value of food imports in total merchandise exports (percent) (3-year average),20132015,2013-2015,%,455,E,Estimated value,
FS,Suite of Food Security Indicators,COM,Comoros,6121,Value,21033,Value of food imports in total merchandise exports (percent) (3-year average),20142016,2014-2016,%,517,E,Estimated value,
FS,Suite of Food Security Indicators,COM,Comoros,6121,Value,21033,Value of food imports in total merchandise exports (percent) (3-year average),20152017,2015-2017,%,420,E,Estimated value,
FS,Suite of Food Security Indicators,COM,Comoros,6121,Value,21033,Value of food imports in total merchandise exports (percent) (3-year average),20162018,2016-2018,%,230,E,Estimated value,
FS,Suite of Food Security Indicators,COM,Comoros,6121,Value,21033,Value of food imports in total merchandise exports (percent) (3-year average),20172019,2017-2019,%,187,E,Estimated value,
FS,Suite of Food Security Indicators,COM,Comoros,6121,Value,21033,Value of food imports in total merchandise exports (percent) (3-year average),20182020,2018-2020,%,251,E,Estimated value,
FS,Suite of Food Security Indicators,COM,Comoros,6121,Value,21033,Value of food imports in total merchandise exports (percent) (3-year average),20192021,2019-2021,%,294,E,Estimated value,
FS,Suite of Food Security Indicators,COM,Comoros,6121,Value,21033,Value of food imports in total merchandise exports (percent) (3-year average),20202022,2020-2022,%,305,E,Estimated value,
FS,Suite of Food Security Indicators,COM,Comoros,6121,Value,21033,Value of food imports in total merchandise exports (percent) (3-year average),20212023,2021-2023,%,227,E,Estimated value,
FS,Suite of Food Security Indicators,COM,Comoros,6121,Value,21033,Value of food imports in total merchandise exports (percent) (3-year average),20222024,2022-2024,%,243,E,Estimated value,
FS,Suite of Food Security Indicators,COG,Congo,6121,Value,21033,Value of food imports in total merchandise exports (percent) (3-year average),20002002,2000-2002,%,7,E,Estimated value,
FS,Suite of Food Security Indicators,COG,Congo,6121,Value,21033,Value of food imports in total merchandise exports (percent) (3-year average),20012003,2001-2003,%,7,E,Estimated value,
FS,Suite of Food Security Indicators,COG,Congo,6121,Value,21033,Value of food imports in total merchandise exports (percent) (3-year average),20022004,2002-2004,%,8,E,Estimated value,
FS,Suite of Food Security Indicators,COG,Congo,6121,Value,21033,Value of food imports in total merchandise exports (percent) (3-year average),20032005,2003-2005,%,6,E,Estimated value,
FS,Suite of Food Security Indicators,COG,Congo,6121,Value,21033,Value of food imports in total merchandise exports (percent) (3-year average),20042006,2004-2006,%,4,E,Estimated value,
FS,Suite of Food Security Indicators,COG,Congo,6121,Value,21033,Value of food imports in total merchandise exports (percent) (3-year average),20052007,2005-2007,%,4,E,Estimated value,
FS,Suite of Food Security Indicators,COG,Congo,6121,Value,21033,Value of food imports in total merchandise exports (percent) (3-year average),20062008,2006-2008,%,4,E,Estimated value,
FS,Suite of Food Security Indicators,COG,Congo,6121,Value,21033,Value of food imports in total merchandise exports (percent) (3-year average),20072009,2007-2009,%,4,E,Estimated value,
FS,Suite of Food Security Indicators,COG,Congo,6121,Value,21033,Value of food imports in total merchandise exports (percent) (3-year average),20082010,2008-2010,%,4,E,Estimated value,
FS,Suite of Food Security Indicators,COG,Congo,6121,Value,21033,Value of food imports in total merchandise exports (percent) (3-year average),20092011,2009-2011,%,4,E,Estimated value,
FS,Suite of Food Security Indicators,COG,Congo,6121,Value,21033,Value of food imports in total merchandise exports (percent) (3-year average),20102012,2010-2012,%,4,E,Estimated value,
FS,Suite of Food Security Indicators,COG,Congo,6121,Value,21033,Value of food imports in total merchandise exports (percent) (3-year average),20112013,2011-2013,%,5,E,Estimated value,
FS,Suite of Food Security Indicators,COG,Congo,6121,Value,21033,Value of food imports in total merchandise exports (percent) (3-year average),20122014,2012-2014,%,5,E,Estimated value,
FS,Suite of Food Security Indicators,COG,Congo,6121,Value,21033,Value of food imports in total merchandise exports (percent) (3-year average),20132015,2013-2015,%,5,E,Estimated value,
FS,Suite of Food Security Indicators,COG,Congo,6121,Value,21033,Value of food imports in total merchandise exports (percent) (3-year average),20142016,2014-2016,%,5,E,Estimated value,
FS,Suite of Food Security Indicators,COG,Congo,6121,Value,21033,Value of food imports in total merchandise exports (percent) (3-year average),20152017,2015-2017,%,6,E,Estimated value,
FS,Suite of Food Security Indicators,COG,Congo,6121,Value,21033,Value of food imports in total merchandise exports (percent) (3-year average),20162018,2016-2018,%,6,E,Estimated value,
FS,Suite of Food Security Indicators,COG,Congo,6121,Value,21033,Value of food imports in total merchandise exports (percent) (3-year average),20172019,2017-2019,%,6,E,Estimated value,
FS,Suite of Food Security Indicators,COG,Congo,6121,Value,21033,Value of food imports in total merchandise exports (percent) (3-year average),20182020,2018-2020,%,8,E,Estimated value,
FS,Suite of Food Security Indicators,COG,Congo,6121,Value,21033,Value of food imports in total merchandise exports (percent) (3-year average),20192021,2019-2021,%,9,E,Estimated value,
FS,Suite of Food Security Indicators,COG,Congo,6121,Value,21033,Value of food imports in total merchandise exports (percent) (3-year average),20202022,2020-2022,%,9,E,Estimated value,
FS,Suite of Food Security Indicators,COG,Congo,6121,Value,21033,Value of food imports in total merchandise exports (percent) (3-year average),20212023,2021-2023,%,9,E,Estimated value,
FS,Suite of Food Security Indicators,COG,Congo,6121,Value,21033,Value of food imports in total merchandise exports (percent) (3-year average),20222024,2022-2024,%,11,E,Estimated value,
FS,Suite of Food Security Indicators,CIV,Côte d'Ivoire,6121,Value,21033,Value of food imports in total merchandise exports (percent) (3-year average),20002002,2000-2002,%,9,E,Estimated value,
FS,Suite of Food Security Indicators,CIV,Côte d'Ivoire,6121,Value,21033,Value of food imports in total merchandise exports (percent) (3-year average),20012003,2001-2003,%,10,E,Estimated value,
FS,Suite of Food Security Indicators,CIV,Côte d'Ivoire,6121,Value,21033,Value of food imports in total merchandise exports (percent) (3-year average),20022004,2002-2004,%,9,E,Estimated value,
FS,Suite of Food Security Indicators,CIV,Côte d'Ivoire,6121,Value,21033,Value of food imports in total merchandise exports (percent) (3-year average),20032005,2003-2005,%,9,E,Estimated value,
FS,Suite of Food Security Indicators,CIV,Côte d'Ivoire,6121,Value,21033,Value of food imports in total merchandise exports (percent) (3-year average),20042006,2004-2006,%,9,E,Estimated value,
FS,Suite of Food Security Indicators,CIV,Côte d'Ivoire,6121,Value,21033,Value of food imports in total merchandise exports (percent) (3-year average),20052007,2005-2007,%,9,E,Estimated value,
FS,Suite of Food Security Indicators,CIV,Côte d'Ivoire,6121,Value,21033,Value of food imports in total merchandise exports (percent) (3-year average),20062008,2006-2008,%,10,E,Estimated value,
FS,Suite of Food Security Indicators,CIV,Côte d'Ivoire,6121,Value,21033,Value of food imports in total merchandise exports (percent) (3-year average),20072009,2007-2009,%,10,E,Estimated value,
FS,Suite of Food Security Indicators,CIV,Côte d'Ivoire,6121,Value,21033,Value of food imports in total merchandise exports (percent) (3-year average),20082010,2008-2010,%,11,E,Estimated value,
FS,Suite of Food Security Indicators,CIV,Côte d'Ivoire,6121,Value,21033,Value of food imports in total merchandise exports (percent) (3-year average),20092011,2009-2011,%,11,E,Estimated value,
FS,Suite of Food Security Indicators,CIV,Côte d'Ivoire,6121,Value,21033,Value of food imports in total merchandise exports (percent) (3-year average),20102012,2010-2012,%,13,E,Estimated value,
FS,Suite of Food Security Indicators,CIV,Côte d'Ivoire,6121,Value,21033,Value of food imports in total merchandise exports (percent) (3-year average),20112013,2011-2013,%,13,E,Estimated value,
FS,Suite of Food Security Indicators,CIV,Côte d'Ivoire,6121,Value,21033,Value of food imports in total merchandise exports (percent) (3-year average),20122014,2012-2014,%,12,E,Estimated value,
FS,Suite of Food Security Indicators,CIV,Côte d'Ivoire,6121,Value,21033,Value of food imports in total merchandise exports (percent) (3-year average),20132015,2013-2015,%,10,E,Estimated value,
FS,Suite of Food Security Indicators,CIV,Côte d'Ivoire,6121,Value,21033,Value of food imports in total merchandise exports (percent) (3-year average),20142016,2014-2016,%,11,E,Estimated value,
FS,Suite of Food Security Indicators,CIV,Côte d'Ivoire,6121,Value,21033,Value of food imports in total merchandise exports (percent) (3-year average),20152017,2015-2017,%,11,E,Estimated value,
FS,Suite of Food Security Indicators,CIV,Côte d'Ivoire,6121,Value,21033,Value of food imports in total merchandise exports (percent) (3-year average),20162018,2016-2018,%,12,E,Estimated value,
FS,Suite of Food Security Indicators,CIV,Côte d'Ivoire,6121,Value,21033,Value of food imports in total merchandise exports (percent) (3-year average),20172019,2017-2019,%,12,E,Estimated value,
FS,Suite of Food Security Indicators,CIV,Côte d'Ivoire,6121,Value,21033,Value of food imports in total merchandise exports (percent) (3-year average),20182020,2018-2020,%,12,E,Estimated value,
FS,Suite of Food Security Indicators,CIV,Côte d'Ivoire,6121,Value,21033,Value of food imports in total merchandise exports (percent) (3-year average),20192021,2019-2021,%,12,E,Estimated value,
FS,Suite of Food Security Indicators,CIV,Côte d'Ivoire,6121,Value,21033,Value of food imports in total merchandise exports (percent) (3-year average),20202022,2020-2022,%,13,E,Estimated value,
FS,Suite of Food Security Indicators,CIV,Côte d'Ivoire,6121,Value,21033,Value of food imports in total merchandise exports (percent) (3-year average),20212023,2021-2023,%,12,E,Estimated value,
FS,Suite of Food Security Indicators,CIV,Côte d'Ivoire,6121,Value,21033,Value of food imports in total merchandise exports (percent) (3-year average),20222024,2022-2024,%,11,E,Estimated value,
FS,Suite of Food Security Indicators,COD,Democratic Republic of the Congo,6121,Value,21033,Value of food imports in total merchandise exports (percent) (3-year average),20002002,2000-2002,%,23,E,Estimated value,
FS,Suite of Food Security Indicators,COD,Democratic Republic of the Congo,6121,Value,21033,Value of food imports in total merchandise exports (percent) (3-year average),20012003,2001-2003,%,23,E,Estimated value,
FS,Suite of Food Security Indicators,COD,Democratic Republic of the Congo,6121,Value,21033,Value of food imports in total merchandise exports (percent) (3-year average),20022004,2002-2004,%,23,E,Estimated value,
FS,Suite of Food Security Indicators,COD,Democratic Republic of the Congo,6121,Value,21033,Value of food imports in total merchandise exports (percent) (3-year average),20032005,2003-2005,%,22,E,Estimated value,
FS,Suite of Food Security Indicators,COD,Democratic Republic of the Congo,6121,Value,21033,Value of food imports in total merchandise exports (percent) (3-year average),20042006,2004-2006,%,24,E,Estimated value,
FS,Suite of Food Security Indicators,COD,Democratic Republic of the Congo,6121,Value,21033,Value of food imports in total merchandise exports (percent) (3-year average),20052007,2005-2007,%,24,E,Estimated value,
FS,Suite of Food Security Indicators,COD,Democratic Republic of the Congo,6121,Value,21033,Value of food imports in total merchandise exports (percent) (3-year average),20062008,2006-2008,%,21,E,Estimated value,
FS,Suite of Food Security Indicators,COD,Democratic Republic of the Congo,6121,Value,21033,Value of food imports in total merchandise exports (percent) (3-year average),20072009,2007-2009,%,22,E,Estimated value,
FS,Suite of Food Security Indicators,COD,Democratic Republic of the Congo,6121,Value,21033,Value of food imports in total merchandise exports (percent) (3-year average),20082010,2008-2010,%,20,E,Estimated value,
FS,Suite of Food Security Indicators,COD,Democratic Republic of the Congo,6121,Value,21033,Value of food imports in total merchandise exports (percent) (3-year average),20092011,2009-2011,%,19,E,Estimated value,
FS,Suite of Food Security Indicators,COD,Democratic Republic of the Congo,6121,Value,21033,Value of food imports in total merchandise exports (percent) (3-year average),20102012,2010-2012,%,17,E,Estimated value,
FS,Suite of Food Security Indicators,COD,Democratic Republic of the Congo,6121,Value,21033,Value of food imports in total merchandise exports (percent) (3-year average),20112013,2011-2013,%,18,E,Estimated value,
FS,Suite of Food Security Indicators,COD,Democratic Republic of the Congo,6121,Value,21033,Value of food imports in total merchandise exports (percent) (3-year average),20122014,2012-2014,%,17,E,Estimated value,
FS,Suite of Food Security Indicators,COD,Democratic Republic of the Congo,6121,Value,21033,Value of food imports in total merchandise exports (percent) (3-year average),20132015,2013-2015,%,17,E,Estimated value,
FS,Suite of Food Security Indicators,COD,Democratic Republic of the Congo,6121,Value,21033,Value of food imports in total merchandise exports (percent) (3-year average),20142016,2014-2016,%,15,E,Estimated value,
FS,Suite of Food Security Indicators,COD,Democratic Republic of the Congo,6121,Value,21033,Value of food imports in total merchandise exports (percent) (3-year average),20152017,2015-2017,%,10,E,Estimated value,
FS,Suite of Food Security Indicators,COD,Democratic Republic of the Congo,6121,Value,21033,Value of food imports in total merchandise exports (percent) (3-year average),20162018,2016-2018,%,5,E,Estimated value,
FS,Suite of Food Security Indicators,COD,Democratic Republic of the Congo,6121,Value,21033,Value of food imports in total merchandise exports (percent) (3-year average),20172019,2017-2019,%,4,E,Estimated value,
FS,Suite of Food Security Indicators,COD,Democratic Republic of the Congo,6121,Value,21033,Value of food imports in total merchandise exports (percent) (3-year average),20182020,2018-2020,%,4,E,Estimated value,
FS,Suite of Food Security Indicators,COD,Democratic Republic of the Congo,6121,Value,21033,Value of food imports in total merchandise exports (percent) (3-year average),20192021,2019-2021,%,4,E,Estimated value,
FS,Suite of Food Security Indicators,COD,Democratic Republic of the Congo,6121,Value,21033,Value of food imports in total merchandise exports (percent) (3-year average),20202022,2020-2022,%,3,E,Estimated value,
FS,Suite of Food Security Indicators,COD,Democratic Republic of the Congo,6121,Value,21033,Value of food imports in total merchandise exports (percent) (3-year average),20212023,2021-2023,%,4,E,Estimated value,
FS,Suite of Food Security Indicators,COD,Democratic Republic of the Congo,6121,Value,21033,Value of food imports in total merchandise exports (percent) (3-year average),20222024,2022-2024,%,4,E,Estimated value,
FS,Suite of Food Security Indicators,DJI,Djibouti,6121,Value,21033,Value of food imports in total merchandise exports (percent) (3-year average),20002002,2000-2002,%,313,E,Estimated value,
FS,Suite of Food Security Indicators,DJI,Djibouti,6121,Value,21033,Value of food imports in total merchandise exports (percent) (3-year average),20012003,2001-2003,%,336,E,Estimated value,
FS,Suite of Food Security Indicators,DJI,Djibouti,6121,Value,21033,Value of food imports in total merchandise exports (percent) (3-year average),20022004,2002-2004,%,381,E,Estimated value,
FS,Suite of Food Security Indicators,DJI,Djibouti,6121,Value,21033,Value of food imports in total merchandise exports (percent) (3-year average),20032005,2003-2005,%,389,E,Estimated value,
FS,Suite of Food Security Indicators,DJI,Djibouti,6121,Value,21033,Value of food imports in total merchandise exports (percent) (3-year average),20042006,2004-2006,%,378,E,Estimated value,
FS,Suite of Food Security Indicators,DJI,Djibouti,6121,Value,21033,Value of food imports in total merchandise exports (percent) (3-year average),20052007,2005-2007,%,440,E,Estimated value,
FS,Suite of Food Security Indicators,DJI,Djibouti,6121,Value,21033,Value of food imports in total merchandise exports (percent) (3-year average),20062008,2006-2008,%,537,E,Estimated value,
FS,Suite of Food Security Indicators,DJI,Djibouti,6121,Value,21033,Value of food imports in total merchandise exports (percent) (3-year average),20072009,2007-2009,%,617,E,Estimated value,
FS,Suite of Food Security Indicators,DJI,Djibouti,6121,Value,21033,Value of food imports in total merchandise exports (percent) (3-year average),20082010,2008-2010,%,631,E,Estimated value,
FS,Suite of Food Security Indicators,DJI,Djibouti,6121,Value,21033,Value of food imports in total merchandise exports (percent) (3-year average),20092011,2009-2011,%,696,E,Estimated value,
FS,Suite of Food Security Indicators,DJI,Djibouti,6121,Value,21033,Value of food imports in total merchandise exports (percent) (3-year average),20102012,2010-2012,%,719,E,Estimated value,
FS,Suite of Food Security Indicators,DJI,Djibouti,6121,Value,21033,Value of food imports in total merchandise exports (percent) (3-year average),20112013,2011-2013,%,783,E,Estimated value,
FS,Suite of Food Security Indicators,DJI,Djibouti,6121,Value,21033,Value of food imports in total merchandise exports (percent) (3-year average),20122014,2012-2014,%,764,E,Estimated value,
FS,Suite of Food Security Indicators,DJI,Djibouti,6121,Value,21033,Value of food imports in total merchandise exports (percent) (3-year average),20132015,2013-2015,%,809,E,Estimated value,
FS,Suite of Food Security Indicators,DJI,Djibouti,6121,Value,21033,Value of food imports in total merchandise exports (percent) (3-year average),20142016,2014-2016,%,156,E,Estimated value,
FS,Suite of Food Security Indicators,DJI,Djibouti,6121,Value,21033,Value of food imports in total merchandise exports (percent) (3-year average),20152017,2015-2017,%,61,E,Estimated value,
FS,Suite of Food Security Indicators,DJI,Djibouti,6121,Value,21033,Value of food imports in total merchandise exports (percent) (3-year average),20162018,2016-2018,%,36,E,Estimated value,
FS,Suite of Food Security Indicators,DJI,Djibouti,6121,Value,21033,Value of food imports in total merchandise exports (percent) (3-year average),20172019,2017-2019,%,29,E,Estimated value,
FS,Suite of Food Security Indicators,DJI,Djibouti,6121,Value,21033,Value of food imports in total merchandise exports (percent) (3-year average),20182020,2018-2020,%,33,E,Estimated value,
FS,Suite of Food Security Indicators,DJI,Djibouti,6121,Value,21033,Value of food imports in total merchandise exports (percent) (3-year average),20192021,2019-2021,%,39,E,Estimated value,
FS,Suite of Food Security Indicators,DJI,Djibouti,6121,Value,21033,Value of food imports in total merchandise exports (percent) (3-year average),20202022,2020-2022,%,44,E,Estimated value,
FS,Suite of Food Security Indicators,DJI,Djibouti,6121,Value,21033,Value of food imports in total merchandise exports (percent) (3-year average),20212023,2021-2023,%,43,E,Estimated value,
FS,Suite of Food Security Indicators,DJI,Djibouti,6121,Value,21033,Value of food imports in total merchandise exports (percent) (3-year average),20222024,2022-2024,%,41,E,Estimated value,
FS,Suite of Food Security Indicators,EGY,Egypt,6121,Value,21033,Value of food imports in total merchandise exports (percent) (3-year average),20002002,2000-2002,%,42,E,Estimated value,
FS,Suite of Food Security Indicators,EGY,Egypt,6121,Value,21033,Value of food imports in total merchandise exports (percent) (3-year average),20012003,2001-2003,%,36,E,Estimated value,
FS,Suite of Food Security Indicators,EGY,Egypt,6121,Value,21033,Value of food imports in total merchandise exports (percent) (3-year average),20022004,2002-2004,%,30,E,Estimated value,
FS,Suite of Food Security Indicators,EGY,Egypt,6121,Value,21033,Value of food imports in total merchandise exports (percent) (3-year average),20032005,2003-2005,%,25,E,Estimated value,
FS,Suite of Food Security Indicators,EGY,Egypt,6121,Value,21033,Value of food imports in total merchandise exports (percent) (3-year average),20042006,2004-2006,%,23,E,Estimated value,
FS,Suite of Food Security Indicators,EGY,Egypt,6121,Value,21033,Value of food imports in total merchandise exports (percent) (3-year average),20052007,2005-2007,%,26,E,Estimated value,
FS,Suite of Food Security Indicators,EGY,Egypt,6121,Value,21033,Value of food imports in total merchandise exports (percent) (3-year average),20062008,2006-2008,%,28,E,Estimated value,
FS,Suite of Food Security Indicators,EGY,Egypt,6121,Value,21033,Value of food imports in total merchandise exports (percent) (3-year average),20072009,2007-2009,%,32,E,Estimated value,
FS,Suite of Food Security Indicators,EGY,Egypt,6121,Value,21033,Value of food imports in total merchandise exports (percent) (3-year average),20082010,2008-2010,%,35,E,Estimated value,
FS,Suite of Food Security Indicators,EGY,Egypt,6121,Value,21033,Value of food imports in total merchandise exports (percent) (3-year average),20092011,2009-2011,%,39,E,Estimated value,
FS,Suite of Food Security Indicators,EGY,Egypt,6121,Value,21033,Value of food imports in total merchandise exports (percent) (3-year average),20102012,2010-2012,%,42,E,Estimated value,
FS,Suite of Food Security Indicators,EGY,Egypt,6121,Value,21033,Value of food imports in total merchandise exports (percent) (3-year average),20112013,2011-2013,%,43,E,Estimated value,
FS,Suite of Food Security Indicators,EGY,Egypt,6121,Value,21033,Value of food imports in total merchandise exports (percent) (3-year average),20122014,2012-2014,%,45,E,Estimated value,
FS,Suite of Food Security Indicators,EGY,Egypt,6121,Value,21033,Value of food imports in total merchandise exports (percent) (3-year average),20132015,2013-2015,%,46,E,Estimated value,
FS,Suite of Food Security Indicators,EGY,Egypt,6121,Value,21033,Value of food imports in total merchandise exports (percent) (3-year average),20142016,2014-2016,%,46,E,Estimated value,
FS,Suite of Food Security Indicators,EGY,Egypt,6121,Value,21033,Value of food imports in total merchandise exports (percent) (3-year average),20152017,2015-2017,%,46,E,Estimated value,
FS,Suite of Food Security Indicators,EGY,Egypt,6121,Value,21033,Value of food imports in total merchandise exports (percent) (3-year average),20162018,2016-2018,%,44,E,Estimated value,
FS,Suite of Food Security Indicators,EGY,Egypt,6121,Value,21033,Value of food imports in total merchandise exports (percent) (3-year average),20172019,2017-2019,%,47,E,Estimated value,
FS,Suite of Food Security Indicators,EGY,Egypt,6121,Value,21033,Value of food imports in total merchandise exports (percent) (3-year average),20182020,2018-2020,%,48,E,Estimated value,
FS,Suite of Food Security Indicators,EGY,Egypt,6121,Value,21033,Value of food imports in total merchandise exports (percent) (3-year average),20192021,2019-2021,%,45,E,Estimated value,
FS,Suite of Food Security Indicators,EGY,Egypt,6121,Value,21033,Value of food imports in total merchandise exports (percent) (3-year average),20202022,2020-2022,%,39,E,Estimated value,
FS,Suite of Food Security Indicators,EGY,Egypt,6121,Value,21033,Value of food imports in total merchandise exports (percent) (3-year average),20212023,2021-2023,%,37,E,Estimated value,
FS,Suite of Food Security Indicators,EGY,Egypt,6121,Value,21033,Value of food imports in total merchandise exports (percent) (3-year average),20222024,2022-2024,%,38,E,Estimated value,
FS,Suite of Food Security Indicators,GNQ,Equatorial Guinea,6121,Value,21033,Value of food imports in total merchandise exports (percent) (3-year average),20002002,2000-2002,%,2,E,Estimated value,
FS,Suite of Food Security Indicators,GNQ,Equatorial Guinea,6121,Value,21033,Value of food imports in total merchandise exports (percent) (3-year average),20012003,2001-2003,%,2,E,Estimated value,
FS,Suite of Food Security Indicators,GNQ,Equatorial Guinea,6121,Value,21033,Value of food imports in total merchandise exports (percent) (3-year average),20022004,2002-2004,%,2,E,Estimated value,
FS,Suite of Food Security Indicators,GNQ,Equatorial Guinea,6121,Value,21033,Value of food imports in total merchandise exports (percent) (3-year average),20032005,2003-2005,%,2,E,Estimated value,
FS,Suite of Food Security Indicators,GNQ,Equatorial Guinea,6121,Value,21033,Value of food imports in total merchandise exports (percent) (3-year average),20042006,2004-2006,%,1,E,Estimated value,
FS,Suite of Food Security Indicators,GNQ,Equatorial Guinea,6121,Value,21033,Value of food imports in total merchandise exports (percent) (3-year average),20052007,2005-2007,%,1,E,Estimated value,
FS,Suite of Food Security Indicators,GNQ,Equatorial Guinea,6121,Value,21033,Value of food imports in total merchandise exports (percent) (3-year average),20062008,2006-2008,%,1,E,Estimated value,
FS,Suite of Food Security Indicators,GNQ,Equatorial Guinea,6121,Value,21033,Value of food imports in total merchandise exports (percent) (3-year average),20072009,2007-2009,%,1,E,Estimated value,
FS,Suite of Food Security Indicators,GNQ,Equatorial Guinea,6121,Value,21033,Value of food imports in total merchandise exports (percent) (3-year average),20082010,2008-2010,%,2,E,Estimated value,
FS,Suite of Food Security Indicators,GNQ,Equatorial Guinea,6121,Value,21033,Value of food imports in total merchandise exports (percent) (3-year average),20092011,2009-2011,%,2,E,Estimated value,
FS,Suite of Food Security Indicators,GNQ,Equatorial Guinea,6121,Value,21033,Value of food imports in total merchandise exports (percent) (3-year average),20102012,2010-2012,%,2,E,Estimated value,
FS,Suite of Food Security Indicators,GNQ,Equatorial Guinea,6121,Value,21033,Value of food imports in total merchandise exports (percent) (3-year average),20112013,2011-2013,%,2,E,Estimated value,
FS,Suite of Food Security Indicators,GNQ,Equatorial Guinea,6121,Value,21033,Value of food imports in total merchandise exports (percent) (3-year average),20122014,2012-2014,%,2,E,Estimated value,
FS,Suite of Food Security Indicators,GNQ,Equatorial Guinea,6121,Value,21033,Value of food imports in total merchandise exports (percent) (3-year average),20132015,2013-2015,%,3,E,Estimated value,
FS,Suite of Food Security Indicators,GNQ,Equatorial Guinea,6121,Value,21033,Value of food imports in total merchandise exports (percent) (3-year average),20142016,2014-2016,%,4,E,Estimated value,
FS,Suite of Food Security Indicators,GNQ,Equatorial Guinea,6121,Value,21033,Value of food imports in total merchandise exports (percent) (3-year average),20152017,2015-2017,%,5,E,Estimated value,
FS,Suite of Food Security Indicators,GNQ,Equatorial Guinea,6121,Value,21033,Value of food imports in total merchandise exports (percent) (3-year average),20162018,2016-2018,%,5,E,Estimated value,
FS,Suite of Food Security Indicators,GNQ,Equatorial Guinea,6121,Value,21033,Value of food imports in total merchandise exports (percent) (3-year average),20172019,2017-2019,%,5,E,Estimated value,
FS,Suite of Food Security Indicators,GNQ,Equatorial Guinea,6121,Value,21033,Value of food imports in total merchandise exports (percent) (3-year average),20182020,2018-2020,%,5,E,Estimated value,
FS,Suite of Food Security Indicators,GNQ,Equatorial Guinea,6121,Value,21033,Value of food imports in total merchandise exports (percent) (3-year average),20192021,2019-2021,%,6,E,Estimated value,
FS,Suite of Food Security Indicators,GNQ,Equatorial Guinea,6121,Value,21033,Value of food imports in total merchandise exports (percent) (3-year average),20202022,2020-2022,%,7,E,Estimated value,
FS,Suite of Food Security Indicators,GNQ,Equatorial Guinea,6121,Value,21033,Value of food imports in total merchandise exports (percent) (3-year average),20212023,2021-2023,%,7,E,Estimated value,
FS,Suite of Food Security Indicators,GNQ,Equatorial Guinea,6121,Value,21033,Value of food imports in total merchandise exports (percent) (3-year average),20222024,2022-2024,%,7,E,Estimated value,
FS,Suite of Food Security Indicators,ERI,Eritrea,6121,Value,21033,Value of food imports in total merchandise exports (percent) (3-year average),20002002,2000-2002,%,228,E,Estimated value,
FS,Suite of Food Security Indicators,ERI,Eritrea,6121,Value,21033,Value of food imports in total merchandise exports (percent) (3-year average),20012003,2001-2003,%,384,E,Estimated value,
FS,Suite of Food Security Indicators,ERI,Eritrea,6121,Value,21033,Value of food imports in total merchandise exports (percent) (3-year average),20022004,2002-2004,%,564,E,Estimated value,
FS,Suite of Food Security Indicators,ERI,Eritrea,6121,Value,21033,Value of food imports in total merchandise exports (percent) (3-year average),20032005,2003-2005,%,1460,E,Estimated value,
FS,Suite of Food Security Indicators,ERI,Eritrea,6121,Value,21033,Value of food imports in total merchandise exports (percent) (3-year average),20042006,2004-2006,%,1199,E,Estimated value,
FS,Suite of Food Security Indicators,ERI,Eritrea,6121,Value,21033,Value of food imports in total merchandise exports (percent) (3-year average),20052007,2005-2007,%,959,E,Estimated value,
FS,Suite of Food Security Indicators,ERI,Eritrea,6121,Value,21033,Value of food imports in total merchandise exports (percent) (3-year average),20062008,2006-2008,%,755,E,Estimated value,
FS,Suite of Food Security Indicators,ERI,Eritrea,6121,Value,21033,Value of food imports in total merchandise exports (percent) (3-year average),20072009,2007-2009,%,911,E,Estimated value,
FS,Suite of Food Security Indicators,ERI,Eritrea,6121,Value,21033,Value of food imports in total merchandise exports (percent) (3-year average),20082010,2008-2010,%,1001,E,Estimated value,
FS,Suite of Food Security Indicators,ERI,Eritrea,6121,Value,21033,Value of food imports in total merchandise exports (percent) (3-year average),20092011,2009-2011,%,652,E,Estimated value,
FS,Suite of Food Security Indicators,ERI,Eritrea,6121,Value,21033,Value of food imports in total merchandise exports (percent) (3-year average),20102012,2010-2012,%,455,E,Estimated value,
FS,Suite of Food Security Indicators,ERI,Eritrea,6121,Value,21033,Value of food imports in total merchandise exports (percent) (3-year average),20112013,2011-2013,%,353,E,Estimated value,
FS,Suite of Food Security Indicators,ERI,Eritrea,6121,Value,21033,Value of food imports in total merchandise exports (percent) (3-year average),20122014,2012-2014,%,49,E,Estimated value,
FS,Suite of Food Security Indicators,ERI,Eritrea,6121,Value,21033,Value of food imports in total merchandise exports (percent) (3-year average),20132015,2013-2015,%,28,E,Estimated value,
FS,Suite of Food Security Indicators,ERI,Eritrea,6121,Value,21033,Value of food imports in total merchandise exports (percent) (3-year average),20142016,2014-2016,%,20,E,Estimated value,
FS,Suite of Food Security Indicators,ERI,Eritrea,6121,Value,21033,Value of food imports in total merchandise exports (percent) (3-year average),20152017,2015-2017,%,25,E,Estimated value,
FS,Suite of Food Security Indicators,ERI,Eritrea,6121,Value,21033,Value of food imports in total merchandise exports (percent) (3-year average),20162018,2016-2018,%,25,E,Estimated value,
FS,Suite of Food Security Indicators,ERI,Eritrea,6121,Value,21033,Value of food imports in total merchandise exports (percent) (3-year average),20172019,2017-2019,%,23,E,Estimated value,
FS,Suite of Food Security Indicators,ERI,Eritrea,6121,Value,21033,Value of food imports in total merchandise exports (percent) (3-year average),20182020,2018-2020,%,22,E,Estimated value,
FS,Suite of Food Security Indicators,ERI,Eritrea,6121,Value,21033,Value of food imports in total merchandise exports (percent) (3-year average),20192021,2019-2021,%,24,E,Estimated value,
FS,Suite of Food Security Indicators,ERI,Eritrea,6121,Value,21033,Value of food imports in total merchandise exports (percent) (3-year average),20202022,2020-2022,%,26,E,Estimated value,
FS,Suite of Food Security Indicators,ERI,Eritrea,6121,Value,21033,Value of food imports in total merchandise exports (percent) (3-year average),20212023,2021-2023,%,28,E,Estimated value,
FS,Suite of Food Security Indicators,ERI,Eritrea,6121,Value,21033,Value of food imports in total merchandise exports (percent) (3-year average),20222024,2022-2024,%,28,E,Estimated value,
FS,Suite of Food Security Indicators,SWZ,Eswatini,6121,Value,21033,Value of food imports in total merchandise exports (percent) (3-year average),20002002,2000-2002,%,16,E,Estimated value,
FS,Suite of Food Security Indicators,SWZ,Eswatini,6121,Value,21033,Value of food imports in total merchandise exports (percent) (3-year average),20012003,2001-2003,%,14,E,Estimated value,
FS,Suite of Food Security Indicators,SWZ,Eswatini,6121,Value,21033,Value of food imports in total merchandise exports (percent) (3-year average),20022004,2002-2004,%,15,E,Estimated value,
FS,Suite of Food Security Indicators,SWZ,Eswatini,6121,Value,21033,Value of food imports in total merchandise exports (percent) (3-year average),20032005,2003-2005,%,14,E,Estimated value,
FS,Suite of Food Security Indicators,SWZ,Eswatini,6121,Value,21033,Value of food imports in total merchandise exports (percent) (3-year average),20042006,2004-2006,%,12,E,Estimated value,
FS,Suite of Food Security Indicators,SWZ,Eswatini,6121,Value,21033,Value of food imports in total merchandise exports (percent) (3-year average),20052007,2005-2007,%,9,E,Estimated value,
FS,Suite of Food Security Indicators,SWZ,Eswatini,6121,Value,21033,Value of food imports in total merchandise exports (percent) (3-year average),20062008,2006-2008,%,9,E,Estimated value,
FS,Suite of Food Security Indicators,SWZ,Eswatini,6121,Value,21033,Value of food imports in total merchandise exports (percent) (3-year average),20072009,2007-2009,%,9,E,Estimated value,
FS,Suite of Food Security Indicators,SWZ,Eswatini,6121,Value,21033,Value of food imports in total merchandise exports (percent) (3-year average),20082010,2008-2010,%,10,E,Estimated value,
FS,Suite of Food Security Indicators,SWZ,Eswatini,6121,Value,21033,Value of food imports in total merchandise exports (percent) (3-year average),20092011,2009-2011,%,9,E,Estimated value,
FS,Suite of Food Security Indicators,SWZ,Eswatini,6121,Value,21033,Value of food imports in total merchandise exports (percent) (3-year average),20102012,2010-2012,%,9,E,Estimated value,
FS,Suite of Food Security Indicators,SWZ,Eswatini,6121,Value,21033,Value of food imports in total merchandise exports (percent) (3-year average),20112013,2011-2013,%,11,E,Estimated value,
FS,Suite of Food Security Indicators,SWZ,Eswatini,6121,Value,21033,Value of food imports in total merchandise exports (percent) (3-year average),20122014,2012-2014,%,13,E,Estimated value,
FS,Suite of Food Security Indicators,SWZ,Eswatini,6121,Value,21033,Value of food imports in total merchandise exports (percent) (3-year average),20132015,2013-2015,%,14,E,Estimated value,
FS,Suite of Food Security Indicators,SWZ,Eswatini,6121,Value,21033,Value of food imports in total merchandise exports (percent) (3-year average),20142016,2014-2016,%,14,E,Estimated value,
FS,Suite of Food Security Indicators,SWZ,Eswatini,6121,Value,21033,Value of food imports in total merchandise exports (percent) (3-year average),20152017,2015-2017,%,14,E,Estimated value,
FS,Suite of Food Security Indicators,SWZ,Eswatini,6121,Value,21033,Value of food imports in total merchandise exports (percent) (3-year average),20162018,2016-2018,%,15,E,Estimated value,
FS,Suite of Food Security Indicators,SWZ,Eswatini,6121,Value,21033,Value of food imports in total merchandise exports (percent) (3-year average),20172019,2017-2019,%,15,E,Estimated value,
FS,Suite of Food Security Indicators,SWZ,Eswatini,6121,Value,21033,Value of food imports in total merchandise exports (percent) (3-year average),20182020,2018-2020,%,16,E,Estimated value,
FS,Suite of Food Security Indicators,SWZ,Eswatini,6121,Value,21033,Value of food imports in total merchandise exports (percent) (3-year average),20192021,2019-2021,%,16,E,Estimated value,
FS,Suite of Food Security Indicators,SWZ,Eswatini,6121,Value,21033,Value of food imports in total merchandise exports (percent) (3-year average),20202022,2020-2022,%,17,E,Estimated value,
FS,Suite of Food Security Indicators,SWZ,Eswatini,6121,Value,21033,Value of food imports in total merchandise exports (percent) (3-year average),20212023,2021-2023,%,18,E,Estimated value,
FS,Suite of Food Security Indicators,SWZ,Eswatini,6121,Value,21033,Value of food imports in total merchandise exports (percent) (3-year average),20222024,2022-2024,%,18,E,Estimated value,
FS,Suite of Food Security Indicators,ETH,Ethiopia,6121,Value,21033,Value of food imports in total merchandise exports (percent) (3-year average),20002002,2000-2002,%,58,E,Estimated value,
FS,Suite of Food Security Indicators,ETH,Ethiopia,6121,Value,21033,Value of food imports in total merchandise exports (percent) (3-year average),20012003,2001-2003,%,80,E,Estimated value,
FS,Suite of Food Security Indicators,ETH,Ethiopia,6121,Value,21033,Value of food imports in total merchandise exports (percent) (3-year average),20022004,2002-2004,%,54,E,Estimated value,
FS,Suite of Food Security Indicators,ETH,Ethiopia,6121,Value,21033,Value of food imports in total merchandise exports (percent) (3-year average),20032005,2003-2005,%,39,E,Estimated value,
FS,Suite of Food Security Indicators,ETH,Ethiopia,6121,Value,21033,Value of food imports in total merchandise exports (percent) (3-year average),20042006,2004-2006,%,31,E,Estimated value,
FS,Suite of Food Security Indicators,ETH,Ethiopia,6121,Value,21033,Value of food imports in total merchandise exports (percent) (3-year average),20052007,2005-2007,%,33,E,Estimated value,
FS,Suite of Food Security Indicators,ETH,Ethiopia,6121,Value,21033,Value of food imports in total merchandise exports (percent) (3-year average),20062008,2006-2008,%,56,E,Estimated value,
FS,Suite of Food Security Indicators,ETH,Ethiopia,6121,Value,21033,Value of food imports in total merchandise exports (percent) (3-year average),20072009,2007-2009,%,63,E,Estimated value,
FS,Suite of Food Security Indicators,ETH,Ethiopia,6121,Value,21033,Value of food imports in total merchandise exports (percent) (3-year average),20082010,2008-2010,%,64,E,Estimated value,
FS,Suite of Food Security Indicators,ETH,Ethiopia,6121,Value,21033,Value of food imports in total merchandise exports (percent) (3-year average),20092011,2009-2011,%,56,E,Estimated value,
FS,Suite of Food Security Indicators,ETH,Ethiopia,6121,Value,21033,Value of food imports in total merchandise exports (percent) (3-year average),20102012,2010-2012,%,51,E,Estimated value,
FS,Suite of Food Security Indicators,ETH,Ethiopia,6121,Value,21033,Value of food imports in total merchandise exports (percent) (3-year average),20112013,2011-2013,%,49,E,Estimated value,
FS,Suite of Food Security Indicators,ETH,Ethiopia,6121,Value,21033,Value of food imports in total merchandise exports (percent) (3-year average),20122014,2012-2014,%,45,E,Estimated value,
FS,Suite of Food Security Indicators,ETH,Ethiopia,6121,Value,21033,Value of food imports in total merchandise exports (percent) (3-year average),20132015,2013-2015,%,51,E,Estimated value,
FS,Suite of Food Security Indicators,ETH,Ethiopia,6121,Value,21033,Value of food imports in total merchandise exports (percent) (3-year average),20142016,2014-2016,%,59,E,Estimated value,
FS,Suite of Food Security Indicators,ETH,Ethiopia,6121,Value,21033,Value of food imports in total merchandise exports (percent) (3-year average),20152017,2015-2017,%,64,E,Estimated value,
FS,Suite of Food Security Indicators,ETH,Ethiopia,6121,Value,21033,Value of food imports in total merchandise exports (percent) (3-year average),20162018,2016-2018,%,68,E,Estimated value,
FS,Suite of Food Security Indicators,ETH,Ethiopia,6121,Value,21033,Value of food imports in total merchandise exports (percent) (3-year average),20172019,2017-2019,%,63,E,Estimated value,
FS,Suite of Food Security Indicators,ETH,Ethiopia,6121,Value,21033,Value of food imports in total merchandise exports (percent) (3-year average),20182020,2018-2020,%,69,E,Estimated value,
FS,Suite of Food Security Indicators,ETH,Ethiopia,6121,Value,21033,Value of food imports in total merchandise exports (percent) (3-year average),20192021,2019-2021,%,81,E,Estimated value,
FS,Suite of Food Security Indicators,ETH,Ethiopia,6121,Value,21033,Value of food imports in total merchandise exports (percent) (3-year average),20202022,2020-2022,%,92,E,Estimated value,
FS,Suite of Food Security Indicators,ETH,Ethiopia,6121,Value,21033,Value of food imports in total merchandise exports (percent) (3-year average),20212023,2021-2023,%,90,E,Estimated value,
FS,Suite of Food Security Indicators,ETH,Ethiopia,6121,Value,21033,Value of food imports in total merchandise exports (percent) (3-year average),20222024,2022-2024,%,54,E,Estimated value,
FS,Suite of Food Security Indicators,GAB,Gabon,6121,Value,21033,Value of food imports in total merchandise exports (percent) (3-year average),20002002,2000-2002,%,5,E,Estimated value,
FS,Suite of Food Security Indicators,GAB,Gabon,6121,Value,21033,Value of food imports in total merchandise exports (percent) (3-year average),20012003,2001-2003,%,5,E,Estimated value,
FS,Suite of Food Security Indicators,GAB,Gabon,6121,Value,21033,Value of food imports in total merchandise exports (percent) (3-year average),20022004,2002-2004,%,5,E,Estimated value,
FS,Suite of Food Security Indicators,GAB,Gabon,6121,Value,21033,Value of food imports in total merchandise exports (percent) (3-year average),20032005,2003-2005,%,4,E,Estimated value,
FS,Suite of Food Security Indicators,GAB,Gabon,6121,Value,21033,Value of food imports in total merchandise exports (percent) (3-year average),20042006,2004-2006,%,4,E,Estimated value,
FS,Suite of Food Security Indicators,GAB,Gabon,6121,Value,21033,Value of food imports in total merchandise exports (percent) (3-year average),20052007,2005-2007,%,4,E,Estimated value,
FS,Suite of Food Security Indicators,GAB,Gabon,6121,Value,21033,Value of food imports in total merchandise exports (percent) (3-year average),20062008,2006-2008,%,4,E,Estimated value,
FS,Suite of Food Security Indicators,GAB,Gabon,6121,Value,21033,Value of food imports in total merchandise exports (percent) (3-year average),20072009,2007-2009,%,5,E,Estimated value,
FS,Suite of Food Security Indicators,GAB,Gabon,6121,Value,21033,Value of food imports in total merchandise exports (percent) (3-year average),20082010,2008-2010,%,5,E,Estimated value,
FS,Suite of Food Security Indicators,GAB,Gabon,6121,Value,21033,Value of food imports in total merchandise exports (percent) (3-year average),20092011,2009-2011,%,6,E,Estimated value,
FS,Suite of Food Security Indicators,GAB,Gabon,6121,Value,21033,Value of food imports in total merchandise exports (percent) (3-year average),20102012,2010-2012,%,5,E,Estimated value,
FS,Suite of Food Security Indicators,GAB,Gabon,6121,Value,21033,Value of food imports in total merchandise exports (percent) (3-year average),20112013,2011-2013,%,6,E,Estimated value,
FS,Suite of Food Security Indicators,GAB,Gabon,6121,Value,21033,Value of food imports in total merchandise exports (percent) (3-year average),20122014,2012-2014,%,7,E,Estimated value,
FS,Suite of Food Security Indicators,GAB,Gabon,6121,Value,21033,Value of food imports in total merchandise exports (percent) (3-year average),20132015,2013-2015,%,8,E,Estimated value,
FS,Suite of Food Security Indicators,GAB,Gabon,6121,Value,21033,Value of food imports in total merchandise exports (percent) (3-year average),20142016,2014-2016,%,9,E,Estimated value,
FS,Suite of Food Security Indicators,GAB,Gabon,6121,Value,21033,Value of food imports in total merchandise exports (percent) (3-year average),20152017,2015-2017,%,11,E,Estimated value,
FS,Suite of Food Security Indicators,GAB,Gabon,6121,Value,21033,Value of food imports in total merchandise exports (percent) (3-year average),20162018,2016-2018,%,10,E,Estimated value,
FS,Suite of Food Security Indicators,GAB,Gabon,6121,Value,21033,Value of food imports in total merchandise exports (percent) (3-year average),20172019,2017-2019,%,8,E,Estimated value,
FS,Suite of Food Security Indicators,GAB,Gabon,6121,Value,21033,Value of food imports in total merchandise exports (percent) (3-year average),20182020,2018-2020,%,8,E,Estimated value,
FS,Suite of Food Security Indicators,GAB,Gabon,6121,Value,21033,Value of food imports in total merchandise exports (percent) (3-year average),20192021,2019-2021,%,8,E,Estimated value,
FS,Suite of Food Security Indicators,GAB,Gabon,6121,Value,21033,Value of food imports in total merchandise exports (percent) (3-year average),20202022,2020-2022,%,8,E,Estimated value,
FS,Suite of Food Security Indicators,GAB,Gabon,6121,Value,21033,Value of food imports in total merchandise exports (percent) (3-year average),20212023,2021-2023,%,7,E,Estimated value,
FS,Suite of Food Security Indicators,GAB,Gabon,6121,Value,21033,Value of food imports in total merchandise exports (percent) (3-year average),20222024,2022-2024,%,6,E,Estimated value,
FS,Suite of Food Security Indicators,GMB,Gambia,6121,Value,21033,Value of food imports in total merchandise exports (percent) (3-year average),20002002,2000-2002,%,267,E,Estimated value,
FS,Suite of Food Security Indicators,GMB,Gambia,6121,Value,21033,Value of food imports in total merchandise exports (percent) (3-year average),20012003,2001-2003,%,205,E,Estimated value,
FS,Suite of Food Security Indicators,GMB,Gambia,6121,Value,21033,Value of food imports in total merchandise exports (percent) (3-year average),20022004,2002-2004,%,256,E,Estimated value,
FS,Suite of Food Security Indicators,GMB,Gambia,6121,Value,21033,Value of food imports in total merchandise exports (percent) (3-year average),20032005,2003-2005,%,337,E,Estimated value,
FS,Suite of Food Security Indicators,GMB,Gambia,6121,Value,21033,Value of food imports in total merchandise exports (percent) (3-year average),20042006,2004-2006,%,441,E,Estimated value,
FS,Suite of Food Security Indicators,GMB,Gambia,6121,Value,21033,Value of food imports in total merchandise exports (percent) (3-year average),20052007,2005-2007,%,466,E,Estimated value,
FS,Suite of Food Security Indicators,GMB,Gambia,6121,Value,21033,Value of food imports in total merchandise exports (percent) (3-year average),20062008,2006-2008,%,403,E,Estimated value,
FS,Suite of Food Security Indicators,GMB,Gambia,6121,Value,21033,Value of food imports in total merchandise exports (percent) (3-year average),20072009,2007-2009,%,280,E,Estimated value,
FS,Suite of Food Security Indicators,GMB,Gambia,6121,Value,21033,Value of food imports in total merchandise exports (percent) (3-year average),20082010,2008-2010,%,294,E,Estimated value,
FS,Suite of Food Security Indicators,GMB,Gambia,6121,Value,21033,Value of food imports in total merchandise exports (percent) (3-year average),20092011,2009-2011,%,203,E,Estimated value,
FS,Suite of Food Security Indicators,GMB,Gambia,6121,Value,21033,Value of food imports in total merchandise exports (percent) (3-year average),20102012,2010-2012,%,170,E,Estimated value,
FS,Suite of Food Security Indicators,GMB,Gambia,6121,Value,21033,Value of food imports in total merchandise exports (percent) (3-year average),20112013,2011-2013,%,126,E,Estimated value,
FS,Suite of Food Security Indicators,GMB,Gambia,6121,Value,21033,Value of food imports in total merchandise exports (percent) (3-year average),20122014,2012-2014,%,136,E,Estimated value,
FS,Suite of Food Security Indicators,GMB,Gambia,6121,Value,21033,Value of food imports in total merchandise exports (percent) (3-year average),20132015,2013-2015,%,150,E,Estimated value,
FS,Suite of Food Security Indicators,GMB,Gambia,6121,Value,21033,Value of food imports in total merchandise exports (percent) (3-year average),20142016,2014-2016,%,154,E,Estimated value,
FS,Suite of Food Security Indicators,GMB,Gambia,6121,Value,21033,Value of food imports in total merchandise exports (percent) (3-year average),20152017,2015-2017,%,155,E,Estimated value,
FS,Suite of Food Security Indicators,GMB,Gambia,6121,Value,21033,Value of food imports in total merchandise exports (percent) (3-year average),20162018,2016-2018,%,151,E,Estimated value,
FS,Suite of Food Security Indicators,GMB,Gambia,6121,Value,21033,Value of food imports in total merchandise exports (percent) (3-year average),20172019,2017-2019,%,197,E,Estimated value,
FS,Suite of Food Security Indicators,GMB,Gambia,6121,Value,21033,Value of food imports in total merchandise exports (percent) (3-year average),20182020,2018-2020,%,291,E,Estimated value,
FS,Suite of Food Security Indicators,GMB,Gambia,6121,Value,21033,Value of food imports in total merchandise exports (percent) (3-year average),20192021,2019-2021,%,550,E,Estimated value,
FS,Suite of Food Security Indicators,GMB,Gambia,6121,Value,21033,Value of food imports in total merchandise exports (percent) (3-year average),20202022,2020-2022,%,437,E,Estimated value,
FS,Suite of Food Security Indicators,GMB,Gambia,6121,Value,21033,Value of food imports in total merchandise exports (percent) (3-year average),20212023,2021-2023,%,301,E,Estimated value,
FS,Suite of Food Security Indicators,GMB,Gambia,6121,Value,21033,Value of food imports in total merchandise exports (percent) (3-year average),20222024,2022-2024,%,137,E,Estimated value,
FS,Suite of Food Security Indicators,GHA,Ghana,6121,Value,21033,Value of food imports in total merchandise exports (percent) (3-year average),20002002,2000-2002,%,20,E,Estimated value,
FS,Suite of Food Security Indicators,GHA,Ghana,6121,Value,21033,Value of food imports in total merchandise exports (percent) (3-year average),20012003,2001-2003,%,21,E,Estimated value,
FS,Suite of Food Security Indicators,GHA,Ghana,6121,Value,21033,Value of food imports in total merchandise exports (percent) (3-year average),20022004,2002-2004,%,27,E,Estimated value,
FS,Suite of Food Security Indicators,GHA,Ghana,6121,Value,21033,Value of food imports in total merchandise exports (percent) (3-year average),20032005,2003-2005,%,32,E,Estimated value,
FS,Suite of Food Security Indicators,GHA,Ghana,6121,Value,21033,Value of food imports in total merchandise exports (percent) (3-year average),20042006,2004-2006,%,33,E,Estimated value,
FS,Suite of Food Security Indicators,GHA,Ghana,6121,Value,21033,Value of food imports in total merchandise exports (percent) (3-year average),20052007,2005-2007,%,27,E,Estimated value,
FS,Suite of Food Security Indicators,GHA,Ghana,6121,Value,21033,Value of food imports in total merchandise exports (percent) (3-year average),20062008,2006-2008,%,24,E,Estimated value,
FS,Suite of Food Security Indicators,GHA,Ghana,6121,Value,21033,Value of food imports in total merchandise exports (percent) (3-year average),20072009,2007-2009,%,21,E,Estimated value,
FS,Suite of Food Security Indicators,GHA,Ghana,6121,Value,21033,Value of food imports in total merchandise exports (percent) (3-year average),20082010,2008-2010,%,18,E,Estimated value,
FS,Suite of Food Security Indicators,GHA,Ghana,6121,Value,21033,Value of food imports in total merchandise exports (percent) (3-year average),20092011,2009-2011,%,15,E,Estimated value,
FS,Suite of Food Security Indicators,GHA,Ghana,6121,Value,21033,Value of food imports in total merchandise exports (percent) (3-year average),20102012,2010-2012,%,13,E,Estimated value,
FS,Suite of Food Security Indicators,GHA,Ghana,6121,Value,21033,Value of food imports in total merchandise exports (percent) (3-year average),20112013,2011-2013,%,13,E,Estimated value,
FS,Suite of Food Security Indicators,GHA,Ghana,6121,Value,21033,Value of food imports in total merchandise exports (percent) (3-year average),20122014,2012-2014,%,13,E,Estimated value,
FS,Suite of Food Security Indicators,GHA,Ghana,6121,Value,21033,Value of food imports in total merchandise exports (percent) (3-year average),20132015,2013-2015,%,16,E,Estimated value,
FS,Suite of Food Security Indicators,GHA,Ghana,6121,Value,21033,Value of food imports in total merchandise exports (percent) (3-year average),20142016,2014-2016,%,16,E,Estimated value,
FS,Suite of Food Security Indicators,GHA,Ghana,6121,Value,21033,Value of food imports in total merchandise exports (percent) (3-year average),20152017,2015-2017,%,15,E,Estimated value,
FS,Suite of Food Security Indicators,GHA,Ghana,6121,Value,21033,Value of food imports in total merchandise exports (percent) (3-year average),20162018,2016-2018,%,13,E,Estimated value,
FS,Suite of Food Security Indicators,GHA,Ghana,6121,Value,21033,Value of food imports in total merchandise exports (percent) (3-year average),20172019,2017-2019,%,12,E,Estimated value,
FS,Suite of Food Security Indicators,GHA,Ghana,6121,Value,21033,Value of food imports in total merchandise exports (percent) (3-year average),20182020,2018-2020,%,14,E,Estimated value,
FS,Suite of Food Security Indicators,GHA,Ghana,6121,Value,21033,Value of food imports in total merchandise exports (percent) (3-year average),20192021,2019-2021,%,15,E,Estimated value,
FS,Suite of Food Security Indicators,GHA,Ghana,6121,Value,21033,Value of food imports in total merchandise exports (percent) (3-year average),20202022,2020-2022,%,16,E,Estimated value,
FS,Suite of Food Security Indicators,GHA,Ghana,6121,Value,21033,Value of food imports in total merchandise exports (percent) (3-year average),20212023,2021-2023,%,14,E,Estimated value,
FS,Suite of Food Security Indicators,GHA,Ghana,6121,Value,21033,Value of food imports in total merchandise exports (percent) (3-year average),20222024,2022-2024,%,14,E,Estimated value,
FS,Suite of Food Security Indicators,GIN,Guinea,6121,Value,21033,Value of food imports in total merchandise exports (percent) (3-year average),20002002,2000-2002,%,17,E,Estimated value,
FS,Suite of Food Security Indicators,GIN,Guinea,6121,Value,21033,Value of food imports in total merchandise exports (percent) (3-year average),20012003,2001-2003,%,19,E,Estimated value,
FS,Suite of Food Security Indicators,GIN,Guinea,6121,Value,21033,Value of food imports in total merchandise exports (percent) (3-year average),20022004,2002-2004,%,22,E,Estimated value,
FS,Suite of Food Security Indicators,GIN,Guinea,6121,Value,21033,Value of food imports in total merchandise exports (percent) (3-year average),20032005,2003-2005,%,26,E,Estimated value,
FS,Suite of Food Security Indicators,GIN,Guinea,6121,Value,21033,Value of food imports in total merchandise exports (percent) (3-year average),20042006,2004-2006,%,26,E,Estimated value,
FS,Suite of Food Security Indicators,GIN,Guinea,6121,Value,21033,Value of food imports in total merchandise exports (percent) (3-year average),20052007,2005-2007,%,28,E,Estimated value,
FS,Suite of Food Security Indicators,GIN,Guinea,6121,Value,21033,Value of food imports in total merchandise exports (percent) (3-year average),20062008,2006-2008,%,26,E,Estimated value,
FS,Suite of Food Security Indicators,GIN,Guinea,6121,Value,21033,Value of food imports in total merchandise exports (percent) (3-year average),20072009,2007-2009,%,26,E,Estimated value,
FS,Suite of Food Security Indicators,GIN,Guinea,6121,Value,21033,Value of food imports in total merchandise exports (percent) (3-year average),20082010,2008-2010,%,25,E,Estimated value,
FS,Suite of Food Security Indicators,GIN,Guinea,6121,Value,21033,Value of food imports in total merchandise exports (percent) (3-year average),20092011,2009-2011,%,30,E,Estimated value,
FS,Suite of Food Security Indicators,GIN,Guinea,6121,Value,21033,Value of food imports in total merchandise exports (percent) (3-year average),20102012,2010-2012,%,35,E,Estimated value,
FS,Suite of Food Security Indicators,GIN,Guinea,6121,Value,21033,Value of food imports in total merchandise exports (percent) (3-year average),20112013,2011-2013,%,43,E,Estimated value,
FS,Suite of Food Security Indicators,GIN,Guinea,6121,Value,21033,Value of food imports in total merchandise exports (percent) (3-year average),20122014,2012-2014,%,40,E,Estimated value,
FS,Suite of Food Security Indicators,GIN,Guinea,6121,Value,21033,Value of food imports in total merchandise exports (percent) (3-year average),20132015,2013-2015,%,36,E,Estimated value,
FS,Suite of Food Security Indicators,GIN,Guinea,6121,Value,21033,Value of food imports in total merchandise exports (percent) (3-year average),20142016,2014-2016,%,36,E,Estimated value,
FS,Suite of Food Security Indicators,GIN,Guinea,6121,Value,21033,Value of food imports in total merchandise exports (percent) (3-year average),20152017,2015-2017,%,28,E,Estimated value,
FS,Suite of Food Security Indicators,GIN,Guinea,6121,Value,21033,Value of food imports in total merchandise exports (percent) (3-year average),20162018,2016-2018,%,26,E,Estimated value,
FS,Suite of Food Security Indicators,GIN,Guinea,6121,Value,21033,Value of food imports in total merchandise exports (percent) (3-year average),20172019,2017-2019,%,21,E,Estimated value,
FS,Suite of Food Security Indicators,GIN,Guinea,6121,Value,21033,Value of food imports in total merchandise exports (percent) (3-year average),20182020,2018-2020,%,16,E,Estimated value,
FS,Suite of Food Security Indicators,GIN,Guinea,6121,Value,21033,Value of food imports in total merchandise exports (percent) (3-year average),20192021,2019-2021,%,13,E,Estimated value,
FS,Suite of Food Security Indicators,GIN,Guinea,6121,Value,21033,Value of food imports in total merchandise exports (percent) (3-year average),20202022,2020-2022,%,12,E,Estimated value,
FS,Suite of Food Security Indicators,GIN,Guinea,6121,Value,21033,Value of food imports in total merchandise exports (percent) (3-year average),20212023,2021-2023,%,14,E,Estimated value,
FS,Suite of Food Security Indicators,GIN,Guinea,6121,Value,21033,Value of food imports in total merchandise exports (percent) (3-year average),20222024,2022-2024,%,15,E,Estimated value,
FS,Suite of Food Security Indicators,GNB,Guinea-Bissau,6121,Value,21033,Value of food imports in total merchandise exports (percent) (3-year average),20002002,2000-2002,%,68,E,Estimated value,
FS,Suite of Food Security Indicators,GNB,Guinea-Bissau,6121,Value,21033,Value of food imports in total merchandise exports (percent) (3-year average),20012003,2001-2003,%,71,E,Estimated value,
FS,Suite of Food Security Indicators,GNB,Guinea-Bissau,6121,Value,21033,Value of food imports in total merchandise exports (percent) (3-year average),20022004,2002-2004,%,76,E,Estimated value,
FS,Suite of Food Security Indicators,GNB,Guinea-Bissau,6121,Value,21033,Value of food imports in total merchandise exports (percent) (3-year average),20032005,2003-2005,%,65,E,Estimated value,
FS,Suite of Food Security Indicators,GNB,Guinea-Bissau,6121,Value,21033,Value of food imports in total merchandise exports (percent) (3-year average),20042006,2004-2006,%,57,E,Estimated value,
FS,Suite of Food Security Indicators,GNB,Guinea-Bissau,6121,Value,21033,Value of food imports in total merchandise exports (percent) (3-year average),20052007,2005-2007,%,62,E,Estimated value,
FS,Suite of Food Security Indicators,GNB,Guinea-Bissau,6121,Value,21033,Value of food imports in total merchandise exports (percent) (3-year average),20062008,2006-2008,%,62,E,Estimated value,
FS,Suite of Food Security Indicators,GNB,Guinea-Bissau,6121,Value,21033,Value of food imports in total merchandise exports (percent) (3-year average),20072009,2007-2009,%,73,E,Estimated value,
FS,Suite of Food Security Indicators,GNB,Guinea-Bissau,6121,Value,21033,Value of food imports in total merchandise exports (percent) (3-year average),20082010,2008-2010,%,70,E,Estimated value,
FS,Suite of Food Security Indicators,GNB,Guinea-Bissau,6121,Value,21033,Value of food imports in total merchandise exports (percent) (3-year average),20092011,2009-2011,%,64,E,Estimated value,
FS,Suite of Food Security Indicators,GNB,Guinea-Bissau,6121,Value,21033,Value of food imports in total merchandise exports (percent) (3-year average),20102012,2010-2012,%,62,E,Estimated value,
FS,Suite of Food Security Indicators,GNB,Guinea-Bissau,6121,Value,21033,Value of food imports in total merchandise exports (percent) (3-year average),20112013,2011-2013,%,63,E,Estimated value,
FS,Suite of Food Security Indicators,GNB,Guinea-Bissau,6121,Value,21033,Value of food imports in total merchandise exports (percent) (3-year average),20122014,2012-2014,%,76,E,Estimated value,
FS,Suite of Food Security Indicators,GNB,Guinea-Bissau,6121,Value,21033,Value of food imports in total merchandise exports (percent) (3-year average),20132015,2013-2015,%,64,E,Estimated value,
FS,Suite of Food Security Indicators,GNB,Guinea-Bissau,6121,Value,21033,Value of food imports in total merchandise exports (percent) (3-year average),20142016,2014-2016,%,54,E,Estimated value,
FS,Suite of Food Security Indicators,GNB,Guinea-Bissau,6121,Value,21033,Value of food imports in total merchandise exports (percent) (3-year average),20152017,2015-2017,%,46,E,Estimated value,
FS,Suite of Food Security Indicators,GNB,Guinea-Bissau,6121,Value,21033,Value of food imports in total merchandise exports (percent) (3-year average),20162018,2016-2018,%,45,E,Estimated value,
FS,Suite of Food Security Indicators,GNB,Guinea-Bissau,6121,Value,21033,Value of food imports in total merchandise exports (percent) (3-year average),20172019,2017-2019,%,49,E,Estimated value,
FS,Suite of Food Security Indicators,GNB,Guinea-Bissau,6121,Value,21033,Value of food imports in total merchandise exports (percent) (3-year average),20182020,2018-2020,%,56,E,Estimated value,
FS,Suite of Food Security Indicators,GNB,Guinea-Bissau,6121,Value,21033,Value of food imports in total merchandise exports (percent) (3-year average),20192021,2019-2021,%,61,E,Estimated value,
FS,Suite of Food Security Indicators,GNB,Guinea-Bissau,6121,Value,21033,Value of food imports in total merchandise exports (percent) (3-year average),20202022,2020-2022,%,65,E,Estimated value,
FS,Suite of Food Security Indicators,GNB,Guinea-Bissau,6121,Value,21033,Value of food imports in total merchandise exports (percent) (3-year average),20212023,2021-2023,%,67,E,Estimated value,
FS,Suite of Food Security Indicators,GNB,Guinea-Bissau,6121,Value,21033,Value of food imports in total merchandise exports (percent) (3-year average),20222024,2022-2024,%,81,E,Estimated value,
FS,Suite of Food Security Indicators,KEN,Kenya,6121,Value,21033,Value of food imports in total merchandise exports (percent) (3-year average),20002002,2000-2002,%,23,E,Estimated value,
FS,Suite of Food Security Indicators,KEN,Kenya,6121,Value,21033,Value of food imports in total merchandise exports (percent) (3-year average),20012003,2001-2003,%,20,E,Estimated value,
FS,Suite of Food Security Indicators,KEN,Kenya,6121,Value,21033,Value of food imports in total merchandise exports (percent) (3-year average),20022004,2002-2004,%,16,E,Estimated value,
FS,Suite of Food Security Indicators,KEN,Kenya,6121,Value,21033,Value of food imports in total merchandise exports (percent) (3-year average),20032005,2003-2005,%,16,E,Estimated value,
FS,Suite of Food Security Indicators,KEN,Kenya,6121,Value,21033,Value of food imports in total merchandise exports (percent) (3-year average),20042006,2004-2006,%,18,E,Estimated value,
FS,Suite of Food Security Indicators,KEN,Kenya,6121,Value,21033,Value of food imports in total merchandise exports (percent) (3-year average),20052007,2005-2007,%,20,E,Estimated value,
FS,Suite of Food Security Indicators,KEN,Kenya,6121,Value,21033,Value of food imports in total merchandise exports (percent) (3-year average),20062008,2006-2008,%,23,E,Estimated value,
FS,Suite of Food Security Indicators,KEN,Kenya,6121,Value,21033,Value of food imports in total merchandise exports (percent) (3-year average),20072009,2007-2009,%,27,E,Estimated value,
FS,Suite of Food Security Indicators,KEN,Kenya,6121,Value,21033,Value of food imports in total merchandise exports (percent) (3-year average),20082010,2008-2010,%,28,E,Estimated value,
FS,Suite of Food Security Indicators,KEN,Kenya,6121,Value,21033,Value of food imports in total merchandise exports (percent) (3-year average),20092011,2009-2011,%,31,E,Estimated value,
FS,Suite of Food Security Indicators,KEN,Kenya,6121,Value,21033,Value of food imports in total merchandise exports (percent) (3-year average),20102012,2010-2012,%,28,E,Estimated value,
FS,Suite of Food Security Indicators,KEN,Kenya,6121,Value,21033,Value of food imports in total merchandise exports (percent) (3-year average),20112013,2011-2013,%,29,E,Estimated value,
FS,Suite of Food Security Indicators,KEN,Kenya,6121,Value,21033,Value of food imports in total merchandise exports (percent) (3-year average),20122014,2012-2014,%,30,E,Estimated value,
FS,Suite of Food Security Indicators,KEN,Kenya,6121,Value,21033,Value of food imports in total merchandise exports (percent) (3-year average),20132015,2013-2015,%,33,E,Estimated value,
FS,Suite of Food Security Indicators,KEN,Kenya,6121,Value,21033,Value of food imports in total merchandise exports (percent) (3-year average),20142016,2014-2016,%,32,E,Estimated value,
FS,Suite of Food Security Indicators,KEN,Kenya,6121,Value,21033,Value of food imports in total merchandise exports (percent) (3-year average),20152017,2015-2017,%,38,E,Estimated value,
FS,Suite of Food Security Indicators,KEN,Kenya,6121,Value,21033,Value of food imports in total merchandise exports (percent) (3-year average),20162018,2016-2018,%,39,E,Estimated value,
FS,Suite of Food Security Indicators,KEN,Kenya,6121,Value,21033,Value of food imports in total merchandise exports (percent) (3-year average),20172019,2017-2019,%,43,E,Estimated value,
FS,Suite of Food Security Indicators,KEN,Kenya,6121,Value,21033,Value of food imports in total merchandise exports (percent) (3-year average),20182020,2018-2020,%,40,E,Estimated value,
FS,Suite of Food Security Indicators,KEN,Kenya,6121,Value,21033,Value of food imports in total merchandise exports (percent) (3-year average),20192021,2019-2021,%,42,E,Estimated value,
FS,Suite of Food Security Indicators,KEN,Kenya,6121,Value,21033,Value of food imports in total merchandise exports (percent) (3-year average),20202022,2020-2022,%,43,E,Estimated value,
FS,Suite of Food Security Indicators,KEN,Kenya,6121,Value,21033,Value of food imports in total merchandise exports (percent) (3-year average),20212023,2021-2023,%,44,E,Estimated value,
FS,Suite of Food Security Indicators,KEN,Kenya,6121,Value,21033,Value of food imports in total merchandise exports (percent) (3-year average),20222024,2022-2024,%,43,E,Estimated value,
FS,Suite of Food Security Indicators,LSO,Lesotho,6121,Value,21033,Value of food imports in total merchandise exports (percent) (3-year average),20002002,2000-2002,%,45,E,Estimated value,
FS,Suite of Food Security Indicators,LSO,Lesotho,6121,Value,21033,Value of food imports in total merchandise exports (percent) (3-year average),20012003,2001-2003,%,35,E,Estimated value,
FS,Suite of Food Security Indicators,LSO,Lesotho,6121,Value,21033,Value of food imports in total merchandise exports (percent) (3-year average),20022004,2002-2004,%,25,E,Estimated value,
FS,Suite of Food Security Indicators,LSO,Lesotho,6121,Value,21033,Value of food imports in total merchandise exports (percent) (3-year average),20032005,2003-2005,%,19,E,Estimated value,
FS,Suite of Food Security Indicators,LSO,Lesotho,6121,Value,21033,Value of food imports in total merchandise exports (percent) (3-year average),20042006,2004-2006,%,17,E,Estimated value,
FS,Suite of Food Security Indicators,LSO,Lesotho,6121,Value,21033,Value of food imports in total merchandise exports (percent) (3-year average),20052007,2005-2007,%,17,E,Estimated value,
FS,Suite of Food Security Indicators,LSO,Lesotho,6121,Value,21033,Value of food imports in total merchandise exports (percent) (3-year average),20062008,2006-2008,%,19,E,Estimated value,
FS,Suite of Food Security Indicators,LSO,Lesotho,6121,Value,21033,Value of food imports in total merchandise exports (percent) (3-year average),20072009,2007-2009,%,21,E,Estimated value,
FS,Suite of Food Security Indicators,LSO,Lesotho,6121,Value,21033,Value of food imports in total merchandise exports (percent) (3-year average),20082010,2008-2010,%,26,E,Estimated value,
FS,Suite of Food Security Indicators,LSO,Lesotho,6121,Value,21033,Value of food imports in total merchandise exports (percent) (3-year average),20092011,2009-2011,%,28,E,Estimated value,
FS,Suite of Food Security Indicators,LSO,Lesotho,6121,Value,21033,Value of food imports in total merchandise exports (percent) (3-year average),20102012,2010-2012,%,30,E,Estimated value,
FS,Suite of Food Security Indicators,LSO,Lesotho,6121,Value,21033,Value of food imports in total merchandise exports (percent) (3-year average),20112013,2011-2013,%,34,E,Estimated value,
FS,Suite of Food Security Indicators,LSO,Lesotho,6121,Value,21033,Value of food imports in total merchandise exports (percent) (3-year average),20122014,2012-2014,%,41,E,Estimated value,
FS,Suite of Food Security Indicators,LSO,Lesotho,6121,Value,21033,Value of food imports in total merchandise exports (percent) (3-year average),20132015,2013-2015,%,42,E,Estimated value,
FS,Suite of Food Security Indicators,LSO,Lesotho,6121,Value,21033,Value of food imports in total merchandise exports (percent) (3-year average),20142016,2014-2016,%,38,E,Estimated value,
FS,Suite of Food Security Indicators,LSO,Lesotho,6121,Value,21033,Value of food imports in total merchandise exports (percent) (3-year average),20152017,2015-2017,%,34,E,Estimated value,
FS,Suite of Food Security Indicators,LSO,Lesotho,6121,Value,21033,Value of food imports in total merchandise exports (percent) (3-year average),20162018,2016-2018,%,28,E,Estimated value,
FS,Suite of Food Security Indicators,LSO,Lesotho,6121,Value,21033,Value of food imports in total merchandise exports (percent) (3-year average),20172019,2017-2019,%,26,E,Estimated value,
FS,Suite of Food Security Indicators,LSO,Lesotho,6121,Value,21033,Value of food imports in total merchandise exports (percent) (3-year average),20182020,2018-2020,%,26,E,Estimated value,
FS,Suite of Food Security Indicators,LSO,Lesotho,6121,Value,21033,Value of food imports in total merchandise exports (percent) (3-year average),20192021,2019-2021,%,30,E,Estimated value,
FS,Suite of Food Security Indicators,LSO,Lesotho,6121,Value,21033,Value of food imports in total merchandise exports (percent) (3-year average),20202022,2020-2022,%,35,E,Estimated value,
FS,Suite of Food Security Indicators,LSO,Lesotho,6121,Value,21033,Value of food imports in total merchandise exports (percent) (3-year average),20212023,2021-2023,%,38,E,Estimated value,
FS,Suite of Food Security Indicators,LSO,Lesotho,6121,Value,21033,Value of food imports in total merchandise exports (percent) (3-year average),20222024,2022-2024,%,43,E,Estimated value,
FS,Suite of Food Security Indicators,LBR,Liberia,6121,Value,21033,Value of food imports in total merchandise exports (percent) (3-year average),20002002,2000-2002,%,56,E,Estimated value,
FS,Suite of Food Security Indicators,LBR,Liberia,6121,Value,21033,Value of food imports in total merchandise exports (percent) (3-year average),20012003,2001-2003,%,57,E,Estimated value,
FS,Suite of Food Security Indicators,LBR,Liberia,6121,Value,21033,Value of food imports in total merchandise exports (percent) (3-year average),20022004,2002-2004,%,79,E,Estimated value,
FS,Suite of Food Security Indicators,LBR,Liberia,6121,Value,21033,Value of food imports in total merchandise exports (percent) (3-year average),20032005,2003-2005,%,126,E,Estimated value,
FS,Suite of Food Security Indicators,LBR,Liberia,6121,Value,21033,Value of food imports in total merchandise exports (percent) (3-year average),20042006,2004-2006,%,131,E,Estimated value,
FS,Suite of Food Security Indicators,LBR,Liberia,6121,Value,21033,Value of food imports in total merchandise exports (percent) (3-year average),20052007,2005-2007,%,114,E,Estimated value,
FS,Suite of Food Security Indicators,LBR,Liberia,6121,Value,21033,Value of food imports in total merchandise exports (percent) (3-year average),20062008,2006-2008,%,97,E,Estimated value,
FS,Suite of Food Security Indicators,LBR,Liberia,6121,Value,21033,Value of food imports in total merchandise exports (percent) (3-year average),20072009,2007-2009,%,110,E,Estimated value,
FS,Suite of Food Security Indicators,LBR,Liberia,6121,Value,21033,Value of food imports in total merchandise exports (percent) (3-year average),20082010,2008-2010,%,122,E,Estimated value,
FS,Suite of Food Security Indicators,LBR,Liberia,6121,Value,21033,Value of food imports in total merchandise exports (percent) (3-year average),20092011,2009-2011,%,108,E,Estimated value,
FS,Suite of Food Security Indicators,LBR,Liberia,6121,Value,21033,Value of food imports in total merchandise exports (percent) (3-year average),20102012,2010-2012,%,87,E,Estimated value,
FS,Suite of Food Security Indicators,LBR,Liberia,6121,Value,21033,Value of food imports in total merchandise exports (percent) (3-year average),20112013,2011-2013,%,72,E,Estimated value,
FS,Suite of Food Security Indicators,LBR,Liberia,6121,Value,21033,Value of food imports in total merchandise exports (percent) (3-year average),20122014,2012-2014,%,71,E,Estimated value,
FS,Suite of Food Security Indicators,LBR,Liberia,6121,Value,21033,Value of food imports in total merchandise exports (percent) (3-year average),20132015,2013-2015,%,78,E,Estimated value,
FS,Suite of Food Security Indicators,LBR,Liberia,6121,Value,21033,Value of food imports in total merchandise exports (percent) (3-year average),20142016,2014-2016,%,93,E,Estimated value,
FS,Suite of Food Security Indicators,LBR,Liberia,6121,Value,21033,Value of food imports in total merchandise exports (percent) (3-year average),20152017,2015-2017,%,107,E,Estimated value,
FS,Suite of Food Security Indicators,LBR,Liberia,6121,Value,21033,Value of food imports in total merchandise exports (percent) (3-year average),20162018,2016-2018,%,91,E,Estimated value,
FS,Suite of Food Security Indicators,LBR,Liberia,6121,Value,21033,Value of food imports in total merchandise exports (percent) (3-year average),20172019,2017-2019,%,76,E,Estimated value,
FS,Suite of Food Security Indicators,LBR,Liberia,6121,Value,21033,Value of food imports in total merchandise exports (percent) (3-year average),20182020,2018-2020,%,59,E,Estimated value,
FS,Suite of Food Security Indicators,LBR,Liberia,6121,Value,21033,Value of food imports in total merchandise exports (percent) (3-year average),20192021,2019-2021,%,54,E,Estimated value,
FS,Suite of Food Security Indicators,LBR,Liberia,6121,Value,21033,Value of food imports in total merchandise exports (percent) (3-year average),20202022,2020-2022,%,47,E,Estimated value,
FS,Suite of Food Security Indicators,LBR,Liberia,6121,Value,21033,Value of food imports in total merchandise exports (percent) (3-year average),20212023,2021-2023,%,45,E,Estimated value,
FS,Suite of Food Security Indicators,LBR,Liberia,6121,Value,21033,Value of food imports in total merchandise exports (percent) (3-year average),20222024,2022-2024,%,40,E,Estimated value,
FS,Suite of Food Security Indicators,LBY,Libya,6121,Value,21033,Value of food imports in total merchandise exports (percent) (3-year average),20002002,2000-2002,%,9,E,Estimated value,
FS,Suite of Food Security Indicators,LBY,Libya,6121,Value,21033,Value of food imports in total merchandise exports (percent) (3-year average),20012003,2001-2003,%,8,E,Estimated value,
FS,Suite of Food Security Indicators,LBY,Libya,6121,Value,21033,Value of food imports in total merchandise exports (percent) (3-year average),20022004,2002-2004,%,6,E,Estimated value,
FS,Suite of Food Security Indicators,LBY,Libya,6121,Value,21033,Value of food imports in total merchandise exports (percent) (3-year average),20032005,2003-2005,%,5,E,Estimated value,
FS,Suite of Food Security Indicators,LBY,Libya,6121,Value,21033,Value of food imports in total merchandise exports (percent) (3-year average),20042006,2004-2006,%,3,E,Estimated value,
FS,Suite of Food Security Indicators,LBY,Libya,6121,Value,21033,Value of food imports in total merchandise exports (percent) (3-year average),20052007,2005-2007,%,3,E,Estimated value,
FS,Suite of Food Security Indicators,LBY,Libya,6121,Value,21033,Value of food imports in total merchandise exports (percent) (3-year average),20062008,2006-2008,%,3,E,Estimated value,
FS,Suite of Food Security Indicators,LBY,Libya,6121,Value,21033,Value of food imports in total merchandise exports (percent) (3-year average),20072009,2007-2009,%,4,E,Estimated value,
FS,Suite of Food Security Indicators,LBY,Libya,6121,Value,21033,Value of food imports in total merchandise exports (percent) (3-year average),20082010,2008-2010,%,4,E,Estimated value,
FS,Suite of Food Security Indicators,LBY,Libya,6121,Value,21033,Value of food imports in total merchandise exports (percent) (3-year average),20092011,2009-2011,%,6,E,Estimated value,
FS,Suite of Food Security Indicators,LBY,Libya,6121,Value,21033,Value of food imports in total merchandise exports (percent) (3-year average),20102012,2010-2012,%,6,E,Estimated value,
FS,Suite of Food Security Indicators,LBY,Libya,6121,Value,21033,Value of food imports in total merchandise exports (percent) (3-year average),20112013,2011-2013,%,7,E,Estimated value,
FS,Suite of Food Security Indicators,LBY,Libya,6121,Value,21033,Value of food imports in total merchandise exports (percent) (3-year average),20122014,2012-2014,%,8,E,Estimated value,
FS,Suite of Food Security Indicators,LBY,Libya,6121,Value,21033,Value of food imports in total merchandise exports (percent) (3-year average),20132015,2013-2015,%,13,E,Estimated value,
FS,Suite of Food Security Indicators,LBY,Libya,6121,Value,21033,Value of food imports in total merchandise exports (percent) (3-year average),20142016,2014-2016,%,23,E,Estimated value,
FS,Suite of Food Security Indicators,LBY,Libya,6121,Value,21033,Value of food imports in total merchandise exports (percent) (3-year average),20152017,2015-2017,%,22,E,Estimated value,
FS,Suite of Food Security Indicators,LBY,Libya,6121,Value,21033,Value of food imports in total merchandise exports (percent) (3-year average),20162018,2016-2018,%,16,E,Estimated value,
FS,Suite of Food Security Indicators,LBY,Libya,6121,Value,21033,Value of food imports in total merchandise exports (percent) (3-year average),20172019,2017-2019,%,12,E,Estimated value,
FS,Suite of Food Security Indicators,LBY,Libya,6121,Value,21033,Value of food imports in total merchandise exports (percent) (3-year average),20182020,2018-2020,%,15,E,Estimated value,
FS,Suite of Food Security Indicators,LBY,Libya,6121,Value,21033,Value of food imports in total merchandise exports (percent) (3-year average),20192021,2019-2021,%,16,E,Estimated value,
FS,Suite of Food Security Indicators,LBY,Libya,6121,Value,21033,Value of food imports in total merchandise exports (percent) (3-year average),20202022,2020-2022,%,14,E,Estimated value,
FS,Suite of Food Security Indicators,LBY,Libya,6121,Value,21033,Value of food imports in total merchandise exports (percent) (3-year average),20212023,2021-2023,%,11,E,Estimated value,
FS,Suite of Food Security Indicators,LBY,Libya,6121,Value,21033,Value of food imports in total merchandise exports (percent) (3-year average),20222024,2022-2024,%,11,E,Estimated value,
FS,Suite of Food Security Indicators,MDG,Madagascar,6121,Value,21033,Value of food imports in total merchandise exports (percent) (3-year average),20002002,2000-2002,%,18,E,Estimated value,
FS,Suite of Food Security Indicators,MDG,Madagascar,6121,Value,21033,Value of food imports in total merchandise exports (percent) (3-year average),20012003,2001-2003,%,25,E,Estimated value,
FS,Suite of Food Security Indicators,MDG,Madagascar,6121,Value,21033,Value of food imports in total merchandise exports (percent) (3-year average),20022004,2002-2004,%,28,E,Estimated value,
FS,Suite of Food Security Indicators,MDG,Madagascar,6121,Value,21033,Value of food imports in total merchandise exports (percent) (3-year average),20032005,2003-2005,%,48,E,Estimated value,
FS,Suite of Food Security Indicators,MDG,Madagascar,6121,Value,21033,Value of food imports in total merchandise exports (percent) (3-year average),20042006,2004-2006,%,51,E,Estimated value,
FS,Suite of Food Security Indicators,MDG,Madagascar,6121,Value,21033,Value of food imports in total merchandise exports (percent) (3-year average),20052007,2005-2007,%,32,E,Estimated value,
FS,Suite of Food Security Indicators,MDG,Madagascar,6121,Value,21033,Value of food imports in total merchandise exports (percent) (3-year average),20062008,2006-2008,%,26,E,Estimated value,
FS,Suite of Food Security Indicators,MDG,Madagascar,6121,Value,21033,Value of food imports in total merchandise exports (percent) (3-year average),20072009,2007-2009,%,24,E,Estimated value,
FS,Suite of Food Security Indicators,MDG,Madagascar,6121,Value,21033,Value of food imports in total merchandise exports (percent) (3-year average),20082010,2008-2010,%,27,E,Estimated value,
FS,Suite of Food Security Indicators,MDG,Madagascar,6121,Value,21033,Value of food imports in total merchandise exports (percent) (3-year average),20092011,2009-2011,%,28,E,Estimated value,
FS,Suite of Food Security Indicators,MDG,Madagascar,6121,Value,21033,Value of food imports in total merchandise exports (percent) (3-year average),20102012,2010-2012,%,26,E,Estimated value,
FS,Suite of Food Security Indicators,MDG,Madagascar,6121,Value,21033,Value of food imports in total merchandise exports (percent) (3-year average),20112013,2011-2013,%,26,E,Estimated value,
FS,Suite of Food Security Indicators,MDG,Madagascar,6121,Value,21033,Value of food imports in total merchandise exports (percent) (3-year average),20122014,2012-2014,%,23,E,Estimated value,
FS,Suite of Food Security Indicators,MDG,Madagascar,6121,Value,21033,Value of food imports in total merchandise exports (percent) (3-year average),20132015,2013-2015,%,21,E,Estimated value,
FS,Suite of Food Security Indicators,MDG,Madagascar,6121,Value,21033,Value of food imports in total merchandise exports (percent) (3-year average),20142016,2014-2016,%,19,E,Estimated value,
FS,Suite of Food Security Indicators,MDG,Madagascar,6121,Value,21033,Value of food imports in total merchandise exports (percent) (3-year average),20152017,2015-2017,%,20,E,Estimated value,
FS,Suite of Food Security Indicators,MDG,Madagascar,6121,Value,21033,Value of food imports in total merchandise exports (percent) (3-year average),20162018,2016-2018,%,21,E,Estimated value,
FS,Suite of Food Security Indicators,MDG,Madagascar,6121,Value,21033,Value of food imports in total merchandise exports (percent) (3-year average),20172019,2017-2019,%,21,E,Estimated value,
FS,Suite of Food Security Indicators,MDG,Madagascar,6121,Value,21033,Value of food imports in total merchandise exports (percent) (3-year average),20182020,2018-2020,%,22,E,Estimated value,
FS,Suite of Food Security Indicators,MDG,Madagascar,6121,Value,21033,Value of food imports in total merchandise exports (percent) (3-year average),20192021,2019-2021,%,26,E,Estimated value,
FS,Suite of Food Security Indicators,MDG,Madagascar,6121,Value,21033,Value of food imports in total merchandise exports (percent) (3-year average),20202022,2020-2022,%,28,E,Estimated value,
FS,Suite of Food Security Indicators,MDG,Madagascar,6121,Value,21033,Value of food imports in total merchandise exports (percent) (3-year average),20212023,2021-2023,%,26,E,Estimated value,
FS,Suite of Food Security Indicators,MDG,Madagascar,6121,Value,21033,Value of food imports in total merchandise exports (percent) (3-year average),20222024,2022-2024,%,27,E,Estimated value,
FS,Suite of Food Security Indicators,MWI,Malawi,6121,Value,21033,Value of food imports in total merchandise exports (percent) (3-year average),20002002,2000-2002,%,18,E,Estimated value,
FS,Suite of Food Security Indicators,MWI,Malawi,6121,Value,21033,Value of food imports in total merchandise exports (percent) (3-year average),20012003,2001-2003,%,23,E,Estimated value,
FS,Suite of Food Security Indicators,MWI,Malawi,6121,Value,21033,Value of food imports in total merchandise exports (percent) (3-year average),20022004,2002-2004,%,24,E,Estimated value,
FS,Suite of Food Security Indicators,MWI,Malawi,6121,Value,21033,Value of food imports in total merchandise exports (percent) (3-year average),20032005,2003-2005,%,18,E,Estimated value,
FS,Suite of Food Security Indicators,MWI,Malawi,6121,Value,21033,Value of food imports in total merchandise exports (percent) (3-year average),20042006,2004-2006,%,16,E,Estimated value,
FS,Suite of Food Security Indicators,MWI,Malawi,6121,Value,21033,Value of food imports in total merchandise exports (percent) (3-year average),20052007,2005-2007,%,15,E,Estimated value,
FS,Suite of Food Security Indicators,MWI,Malawi,6121,Value,21033,Value of food imports in total merchandise exports (percent) (3-year average),20062008,2006-2008,%,17,E,Estimated value,
FS,Suite of Food Security Indicators,MWI,Malawi,6121,Value,21033,Value of food imports in total merchandise exports (percent) (3-year average),20072009,2007-2009,%,18,E,Estimated value,
FS,Suite of Food Security Indicators,MWI,Malawi,6121,Value,21033,Value of food imports in total merchandise exports (percent) (3-year average),20082010,2008-2010,%,19,E,Estimated value,
FS,Suite of Food Security Indicators,MWI,Malawi,6121,Value,21033,Value of food imports in total merchandise exports (percent) (3-year average),20092011,2009-2011,%,18,E,Estimated value,
FS,Suite of Food Security Indicators,MWI,Malawi,6121,Value,21033,Value of food imports in total merchandise exports (percent) (3-year average),20102012,2010-2012,%,18,E,Estimated value,
FS,Suite of Food Security Indicators,MWI,Malawi,6121,Value,21033,Value of food imports in total merchandise exports (percent) (3-year average),20112013,2011-2013,%,17,E,Estimated value,
FS,Suite of Food Security Indicators,MWI,Malawi,6121,Value,21033,Value of food imports in total merchandise exports (percent) (3-year average),20122014,2012-2014,%,17,E,Estimated value,
FS,Suite of Food Security Indicators,MWI,Malawi,6121,Value,21033,Value of food imports in total merchandise exports (percent) (3-year average),20132015,2013-2015,%,18,E,Estimated value,
FS,Suite of Food Security Indicators,MWI,Malawi,6121,Value,21033,Value of food imports in total merchandise exports (percent) (3-year average),20142016,2014-2016,%,22,E,Estimated value,
FS,Suite of Food Security Indicators,MWI,Malawi,6121,Value,21033,Value of food imports in total merchandise exports (percent) (3-year average),20152017,2015-2017,%,27,E,Estimated value,
FS,Suite of Food Security Indicators,MWI,Malawi,6121,Value,21033,Value of food imports in total merchandise exports (percent) (3-year average),20162018,2016-2018,%,27,E,Estimated value,
FS,Suite of Food Security Indicators,MWI,Malawi,6121,Value,21033,Value of food imports in total merchandise exports (percent) (3-year average),20172019,2017-2019,%,26,E,Estimated value,
FS,Suite of Food Security Indicators,MWI,Malawi,6121,Value,21033,Value of food imports in total merchandise exports (percent) (3-year average),20182020,2018-2020,%,28,E,Estimated value,
FS,Suite of Food Security Indicators,MWI,Malawi,6121,Value,21033,Value of food imports in total merchandise exports (percent) (3-year average),20192021,2019-2021,%,29,E,Estimated value,
FS,Suite of Food Security Indicators,MWI,Malawi,6121,Value,21033,Value of food imports in total merchandise exports (percent) (3-year average),20202022,2020-2022,%,25,E,Estimated value,
FS,Suite of Food Security Indicators,MWI,Malawi,6121,Value,21033,Value of food imports in total merchandise exports (percent) (3-year average),20212023,2021-2023,%,22,E,Estimated value,
FS,Suite of Food Security Indicators,MWI,Malawi,6121,Value,21033,Value of food imports in total merchandise exports (percent) (3-year average),20222024,2022-2024,%,26,E,Estimated value,
FS,Suite of Food Security Indicators,MLI,Mali,6121,Value,21033,Value of food imports in total merchandise exports (percent) (3-year average),20002002,2000-2002,%,19,E,Estimated value,
FS,Suite of Food Security Indicators,MLI,Mali,6121,Value,21033,Value of food imports in total merchandise exports (percent) (3-year average),20012003,2001-2003,%,20,E,Estimated value,
FS,Suite of Food Security Indicators,MLI,Mali,6121,Value,21033,Value of food imports in total merchandise exports (percent) (3-year average),20022004,2002-2004,%,19,E,Estimated value,
FS,Suite of Food Security Indicators,MLI,Mali,6121,Value,21033,Value of food imports in total merchandise exports (percent) (3-year average),20032005,2003-2005,%,19,E,Estimated value,
FS,Suite of Food Security Indicators,MLI,Mali,6121,Value,21033,Value of food imports in total merchandise exports (percent) (3-year average),20042006,2004-2006,%,20,E,Estimated value,
FS,Suite of Food Security Indicators,MLI,Mali,6121,Value,21033,Value of food imports in total merchandise exports (percent) (3-year average),20052007,2005-2007,%,20,E,Estimated value,
FS,Suite of Food Security Indicators,MLI,Mali,6121,Value,21033,Value of food imports in total merchandise exports (percent) (3-year average),20062008,2006-2008,%,20,E,Estimated value,
FS,Suite of Food Security Indicators,MLI,Mali,6121,Value,21033,Value of food imports in total merchandise exports (percent) (3-year average),20072009,2007-2009,%,19,E,Estimated value,
FS,Suite of Food Security Indicators,MLI,Mali,6121,Value,21033,Value of food imports in total merchandise exports (percent) (3-year average),20082010,2008-2010,%,19,E,Estimated value,
FS,Suite of Food Security Indicators,MLI,Mali,6121,Value,21033,Value of food imports in total merchandise exports (percent) (3-year average),20092011,2009-2011,%,19,E,Estimated value,
FS,Suite of Food Security Indicators,MLI,Mali,6121,Value,21033,Value of food imports in total merchandise exports (percent) (3-year average),20102012,2010-2012,%,17,E,Estimated value,
FS,Suite of Food Security Indicators,MLI,Mali,6121,Value,21033,Value of food imports in total merchandise exports (percent) (3-year average),20112013,2011-2013,%,19,E,Estimated value,
FS,Suite of Food Security Indicators,MLI,Mali,6121,Value,21033,Value of food imports in total merchandise exports (percent) (3-year average),20122014,2012-2014,%,20,E,Estimated value,
FS,Suite of Food Security Indicators,MLI,Mali,6121,Value,21033,Value of food imports in total merchandise exports (percent) (3-year average),20132015,2013-2015,%,22,E,Estimated value,
FS,Suite of Food Security Indicators,MLI,Mali,6121,Value,21033,Value of food imports in total merchandise exports (percent) (3-year average),20142016,2014-2016,%,20,E,Estimated value,
FS,Suite of Food Security Indicators,MLI,Mali,6121,Value,21033,Value of food imports in total merchandise exports (percent) (3-year average),20152017,2015-2017,%,20,E,Estimated value,
FS,Suite of Food Security Indicators,MLI,Mali,6121,Value,21033,Value of food imports in total merchandise exports (percent) (3-year average),20162018,2016-2018,%,18,E,Estimated value,
FS,Suite of Food Security Indicators,MLI,Mali,6121,Value,21033,Value of food imports in total merchandise exports (percent) (3-year average),20172019,2017-2019,%,17,E,Estimated value,
FS,Suite of Food Security Indicators,MLI,Mali,6121,Value,21033,Value of food imports in total merchandise exports (percent) (3-year average),20182020,2018-2020,%,17,E,Estimated value,
FS,Suite of Food Security Indicators,MLI,Mali,6121,Value,21033,Value of food imports in total merchandise exports (percent) (3-year average),20192021,2019-2021,%,18,E,Estimated value,
FS,Suite of Food Security Indicators,MLI,Mali,6121,Value,21033,Value of food imports in total merchandise exports (percent) (3-year average),20202022,2020-2022,%,18,E,Estimated value,
FS,Suite of Food Security Indicators,MLI,Mali,6121,Value,21033,Value of food imports in total merchandise exports (percent) (3-year average),20212023,2021-2023,%,16,E,Estimated value,
FS,Suite of Food Security Indicators,MLI,Mali,6121,Value,21033,Value of food imports in total merchandise exports (percent) (3-year average),20222024,2022-2024,%,15,E,Estimated value,
FS,Suite of Food Security Indicators,MRT,Mauritania,6121,Value,21033,Value of food imports in total merchandise exports (percent) (3-year average),20002002,2000-2002,%,50,E,Estimated value,
FS,Suite of Food Security Indicators,MRT,Mauritania,6121,Value,21033,Value of food imports in total merchandise exports (percent) (3-year average),20012003,2001-2003,%,60,E,Estimated value,
FS,Suite of Food Security Indicators,MRT,Mauritania,6121,Value,21033,Value of food imports in total merchandise exports (percent) (3-year average),20022004,2002-2004,%,61,E,Estimated value,
FS,Suite of Food Security Indicators,MRT,Mauritania,6121,Value,21033,Value of food imports in total merchandise exports (percent) (3-year average),20032005,2003-2005,%,47,E,Estimated value,
FS,Suite of Food Security Indicators,MRT,Mauritania,6121,Value,21033,Value of food imports in total merchandise exports (percent) (3-year average),20042006,2004-2006,%,29,E,Estimated value,
FS,Suite of Food Security Indicators,MRT,Mauritania,6121,Value,21033,Value of food imports in total merchandise exports (percent) (3-year average),20052007,2005-2007,%,23,E,Estimated value,
FS,Suite of Food Security Indicators,MRT,Mauritania,6121,Value,21033,Value of food imports in total merchandise exports (percent) (3-year average),20062008,2006-2008,%,23,E,Estimated value,
FS,Suite of Food Security Indicators,MRT,Mauritania,6121,Value,21033,Value of food imports in total merchandise exports (percent) (3-year average),20072009,2007-2009,%,28,E,Estimated value,
FS,Suite of Food Security Indicators,MRT,Mauritania,6121,Value,21033,Value of food imports in total merchandise exports (percent) (3-year average),20082010,2008-2010,%,24,E,Estimated value,
FS,Suite of Food Security Indicators,MRT,Mauritania,6121,Value,21033,Value of food imports in total merchandise exports (percent) (3-year average),20092011,2009-2011,%,18,E,Estimated value,
FS,Suite of Food Security Indicators,MRT,Mauritania,6121,Value,21033,Value of food imports in total merchandise exports (percent) (3-year average),20102012,2010-2012,%,14,E,Estimated value,
FS,Suite of Food Security Indicators,MRT,Mauritania,6121,Value,21033,Value of food imports in total merchandise exports (percent) (3-year average),20112013,2011-2013,%,14,E,Estimated value,
FS,Suite of Food Security Indicators,MRT,Mauritania,6121,Value,21033,Value of food imports in total merchandise exports (percent) (3-year average),20122014,2012-2014,%,19,E,Estimated value,
FS,Suite of Food Security Indicators,MRT,Mauritania,6121,Value,21033,Value of food imports in total merchandise exports (percent) (3-year average),20132015,2013-2015,%,29,E,Estimated value,
FS,Suite of Food Security Indicators,MRT,Mauritania,6121,Value,21033,Value of food imports in total merchandise exports (percent) (3-year average),20142016,2014-2016,%,36,E,Estimated value,
FS,Suite of Food Security Indicators,MRT,Mauritania,6121,Value,21033,Value of food imports in total merchandise exports (percent) (3-year average),20152017,2015-2017,%,36,E,Estimated value,
FS,Suite of Food Security Indicators,MRT,Mauritania,6121,Value,21033,Value of food imports in total merchandise exports (percent) (3-year average),20162018,2016-2018,%,27,E,Estimated value,
FS,Suite of Food Security Indicators,MRT,Mauritania,6121,Value,21033,Value of food imports in total merchandise exports (percent) (3-year average),20172019,2017-2019,%,26,E,Estimated value,
FS,Suite of Food Security Indicators,MRT,Mauritania,6121,Value,21033,Value of food imports in total merchandise exports (percent) (3-year average),20182020,2018-2020,%,27,E,Estimated value,
FS,Suite of Food Security Indicators,MRT,Mauritania,6121,Value,21033,Value of food imports in total merchandise exports (percent) (3-year average),20192021,2019-2021,%,26,E,Estimated value,
FS,Suite of Food Security Indicators,MRT,Mauritania,6121,Value,21033,Value of food imports in total merchandise exports (percent) (3-year average),20202022,2020-2022,%,30,E,Estimated value,
FS,Suite of Food Security Indicators,MRT,Mauritania,6121,Value,21033,Value of food imports in total merchandise exports (percent) (3-year average),20212023,2021-2023,%,30,E,Estimated value,
FS,Suite of Food Security Indicators,MRT,Mauritania,6121,Value,21033,Value of food imports in total merchandise exports (percent) (3-year average),20222024,2022-2024,%,30,E,Estimated value,
FS,Suite of Food Security Indicators,MUS,Mauritius,6121,Value,21033,Value of food imports in total merchandise exports (percent) (3-year average),20002002,2000-2002,%,16,E,Estimated value,
FS,Suite of Food Security Indicators,MUS,Mauritius,6121,Value,21033,Value of food imports in total merchandise exports (percent) (3-year average),20012003,2001-2003,%,16,E,Estimated value,
FS,Suite of Food Security Indicators,MUS,Mauritius,6121,Value,21033,Value of food imports in total merchandise exports (percent) (3-year average),20022004,2002-2004,%,16,E,Estimated value,
FS,Suite of Food Security Indicators,MUS,Mauritius,6121,Value,21033,Value of food imports in total merchandise exports (percent) (3-year average),20032005,2003-2005,%,16,E,Estimated value,
FS,Suite of Food Security Indicators,MUS,Mauritius,6121,Value,21033,Value of food imports in total merchandise exports (percent) (3-year average),20042006,2004-2006,%,16,E,Estimated value,
FS,Suite of Food Security Indicators,MUS,Mauritius,6121,Value,21033,Value of food imports in total merchandise exports (percent) (3-year average),20052007,2005-2007,%,18,E,Estimated value,
FS,Suite of Food Security Indicators,MUS,Mauritius,6121,Value,21033,Value of food imports in total merchandise exports (percent) (3-year average),20062008,2006-2008,%,21,E,Estimated value,
FS,Suite of Food Security Indicators,MUS,Mauritius,6121,Value,21033,Value of food imports in total merchandise exports (percent) (3-year average),20072009,2007-2009,%,25,E,Estimated value,
FS,Suite of Food Security Indicators,MUS,Mauritius,6121,Value,21033,Value of food imports in total merchandise exports (percent) (3-year average),20082010,2008-2010,%,26,E,Estimated value,
FS,Suite of Food Security Indicators,MUS,Mauritius,6121,Value,21033,Value of food imports in total merchandise exports (percent) (3-year average),20092011,2009-2011,%,26,E,Estimated value,
FS,Suite of Food Security Indicators,MUS,Mauritius,6121,Value,21033,Value of food imports in total merchandise exports (percent) (3-year average),20102012,2010-2012,%,26,E,Estimated value,
FS,Suite of Food Security Indicators,MUS,Mauritius,6121,Value,21033,Value of food imports in total merchandise exports (percent) (3-year average),20112013,2011-2013,%,26,E,Estimated value,
FS,Suite of Food Security Indicators,MUS,Mauritius,6121,Value,21033,Value of food imports in total merchandise exports (percent) (3-year average),20122014,2012-2014,%,25,E,Estimated value,
FS,Suite of Food Security Indicators,MUS,Mauritius,6121,Value,21033,Value of food imports in total merchandise exports (percent) (3-year average),20132015,2013-2015,%,24,E,Estimated value,
FS,Suite of Food Security Indicators,MUS,Mauritius,6121,Value,21033,Value of food imports in total merchandise exports (percent) (3-year average),20142016,2014-2016,%,26,E,Estimated value,
FS,Suite of Food Security Indicators,MUS,Mauritius,6121,Value,21033,Value of food imports in total merchandise exports (percent) (3-year average),20152017,2015-2017,%,29,E,Estimated value,
FS,Suite of Food Security Indicators,MUS,Mauritius,6121,Value,21033,Value of food imports in total merchandise exports (percent) (3-year average),20162018,2016-2018,%,32,E,Estimated value,
FS,Suite of Food Security Indicators,MUS,Mauritius,6121,Value,21033,Value of food imports in total merchandise exports (percent) (3-year average),20172019,2017-2019,%,34,E,Estimated value,
FS,Suite of Food Security Indicators,MUS,Mauritius,6121,Value,21033,Value of food imports in total merchandise exports (percent) (3-year average),20182020,2018-2020,%,35,E,Estimated value,
FS,Suite of Food Security Indicators,MUS,Mauritius,6121,Value,21033,Value of food imports in total merchandise exports (percent) (3-year average),20192021,2019-2021,%,38,E,Estimated value,
FS,Suite of Food Security Indicators,MUS,Mauritius,6121,Value,21033,Value of food imports in total merchandise exports (percent) (3-year average),20202022,2020-2022,%,41,E,Estimated value,
FS,Suite of Food Security Indicators,MUS,Mauritius,6121,Value,21033,Value of food imports in total merchandise exports (percent) (3-year average),20212023,2021-2023,%,42,E,Estimated value,
FS,Suite of Food Security Indicators,MUS,Mauritius,6121,Value,21033,Value of food imports in total merchandise exports (percent) (3-year average),20222024,2022-2024,%,43,E,Estimated value,
FS,Suite of Food Security Indicators,MAR,Morocco,6121,Value,21033,Value of food imports in total merchandise exports (percent) (3-year average),20002002,2000-2002,%,19,E,Estimated value,
FS,Suite of Food Security Indicators,MAR,Morocco,6121,Value,21033,Value of food imports in total merchandise exports (percent) (3-year average),20012003,2001-2003,%,18,E,Estimated value,
FS,Suite of Food Security Indicators,MAR,Morocco,6121,Value,21033,Value of food imports in total merchandise exports (percent) (3-year average),20022004,2002-2004,%,18,E,Estimated value,
FS,Suite of Food Security Indicators,MAR,Morocco,6121,Value,21033,Value of food imports in total merchandise exports (percent) (3-year average),20032005,2003-2005,%,17,E,Estimated value,
FS,Suite of Food Security Indicators,MAR,Morocco,6121,Value,21033,Value of food imports in total merchandise exports (percent) (3-year average),20042006,2004-2006,%,17,E,Estimated value,
FS,Suite of Food Security Indicators,MAR,Morocco,6121,Value,21033,Value of food imports in total merchandise exports (percent) (3-year average),20052007,2005-2007,%,19,E,Estimated value,
FS,Suite of Food Security Indicators,MAR,Morocco,6121,Value,21033,Value of food imports in total merchandise exports (percent) (3-year average),20062008,2006-2008,%,20,E,Estimated value,
FS,Suite of Food Security Indicators,MAR,Morocco,6121,Value,21033,Value of food imports in total merchandise exports (percent) (3-year average),20072009,2007-2009,%,22,E,Estimated value,
FS,Suite of Food Security Indicators,MAR,Morocco,6121,Value,21033,Value of food imports in total merchandise exports (percent) (3-year average),20082010,2008-2010,%,21,E,Estimated value,
FS,Suite of Food Security Indicators,MAR,Morocco,6121,Value,21033,Value of food imports in total merchandise exports (percent) (3-year average),20092011,2009-2011,%,21,E,Estimated value,
FS,Suite of Food Security Indicators,MAR,Morocco,6121,Value,21033,Value of food imports in total merchandise exports (percent) (3-year average),20102012,2010-2012,%,21,E,Estimated value,
FS,Suite of Food Security Indicators,MAR,Morocco,6121,Value,21033,Value of food imports in total merchandise exports (percent) (3-year average),20112013,2011-2013,%,20,E,Estimated value,
FS,Suite of Food Security Indicators,MAR,Morocco,6121,Value,21033,Value of food imports in total merchandise exports (percent) (3-year average),20122014,2012-2014,%,20,E,Estimated value,
FS,Suite of Food Security Indicators,MAR,Morocco,6121,Value,21033,Value of food imports in total merchandise exports (percent) (3-year average),20132015,2013-2015,%,18,E,Estimated value,
FS,Suite of Food Security Indicators,MAR,Morocco,6121,Value,21033,Value of food imports in total merchandise exports (percent) (3-year average),20142016,2014-2016,%,18,E,Estimated value,
FS,Suite of Food Security Indicators,MAR,Morocco,6121,Value,21033,Value of food imports in total merchandise exports (percent) (3-year average),20152017,2015-2017,%,17,E,Estimated value,
FS,Suite of Food Security Indicators,MAR,Morocco,6121,Value,21033,Value of food imports in total merchandise exports (percent) (3-year average),20162018,2016-2018,%,17,E,Estimated value,
FS,Suite of Food Security Indicators,MAR,Morocco,6121,Value,21033,Value of food imports in total merchandise exports (percent) (3-year average),20172019,2017-2019,%,16,E,Estimated value,
FS,Suite of Food Security Indicators,MAR,Morocco,6121,Value,21033,Value of food imports in total merchandise exports (percent) (3-year average),20182020,2018-2020,%,17,E,Estimated value,
FS,Suite of Food Security Indicators,MAR,Morocco,6121,Value,21033,Value of food imports in total merchandise exports (percent) (3-year average),20192021,2019-2021,%,18,E,Estimated value,
FS,Suite of Food Security Indicators,MAR,Morocco,6121,Value,21033,Value of food imports in total merchandise exports (percent) (3-year average),20202022,2020-2022,%,19,E,Estimated value,
FS,Suite of Food Security Indicators,MAR,Morocco,6121,Value,21033,Value of food imports in total merchandise exports (percent) (3-year average),20212023,2021-2023,%,19,E,Estimated value,
FS,Suite of Food Security Indicators,MAR,Morocco,6121,Value,21033,Value of food imports in total merchandise exports (percent) (3-year average),20222024,2022-2024,%,19,E,Estimated value,
FS,Suite of Food Security Indicators,MOZ,Mozambique,6121,Value,21033,Value of food imports in total merchandise exports (percent) (3-year average),20002002,2000-2002,%,46,E,Estimated value,
FS,Suite of Food Security Indicators,MOZ,Mozambique,6121,Value,21033,Value of food imports in total merchandise exports (percent) (3-year average),20012003,2001-2003,%,39,E,Estimated value,
FS,Suite of Food Security Indicators,MOZ,Mozambique,6121,Value,21033,Value of food imports in total merchandise exports (percent) (3-year average),20022004,2002-2004,%,36,E,Estimated value,
FS,Suite of Food Security Indicators,MOZ,Mozambique,6121,Value,21033,Value of food imports in total merchandise exports (percent) (3-year average),20032005,2003-2005,%,32,E,Estimated value,
FS,Suite of Food Security Indicators,MOZ,Mozambique,6121,Value,21033,Value of food imports in total merchandise exports (percent) (3-year average),20042006,2004-2006,%,28,E,Estimated value,
FS,Suite of Food Security Indicators,MOZ,Mozambique,6121,Value,21033,Value of food imports in total merchandise exports (percent) (3-year average),20052007,2005-2007,%,24,E,Estimated value,
FS,Suite of Food Security Indicators,MOZ,Mozambique,6121,Value,21033,Value of food imports in total merchandise exports (percent) (3-year average),20062008,2006-2008,%,24,E,Estimated value,
FS,Suite of Food Security Indicators,MOZ,Mozambique,6121,Value,21033,Value of food imports in total merchandise exports (percent) (3-year average),20072009,2007-2009,%,29,E,Estimated value,
FS,Suite of Food Security Indicators,MOZ,Mozambique,6121,Value,21033,Value of food imports in total merchandise exports (percent) (3-year average),20082010,2008-2010,%,30,E,Estimated value,
FS,Suite of Food Security Indicators,MOZ,Mozambique,6121,Value,21033,Value of food imports in total merchandise exports (percent) (3-year average),20092011,2009-2011,%,30,E,Estimated value,
FS,Suite of Food Security Indicators,MOZ,Mozambique,6121,Value,21033,Value of food imports in total merchandise exports (percent) (3-year average),20102012,2010-2012,%,22,E,Estimated value,
FS,Suite of Food Security Indicators,MOZ,Mozambique,6121,Value,21033,Value of food imports in total merchandise exports (percent) (3-year average),20112013,2011-2013,%,24,E,Estimated value,
FS,Suite of Food Security Indicators,MOZ,Mozambique,6121,Value,21033,Value of food imports in total merchandise exports (percent) (3-year average),20122014,2012-2014,%,23,E,Estimated value,
FS,Suite of Food Security Indicators,MOZ,Mozambique,6121,Value,21033,Value of food imports in total merchandise exports (percent) (3-year average),20132015,2013-2015,%,25,E,Estimated value,
FS,Suite of Food Security Indicators,MOZ,Mozambique,6121,Value,21033,Value of food imports in total merchandise exports (percent) (3-year average),20142016,2014-2016,%,23,E,Estimated value,
FS,Suite of Food Security Indicators,MOZ,Mozambique,6121,Value,21033,Value of food imports in total merchandise exports (percent) (3-year average),20152017,2015-2017,%,27,E,Estimated value,
FS,Suite of Food Security Indicators,MOZ,Mozambique,6121,Value,21033,Value of food imports in total merchandise exports (percent) (3-year average),20162018,2016-2018,%,28,E,Estimated value,
FS,Suite of Food Security Indicators,MOZ,Mozambique,6121,Value,21033,Value of food imports in total merchandise exports (percent) (3-year average),20172019,2017-2019,%,28,E,Estimated value,
FS,Suite of Food Security Indicators,MOZ,Mozambique,6121,Value,21033,Value of food imports in total merchandise exports (percent) (3-year average),20182020,2018-2020,%,28,E,Estimated value,
FS,Suite of Food Security Indicators,MOZ,Mozambique,6121,Value,21033,Value of food imports in total merchandise exports (percent) (3-year average),20192021,2019-2021,%,29,E,Estimated value,
FS,Suite of Food Security Indicators,MOZ,Mozambique,6121,Value,21033,Value of food imports in total merchandise exports (percent) (3-year average),20202022,2020-2022,%,26,E,Estimated value,
FS,Suite of Food Security Indicators,MOZ,Mozambique,6121,Value,21033,Value of food imports in total merchandise exports (percent) (3-year average),20212023,2021-2023,%,22,E,Estimated value,
FS,Suite of Food Security Indicators,MOZ,Mozambique,6121,Value,21033,Value of food imports in total merchandise exports (percent) (3-year average),20222024,2022-2024,%,20,E,Estimated value,
FS,Suite of Food Security Indicators,NAM,Namibia,6121,Value,21033,Value of food imports in total merchandise exports (percent) (3-year average),20002002,2000-2002,%,16,E,Estimated value,
FS,Suite of Food Security Indicators,NAM,Namibia,6121,Value,21033,Value of food imports in total merchandise exports (percent) (3-year average),20012003,2001-2003,%,15,E,Estimated value,
FS,Suite of Food Security Indicators,NAM,Namibia,6121,Value,21033,Value of food imports in total merchandise exports (percent) (3-year average),20022004,2002-2004,%,12,E,Estimated value,
FS,Suite of Food Security Indicators,NAM,Namibia,6121,Value,21033,Value of food imports in total merchandise exports (percent) (3-year average),20032005,2003-2005,%,13,E,Estimated value,
FS,Suite of Food Security Indicators,NAM,Namibia,6121,Value,21033,Value of food imports in total merchandise exports (percent) (3-year average),20042006,2004-2006,%,12,E,Estimated value,
FS,Suite of Food Security Indicators,NAM,Namibia,6121,Value,21033,Value of food imports in total merchandise exports (percent) (3-year average),20052007,2005-2007,%,11,E,Estimated value,
FS,Suite of Food Security Indicators,NAM,Namibia,6121,Value,21033,Value of food imports in total merchandise exports (percent) (3-year average),20062008,2006-2008,%,9,E,Estimated value,
FS,Suite of Food Security Indicators,NAM,Namibia,6121,Value,21033,Value of food imports in total merchandise exports (percent) (3-year average),20072009,2007-2009,%,8,E,Estimated value,
FS,Suite of Food Security Indicators,NAM,Namibia,6121,Value,21033,Value of food imports in total merchandise exports (percent) (3-year average),20082010,2008-2010,%,7,E,Estimated value,
FS,Suite of Food Security Indicators,NAM,Namibia,6121,Value,21033,Value of food imports in total merchandise exports (percent) (3-year average),20092011,2009-2011,%,6,E,Estimated value,
FS,Suite of Food Security Indicators,NAM,Namibia,6121,Value,21033,Value of food imports in total merchandise exports (percent) (3-year average),20102012,2010-2012,%,10,E,Estimated value,
FS,Suite of Food Security Indicators,NAM,Namibia,6121,Value,21033,Value of food imports in total merchandise exports (percent) (3-year average),20112013,2011-2013,%,14,E,Estimated value,
FS,Suite of Food Security Indicators,NAM,Namibia,6121,Value,21033,Value of food imports in total merchandise exports (percent) (3-year average),20122014,2012-2014,%,18,E,Estimated value,
FS,Suite of Food Security Indicators,NAM,Namibia,6121,Value,21033,Value of food imports in total merchandise exports (percent) (3-year average),20132015,2013-2015,%,18,E,Estimated value,
FS,Suite of Food Security Indicators,NAM,Namibia,6121,Value,21033,Value of food imports in total merchandise exports (percent) (3-year average),20142016,2014-2016,%,18,E,Estimated value,
FS,Suite of Food Security Indicators,NAM,Namibia,6121,Value,21033,Value of food imports in total merchandise exports (percent) (3-year average),20152017,2015-2017,%,18,E,Estimated value,
FS,Suite of Food Security Indicators,NAM,Namibia,6121,Value,21033,Value of food imports in total merchandise exports (percent) (3-year average),20162018,2016-2018,%,16,E,Estimated value,
FS,Suite of Food Security Indicators,NAM,Namibia,6121,Value,21033,Value of food imports in total merchandise exports (percent) (3-year average),20172019,2017-2019,%,16,E,Estimated value,
FS,Suite of Food Security Indicators,NAM,Namibia,6121,Value,21033,Value of food imports in total merchandise exports (percent) (3-year average),20182020,2018-2020,%,14,E,Estimated value,
FS,Suite of Food Security Indicators,NAM,Namibia,6121,Value,21033,Value of food imports in total merchandise exports (percent) (3-year average),20192021,2019-2021,%,13,E,Estimated value,
FS,Suite of Food Security Indicators,NAM,Namibia,6121,Value,21033,Value of food imports in total merchandise exports (percent) (3-year average),20202022,2020-2022,%,13,E,Estimated value,
FS,Suite of Food Security Indicators,NAM,Namibia,6121,Value,21033,Value of food imports in total merchandise exports (percent) (3-year average),20212023,2021-2023,%,13,E,Estimated value,
FS,Suite of Food Security Indicators,NAM,Namibia,6121,Value,21033,Value of food imports in total merchandise exports (percent) (3-year average),20222024,2022-2024,%,15,E,Estimated value,
FS,Suite of Food Security Indicators,NER,Niger,6121,Value,21033,Value of food imports in total merchandise exports (percent) (3-year average),20002002,2000-2002,%,52,E,Estimated value,
FS,Suite of Food Security Indicators,NER,Niger,6121,Value,21033,Value of food imports in total merchandise exports (percent) (3-year average),20012003,2001-2003,%,70,E,Estimated value,
FS,Suite of Food Security Indicators,NER,Niger,6121,Value,21033,Value of food imports in total merchandise exports (percent) (3-year average),20022004,2002-2004,%,71,E,Estimated value,
FS,Suite of Food Security Indicators,NER,Niger,6121,Value,21033,Value of food imports in total merchandise exports (percent) (3-year average),20032005,2003-2005,%,68,E,Estimated value,
FS,Suite of Food Security Indicators,NER,Niger,6121,Value,21033,Value of food imports in total merchandise exports (percent) (3-year average),20042006,2004-2006,%,59,E,Estimated value,
FS,Suite of Food Security Indicators,NER,Niger,6121,Value,21033,Value of food imports in total merchandise exports (percent) (3-year average),20052007,2005-2007,%,45,E,Estimated value,
FS,Suite of Food Security Indicators,NER,Niger,6121,Value,21033,Value of food imports in total merchandise exports (percent) (3-year average),20062008,2006-2008,%,36,E,Estimated value,
FS,Suite of Food Security Indicators,NER,Niger,6121,Value,21033,Value of food imports in total merchandise exports (percent) (3-year average),20072009,2007-2009,%,29,E,Estimated value,
FS,Suite of Food Security Indicators,NER,Niger,6121,Value,21033,Value of food imports in total merchandise exports (percent) (3-year average),20082010,2008-2010,%,28,E,Estimated value,
FS,Suite of Food Security Indicators,NER,Niger,6121,Value,21033,Value of food imports in total merchandise exports (percent) (3-year average),20092011,2009-2011,%,24,E,Estimated value,
FS,Suite of Food Security Indicators,NER,Niger,6121,Value,21033,Value of food imports in total merchandise exports (percent) (3-year average),20102012,2010-2012,%,27,E,Estimated value,
FS,Suite of Food Security Indicators,NER,Niger,6121,Value,21033,Value of food imports in total merchandise exports (percent) (3-year average),20112013,2011-2013,%,29,E,Estimated value,
FS,Suite of Food Security Indicators,NER,Niger,6121,Value,21033,Value of food imports in total merchandise exports (percent) (3-year average),20122014,2012-2014,%,33,E,Estimated value,
FS,Suite of Food Security Indicators,NER,Niger,6121,Value,21033,Value of food imports in total merchandise exports (percent) (3-year average),20132015,2013-2015,%,35,E,Estimated value,
FS,Suite of Food Security Indicators,NER,Niger,6121,Value,21033,Value of food imports in total merchandise exports (percent) (3-year average),20142016,2014-2016,%,38,E,Estimated value,
FS,Suite of Food Security Indicators,NER,Niger,6121,Value,21033,Value of food imports in total merchandise exports (percent) (3-year average),20152017,2015-2017,%,43,E,Estimated value,
FS,Suite of Food Security Indicators,NER,Niger,6121,Value,21033,Value of food imports in total merchandise exports (percent) (3-year average),20162018,2016-2018,%,48,E,Estimated value,
FS,Suite of Food Security Indicators,NER,Niger,6121,Value,21033,Value of food imports in total merchandise exports (percent) (3-year average),20172019,2017-2019,%,54,E,Estimated value,
FS,Suite of Food Security Indicators,NER,Niger,6121,Value,21033,Value of food imports in total merchandise exports (percent) (3-year average),20182020,2018-2020,%,67,E,Estimated value,
FS,Suite of Food Security Indicators,NER,Niger,6121,Value,21033,Value of food imports in total merchandise exports (percent) (3-year average),20192021,2019-2021,%,66,E,Estimated value,
FS,Suite of Food Security Indicators,NER,Niger,6121,Value,21033,Value of food imports in total merchandise exports (percent) (3-year average),20202022,2020-2022,%,69,E,Estimated value,
FS,Suite of Food Security Indicators,NER,Niger,6121,Value,21033,Value of food imports in total merchandise exports (percent) (3-year average),20212023,2021-2023,%,60,E,Estimated value,
FS,Suite of Food Security Indicators,NER,Niger,6121,Value,21033,Value of food imports in total merchandise exports (percent) (3-year average),20222024,2022-2024,%,49,E,Estimated value,
FS,Suite of Food Security Indicators,NGA,Nigeria,6121,Value,21033,Value of food imports in total merchandise exports (percent) (3-year average),20002002,2000-2002,%,7,E,Estimated value,
FS,Suite of Food Security Indicators,NGA,Nigeria,6121,Value,21033,Value of food imports in total merchandise exports (percent) (3-year average),20012003,2001-2003,%,8,E,Estimated value,
FS,Suite of Food Security Indicators,NGA,Nigeria,6121,Value,21033,Value of food imports in total merchandise exports (percent) (3-year average),20022004,2002-2004,%,8,E,Estimated value,
FS,Suite of Food Security Indicators,NGA,Nigeria,6121,Value,21033,Value of food imports in total merchandise exports (percent) (3-year average),20032005,2003-2005,%,6,E,Estimated value,
FS,Suite of Food Security Indicators,NGA,Nigeria,6121,Value,21033,Value of food imports in total merchandise exports (percent) (3-year average),20042006,2004-2006,%,6,E,Estimated value,
FS,Suite of Food Security Indicators,NGA,Nigeria,6121,Value,21033,Value of food imports in total merchandise exports (percent) (3-year average),20052007,2005-2007,%,6,E,Estimated value,
FS,Suite of Food Security Indicators,NGA,Nigeria,6121,Value,21033,Value of food imports in total merchandise exports (percent) (3-year average),20062008,2006-2008,%,6,E,Estimated value,
FS,Suite of Food Security Indicators,NGA,Nigeria,6121,Value,21033,Value of food imports in total merchandise exports (percent) (3-year average),20072009,2007-2009,%,6,E,Estimated value,
FS,Suite of Food Security Indicators,NGA,Nigeria,6121,Value,21033,Value of food imports in total merchandise exports (percent) (3-year average),20082010,2008-2010,%,6,E,Estimated value,
FS,Suite of Food Security Indicators,NGA,Nigeria,6121,Value,21033,Value of food imports in total merchandise exports (percent) (3-year average),20092011,2009-2011,%,7,E,Estimated value,
FS,Suite of Food Security Indicators,NGA,Nigeria,6121,Value,21033,Value of food imports in total merchandise exports (percent) (3-year average),20102012,2010-2012,%,6,E,Estimated value,
FS,Suite of Food Security Indicators,NGA,Nigeria,6121,Value,21033,Value of food imports in total merchandise exports (percent) (3-year average),20112013,2011-2013,%,7,E,Estimated value,
FS,Suite of Food Security Indicators,NGA,Nigeria,6121,Value,21033,Value of food imports in total merchandise exports (percent) (3-year average),20122014,2012-2014,%,7,E,Estimated value,
FS,Suite of Food Security Indicators,NGA,Nigeria,6121,Value,21033,Value of food imports in total merchandise exports (percent) (3-year average),20132015,2013-2015,%,9,E,Estimated value,
FS,Suite of Food Security Indicators,NGA,Nigeria,6121,Value,21033,Value of food imports in total merchandise exports (percent) (3-year average),20142016,2014-2016,%,10,E,Estimated value,
FS,Suite of Food Security Indicators,NGA,Nigeria,6121,Value,21033,Value of food imports in total merchandise exports (percent) (3-year average),20152017,2015-2017,%,14,E,Estimated value,
FS,Suite of Food Security Indicators,NGA,Nigeria,6121,Value,21033,Value of food imports in total merchandise exports (percent) (3-year average),20162018,2016-2018,%,12,E,Estimated value,
FS,Suite of Food Security Indicators,NGA,Nigeria,6121,Value,21033,Value of food imports in total merchandise exports (percent) (3-year average),20172019,2017-2019,%,10,E,Estimated value,
FS,Suite of Food Security Indicators,NGA,Nigeria,6121,Value,21033,Value of food imports in total merchandise exports (percent) (3-year average),20182020,2018-2020,%,11,E,Estimated value,
FS,Suite of Food Security Indicators,NGA,Nigeria,6121,Value,21033,Value of food imports in total merchandise exports (percent) (3-year average),20192021,2019-2021,%,13,E,Estimated value,
FS,Suite of Food Security Indicators,NGA,Nigeria,6121,Value,21033,Value of food imports in total merchandise exports (percent) (3-year average),20202022,2020-2022,%,13,E,Estimated value,
FS,Suite of Food Security Indicators,NGA,Nigeria,6121,Value,21033,Value of food imports in total merchandise exports (percent) (3-year average),20212023,2021-2023,%,12,E,Estimated value,
FS,Suite of Food Security Indicators,NGA,Nigeria,6121,Value,21033,Value of food imports in total merchandise exports (percent) (3-year average),20222024,2022-2024,%,11,E,Estimated value,
FS,Suite of Food Security Indicators,RWA,Rwanda,6121,Value,21033,Value of food imports in total merchandise exports (percent) (3-year average),20002002,2000-2002,%,79,E,Estimated value,
FS,Suite of Food Security Indicators,RWA,Rwanda,6121,Value,21033,Value of food imports in total merchandise exports (percent) (3-year average),20012003,2001-2003,%,79,E,Estimated value,
FS,Suite of Food Security Indicators,RWA,Rwanda,6121,Value,21033,Value of food imports in total merchandise exports (percent) (3-year average),20022004,2002-2004,%,77,E,Estimated value,
FS,Suite of Food Security Indicators,RWA,Rwanda,6121,Value,21033,Value of food imports in total merchandise exports (percent) (3-year average),20032005,2003-2005,%,66,E,Estimated value,
FS,Suite of Food Security Indicators,RWA,Rwanda,6121,Value,21033,Value of food imports in total merchandise exports (percent) (3-year average),20042006,2004-2006,%,57,E,Estimated value,
FS,Suite of Food Security Indicators,RWA,Rwanda,6121,Value,21033,Value of food imports in total merchandise exports (percent) (3-year average),20052007,2005-2007,%,54,E,Estimated value,
FS,Suite of Food Security Indicators,RWA,Rwanda,6121,Value,21033,Value of food imports in total merchandise exports (percent) (3-year average),20062008,2006-2008,%,48,E,Estimated value,
FS,Suite of Food Security Indicators,RWA,Rwanda,6121,Value,21033,Value of food imports in total merchandise exports (percent) (3-year average),20072009,2007-2009,%,54,E,Estimated value,
FS,Suite of Food Security Indicators,RWA,Rwanda,6121,Value,21033,Value of food imports in total merchandise exports (percent) (3-year average),20082010,2008-2010,%,56,E,Estimated value,
FS,Suite of Food Security Indicators,RWA,Rwanda,6121,Value,21033,Value of food imports in total merchandise exports (percent) (3-year average),20092011,2009-2011,%,55,E,Estimated value,
FS,Suite of Food Security Indicators,RWA,Rwanda,6121,Value,21033,Value of food imports in total merchandise exports (percent) (3-year average),20102012,2010-2012,%,49,E,Estimated value,
FS,Suite of Food Security Indicators,RWA,Rwanda,6121,Value,21033,Value of food imports in total merchandise exports (percent) (3-year average),20112013,2011-2013,%,42,E,Estimated value,
FS,Suite of Food Security Indicators,RWA,Rwanda,6121,Value,21033,Value of food imports in total merchandise exports (percent) (3-year average),20122014,2012-2014,%,43,E,Estimated value,
FS,Suite of Food Security Indicators,RWA,Rwanda,6121,Value,21033,Value of food imports in total merchandise exports (percent) (3-year average),20132015,2013-2015,%,44,E,Estimated value,
FS,Suite of Food Security Indicators,RWA,Rwanda,6121,Value,21033,Value of food imports in total merchandise exports (percent) (3-year average),20142016,2014-2016,%,51,E,Estimated value,
FS,Suite of Food Security Indicators,RWA,Rwanda,6121,Value,21033,Value of food imports in total merchandise exports (percent) (3-year average),20152017,2015-2017,%,53,E,Estimated value,
FS,Suite of Food Security Indicators,RWA,Rwanda,6121,Value,21033,Value of food imports in total merchandise exports (percent) (3-year average),20162018,2016-2018,%,52,E,Estimated value,
FS,Suite of Food Security Indicators,RWA,Rwanda,6121,Value,21033,Value of food imports in total merchandise exports (percent) (3-year average),20172019,2017-2019,%,47,E,Estimated value,
FS,Suite of Food Security Indicators,RWA,Rwanda,6121,Value,21033,Value of food imports in total merchandise exports (percent) (3-year average),20182020,2018-2020,%,42,E,Estimated value,
FS,Suite of Food Security Indicators,RWA,Rwanda,6121,Value,21033,Value of food imports in total merchandise exports (percent) (3-year average),20192021,2019-2021,%,41,E,Estimated value,
FS,Suite of Food Security Indicators,RWA,Rwanda,6121,Value,21033,Value of food imports in total merchandise exports (percent) (3-year average),20202022,2020-2022,%,44,E,Estimated value,
FS,Suite of Food Security Indicators,RWA,Rwanda,6121,Value,21033,Value of food imports in total merchandise exports (percent) (3-year average),20212023,2021-2023,%,40,E,Estimated value,
FS,Suite of Food Security Indicators,RWA,Rwanda,6121,Value,21033,Value of food imports in total merchandise exports (percent) (3-year average),20222024,2022-2024,%,29,E,Estimated value,
FS,Suite of Food Security Indicators,STP,Sao Tome and Principe,6121,Value,21033,Value of food imports in total merchandise exports (percent) (3-year average),20002002,2000-2002,%,91,E,Estimated value,
FS,Suite of Food Security Indicators,STP,Sao Tome and Principe,6121,Value,21033,Value of food imports in total merchandise exports (percent) (3-year average),20012003,2001-2003,%,156,E,Estimated value,
FS,Suite of Food Security Indicators,STP,Sao Tome and Principe,6121,Value,21033,Value of food imports in total merchandise exports (percent) (3-year average),20022004,2002-2004,%,232,E,Estimated value,
FS,Suite of Food Security Indicators,STP,Sao Tome and Principe,6121,Value,21033,Value of food imports in total merchandise exports (percent) (3-year average),20032005,2003-2005,%,363,E,Estimated value,
FS,Suite of Food Security Indicators,STP,Sao Tome and Principe,6121,Value,21033,Value of food imports in total merchandise exports (percent) (3-year average),20042006,2004-2006,%,417,E,Estimated value,
FS,Suite of Food Security Indicators,STP,Sao Tome and Principe,6121,Value,21033,Value of food imports in total merchandise exports (percent) (3-year average),20052007,2005-2007,%,397,E,Estimated value,
FS,Suite of Food Security Indicators,STP,Sao Tome and Principe,6121,Value,21033,Value of food imports in total merchandise exports (percent) (3-year average),20062008,2006-2008,%,338,E,Estimated value,
FS,Suite of Food Security Indicators,STP,Sao Tome and Principe,6121,Value,21033,Value of food imports in total merchandise exports (percent) (3-year average),20072009,2007-2009,%,350,E,Estimated value,
FS,Suite of Food Security Indicators,STP,Sao Tome and Principe,6121,Value,21033,Value of food imports in total merchandise exports (percent) (3-year average),20082010,2008-2010,%,325,E,Estimated value,
FS,Suite of Food Security Indicators,STP,Sao Tome and Principe,6121,Value,21033,Value of food imports in total merchandise exports (percent) (3-year average),20092011,2009-2011,%,357,E,Estimated value,
FS,Suite of Food Security Indicators,STP,Sao Tome and Principe,6121,Value,21033,Value of food imports in total merchandise exports (percent) (3-year average),20102012,2010-2012,%,309,E,Estimated value,
FS,Suite of Food Security Indicators,STP,Sao Tome and Principe,6121,Value,21033,Value of food imports in total merchandise exports (percent) (3-year average),20112013,2011-2013,%,290,E,Estimated value,
FS,Suite of Food Security Indicators,STP,Sao Tome and Principe,6121,Value,21033,Value of food imports in total merchandise exports (percent) (3-year average),20122014,2012-2014,%,282,E,Estimated value,
FS,Suite of Food Security Indicators,STP,Sao Tome and Principe,6121,Value,21033,Value of food imports in total merchandise exports (percent) (3-year average),20132015,2013-2015,%,308,E,Estimated value,
FS,Suite of Food Security Indicators,STP,Sao Tome and Principe,6121,Value,21033,Value of food imports in total merchandise exports (percent) (3-year average),20142016,2014-2016,%,326,E,Estimated value,
FS,Suite of Food Security Indicators,STP,Sao Tome and Principe,6121,Value,21033,Value of food imports in total merchandise exports (percent) (3-year average),20152017,2015-2017,%,306,E,Estimated value,
FS,Suite of Food Security Indicators,STP,Sao Tome and Principe,6121,Value,21033,Value of food imports in total merchandise exports (percent) (3-year average),20162018,2016-2018,%,270,E,Estimated value,
FS,Suite of Food Security Indicators,STP,Sao Tome and Principe,6121,Value,21033,Value of food imports in total merchandise exports (percent) (3-year average),20172019,2017-2019,%,278,E,Estimated value,
FS,Suite of Food Security Indicators,STP,Sao Tome and Principe,6121,Value,21033,Value of food imports in total merchandise exports (percent) (3-year average),20182020,2018-2020,%,296,E,Estimated value,
FS,Suite of Food Security Indicators,STP,Sao Tome and Principe,6121,Value,21033,Value of food imports in total merchandise exports (percent) (3-year average),20192021,2019-2021,%,294,E,Estimated value,
FS,Suite of Food Security Indicators,STP,Sao Tome and Principe,6121,Value,21033,Value of food imports in total merchandise exports (percent) (3-year average),20202022,2020-2022,%,258,E,Estimated value,
FS,Suite of Food Security Indicators,STP,Sao Tome and Principe,6121,Value,21033,Value of food imports in total merchandise exports (percent) (3-year average),20212023,2021-2023,%,253,E,Estimated value,
FS,Suite of Food Security Indicators,STP,Sao Tome and Principe,6121,Value,21033,Value of food imports in total merchandise exports (percent) (3-year average),20222024,2022-2024,%,217,E,Estimated value,
FS,Suite of Food Security Indicators,SEN,Senegal,6121,Value,21033,Value of food imports in total merchandise exports (percent) (3-year average),20002002,2000-2002,%,54,E,Estimated value,
FS,Suite of Food Security Indicators,SEN,Senegal,6121,Value,21033,Value of food imports in total merchandise exports (percent) (3-year average),20012003,2001-2003,%,57,E,Estimated value,
FS,Suite of Food Security Indicators,SEN,Senegal,6121,Value,21033,Value of food imports in total merchandise exports (percent) (3-year average),20022004,2002-2004,%,59,E,Estimated value,
FS,Suite of Food Security Indicators,SEN,Senegal,6121,Value,21033,Value of food imports in total merchandise exports (percent) (3-year average),20032005,2003-2005,%,61,E,Estimated value,
FS,Suite of Food Security Indicators,SEN,Senegal,6121,Value,21033,Value of food imports in total merchandise exports (percent) (3-year average),20042006,2004-2006,%,64,E,Estimated value,
FS,Suite of Food Security Indicators,SEN,Senegal,6121,Value,21033,Value of food imports in total merchandise exports (percent) (3-year average),20052007,2005-2007,%,69,E,Estimated value,
FS,Suite of Food Security Indicators,SEN,Senegal,6121,Value,21033,Value of food imports in total merchandise exports (percent) (3-year average),20062008,2006-2008,%,77,E,Estimated value,
FS,Suite of Food Security Indicators,SEN,Senegal,6121,Value,21033,Value of food imports in total merchandise exports (percent) (3-year average),20072009,2007-2009,%,72,E,Estimated value,
FS,Suite of Food Security Indicators,SEN,Senegal,6121,Value,21033,Value of food imports in total merchandise exports (percent) (3-year average),20082010,2008-2010,%,64,E,Estimated value,
FS,Suite of Food Security Indicators,SEN,Senegal,6121,Value,21033,Value of food imports in total merchandise exports (percent) (3-year average),20092011,2009-2011,%,58,E,Estimated value,
FS,Suite of Food Security Indicators,SEN,Senegal,6121,Value,21033,Value of food imports in total merchandise exports (percent) (3-year average),20102012,2010-2012,%,60,E,Estimated value,
FS,Suite of Food Security Indicators,SEN,Senegal,6121,Value,21033,Value of food imports in total merchandise exports (percent) (3-year average),20112013,2011-2013,%,61,E,Estimated value,
FS,Suite of Food Security Indicators,SEN,Senegal,6121,Value,21033,Value of food imports in total merchandise exports (percent) (3-year average),20122014,2012-2014,%,59,E,Estimated value,
FS,Suite of Food Security Indicators,SEN,Senegal,6121,Value,21033,Value of food imports in total merchandise exports (percent) (3-year average),20132015,2013-2015,%,54,E,Estimated value,
FS,Suite of Food Security Indicators,SEN,Senegal,6121,Value,21033,Value of food imports in total merchandise exports (percent) (3-year average),20142016,2014-2016,%,50,E,Estimated value,
FS,Suite of Food Security Indicators,SEN,Senegal,6121,Value,21033,Value of food imports in total merchandise exports (percent) (3-year average),20152017,2015-2017,%,50,E,Estimated value,
FS,Suite of Food Security Indicators,SEN,Senegal,6121,Value,21033,Value of food imports in total merchandise exports (percent) (3-year average),20162018,2016-2018,%,48,E,Estimated value,
FS,Suite of Food Security Indicators,SEN,Senegal,6121,Value,21033,Value of food imports in total merchandise exports (percent) (3-year average),20172019,2017-2019,%,44,E,Estimated value,
FS,Suite of Food Security Indicators,SEN,Senegal,6121,Value,21033,Value of food imports in total merchandise exports (percent) (3-year average),20182020,2018-2020,%,42,E,Estimated value,
FS,Suite of Food Security Indicators,SEN,Senegal,6121,Value,21033,Value of food imports in total merchandise exports (percent) (3-year average),20192021,2019-2021,%,40,E,Estimated value,
FS,Suite of Food Security Indicators,SEN,Senegal,6121,Value,21033,Value of food imports in total merchandise exports (percent) (3-year average),20202022,2020-2022,%,41,E,Estimated value,
FS,Suite of Food Security Indicators,SEN,Senegal,6121,Value,21033,Value of food imports in total merchandise exports (percent) (3-year average),20212023,2021-2023,%,39,E,Estimated value,
FS,Suite of Food Security Indicators,SEN,Senegal,6121,Value,21033,Value of food imports in total merchandise exports (percent) (3-year average),20222024,2022-2024,%,37,E,Estimated value,
FS,Suite of Food Security Indicators,SYC,Seychelles,6121,Value,21033,Value of food imports in total merchandise exports (percent) (3-year average),20002002,2000-2002,%,25,E,Estimated value,
FS,Suite of Food Security Indicators,SYC,Seychelles,6121,Value,21033,Value of food imports in total merchandise exports (percent) (3-year average),20012003,2001-2003,%,24,E,Estimated value,
FS,Suite of Food Security Indicators,SYC,Seychelles,6121,Value,21033,Value of food imports in total merchandise exports (percent) (3-year average),20022004,2002-2004,%,23,E,Estimated value,
FS,Suite of Food Security Indicators,SYC,Seychelles,6121,Value,21033,Value of food imports in total merchandise exports (percent) (3-year average),20032005,2003-2005,%,20,E,Estimated value,
FS,Suite of Food Security Indicators,SYC,Seychelles,6121,Value,21033,Value of food imports in total merchandise exports (percent) (3-year average),20042006,2004-2006,%,22,E,Estimated value,
FS,Suite of Food Security Indicators,SYC,Seychelles,6121,Value,21033,Value of food imports in total merchandise exports (percent) (3-year average),20052007,2005-2007,%,26,E,Estimated value,
FS,Suite of Food Security Indicators,SYC,Seychelles,6121,Value,21033,Value of food imports in total merchandise exports (percent) (3-year average),20062008,2006-2008,%,25,E,Estimated value,
FS,Suite of Food Security Indicators,SYC,Seychelles,6121,Value,21033,Value of food imports in total merchandise exports (percent) (3-year average),20072009,2007-2009,%,22,E,Estimated value,
FS,Suite of Food Security Indicators,SYC,Seychelles,6121,Value,21033,Value of food imports in total merchandise exports (percent) (3-year average),20082010,2008-2010,%,20,E,Estimated value,
FS,Suite of Food Security Indicators,SYC,Seychelles,6121,Value,21033,Value of food imports in total merchandise exports (percent) (3-year average),20092011,2009-2011,%,19,E,Estimated value,
FS,Suite of Food Security Indicators,SYC,Seychelles,6121,Value,21033,Value of food imports in total merchandise exports (percent) (3-year average),20102012,2010-2012,%,19,E,Estimated value,
FS,Suite of Food Security Indicators,SYC,Seychelles,6121,Value,21033,Value of food imports in total merchandise exports (percent) (3-year average),20112013,2011-2013,%,18,E,Estimated value,
FS,Suite of Food Security Indicators,SYC,Seychelles,6121,Value,21033,Value of food imports in total merchandise exports (percent) (3-year average),20122014,2012-2014,%,19,E,Estimated value,
FS,Suite of Food Security Indicators,SYC,Seychelles,6121,Value,21033,Value of food imports in total merchandise exports (percent) (3-year average),20132015,2013-2015,%,22,E,Estimated value,
FS,Suite of Food Security Indicators,SYC,Seychelles,6121,Value,21033,Value of food imports in total merchandise exports (percent) (3-year average),20142016,2014-2016,%,28,E,Estimated value,
FS,Suite of Food Security Indicators,SYC,Seychelles,6121,Value,21033,Value of food imports in total merchandise exports (percent) (3-year average),20152017,2015-2017,%,31,E,Estimated value,
FS,Suite of Food Security Indicators,SYC,Seychelles,6121,Value,21033,Value of food imports in total merchandise exports (percent) (3-year average),20162018,2016-2018,%,29,E,Estimated value,
FS,Suite of Food Security Indicators,SYC,Seychelles,6121,Value,21033,Value of food imports in total merchandise exports (percent) (3-year average),20172019,2017-2019,%,27,E,Estimated value,
FS,Suite of Food Security Indicators,SYC,Seychelles,6121,Value,21033,Value of food imports in total merchandise exports (percent) (3-year average),20182020,2018-2020,%,30,E,Estimated value,
FS,Suite of Food Security Indicators,SYC,Seychelles,6121,Value,21033,Value of food imports in total merchandise exports (percent) (3-year average),20192021,2019-2021,%,31,E,Estimated value,
FS,Suite of Food Security Indicators,SYC,Seychelles,6121,Value,21033,Value of food imports in total merchandise exports (percent) (3-year average),20202022,2020-2022,%,32,E,Estimated value,
FS,Suite of Food Security Indicators,SYC,Seychelles,6121,Value,21033,Value of food imports in total merchandise exports (percent) (3-year average),20212023,2021-2023,%,33,E,Estimated value,
FS,Suite of Food Security Indicators,SYC,Seychelles,6121,Value,21033,Value of food imports in total merchandise exports (percent) (3-year average),20222024,2022-2024,%,37,E,Estimated value,
FS,Suite of Food Security Indicators,SLE,Sierra Leone,6121,Value,21033,Value of food imports in total merchandise exports (percent) (3-year average),20002002,2000-2002,%,477,E,Estimated value,
FS,Suite of Food Security Indicators,SLE,Sierra Leone,6121,Value,21033,Value of food imports in total merchandise exports (percent) (3-year average),20012003,2001-2003,%,280,E,Estimated value,
FS,Suite of Food Security Indicators,SLE,Sierra Leone,6121,Value,21033,Value of food imports in total merchandise exports (percent) (3-year average),20022004,2002-2004,%,157,E,Estimated value,
FS,Suite of Food Security Indicators,SLE,Sierra Leone,6121,Value,21033,Value of food imports in total merchandise exports (percent) (3-year average),20032005,2003-2005,%,91,E,Estimated value,
FS,Suite of Food Security Indicators,SLE,Sierra Leone,6121,Value,21033,Value of food imports in total merchandise exports (percent) (3-year average),20042006,2004-2006,%,62,E,Estimated value,
FS,Suite of Food Security Indicators,SLE,Sierra Leone,6121,Value,21033,Value of food imports in total merchandise exports (percent) (3-year average),20052007,2005-2007,%,58,E,Estimated value,
FS,Suite of Food Security Indicators,SLE,Sierra Leone,6121,Value,21033,Value of food imports in total merchandise exports (percent) (3-year average),20062008,2006-2008,%,73,E,Estimated value,
FS,Suite of Food Security Indicators,SLE,Sierra Leone,6121,Value,21033,Value of food imports in total merchandise exports (percent) (3-year average),20072009,2007-2009,%,78,E,Estimated value,
FS,Suite of Food Security Indicators,SLE,Sierra Leone,6121,Value,21033,Value of food imports in total merchandise exports (percent) (3-year average),20082010,2008-2010,%,72,E,Estimated value,
FS,Suite of Food Security Indicators,SLE,Sierra Leone,6121,Value,21033,Value of food imports in total merchandise exports (percent) (3-year average),20092011,2009-2011,%,64,E,Estimated value,
FS,Suite of Food Security Indicators,SLE,Sierra Leone,6121,Value,21033,Value of food imports in total merchandise exports (percent) (3-year average),20102012,2010-2012,%,70,E,Estimated value,
FS,Suite of Food Security Indicators,SLE,Sierra Leone,6121,Value,21033,Value of food imports in total merchandise exports (percent) (3-year average),20112013,2011-2013,%,84,E,Estimated value,
FS,Suite of Food Security Indicators,SLE,Sierra Leone,6121,Value,21033,Value of food imports in total merchandise exports (percent) (3-year average),20122014,2012-2014,%,43,E,Estimated value,
FS,Suite of Food Security Indicators,SLE,Sierra Leone,6121,Value,21033,Value of food imports in total merchandise exports (percent) (3-year average),20132015,2013-2015,%,43,E,Estimated value,
FS,Suite of Food Security Indicators,SLE,Sierra Leone,6121,Value,21033,Value of food imports in total merchandise exports (percent) (3-year average),20142016,2014-2016,%,38,E,Estimated value,
FS,Suite of Food Security Indicators,SLE,Sierra Leone,6121,Value,21033,Value of food imports in total merchandise exports (percent) (3-year average),20152017,2015-2017,%,61,E,Estimated value,
FS,Suite of Food Security Indicators,SLE,Sierra Leone,6121,Value,21033,Value of food imports in total merchandise exports (percent) (3-year average),20162018,2016-2018,%,57,E,Estimated value,
FS,Suite of Food Security Indicators,SLE,Sierra Leone,6121,Value,21033,Value of food imports in total merchandise exports (percent) (3-year average),20172019,2017-2019,%,59,E,Estimated value,
FS,Suite of Food Security Indicators,SLE,Sierra Leone,6121,Value,21033,Value of food imports in total merchandise exports (percent) (3-year average),20182020,2018-2020,%,70,E,Estimated value,
FS,Suite of Food Security Indicators,SLE,Sierra Leone,6121,Value,21033,Value of food imports in total merchandise exports (percent) (3-year average),20192021,2019-2021,%,73,E,Estimated value,
FS,Suite of Food Security Indicators,SLE,Sierra Leone,6121,Value,21033,Value of food imports in total merchandise exports (percent) (3-year average),20202022,2020-2022,%,63,E,Estimated value,
FS,Suite of Food Security Indicators,SLE,Sierra Leone,6121,Value,21033,Value of food imports in total merchandise exports (percent) (3-year average),20212023,2021-2023,%,47,E,Estimated value,
FS,Suite of Food Security Indicators,SLE,Sierra Leone,6121,Value,21033,Value of food imports in total merchandise exports (percent) (3-year average),20222024,2022-2024,%,42,E,Estimated value,
FS,Suite of Food Security Indicators,SOM,Somalia,6121,Value,21033,Value of food imports in total merchandise exports (percent) (3-year average),20002002,2000-2002,%,120,E,Estimated value,
FS,Suite of Food Security Indicators,SOM,Somalia,6121,Value,21033,Value of food imports in total merchandise exports (percent) (3-year average),20012003,2001-2003,%,113,E,Estimated value,
FS,Suite of Food Security Indicators,SOM,Somalia,6121,Value,21033,Value of food imports in total merchandise exports (percent) (3-year average),20022004,2002-2004,%,103,E,Estimated value,
FS,Suite of Food Security Indicators,SOM,Somalia,6121,Value,21033,Value of food imports in total merchandise exports (percent) (3-year average),20032005,2003-2005,%,102,E,Estimated value,
FS,Suite of Food Security Indicators,SOM,Somalia,6121,Value,21033,Value of food imports in total merchandise exports (percent) (3-year average),20042006,2004-2006,%,101,E,Estimated value,
FS,Suite of Food Security Indicators,SOM,Somalia,6121,Value,21033,Value of food imports in total merchandise exports (percent) (3-year average),20052007,2005-2007,%,95,E,Estimated value,
FS,Suite of Food Security Indicators,SOM,Somalia,6121,Value,21033,Value of food imports in total merchandise exports (percent) (3-year average),20062008,2006-2008,%,98,E,Estimated value,
FS,Suite of Food Security Indicators,SOM,Somalia,6121,Value,21033,Value of food imports in total merchandise exports (percent) (3-year average),20072009,2007-2009,%,94,E,Estimated value,
FS,Suite of Food Security Indicators,SOM,Somalia,6121,Value,21033,Value of food imports in total merchandise exports (percent) (3-year average),20082010,2008-2010,%,89,E,Estimated value,
FS,Suite of Food Security Indicators,SOM,Somalia,6121,Value,21033,Value of food imports in total merchandise exports (percent) (3-year average),20092011,2009-2011,%,96,E,Estimated value,
FS,Suite of Food Security Indicators,SOM,Somalia,6121,Value,21033,Value of food imports in total merchandise exports (percent) (3-year average),20102012,2010-2012,%,126,E,Estimated value,
FS,Suite of Food Security Indicators,SOM,Somalia,6121,Value,21033,Value of food imports in total merchandise exports (percent) (3-year average),20112013,2011-2013,%,201,E,Estimated value,
FS,Suite of Food Security Indicators,SOM,Somalia,6121,Value,21033,Value of food imports in total merchandise exports (percent) (3-year average),20122014,2012-2014,%,246,E,Estimated value,
FS,Suite of Food Security Indicators,SOM,Somalia,6121,Value,21033,Value of food imports in total merchandise exports (percent) (3-year average),20132015,2013-2015,%,267,E,Estimated value,
FS,Suite of Food Security Indicators,SOM,Somalia,6121,Value,21033,Value of food imports in total merchandise exports (percent) (3-year average),20142016,2014-2016,%,252,E,Estimated value,
FS,Suite of Food Security Indicators,SOM,Somalia,6121,Value,21033,Value of food imports in total merchandise exports (percent) (3-year average),20152017,2015-2017,%,278,E,Estimated value,
FS,Suite of Food Security Indicators,SOM,Somalia,6121,Value,21033,Value of food imports in total merchandise exports (percent) (3-year average),20162018,2016-2018,%,316,E,Estimated value,
FS,Suite of Food Security Indicators,SOM,Somalia,6121,Value,21033,Value of food imports in total merchandise exports (percent) (3-year average),20172019,2017-2019,%,341,E,Estimated value,
FS,Suite of Food Security Indicators,SOM,Somalia,6121,Value,21033,Value of food imports in total merchandise exports (percent) (3-year average),20182020,2018-2020,%,345,E,Estimated value,
FS,Suite of Food Security Indicators,SOM,Somalia,6121,Value,21033,Value of food imports in total merchandise exports (percent) (3-year average),20192021,2019-2021,%,364,E,Estimated value,
FS,Suite of Food Security Indicators,SOM,Somalia,6121,Value,21033,Value of food imports in total merchandise exports (percent) (3-year average),20202022,2020-2022,%,423,E,Estimated value,
FS,Suite of Food Security Indicators,SOM,Somalia,6121,Value,21033,Value of food imports in total merchandise exports (percent) (3-year average),20212023,2021-2023,%,379,E,Estimated value,
FS,Suite of Food Security Indicators,SOM,Somalia,6121,Value,21033,Value of food imports in total merchandise exports (percent) (3-year average),20222024,2022-2024,%,266,E,Estimated value,
FS,Suite of Food Security Indicators,ZAF,South Africa,6121,Value,21033,Value of food imports in total merchandise exports (percent) (3-year average),20002002,2000-2002,%,3,E,Estimated value,
FS,Suite of Food Security Indicators,ZAF,South Africa,6121,Value,21033,Value of food imports in total merchandise exports (percent) (3-year average),20012003,2001-2003,%,4,E,Estimated value,
FS,Suite of Food Security Indicators,ZAF,South Africa,6121,Value,21033,Value of food imports in total merchandise exports (percent) (3-year average),20022004,2002-2004,%,4,E,Estimated value,
FS,Suite of Food Security Indicators,ZAF,South Africa,6121,Value,21033,Value of food imports in total merchandise exports (percent) (3-year average),20032005,2003-2005,%,4,E,Estimated value,
FS,Suite of Food Security Indicators,ZAF,South Africa,6121,Value,21033,Value of food imports in total merchandise exports (percent) (3-year average),20042006,2004-2006,%,4,E,Estimated value,
FS,Suite of Food Security Indicators,ZAF,South Africa,6121,Value,21033,Value of food imports in total merchandise exports (percent) (3-year average),20052007,2005-2007,%,5,E,Estimated value,
FS,Suite of Food Security Indicators,ZAF,South Africa,6121,Value,21033,Value of food imports in total merchandise exports (percent) (3-year average),20062008,2006-2008,%,5,E,Estimated value,
FS,Suite of Food Security Indicators,ZAF,South Africa,6121,Value,21033,Value of food imports in total merchandise exports (percent) (3-year average),20072009,2007-2009,%,5,E,Estimated value,
FS,Suite of Food Security Indicators,ZAF,South Africa,6121,Value,21033,Value of food imports in total merchandise exports (percent) (3-year average),20082010,2008-2010,%,5,E,Estimated value,
FS,Suite of Food Security Indicators,ZAF,South Africa,6121,Value,21033,Value of food imports in total merchandise exports (percent) (3-year average),20092011,2009-2011,%,5,E,Estimated value,
FS,Suite of Food Security Indicators,ZAF,South Africa,6121,Value,21033,Value of food imports in total merchandise exports (percent) (3-year average),20102012,2010-2012,%,5,E,Estimated value,
FS,Suite of Food Security Indicators,ZAF,South Africa,6121,Value,21033,Value of food imports in total merchandise exports (percent) (3-year average),20112013,2011-2013,%,5,E,Estimated value,
FS,Suite of Food Security Indicators,ZAF,South Africa,6121,Value,21033,Value of food imports in total merchandise exports (percent) (3-year average),20122014,2012-2014,%,6,E,Estimated value,
FS,Suite of Food Security Indicators,ZAF,South Africa,6121,Value,21033,Value of food imports in total merchandise exports (percent) (3-year average),20132015,2013-2015,%,5,E,Estimated value,
FS,Suite of Food Security Indicators,ZAF,South Africa,6121,Value,21033,Value of food imports in total merchandise exports (percent) (3-year average),20142016,2014-2016,%,6,E,Estimated value,
FS,Suite of Food Security Indicators,ZAF,South Africa,6121,Value,21033,Value of food imports in total merchandise exports (percent) (3-year average),20152017,2015-2017,%,6,E,Estimated value,
FS,Suite of Food Security Indicators,ZAF,South Africa,6121,Value,21033,Value of food imports in total merchandise exports (percent) (3-year average),20162018,2016-2018,%,6,E,Estimated value,
FS,Suite of Food Security Indicators,ZAF,South Africa,6121,Value,21033,Value of food imports in total merchandise exports (percent) (3-year average),20172019,2017-2019,%,6,E,Estimated value,
FS,Suite of Food Security Indicators,ZAF,South Africa,6121,Value,21033,Value of food imports in total merchandise exports (percent) (3-year average),20182020,2018-2020,%,6,E,Estimated value,
FS,Suite of Food Security Indicators,ZAF,South Africa,6121,Value,21033,Value of food imports in total merchandise exports (percent) (3-year average),20192021,2019-2021,%,5,E,Estimated value,
FS,Suite of Food Security Indicators,ZAF,South Africa,6121,Value,21033,Value of food imports in total merchandise exports (percent) (3-year average),20202022,2020-2022,%,5,E,Estimated value,
FS,Suite of Food Security Indicators,ZAF,South Africa,6121,Value,21033,Value of food imports in total merchandise exports (percent) (3-year average),20212023,2021-2023,%,5,E,Estimated value,
FS,Suite of Food Security Indicators,ZAF,South Africa,6121,Value,21033,Value of food imports in total merchandise exports (percent) (3-year average),20222024,2022-2024,%,5,E,Estimated value,
FS,Suite of Food Security Indicators,SSD,South Sudan,6121,Value,21033,Value of food imports in total merchandise exports (percent) (3-year average),20142016,2014-2016,%,9,E,Estimated value,
FS,Suite of Food Security Indicators,SSD,South Sudan,6121,Value,21033,Value of food imports in total merchandise exports (percent) (3-year average),20152017,2015-2017,%,16,E,Estimated value,
FS,Suite of Food Security Indicators,SSD,South Sudan,6121,Value,21033,Value of food imports in total merchandise exports (percent) (3-year average),20162018,2016-2018,%,22,E,Estimated value,
FS,Suite of Food Security Indicators,SSD,South Sudan,6121,Value,21033,Value of food imports in total merchandise exports (percent) (3-year average),20172019,2017-2019,%,24,E,Estimated value,
FS,Suite of Food Security Indicators,SSD,South Sudan,6121,Value,21033,Value of food imports in total merchandise exports (percent) (3-year average),20182020,2018-2020,%,30,E,Estimated value,
FS,Suite of Food Security Indicators,SSD,South Sudan,6121,Value,21033,Value of food imports in total merchandise exports (percent) (3-year average),20192021,2019-2021,%,46,E,Estimated value,
FS,Suite of Food Security Indicators,SSD,South Sudan,6121,Value,21033,Value of food imports in total merchandise exports (percent) (3-year average),20202022,2020-2022,%,71,E,Estimated value,
FS,Suite of Food Security Indicators,SSD,South Sudan,6121,Value,21033,Value of food imports in total merchandise exports (percent) (3-year average),20212023,2021-2023,%,76,E,Estimated value,
FS,Suite of Food Security Indicators,SSD,South Sudan,6121,Value,21033,Value of food imports in total merchandise exports (percent) (3-year average),20222024,2022-2024,%,60,E,Estimated value,
FS,Suite of Food Security Indicators,SDN,Sudan,6121,Value,21033,Value of food imports in total merchandise exports (percent) (3-year average),20112013,2011-2013,%,38,E,Estimated value,
FS,Suite of Food Security Indicators,SDN,Sudan,6121,Value,21033,Value of food imports in total merchandise exports (percent) (3-year average),20122014,2012-2014,%,40,E,Estimated value,
FS,Suite of Food Security Indicators,SDN,Sudan,6121,Value,21033,Value of food imports in total merchandise exports (percent) (3-year average),20132015,2013-2015,%,43,E,Estimated value,
FS,Suite of Food Security Indicators,SDN,Sudan,6121,Value,21033,Value of food imports in total merchandise exports (percent) (3-year average),20142016,2014-2016,%,71,E,Estimated value,
FS,Suite of Food Security Indicators,SDN,Sudan,6121,Value,21033,Value of food imports in total merchandise exports (percent) (3-year average),20152017,2015-2017,%,72,E,Estimated value,
FS,Suite of Food Security Indicators,SDN,Sudan,6121,Value,21033,Value of food imports in total merchandise exports (percent) (3-year average),20162018,2016-2018,%,79,E,Estimated value,
FS,Suite of Food Security Indicators,SDN,Sudan,6121,Value,21033,Value of food imports in total merchandise exports (percent) (3-year average),20172019,2017-2019,%,59,E,Estimated value,
FS,Suite of Food Security Indicators,SDN,Sudan,6121,Value,21033,Value of food imports in total merchandise exports (percent) (3-year average),20182020,2018-2020,%,63,E,Estimated value,
FS,Suite of Food Security Indicators,SDN,Sudan,6121,Value,21033,Value of food imports in total merchandise exports (percent) (3-year average),20192021,2019-2021,%,56,E,Estimated value,
FS,Suite of Food Security Indicators,SDN,Sudan,6121,Value,21033,Value of food imports in total merchandise exports (percent) (3-year average),20202022,2020-2022,%,63,E,Estimated value,
FS,Suite of Food Security Indicators,SDN,Sudan,6121,Value,21033,Value of food imports in total merchandise exports (percent) (3-year average),20212023,2021-2023,%,60,E,Estimated value,
FS,Suite of Food Security Indicators,SDN,Sudan,6121,Value,21033,Value of food imports in total merchandise exports (percent) (3-year average),20222024,2022-2024,%,57,E,Estimated value,
FS,Suite of Food Security Indicators,TGO,Togo,6121,Value,21033,Value of food imports in total merchandise exports (percent) (3-year average),20002002,2000-2002,%,16,E,Estimated value,
FS,Suite of Food Security Indicators,TGO,Togo,6121,Value,21033,Value of food imports in total merchandise exports (percent) (3-year average),20012003,2001-2003,%,16,E,Estimated value,
FS,Suite of Food Security Indicators,TGO,Togo,6121,Value,21033,Value of food imports in total merchandise exports (percent) (3-year average),20022004,2002-2004,%,16,E,Estimated value,
FS,Suite of Food Security Indicators,TGO,Togo,6121,Value,21033,Value of food imports in total merchandise exports (percent) (3-year average),20032005,2003-2005,%,14,E,Estimated value,
FS,Suite of Food Security Indicators,TGO,Togo,6121,Value,21033,Value of food imports in total merchandise exports (percent) (3-year average),20042006,2004-2006,%,21,E,Estimated value,
FS,Suite of Food Security Indicators,TGO,Togo,6121,Value,21033,Value of food imports in total merchandise exports (percent) (3-year average),20052007,2005-2007,%,20,E,Estimated value,
FS,Suite of Food Security Indicators,TGO,Togo,6121,Value,21033,Value of food imports in total merchandise exports (percent) (3-year average),20062008,2006-2008,%,19,E,Estimated value,
FS,Suite of Food Security Indicators,TGO,Togo,6121,Value,21033,Value of food imports in total merchandise exports (percent) (3-year average),20072009,2007-2009,%,16,E,Estimated value,
FS,Suite of Food Security Indicators,TGO,Togo,6121,Value,21033,Value of food imports in total merchandise exports (percent) (3-year average),20082010,2008-2010,%,19,E,Estimated value,
FS,Suite of Food Security Indicators,TGO,Togo,6121,Value,21033,Value of food imports in total merchandise exports (percent) (3-year average),20092011,2009-2011,%,19,E,Estimated value,
FS,Suite of Food Security Indicators,TGO,Togo,6121,Value,21033,Value of food imports in total merchandise exports (percent) (3-year average),20102012,2010-2012,%,18,E,Estimated value,
FS,Suite of Food Security Indicators,TGO,Togo,6121,Value,21033,Value of food imports in total merchandise exports (percent) (3-year average),20112013,2011-2013,%,16,E,Estimated value,
FS,Suite of Food Security Indicators,TGO,Togo,6121,Value,21033,Value of food imports in total merchandise exports (percent) (3-year average),20122014,2012-2014,%,17,E,Estimated value,
FS,Suite of Food Security Indicators,TGO,Togo,6121,Value,21033,Value of food imports in total merchandise exports (percent) (3-year average),20132015,2013-2015,%,18,E,Estimated value,
FS,Suite of Food Security Indicators,TGO,Togo,6121,Value,21033,Value of food imports in total merchandise exports (percent) (3-year average),20142016,2014-2016,%,19,E,Estimated value,
FS,Suite of Food Security Indicators,TGO,Togo,6121,Value,21033,Value of food imports in total merchandise exports (percent) (3-year average),20152017,2015-2017,%,22,E,Estimated value,
FS,Suite of Food Security Indicators,TGO,Togo,6121,Value,21033,Value of food imports in total merchandise exports (percent) (3-year average),20162018,2016-2018,%,23,E,Estimated value,
FS,Suite of Food Security Indicators,TGO,Togo,6121,Value,21033,Value of food imports in total merchandise exports (percent) (3-year average),20172019,2017-2019,%,26,E,Estimated value,
FS,Suite of Food Security Indicators,TGO,Togo,6121,Value,21033,Value of food imports in total merchandise exports (percent) (3-year average),20182020,2018-2020,%,29,E,Estimated value,
FS,Suite of Food Security Indicators,TGO,Togo,6121,Value,21033,Value of food imports in total merchandise exports (percent) (3-year average),20192021,2019-2021,%,31,E,Estimated value,
FS,Suite of Food Security Indicators,TGO,Togo,6121,Value,21033,Value of food imports in total merchandise exports (percent) (3-year average),20202022,2020-2022,%,31,E,Estimated value,
FS,Suite of Food Security Indicators,TGO,Togo,6121,Value,21033,Value of food imports in total merchandise exports (percent) (3-year average),20212023,2021-2023,%,32,E,Estimated value,
FS,Suite of Food Security Indicators,TGO,Togo,6121,Value,21033,Value of food imports in total merchandise exports (percent) (3-year average),20222024,2022-2024,%,31,E,Estimated value,
FS,Suite of Food Security Indicators,TUN,Tunisia,6121,Value,21033,Value of food imports in total merchandise exports (percent) (3-year average),20002002,2000-2002,%,11,E,Estimated value,
FS,Suite of Food Security Indicators,TUN,Tunisia,6121,Value,21033,Value of food imports in total merchandise exports (percent) (3-year average),20012003,2001-2003,%,10,E,Estimated value,
FS,Suite of Food Security Indicators,TUN,Tunisia,6121,Value,21033,Value of food imports in total merchandise exports (percent) (3-year average),20022004,2002-2004,%,10,E,Estimated value,
FS,Suite of Food Security Indicators,TUN,Tunisia,6121,Value,21033,Value of food imports in total merchandise exports (percent) (3-year average),20032005,2003-2005,%,9,E,Estimated value,
FS,Suite of Food Security Indicators,TUN,Tunisia,6121,Value,21033,Value of food imports in total merchandise exports (percent) (3-year average),20042006,2004-2006,%,9,E,Estimated value,
FS,Suite of Food Security Indicators,TUN,Tunisia,6121,Value,21033,Value of food imports in total merchandise exports (percent) (3-year average),20052007,2005-2007,%,10,E,Estimated value,
FS,Suite of Food Security Indicators,TUN,Tunisia,6121,Value,21033,Value of food imports in total merchandise exports (percent) (3-year average),20062008,2006-2008,%,11,E,Estimated value,
FS,Suite of Food Security Indicators,TUN,Tunisia,6121,Value,21033,Value of food imports in total merchandise exports (percent) (3-year average),20072009,2007-2009,%,11,E,Estimated value,
FS,Suite of Food Security Indicators,TUN,Tunisia,6121,Value,21033,Value of food imports in total merchandise exports (percent) (3-year average),20082010,2008-2010,%,11,E,Estimated value,
FS,Suite of Food Security Indicators,TUN,Tunisia,6121,Value,21033,Value of food imports in total merchandise exports (percent) (3-year average),20092011,2009-2011,%,11,E,Estimated value,
FS,Suite of Food Security Indicators,TUN,Tunisia,6121,Value,21033,Value of food imports in total merchandise exports (percent) (3-year average),20102012,2010-2012,%,13,E,Estimated value,
FS,Suite of Food Security Indicators,TUN,Tunisia,6121,Value,21033,Value of food imports in total merchandise exports (percent) (3-year average),20112013,2011-2013,%,13,E,Estimated value,
FS,Suite of Food Security Indicators,TUN,Tunisia,6121,Value,21033,Value of food imports in total merchandise exports (percent) (3-year average),20122014,2012-2014,%,13,E,Estimated value,
FS,Suite of Food Security Indicators,TUN,Tunisia,6121,Value,21033,Value of food imports in total merchandise exports (percent) (3-year average),20132015,2013-2015,%,13,E,Estimated value,
FS,Suite of Food Security Indicators,TUN,Tunisia,6121,Value,21033,Value of food imports in total merchandise exports (percent) (3-year average),20142016,2014-2016,%,13,E,Estimated value,
FS,Suite of Food Security Indicators,TUN,Tunisia,6121,Value,21033,Value of food imports in total merchandise exports (percent) (3-year average),20152017,2015-2017,%,14,E,Estimated value,
FS,Suite of Food Security Indicators,TUN,Tunisia,6121,Value,21033,Value of food imports in total merchandise exports (percent) (3-year average),20162018,2016-2018,%,13,E,Estimated value,
FS,Suite of Food Security Indicators,TUN,Tunisia,6121,Value,21033,Value of food imports in total merchandise exports (percent) (3-year average),20172019,2017-2019,%,13,E,Estimated value,
FS,Suite of Food Security Indicators,TUN,Tunisia,6121,Value,21033,Value of food imports in total merchandise exports (percent) (3-year average),20182020,2018-2020,%,13,E,Estimated value,
FS,Suite of Food Security Indicators,TUN,Tunisia,6121,Value,21033,Value of food imports in total merchandise exports (percent) (3-year average),20192021,2019-2021,%,14,E,Estimated value,
FS,Suite of Food Security Indicators,TUN,Tunisia,6121,Value,21033,Value of food imports in total merchandise exports (percent) (3-year average),20202022,2020-2022,%,15,E,Estimated value,
FS,Suite of Food Security Indicators,TUN,Tunisia,6121,Value,21033,Value of food imports in total merchandise exports (percent) (3-year average),20212023,2021-2023,%,15,E,Estimated value,
FS,Suite of Food Security Indicators,TUN,Tunisia,6121,Value,21033,Value of food imports in total merchandise exports (percent) (3-year average),20222024,2022-2024,%,14,E,Estimated value,
FS,Suite of Food Security Indicators,UGA,Uganda,6121,Value,21033,Value of food imports in total merchandise exports (percent) (3-year average),20002002,2000-2002,%,23,E,Estimated value,
FS,Suite of Food Security Indicators,UGA,Uganda,6121,Value,21033,Value of food imports in total merchandise exports (percent) (3-year average),20012003,2001-2003,%,28,E,Estimated value,
FS,Suite of Food Security Indicators,UGA,Uganda,6121,Value,21033,Value of food imports in total merchandise exports (percent) (3-year average),20022004,2002-2004,%,36,E,Estimated value,
FS,Suite of Food Security Indicators,UGA,Uganda,6121,Value,21033,Value of food imports in total merchandise exports (percent) (3-year average),20032005,2003-2005,%,37,E,Estimated value,
FS,Suite of Food Security Indicators,UGA,Uganda,6121,Value,21033,Value of food imports in total merchandise exports (percent) (3-year average),20042006,2004-2006,%,34,E,Estimated value,
FS,Suite of Food Security Indicators,UGA,Uganda,6121,Value,21033,Value of food imports in total merchandise exports (percent) (3-year average),20052007,2005-2007,%,30,E,Estimated value,
FS,Suite of Food Security Indicators,UGA,Uganda,6121,Value,21033,Value of food imports in total merchandise exports (percent) (3-year average),20062008,2006-2008,%,31,E,Estimated value,
FS,Suite of Food Security Indicators,UGA,Uganda,6121,Value,21033,Value of food imports in total merchandise exports (percent) (3-year average),20072009,2007-2009,%,31,E,Estimated value,
FS,Suite of Food Security Indicators,UGA,Uganda,6121,Value,21033,Value of food imports in total merchandise exports (percent) (3-year average),20082010,2008-2010,%,34,E,Estimated value,
FS,Suite of Food Security Indicators,UGA,Uganda,6121,Value,21033,Value of food imports in total merchandise exports (percent) (3-year average),20092011,2009-2011,%,33,E,Estimated value,
FS,Suite of Food Security Indicators,UGA,Uganda,6121,Value,21033,Value of food imports in total merchandise exports (percent) (3-year average),20102012,2010-2012,%,34,E,Estimated value,
FS,Suite of Food Security Indicators,UGA,Uganda,6121,Value,21033,Value of food imports in total merchandise exports (percent) (3-year average),20112013,2011-2013,%,33,E,Estimated value,
FS,Suite of Food Security Indicators,UGA,Uganda,6121,Value,21033,Value of food imports in total merchandise exports (percent) (3-year average),20122014,2012-2014,%,34,E,Estimated value,
FS,Suite of Food Security Indicators,UGA,Uganda,6121,Value,21033,Value of food imports in total merchandise exports (percent) (3-year average),20132015,2013-2015,%,31,E,Estimated value,
FS,Suite of Food Security Indicators,UGA,Uganda,6121,Value,21033,Value of food imports in total merchandise exports (percent) (3-year average),20142016,2014-2016,%,29,E,Estimated value,
FS,Suite of Food Security Indicators,UGA,Uganda,6121,Value,21033,Value of food imports in total merchandise exports (percent) (3-year average),20152017,2015-2017,%,27,E,Estimated value,
FS,Suite of Food Security Indicators,UGA,Uganda,6121,Value,21033,Value of food imports in total merchandise exports (percent) (3-year average),20162018,2016-2018,%,26,E,Estimated value,
FS,Suite of Food Security Indicators,UGA,Uganda,6121,Value,21033,Value of food imports in total merchandise exports (percent) (3-year average),20172019,2017-2019,%,24,E,Estimated value,
FS,Suite of Food Security Indicators,UGA,Uganda,6121,Value,21033,Value of food imports in total merchandise exports (percent) (3-year average),20182020,2018-2020,%,22,E,Estimated value,
FS,Suite of Food Security Indicators,UGA,Uganda,6121,Value,21033,Value of food imports in total merchandise exports (percent) (3-year average),20192021,2019-2021,%,23,E,Estimated value,
FS,Suite of Food Security Indicators,UGA,Uganda,6121,Value,21033,Value of food imports in total merchandise exports (percent) (3-year average),20202022,2020-2022,%,26,E,Estimated value,
FS,Suite of Food Security Indicators,UGA,Uganda,6121,Value,21033,Value of food imports in total merchandise exports (percent) (3-year average),20212023,2021-2023,%,24,E,Estimated value,
FS,Suite of Food Security Indicators,UGA,Uganda,6121,Value,21033,Value of food imports in total merchandise exports (percent) (3-year average),20222024,2022-2024,%,20,E,Estimated value,
FS,Suite of Food Security Indicators,TZA,United Republic of Tanzania,6121,Value,21033,Value of food imports in total merchandise exports (percent) (3-year average),20002002,2000-2002,%,36,E,Estimated value,
FS,Suite of Food Security Indicators,TZA,United Republic of Tanzania,6121,Value,21033,Value of food imports in total merchandise exports (percent) (3-year average),20012003,2001-2003,%,28,E,Estimated value,
FS,Suite of Food Security Indicators,TZA,United Republic of Tanzania,6121,Value,21033,Value of food imports in total merchandise exports (percent) (3-year average),20022004,2002-2004,%,26,E,Estimated value,
FS,Suite of Food Security Indicators,TZA,United Republic of Tanzania,6121,Value,21033,Value of food imports in total merchandise exports (percent) (3-year average),20032005,2003-2005,%,23,E,Estimated value,
FS,Suite of Food Security Indicators,TZA,United Republic of Tanzania,6121,Value,21033,Value of food imports in total merchandise exports (percent) (3-year average),20042006,2004-2006,%,26,E,Estimated value,
FS,Suite of Food Security Indicators,TZA,United Republic of Tanzania,6121,Value,21033,Value of food imports in total merchandise exports (percent) (3-year average),20052007,2005-2007,%,27,E,Estimated value,
FS,Suite of Food Security Indicators,TZA,United Republic of Tanzania,6121,Value,21033,Value of food imports in total merchandise exports (percent) (3-year average),20062008,2006-2008,%,25,E,Estimated value,
FS,Suite of Food Security Indicators,TZA,United Republic of Tanzania,6121,Value,21033,Value of food imports in total merchandise exports (percent) (3-year average),20072009,2007-2009,%,22,E,Estimated value,
FS,Suite of Food Security Indicators,TZA,United Republic of Tanzania,6121,Value,21033,Value of food imports in total merchandise exports (percent) (3-year average),20082010,2008-2010,%,19,E,Estimated value,
FS,Suite of Food Security Indicators,TZA,United Republic of Tanzania,6121,Value,21033,Value of food imports in total merchandise exports (percent) (3-year average),20092011,2009-2011,%,21,E,Estimated value,
FS,Suite of Food Security Indicators,TZA,United Republic of Tanzania,6121,Value,21033,Value of food imports in total merchandise exports (percent) (3-year average),20102012,2010-2012,%,22,E,Estimated value,
FS,Suite of Food Security Indicators,TZA,United Republic of Tanzania,6121,Value,21033,Value of food imports in total merchandise exports (percent) (3-year average),20112013,2011-2013,%,22,E,Estimated value,
FS,Suite of Food Security Indicators,TZA,United Republic of Tanzania,6121,Value,21033,Value of food imports in total merchandise exports (percent) (3-year average),20122014,2012-2014,%,22,E,Estimated value,
FS,Suite of Food Security Indicators,TZA,United Republic of Tanzania,6121,Value,21033,Value of food imports in total merchandise exports (percent) (3-year average),20132015,2013-2015,%,20,E,Estimated value,
FS,Suite of Food Security Indicators,TZA,United Republic of Tanzania,6121,Value,21033,Value of food imports in total merchandise exports (percent) (3-year average),20142016,2014-2016,%,18,E,Estimated value,
FS,Suite of Food Security Indicators,TZA,United Republic of Tanzania,6121,Value,21033,Value of food imports in total merchandise exports (percent) (3-year average),20152017,2015-2017,%,16,E,Estimated value,
FS,Suite of Food Security Indicators,TZA,United Republic of Tanzania,6121,Value,21033,Value of food imports in total merchandise exports (percent) (3-year average),20162018,2016-2018,%,16,E,Estimated value,
FS,Suite of Food Security Indicators,TZA,United Republic of Tanzania,6121,Value,21033,Value of food imports in total merchandise exports (percent) (3-year average),20172019,2017-2019,%,14,E,Estimated value,
FS,Suite of Food Security Indicators,TZA,United Republic of Tanzania,6121,Value,21033,Value of food imports in total merchandise exports (percent) (3-year average),20182020,2018-2020,%,11,E,Estimated value,
FS,Suite of Food Security Indicators,TZA,United Republic of Tanzania,6121,Value,21033,Value of food imports in total merchandise exports (percent) (3-year average),20192021,2019-2021,%,11,E,Estimated value,
FS,Suite of Food Security Indicators,TZA,United Republic of Tanzania,6121,Value,21033,Value of food imports in total merchandise exports (percent) (3-year average),20202022,2020-2022,%,13,E,Estimated value,
FS,Suite of Food Security Indicators,TZA,United Republic of Tanzania,6121,Value,21033,Value of food imports in total merchandise exports (percent) (3-year average),20212023,2021-2023,%,15,E,Estimated value,
FS,Suite of Food Security Indicators,TZA,United Republic of Tanzania,6121,Value,21033,Value of food imports in total merchandise exports (percent) (3-year average),20222024,2022-2024,%,15,E,Estimated value,
FS,Suite of Food Security Indicators,ZMB,Zambia,6121,Value,21033,Value of food imports in total merchandise exports (percent) (3-year average),20002002,2000-2002,%,11,E,Estimated value,
FS,Suite of Food Security Indicators,ZMB,Zambia,6121,Value,21033,Value of food imports in total merchandise exports (percent) (3-year average),20012003,2001-2003,%,14,E,Estimated value,
FS,Suite of Food Security Indicators,ZMB,Zambia,6121,Value,21033,Value of food imports in total merchandise exports (percent) (3-year average),20022004,2002-2004,%,13,E,Estimated value,
FS,Suite of Food Security Indicators,ZMB,Zambia,6121,Value,21033,Value of food imports in total merchandise exports (percent) (3-year average),20032005,2003-2005,%,11,E,Estimated value,
FS,Suite of Food Security Indicators,ZMB,Zambia,6121,Value,21033,Value of food imports in total merchandise exports (percent) (3-year average),20042006,2004-2006,%,8,E,Estimated value,
FS,Suite of Food Security Indicators,ZMB,Zambia,6121,Value,21033,Value of food imports in total merchandise exports (percent) (3-year average),20052007,2005-2007,%,6,E,Estimated value,
FS,Suite of Food Security Indicators,ZMB,Zambia,6121,Value,21033,Value of food imports in total merchandise exports (percent) (3-year average),20062008,2006-2008,%,5,E,Estimated value,
FS,Suite of Food Security Indicators,ZMB,Zambia,6121,Value,21033,Value of food imports in total merchandise exports (percent) (3-year average),20072009,2007-2009,%,5,E,Estimated value,
FS,Suite of Food Security Indicators,ZMB,Zambia,6121,Value,21033,Value of food imports in total merchandise exports (percent) (3-year average),20082010,2008-2010,%,4,E,Estimated value,
FS,Suite of Food Security Indicators,ZMB,Zambia,6121,Value,21033,Value of food imports in total merchandise exports (percent) (3-year average),20092011,2009-2011,%,4,E,Estimated value,
FS,Suite of Food Security Indicators,ZMB,Zambia,6121,Value,21033,Value of food imports in total merchandise exports (percent) (3-year average),20102012,2010-2012,%,4,E,Estimated value,
FS,Suite of Food Security Indicators,ZMB,Zambia,6121,Value,21033,Value of food imports in total merchandise exports (percent) (3-year average),20112013,2011-2013,%,4,E,Estimated value,
FS,Suite of Food Security Indicators,ZMB,Zambia,6121,Value,21033,Value of food imports in total merchandise exports (percent) (3-year average),20122014,2012-2014,%,4,E,Estimated value,
FS,Suite of Food Security Indicators,ZMB,Zambia,6121,Value,21033,Value of food imports in total merchandise exports (percent) (3-year average),20132015,2013-2015,%,4,E,Estimated value,
FS,Suite of Food Security Indicators,ZMB,Zambia,6121,Value,21033,Value of food imports in total merchandise exports (percent) (3-year average),20142016,2014-2016,%,4,E,Estimated value,
FS,Suite of Food Security Indicators,ZMB,Zambia,6121,Value,21033,Value of food imports in total merchandise exports (percent) (3-year average),20152017,2015-2017,%,5,E,Estimated value,
FS,Suite of Food Security Indicators,ZMB,Zambia,6121,Value,21033,Value of food imports in total merchandise exports (percent) (3-year average),20162018,2016-2018,%,4,E,Estimated value,
FS,Suite of Food Security Indicators,ZMB,Zambia,6121,Value,21033,Value of food imports in total merchandise exports (percent) (3-year average),20172019,2017-2019,%,4,E,Estimated value,
FS,Suite of Food Security Indicators,ZMB,Zambia,6121,Value,21033,Value of food imports in total merchandise exports (percent) (3-year average),20182020,2018-2020,%,4,E,Estimated value,
FS,Suite of Food Security Indicators,ZMB,Zambia,6121,Value,21033,Value of food imports in total merchandise exports (percent) (3-year average),20192021,2019-2021,%,5,E,Estimated value,
FS,Suite of Food Security Indicators,ZMB,Zambia,6121,Value,21033,Value of food imports in total merchandise exports (percent) (3-year average),20202022,2020-2022,%,4,E,Estimated value,
FS,Suite of Food Security Indicators,ZMB,Zambia,6121,Value,21033,Value of food imports in total merchandise exports (percent) (3-year average),20212023,2021-2023,%,5,E,Estimated value,
FS,Suite of Food Security Indicators,ZMB,Zambia,6121,Value,21033,Value of food imports in total merchandise exports (percent) (3-year average),20222024,2022-2024,%,5,E,Estimated value,
FS,Suite of Food Security Indicators,ZWE,Zimbabwe,6121,Value,21033,Value of food imports in total merchandise exports (percent) (3-year average),20002002,2000-2002,%,9,E,Estimated value,
FS,Suite of Food Security Indicators,ZWE,Zimbabwe,6121,Value,21033,Value of food imports in total merchandise exports (percent) (3-year average),20012003,2001-2003,%,13,E,Estimated value,
FS,Suite of Food Security Indicators,ZWE,Zimbabwe,6121,Value,21033,Value of food imports in total merchandise exports (percent) (3-year average),20022004,2002-2004,%,19,E,Estimated value,
FS,Suite of Food Security Indicators,ZWE,Zimbabwe,6121,Value,21033,Value of food imports in total merchandise exports (percent) (3-year average),20032005,2003-2005,%,17,E,Estimated value,
FS,Suite of Food Security Indicators,ZWE,Zimbabwe,6121,Value,21033,Value of food imports in total merchandise exports (percent) (3-year average),20042006,2004-2006,%,29,E,Estimated value,
FS,Suite of Food Security Indicators,ZWE,Zimbabwe,6121,Value,21033,Value of food imports in total merchandise exports (percent) (3-year average),20052007,2005-2007,%,24,E,Estimated value,
FS,Suite of Food Security Indicators,ZWE,Zimbabwe,6121,Value,21033,Value of food imports in total merchandise exports (percent) (3-year average),20062008,2006-2008,%,28,E,Estimated value,
FS,Suite of Food Security Indicators,ZWE,Zimbabwe,6121,Value,21033,Value of food imports in total merchandise exports (percent) (3-year average),20072009,2007-2009,%,26,E,Estimated value,
FS,Suite of Food Security Indicators,ZWE,Zimbabwe,6121,Value,21033,Value of food imports in total merchandise exports (percent) (3-year average),20082010,2008-2010,%,31,E,Estimated value,
FS,Suite of Food Security Indicators,ZWE,Zimbabwe,6121,Value,21033,Value of food imports in total merchandise exports (percent) (3-year average),20092011,2009-2011,%,33,E,Estimated value,
FS,Suite of Food Security Indicators,ZWE,Zimbabwe,6121,Value,21033,Value of food imports in total merchandise exports (percent) (3-year average),20102012,2010-2012,%,31,E,Estimated value,
FS,Suite of Food Security Indicators,ZWE,Zimbabwe,6121,Value,21033,Value of food imports in total merchandise exports (percent) (3-year average),20112013,2011-2013,%,29,E,Estimated value,
FS,Suite of Food Security Indicators,ZWE,Zimbabwe,6121,Value,21033,Value of food imports in total merchandise exports (percent) (3-year average),20122014,2012-2014,%,26,E,Estimated value,
FS,Suite of Food Security Indicators,ZWE,Zimbabwe,6121,Value,21033,Value of food imports in total merchandise exports (percent) (3-year average),20132015,2013-2015,%,25,E,Estimated value,
FS,Suite of Food Security Indicators,ZWE,Zimbabwe,6121,Value,21033,Value of food imports in total merchandise exports (percent) (3-year average),20142016,2014-2016,%,25,E,Estimated value,
FS,Suite of Food Security Indicators,ZWE,Zimbabwe,6121,Value,21033,Value of food imports in total merchandise exports (percent) (3-year average),20152017,2015-2017,%,25,E,Estimated value,
FS,Suite of Food Security Indicators,ZWE,Zimbabwe,6121,Value,21033,Value of food imports in total merchandise exports (percent) (3-year average),20162018,2016-2018,%,20,E,Estimated value,
FS,Suite of Food Security Indicators,ZWE,Zimbabwe,6121,Value,21033,Value of food imports in total merchandise exports (percent) (3-year average),20172019,2017-2019,%,13,E,Estimated value,
FS,Suite of Food Security Indicators,ZWE,Zimbabwe,6121,Value,21033,Value of food imports in total merchandise exports (percent) (3-year average),20182020,2018-2020,%,14,E,Estimated value,
FS,Suite of Food Security Indicators,ZWE,Zimbabwe,6121,Value,21033,Value of food imports in total merchandise exports (percent) (3-year average),20192021,2019-2021,%,15,E,Estimated value,
FS,Suite of Food Security Indicators,ZWE,Zimbabwe,6121,Value,21033,Value of food imports in total merchandise exports (percent) (3-year average),20202022,2020-2022,%,17,E,Estimated value,
FS,Suite of Food Security Indicators,ZWE,Zimbabwe,6121,Value,21033,Value of food imports in total merchandise exports (percent) (3-year average),20212023,2021-2023,%,16,E,Estimated value,
FS,Suite of Food Security Indicators,ZWE,Zimbabwe,6121,Value,21033,Value of food imports in total merchandise exports (percent) (3-year average),20222024,2022-2024,%,17,E,Estimated value,
FS,Suite of Food Security Indicators,X06,Africa,6121,Value,21033,Value of food imports in total merchandise exports (percent) (3-year average),20002002,2000-2002,%,13,E,Estimated value,
FS,Suite of Food Security Indicators,X06,Africa,6121,Value,21033,Value of food imports in total merchandise exports (percent) (3-year average),20012003,2001-2003,%,13,E,Estimated value,
FS,Suite of Food Security Indicators,X06,Africa,6121,Value,21033,Value of food imports in total merchandise exports (percent) (3-year average),20022004,2002-2004,%,12,E,Estimated value,
FS,Suite of Food Security Indicators,X06,Africa,6121,Value,21033,Value of food imports in total merchandise exports (percent) (3-year average),20032005,2003-2005,%,10,E,Estimated value,
FS,Suite of Food Security Indicators,X06,Africa,6121,Value,21033,Value of food imports in total merchandise exports (percent) (3-year average),20042006,2004-2006,%,10,E,Estimated value,
FS,Suite of Food Security Indicators,X06,Africa,6121,Value,21033,Value of food imports in total merchandise exports (percent) (3-year average),20052007,2005-2007,%,9,E,Estimated value,
FS,Suite of Food Security Indicators,X06,Africa,6121,Value,21033,Value of food imports in total merchandise exports (percent) (3-year average),20062008,2006-2008,%,10,E,Estimated value,
FS,Suite of Food Security Indicators,X06,Africa,6121,Value,21033,Value of food imports in total merchandise exports (percent) (3-year average),20072009,2007-2009,%,11,E,Estimated value,
FS,Suite of Food Security Indicators,X06,Africa,6121,Value,21033,Value of food imports in total merchandise exports (percent) (3-year average),20082010,2008-2010,%,11,E,Estimated value,
FS,Suite of Food Security Indicators,X06,Africa,6121,Value,21033,Value of food imports in total merchandise exports (percent) (3-year average),20092011,2009-2011,%,12,E,Estimated value,
FS,Suite of Food Security Indicators,X06,Africa,6121,Value,21033,Value of food imports in total merchandise exports (percent) (3-year average),20102012,2010-2012,%,12,E,Estimated value,
FS,Suite of Food Security Indicators,X06,Africa,6121,Value,21033,Value of food imports in total merchandise exports (percent) (3-year average),20112013,2011-2013,%,13,E,Estimated value,
FS,Suite of Food Security Indicators,X06,Africa,6121,Value,21033,Value of food imports in total merchandise exports (percent) (3-year average),20122014,2012-2014,%,13,E,Estimated value,
FS,Suite of Food Security Indicators,X06,Africa,6121,Value,21033,Value of food imports in total merchandise exports (percent) (3-year average),20132015,2013-2015,%,15,E,Estimated value,
FS,Suite of Food Security Indicators,X06,Africa,6121,Value,21033,Value of food imports in total merchandise exports (percent) (3-year average),20142016,2014-2016,%,17,E,Estimated value,
FS,Suite of Food Security Indicators,X06,Africa,6121,Value,21033,Value of food imports in total merchandise exports (percent) (3-year average),20152017,2015-2017,%,18,E,Estimated value,
FS,Suite of Food Security Indicators,X06,Africa,6121,Value,21033,Value of food imports in total merchandise exports (percent) (3-year average),20162018,2016-2018,%,17,E,Estimated value,
FS,Suite of Food Security Indicators,X06,Africa,6121,Value,21033,Value of food imports in total merchandise exports (percent) (3-year average),20172019,2017-2019,%,16,E,Estimated value,
FS,Suite of Food Security Indicators,X06,Africa,6121,Value,21033,Value of food imports in total merchandise exports (percent) (3-year average),20182020,2018-2020,%,17,E,Estimated value,
FS,Suite of Food Security Indicators,X06,Africa,6121,Value,21033,Value of food imports in total merchandise exports (percent) (3-year average),20192021,2019-2021,%,17,E,Estimated value,
FS,Suite of Food Security Indicators,X06,Africa,6121,Value,21033,Value of food imports in total merchandise exports (percent) (3-year average),20202022,2020-2022,%,17,E,Estimated value,
FS,Suite of Food Security Indicators,X06,Africa,6121,Value,21033,Value of food imports in total merchandise exports (percent) (3-year average),20212023,2021-2023,%,16,E,Estimated value,
FS,Suite of Food Security Indicators,X06,Africa,6121,Value,21033,Value of food imports in total merchandise exports (percent) (3-year average),20222024,2022-2024,%,16,E,Estimated value,
FS,Suite of Food Security Indicators,F5105,Western Africa,6121,Value,21033,Value of food imports in total merchandise exports (percent) (3-year average),20002002,2000-2002,%,12,E,Estimated value,
FS,Suite of Food Security Indicators,F5105,Western Africa,6121,Value,21033,Value of food imports in total merchandise exports (percent) (3-year average),20012003,2001-2003,%,15,E,Estimated value,
FS,Suite of Food Security Indicators,F5105,Western Africa,6121,Value,21033,Value of food imports in total merchandise exports (percent) (3-year average),20022004,2002-2004,%,14,E,Estimated value,
FS,Suite of Food Security Indicators,F5105,Western Africa,6121,Value,21033,Value of food imports in total merchandise exports (percent) (3-year average),20032005,2003-2005,%,13,E,Estimated value,
FS,Suite of Food Security Indicators,F5105,Western Africa,6121,Value,21033,Value of food imports in total merchandise exports (percent) (3-year average),20042006,2004-2006,%,12,E,Estimated value,
FS,Suite of Food Security Indicators,F5105,Western Africa,6121,Value,21033,Value of food imports in total merchandise exports (percent) (3-year average),20052007,2005-2007,%,12,E,Estimated value,
FS,Suite of Food Security Indicators,F5105,Western Africa,6121,Value,21033,Value of food imports in total merchandise exports (percent) (3-year average),20062008,2006-2008,%,11,E,Estimated value,
FS,Suite of Food Security Indicators,F5105,Western Africa,6121,Value,21033,Value of food imports in total merchandise exports (percent) (3-year average),20072009,2007-2009,%,12,E,Estimated value,
FS,Suite of Food Security Indicators,F5105,Western Africa,6121,Value,21033,Value of food imports in total merchandise exports (percent) (3-year average),20082010,2008-2010,%,11,E,Estimated value,
FS,Suite of Food Security Indicators,F5105,Western Africa,6121,Value,21033,Value of food imports in total merchandise exports (percent) (3-year average),20092011,2009-2011,%,11,E,Estimated value,
FS,Suite of Food Security Indicators,F5105,Western Africa,6121,Value,21033,Value of food imports in total merchandise exports (percent) (3-year average),20102012,2010-2012,%,10,E,Estimated value,
FS,Suite of Food Security Indicators,F5105,Western Africa,6121,Value,21033,Value of food imports in total merchandise exports (percent) (3-year average),20112013,2011-2013,%,11,E,Estimated value,
FS,Suite of Food Security Indicators,F5105,Western Africa,6121,Value,21033,Value of food imports in total merchandise exports (percent) (3-year average),20122014,2012-2014,%,12,E,Estimated value,
FS,Suite of Food Security Indicators,F5105,Western Africa,6121,Value,21033,Value of food imports in total merchandise exports (percent) (3-year average),20132015,2013-2015,%,14,E,Estimated value,
FS,Suite of Food Security Indicators,F5105,Western Africa,6121,Value,21033,Value of food imports in total merchandise exports (percent) (3-year average),20142016,2014-2016,%,15,E,Estimated value,
FS,Suite of Food Security Indicators,F5105,Western Africa,6121,Value,21033,Value of food imports in total merchandise exports (percent) (3-year average),20152017,2015-2017,%,18,E,Estimated value,
FS,Suite of Food Security Indicators,F5105,Western Africa,6121,Value,21033,Value of food imports in total merchandise exports (percent) (3-year average),20162018,2016-2018,%,17,E,Estimated value,
FS,Suite of Food Security Indicators,F5105,Western Africa,6121,Value,21033,Value of food imports in total merchandise exports (percent) (3-year average),20172019,2017-2019,%,16,E,Estimated value,
FS,Suite of Food Security Indicators,F5105,Western Africa,6121,Value,21033,Value of food imports in total merchandise exports (percent) (3-year average),20182020,2018-2020,%,16,E,Estimated value,
FS,Suite of Food Security Indicators,F5105,Western Africa,6121,Value,21033,Value of food imports in total merchandise exports (percent) (3-year average),20192021,2019-2021,%,17,E,Estimated value,
FS,Suite of Food Security Indicators,F5105,Western Africa,6121,Value,21033,Value of food imports in total merchandise exports (percent) (3-year average),20202022,2020-2022,%,18,E,Estimated value,
FS,Suite of Food Security Indicators,F5105,Western Africa,6121,Value,21033,Value of food imports in total merchandise exports (percent) (3-year average),20212023,2021-2023,%,16,E,Estimated value,
FS,Suite of Food Security Indicators,F5105,Western Africa,6121,Value,21033,Value of food imports in total merchandise exports (percent) (3-year average),20222024,2022-2024,%,16,E,Estimated value,
