STRUCTURE,STRUCTURE_ID,ACTION,FREQ,REF_AREA,INDICATOR,SEX,AGE,URBANISATION,UNIT_MEASURE,COMP_BREAKDOWN_1,COMP_BREAKDOWN_2,COMP_BREAKDOWN_3,AGG_METHOD,UNIT_TYPE,DECIMALS,DATABASE_ID,TIME_FORMAT,UNIT_MULT,OBS_STATUS,OBS_CONF,FREQ_LABEL,REF_AREA_LABEL,INDICATOR_LABEL,SEX_LABEL,AGE_LABEL,URBANISATION_LABEL,UNIT_MEASURE_LABEL,COMP_BREAKDOWN_1_LABEL,COMP_BREAKDOWN_2_LABEL,COMP_BREAKDOWN_3_LABEL,AGG_METHOD_LABEL,UNIT_TYPE_LABEL,DECIMALS_LABEL,DATABASE_ID_LABEL,TIME_FORMAT_LABEL,UNIT_MULT_LABEL,OBS_STATUS_LABEL,OBS_CONF_LABEL,1990,1991,1992,1993,1994,1995,1996,1997,1998,1999,2000,2001,2002,2003,2004,2005,2006,2007,2008,2009,2010,2011,2012,2013,2014,2015,2016,2017,2018,2019,2020,2021,2022,2023
datastructure,WB.DATA360:DS_DATA360(1.3),I,A,ITA,WB_WDI_EG_ELC_ACCS_ZS,_T,_T,_T,PT_POP,_Z,_Z,_Z,_Z,RATIO,2,WB_WDI,P1Y,0,A,PU,Annual,Italy,Access to electricity (% of population),Total,All age ranges or no breakdown by age,Total,Percentage of population,Not Applicable,Not Applicable,Not Applicable,Not Applicable,Ratio,Two,World Development Indicators (WDI),Annual,Units,Normal value,Public,100,100,100,100,100,100,100,100,100,100,100,100,100,100,100,100,100,100,100,100,100,100,100,100,100,100,100,100,100,100,100,100,100,100
datastructure,WB.DATA360:DS_DATA360(1.3),I,A,BTN,WB_WDI_EG_ELC_ACCS_ZS,_T,_T,_T,PT_POP,_Z,_Z,_Z,_Z,RATIO,2,WB_WDI,P1Y,0,A,PU,Annual,Bhutan,Access to electricity (% of population),Total,All age ranges or no breakdown by age,Total,Percentage of population,Not Applicable,Not Applicable,Not Applicable,Not Applicable,Ratio,Two,World Development Indicators (WDI),Annual,Units,Normal value,Public,,,,,,,,,,,31.2,40.2,44.1,41.1,51.9,59.8,59.7,71.8,67.6,71.5,73.3,81.8,91.5,87.4,91.4,95.4,99.3,97.7,100,100,100,100,100,100
datastructure,WB.DATA360:DS_DATA360(1.3),I,A,SDN,WB_WDI_EG_ELC_ACCS_ZS,_T,_T,_T,PT_POP,_Z,_Z,_Z,_Z,RATIO,2,WB_WDI,P1Y,0,A,PU,Annual,Sudan,Access to electricity (% of population),Total,All age ranges or no breakdown by age,Total,Percentage of population,Not Applicable,Not Applicable,Not Applicable,Not Applicable,Ratio,Two,World Development Indicators (WDI),Annual,Units,Normal value,Public,32.8,26.91929436,27.4086132,27.89725304,28.38453484,28.8697834,29.3523159,29.83145714,30.30652809,30.77675629,23,29.4,29.7,29.9,30.2,30.5,30.8,31.1,20,29,36,38.3,40.7,43.1,44.9,48,50.5,53,55.3,57.6,59.7,61.8,63.2,66
datastructure,WB.DATA360:DS_DATA360(1.3),I,A,MUS,WB_WDI_EG_ELC_ACCS_ZS,_T,_T,_T,PT_POP,_Z,_Z,_Z,_Z,RATIO,2,WB_WDI,P1Y,0,A,PU,Annual,Mauritius,Access to electricity (% of population),Total,All age ranges or no breakdown by age,Total,Percentage of population,Not Applicable,Not Applicable,Not Applicable,Not Applicable,Ratio,Two,World Development Indicators (WDI),Annual,Units,Normal value,Public,99.04156494,99.07067871,99.09967804,99.12800598,99.15496826,99.17988586,99.20209503,99.22089386,99.23561859,99.24550629,99,99.2,99.4,99.1,99,99,99,99,99,99,99.4,99.6,99.4,99.4,99.5,99.6,99.7,99.6,99.8,100,99.5,99.6,100,100
datastructure,WB.DATA360:DS_DATA360(1.3),I,A,EGY,WB_WDI_EG_ELC_ACCS_ZS,_T,_T,_T,PT_POP,_Z,_Z,_Z,_Z,RATIO,2,WB_WDI,P1Y,0,A,PU,Annual,"Egypt, Arab Rep.",Access to electricity (% of population),Total,All age ranges or no breakdown by age,Total,Percentage of population,Not Applicable,Not Applicable,Not Applicable,Not Applicable,Ratio,Two,World Development Indicators (WDI),Annual,Units,Normal value,Public,,,93.4,95.39224243,95.64853668,95.5,96.15432739,96.40246582,96.64652252,96.88573456,97.7,97.4,97.5,98.8,97.8,99.4,99,98.4,99.8,98.9,99.4,99.4,99.7,99.9,99.8,99.3,100,100,100,100,100,100,100,100
datastructure,WB.DATA360:DS_DATA360(1.3),I,A,UMC,WB_WDI_EG_ELC_ACCS_ZS,_T,_T,_T,PT_POP,_Z,_Z,_Z,_Z,RATIO,2,WB_WDI,P1Y,0,A,PU,Annual,Upper middle income,Access to electricity (% of population),Total,All age ranges or no breakdown by age,Total,Percentage of population,Not Applicable,Not Applicable,Not Applicable,Not Applicable,Ratio,Two,World Development Indicators (WDI),Annual,Units,Normal value,Public,,,,,,,,,,,94.36023547297732,94.84647487995103,95.29996665246446,95.50854233356444,95.87572212915242,95.72426849705845,96.68308339933311,96.83123522599952,97.30069390756344,97.71155951920271,98.20126831952197,98.41569973894879,98.65078575439017,98.81639755695973,98.91848894,98.99835111853642,99.03449423377741,99.16082691625716,99.17960872413282,99.27712703940088,99.21757691602474,99.4356373,99.50887178155172,99.42861241390668
datastructure,WB.DATA360:DS_DATA360(1.3),I,A,HKG,WB_WDI_EG_ELC_ACCS_ZS,_T,_T,_T,PT_POP,_Z,_Z,_Z,_Z,RATIO,2,WB_WDI,P1Y,0,A,PU,Annual,"Hong Kong SAR, China",Access to electricity (% of population),Total,All age ranges or no breakdown by age,Total,Percentage of population,Not Applicable,Not Applicable,Not Applicable,Not Applicable,Ratio,Two,World Development Indicators (WDI),Annual,Units,Normal value,Public,100,100,100,100,100,100,100,100,100,100,100,100,100,100,100,100,100,100,100,100,100,100,100,100,100,100,100,100,100,100,100,100,100,100
datastructure,WB.DATA360:DS_DATA360(1.3),I,A,ABW,WB_WDI_EG_ELC_ACCS_ZS,_T,_T,_T,PT_POP,_Z,_Z,_Z,_Z,RATIO,2,WB_WDI,P1Y,0,A,PU,Annual,Aruba,Access to electricity (% of population),Total,All age ranges or no breakdown by age,Total,Percentage of population,Not Applicable,Not Applicable,Not Applicable,Not Applicable,Ratio,Two,World Development Indicators (WDI),Annual,Units,Normal value,Public,100,99.15365601,99.1971283,99.23991394,100,100,100,100,100,100,91.7,100,100,100,100,100,100,100,100,100,93.4,100,100,100,100,100,100,100,100,100,100,100,99.9,100
datastructure,WB.DATA360:DS_DATA360(1.3),I,A,LAO,WB_WDI_EG_ELC_ACCS_ZS,_T,_T,_T,PT_POP,_Z,_Z,_Z,_Z,RATIO,2,WB_WDI,P1Y,0,A,PU,Annual,Lao PDR,Access to electricity (% of population),Total,All age ranges or no breakdown by age,Total,Percentage of population,Not Applicable,Not Applicable,Not Applicable,Not Applicable,Ratio,Two,World Development Indicators (WDI),Annual,Units,Normal value,Public,,,,31,25.605793,25,31.24769974,34.06389618,36.87601089,39.68328476,42.6,45.3,46.3,48,53.5,57.2,57,55,66,67.4,70.2,70,76.4,79.3,82.5,89.7,89,93.6,92.9,98.4,99.3,100,100,96.5
datastructure,WB.DATA360:DS_DATA360(1.3),I,A,MMR,WB_WDI_EG_ELC_ACCS_ZS,_T,_T,_T,PT_POP,_Z,_Z,_Z,_Z,RATIO,2,WB_WDI,P1Y,0,A,PU,Annual,Myanmar,Access to electricity (% of population),Total,All age ranges or no breakdown by age,Total,Percentage of population,Not Applicable,Not Applicable,Not Applicable,Not Applicable,Ratio,Two,World Development Indicators (WDI),Annual,Units,Normal value,Public,,,,,,,,,,,41.9,43,47,45.1,46.2,47.3,48.4,49.5,50.6,51.8,48.8,54.1,55.3,56.5,52,60.5,55.6,69.8,66.1,68.3,70.4,72.5,73.6,76.8
datastructure,WB.DATA360:DS_DATA360(1.3),I,A,UZB,WB_WDI_EG_ELC_ACCS_ZS,_T,_T,_T,PT_POP,_Z,_Z,_Z,_Z,RATIO,2,WB_WDI,P1Y,0,A,PU,Annual,Uzbekistan,Access to electricity (% of population),Total,All age ranges or no breakdown by age,Total,Percentage of population,Not Applicable,Not Applicable,Not Applicable,Not Applicable,Ratio,Two,World Development Indicators (WDI),Annual,Units,Normal value,Public,,,,,,,99.6,99.37974548,99.44934845,99.51411438,99.6,99.6,99.7,99.5,99.5,99.4,99.5,99.5,99.5,99.5,99.6,99.7,99.7,99.8,99.8,99.9,99.9,100,100,100,100,99.9,100,100
datastructure,WB.DATA360:DS_DATA360(1.3),I,A,IDX,WB_WDI_EG_ELC_ACCS_ZS,_T,_T,_T,PT_POP,_Z,_Z,_Z,_Z,RATIO,2,WB_WDI,P1Y,0,A,PU,Annual,IDA only,Access to electricity (% of population),Total,All age ranges or no breakdown by age,Total,Percentage of population,Not Applicable,Not Applicable,Not Applicable,Not Applicable,Ratio,Two,World Development Indicators (WDI),Annual,Units,Normal value,Public,,,,,,,,,,,25.911552326283296,26.50336551560322,28.501568921188785,29.89846385424534,30.318782034672253,31.306662041874535,34.58069854693408,34.416894260371144,35.839153133687354,37.335127271670125,38.21636456,39.58657296443053,42.30802915100436,42.99793846114274,44.511896697903275,46.70599839765402,50.66022648136232,54.142724095253385,54.94127390636954,56.73462378215798,58.236518846734604,59.74116006596085,60.290135879405945,61.920192118908425
datastructure,WB.DATA360:DS_DATA360(1.3),I,A,MEA,WB_WDI_EG_ELC_ACCS_ZS,_T,_T,_T,PT_POP,_Z,_Z,_Z,_Z,RATIO,2,WB_WDI,P1Y,0,A,PU,Annual,"Middle East, North Africa, Afghanistan & Pakistan",Access to electricity (% of population),Total,All age ranges or no breakdown by age,Total,Percentage of population,Not Applicable,Not Applicable,Not Applicable,Not Applicable,Ratio,Two,World Development Indicators (WDI),Annual,Units,Normal value,Public,,,,,,,,,,,82.56991390428875,83.27917617020067,83.60859793686983,84.58461666,84.98041011705332,85.95790366620939,87.65658230045628,87.15191140522002,88.09466098139656,88.74034286,90.56081986149087,90.77615593471018,91.85412136653184,93.14796904164446,94.03209566772148,93.43606555,95.15876481974203,96.00124316919778,94.97068617122855,96.00870729846015,96.26212044,96.41666905536931,95.86379450149641,96.42263674352742
datastructure,WB.DATA360:DS_DATA360(1.3),I,A,FJI,WB_WDI_EG_ELC_ACCS_ZS,_T,_T,_T,PT_POP,_Z,_Z,_Z,_Z,RATIO,2,WB_WDI,P1Y,0,A,PU,Annual,Fiji,Access to electricity (% of population),Total,All age ranges or no breakdown by age,Total,Percentage of population,Not Applicable,Not Applicable,Not Applicable,Not Applicable,Ratio,Two,World Development Indicators (WDI),Annual,Units,Normal value,Public,,,,,,,66.9,71.77151489,73.08958435,74.40281677,76.8,77.7,79.6,80,80.6,81.6,82.6,88.9,86.2,85.6,92.4,92.5,92.6,91.8,93,93.2,93.4,96,95.1,96.1,97.1,92.1,92,99.3
datastructure,WB.DATA360:DS_DATA360(1.3),I,A,NZL,WB_WDI_EG_ELC_ACCS_ZS,_T,_T,_T,PT_POP,_Z,_Z,_Z,_Z,RATIO,2,WB_WDI,P1Y,0,A,PU,Annual,New Zealand,Access to electricity (% of population),Total,All age ranges or no breakdown by age,Total,Percentage of population,Not Applicable,Not Applicable,Not Applicable,Not Applicable,Ratio,Two,World Development Indicators (WDI),Annual,Units,Normal value,Public,100,100,100,100,100,100,100,100,100,100,100,100,100,100,100,100,100,100,100,100,100,100,100,100,100,100,100,100,100,100,100,100,100,100
datastructure,WB.DATA360:DS_DATA360(1.3),I,A,PAN,WB_WDI_EG_ELC_ACCS_ZS,_T,_T,_T,PT_POP,_Z,_Z,_Z,_Z,RATIO,2,WB_WDI,P1Y,0,A,PU,Annual,Panama,Access to electricity (% of population),Total,All age ranges or no breakdown by age,Total,Percentage of population,Not Applicable,Not Applicable,Not Applicable,Not Applicable,Ratio,Two,World Development Indicators (WDI),Annual,Units,Normal value,Public,70.19,73.44313049,74.25563812,75.06745911,75.87792206,76.68634033,77.49204254,78.29434967,79.09257507,79.88595581,81.4,81.5,82.1,87.8,83.4,84.1,84.8,85.5,86.3,87,86.9,88.6,89.3,89.1,90.8,91.6,92.4,93.7,93.8,93.9,95.3,95.3,95,97
datastructure,WB.DATA360:DS_DATA360(1.3),I,A,EST,WB_WDI_EG_ELC_ACCS_ZS,_T,_T,_T,PT_POP,_Z,_Z,_Z,_Z,RATIO,2,WB_WDI,P1Y,0,A,PU,Annual,Estonia,Access to electricity (% of population),Total,All age ranges or no breakdown by age,Total,Percentage of population,Not Applicable,Not Applicable,Not Applicable,Not Applicable,Ratio,Two,World Development Indicators (WDI),Annual,Units,Normal value,Public,100,100,100,100,100,100,100,100,100,100,100,100,100,100,100,100,100,100,100,100,100,100,100,100,100,100,100,100,100,100,100,100,100,100
datastructure,WB.DATA360:DS_DATA360(1.3),I,A,PER,WB_WDI_EG_ELC_ACCS_ZS,_T,_T,_T,PT_POP,_Z,_Z,_Z,_Z,RATIO,2,WB_WDI,P1Y,0,A,PU,Annual,Peru,Access to electricity (% of population),Total,All age ranges or no breakdown by age,Total,Percentage of population,Not Applicable,Not Applicable,Not Applicable,Not Applicable,Ratio,Two,World Development Indicators (WDI),Annual,Units,Normal value,Public,,,70.1,64.74899292,66.05293274,67.35483551,67,69.16024,72.072063,74.078523,72.5,72.1,74.4,74.4,75.7,77.2,80.2,82,84.7,86.4,88.1,89.7,91.1,92.1,92.9,93.9,94.2,94.8,95.2,95.6,96.2,95.6,96.2,96.2
datastructure,WB.DATA360:DS_DATA360(1.3),I,A,ATG,WB_WDI_EG_ELC_ACCS_ZS,_T,_T,_T,PT_POP,_Z,_Z,_Z,_Z,RATIO,2,WB_WDI,P1Y,0,A,PU,Annual,Antigua and Barbuda,Access to electricity (% of population),Total,All age ranges or no breakdown by age,Total,Percentage of population,Not Applicable,Not Applicable,Not Applicable,Not Applicable,Ratio,Two,World Development Indicators (WDI),Annual,Units,Normal value,Public,95.76304626,95.94065094,96.11813354,96.29494476,96.47039032,96.64379883,96.81448364,96.98177338,97.14498138,97.30335236,97.7,97.7,100,97.9,97.9,92.2,100,100,100,98.5,98.7,94.6,100,100,100,100,100,100,100,100,100,100,100,100
datastructure,WB.DATA360:DS_DATA360(1.3),I,A,POL,WB_WDI_EG_ELC_ACCS_ZS,_T,_T,_T,PT_POP,_Z,_Z,_Z,_Z,RATIO,2,WB_WDI,P1Y,0,A,PU,Annual,Poland,Access to electricity (% of population),Total,All age ranges or no breakdown by age,Total,Percentage of population,Not Applicable,Not Applicable,Not Applicable,Not Applicable,Ratio,Two,World Development Indicators (WDI),Annual,Units,Normal value,Public,100,100,100,100,100,100,100,100,100,100,100,100,100,99.9,99.9,99.8,99.8,99.8,99.8,100,100,100,100,100,100,100,100,100,100,100,100,100,100,100
datastructure,WB.DATA360:DS_DATA360(1.3),I,A,IDB,WB_WDI_EG_ELC_ACCS_ZS,_T,_T,_T,PT_POP,_Z,_Z,_Z,_Z,RATIO,2,WB_WDI,P1Y,0,A,PU,Annual,IDA blend,Access to electricity (% of population),Total,All age ranges or no breakdown by age,Total,Percentage of population,Not Applicable,Not Applicable,Not Applicable,Not Applicable,Ratio,Two,World Development Indicators (WDI),Annual,Units,Normal value,Public,,,,,,,,,54.159310521688504,55.455819920573795,55.6481108,56.70789885005002,57.41821350427876,60.095281651132794,59.14327425,60.22421128284341,61.12698262232243,62.304314841416776,63.33093915490989,63.11554165622415,63.95474864558907,68.04984867830305,67.75342827517632,69.20128490393354,68.47499011740278,68.78683249,72.54603491,71.64661373325592,73.15187822,73.90890880897125,74.4924622,76.46988732502385,77.0721325,77.92013438
datastructure,WB.DATA360:DS_DATA360(1.3),I,A,CPV,WB_WDI_EG_ELC_ACCS_ZS,_T,_T,_T,PT_POP,_Z,_Z,_Z,_Z,RATIO,2,WB_WDI,P1Y,0,A,PU,Annual,Cabo Verde,Access to electricity (% of population),Total,All age ranges or no breakdown by age,Total,Percentage of population,Not Applicable,Not Applicable,Not Applicable,Not Applicable,Ratio,Two,World Development Indicators (WDI),Annual,Units,Normal value,Public,,,,,,,,,,,58.6,60.3,58.6,63.7,65.4,67,68.8,70.5,72.3,74.1,81.1,82.3,83.2,84.3,85.3,86.4,87.5,88.6,90.2,91.4,93.7,95.5,97.1,98.6
datastructure,WB.DATA360:DS_DATA360(1.3),I,A,TUV,WB_WDI_EG_ELC_ACCS_ZS,_T,_T,_T,PT_POP,_Z,_Z,_Z,_Z,RATIO,2,WB_WDI,P1Y,0,A,PU,Annual,Tuvalu,Access to electricity (% of population),Total,All age ranges or no breakdown by age,Total,Percentage of population,Not Applicable,Not Applicable,Not Applicable,Not Applicable,Ratio,Two,World Development Indicators (WDI),Annual,Units,Normal value,Public,,,,,,,,,,,94.6,94.8,94.6,95.1,95.3,95.5,95.7,96.7,96.2,96.5,96.7,97,97.7,97.6,97.9,98.1,97.3,98.7,99,99.7,99.4,99.7,100,100
datastructure,WB.DATA360:DS_DATA360(1.3),I,A,SWE,WB_WDI_EG_ELC_ACCS_ZS,_T,_T,_T,PT_POP,_Z,_Z,_Z,_Z,RATIO,2,WB_WDI,P1Y,0,A,PU,Annual,Sweden,Access to electricity (% of population),Total,All age ranges or no breakdown by age,Total,Percentage of population,Not Applicable,Not Applicable,Not Applicable,Not Applicable,Ratio,Two,World Development Indicators (WDI),Annual,Units,Normal value,Public,100,100,100,100,100,100,100,100,100,100,100,100,100,100,100,100,100,100,100,100,100,100,100,100,100,100,100,100,100,100,100,100,100,100
datastructure,WB.DATA360:DS_DATA360(1.3),I,A,AZE,WB_WDI_EG_ELC_ACCS_ZS,_T,_T,_T,PT_POP,_Z,_Z,_Z,_Z,RATIO,2,WB_WDI,P1Y,0,A,PU,Annual,Azerbaijan,Access to electricity (% of population),Total,All age ranges or no breakdown by age,Total,Percentage of population,Not Applicable,Not Applicable,Not Applicable,Not Applicable,Ratio,Two,World Development Indicators (WDI),Annual,Units,Normal value,Public,,,,,,,,,,97,98.9,98.6,100,98.8,99,99.1,99.5,99.5,99.7,99.9,99.9,99.9,100,100,100,100,100,100,100,100,100,100,100,100
datastructure,WB.DATA360:DS_DATA360(1.3),I,A,LIE,WB_WDI_EG_ELC_ACCS_ZS,_T,_T,_T,PT_POP,_Z,_Z,_Z,_Z,RATIO,2,WB_WDI,P1Y,0,A,PU,Annual,Liechtenstein,Access to electricity (% of population),Total,All age ranges or no breakdown by age,Total,Percentage of population,Not Applicable,Not Applicable,Not Applicable,Not Applicable,Ratio,Two,World Development Indicators (WDI),Annual,Units,Normal value,Public,100,100,100,100,100,100,100,100,100,100,100,100,100,100,100,100,100,100,100,100,100,100,100,100,100,100,100,100,100,100,100,100,100,100
datastructure,WB.DATA360:DS_DATA360(1.3),I,A,SOM,WB_WDI_EG_ELC_ACCS_ZS,_T,_T,_T,PT_POP,_Z,_Z,_Z,_Z,RATIO,2,WB_WDI,P1Y,0,A,PU,Annual,"Somalia, Federal Republic of",Access to electricity (% of population),Total,All age ranges or no breakdown by age,Total,Percentage of population,Not Applicable,Not Applicable,Not Applicable,Not Applicable,Ratio,Two,World Development Indicators (WDI),Annual,Units,Normal value,Public,,,,,,,,,,,2.1,4.7,7.4,9.8,12.4,15,15.2,20.2,22.9,25.5,52.3,52,51.8,51.5,51.4,51.2,51.1,52.1,50.7,49.2,49.9,49.3,48.9,50.3
datastructure,WB.DATA360:DS_DATA360(1.3),I,A,AUS,WB_WDI_EG_ELC_ACCS_ZS,_T,_T,_T,PT_POP,_Z,_Z,_Z,_Z,RATIO,2,WB_WDI,P1Y,0,A,PU,Annual,Australia,Access to electricity (% of population),Total,All age ranges or no breakdown by age,Total,Percentage of population,Not Applicable,Not Applicable,Not Applicable,Not Applicable,Ratio,Two,World Development Indicators (WDI),Annual,Units,Normal value,Public,100,100,100,100,100,100,100,100,100,100,100,100,100,100,100,100,100,100,100,100,100,100,100,100,100,100,100,100,100,100,100,100,100,100
datastructure,WB.DATA360:DS_DATA360(1.3),I,A,PYF,WB_WDI_EG_ELC_ACCS_ZS,_T,_T,_T,PT_POP,_Z,_Z,_Z,_Z,RATIO,2,WB_WDI,P1Y,0,A,PU,Annual,French Polynesia,Access to electricity (% of population),Total,All age ranges or no breakdown by age,Total,Percentage of population,Not Applicable,Not Applicable,Not Applicable,Not Applicable,Ratio,Two,World Development Indicators (WDI),Annual,Units,Normal value,Public,100,100,100,100,100,100,100,100,100,100,100,100,100,100,100,100,100,100,100,100,100,100,100,100,100,100,100,100,100,100,100,100,100,100
datastructure,WB.DATA360:DS_DATA360(1.3),I,A,LMC,WB_WDI_EG_ELC_ACCS_ZS,_T,_T,_T,PT_POP,_Z,_Z,_Z,_Z,RATIO,2,WB_WDI,P1Y,0,A,PU,Annual,Lower middle income,Access to electricity (% of population),Total,All age ranges or no breakdown by age,Total,Percentage of population,Not Applicable,Not Applicable,Not Applicable,Not Applicable,Ratio,Two,World Development Indicators (WDI),Annual,Units,Normal value,Public,,,,47.148193977199746,47.108638948328185,48.34384976282215,50.054312887308406,52.638270492466035,55.553758641807086,58.069941790176394,58.18111579595632,59.353030292769475,60.326107176097786,62.72145729969843,62.54004159023148,65.24843560270402,65.97722073619082,67.94377210901067,69.83320890521722,70.58396662001937,71.68773918210178,74.60367589442097,75.15408487336809,77.11888044,78.28970969170291,80.65869535460303,82.71671452,84.65923870495696,86.91218057,87.61352218622358,88.38041439226319,90.55573423678499,90.5768406,91.26807497572227
datastructure,WB.DATA360:DS_DATA360(1.3),I,A,PRK,WB_WDI_EG_ELC_ACCS_ZS,_T,_T,_T,PT_POP,_Z,_Z,_Z,_Z,RATIO,2,WB_WDI,P1Y,0,A,PU,Annual,"Korea, Dem. People's Rep.",Access to electricity (% of population),Total,All age ranges or no breakdown by age,Total,Percentage of population,Not Applicable,Not Applicable,Not Applicable,Not Applicable,Ratio,Two,World Development Indicators (WDI),Annual,Units,Normal value,Public,,,,,,,,,,,,,,,,,,,,26,29.3,31.4,33.6,35.7,37.8,40,42.1,44.2,46.3,48.4,50.5,52.6,54.7,57.5
datastructure,WB.DATA360:DS_DATA360(1.3),I,A,PSE,WB_WDI_EG_ELC_ACCS_ZS,_T,_T,_T,PT_POP,_Z,_Z,_Z,_Z,RATIO,2,WB_WDI,P1Y,0,A,PU,Annual,West Bank and Gaza,Access to electricity (% of population),Total,All age ranges or no breakdown by age,Total,Percentage of population,Not Applicable,Not Applicable,Not Applicable,Not Applicable,Ratio,Two,World Development Indicators (WDI),Annual,Units,Normal value,Public,,,,,,,,97.9,98.53929901,98.62315369,99.7,99.1,99.2,99.1,99.5,99.6,99.7,98.8,99.8,99.9,99.9,99.7,99.8,99.9,99.9,99.9,100,99.9,100,100,100,100,100,100
datastructure,WB.DATA360:DS_DATA360(1.3),I,A,NGA,WB_WDI_EG_ELC_ACCS_ZS,_T,_T,_T,PT_POP,_Z,_Z,_Z,_Z,RATIO,2,WB_WDI,P1Y,0,A,PU,Annual,Nigeria,Access to electricity (% of population),Total,All age ranges or no breakdown by age,Total,Percentage of population,Not Applicable,Not Applicable,Not Applicable,Not Applicable,Ratio,Two,World Development Indicators (WDI),Annual,Units,Normal value,Public,27.3,35.23460007,36.0994606,36.96364594,37.82646942,38.68725204,39.5453186,40.39998245,41.25056839,44.9,43.2,43.9,44.6,52.2,46.1,46.8,47.6,50.1,50.3,50,48,55.9,53,55.6,54.2,52.5,59.3,54.4,56.5,55.4,55.4,59.5,60.5,61.2
datastructure,WB.DATA360:DS_DATA360(1.3),I,A,BIH,WB_WDI_EG_ELC_ACCS_ZS,_T,_T,_T,PT_POP,_Z,_Z,_Z,_Z,RATIO,2,WB_WDI,P1Y,0,A,PU,Annual,Bosnia and Herzegovina,Access to electricity (% of population),Total,All age ranges or no breakdown by age,Total,Percentage of population,Not Applicable,Not Applicable,Not Applicable,Not Applicable,Ratio,Two,World Development Indicators (WDI),Annual,Units,Normal value,Public,100,100,100,100,100,100,100,100,100,100,99,99.4,98.5,99,99.1,99.1,99.4,99.7,99.3,99.4,99.5,99.7,99.7,99.5,99.9,99.7,100,100,100,100,100,100,100,100
datastructure,WB.DATA360:DS_DATA360(1.3),I,A,SYC,WB_WDI_EG_ELC_ACCS_ZS,_T,_T,_T,PT_POP,_Z,_Z,_Z,_Z,RATIO,2,WB_WDI,P1Y,0,A,PU,Annual,Seychelles,Access to electricity (% of population),Total,All age ranges or no breakdown by age,Total,Percentage of population,Not Applicable,Not Applicable,Not Applicable,Not Applicable,Ratio,Two,World Development Indicators (WDI),Annual,Units,Normal value,Public,,,,,90,92.17365265,92.55249023,92,93.29929352,93.66580963,94.1,94.4,96.1,94.9,95.2,95.5,99,96.1,96.5,96.8,97,98.1,98.3,98,100,100,100,100,100,100,100,100,100,100
datastructure,WB.DATA360:DS_DATA360(1.3),I,A,SSF,WB_WDI_EG_ELC_ACCS_ZS,_T,_T,_T,PT_POP,_Z,_Z,_Z,_Z,RATIO,2,WB_WDI,P1Y,0,A,PU,Annual,Sub-Saharan Africa,Access to electricity (% of population),Total,All age ranges or no breakdown by age,Total,Percentage of population,Not Applicable,Not Applicable,Not Applicable,Not Applicable,Ratio,Two,World Development Indicators (WDI),Annual,Units,Normal value,Public,,,,,,,28.512384382876746,28.363633683406096,28.559880608978997,30.139506983608953,25.70077372663904,26.160662802678054,27.336483548368474,29.592896206956524,29.37002909902515,29.352962971410758,31.201643193749348,32.517987745477974,32.40335210625917,32.62644864620317,33.33524758741512,35.90081970967357,36.77627787,38.03200420250176,38.35447693034533,39.199650016083766,43.83016514038075,43.76281945661772,46.41667524,47.197416815451746,48.54503894910454,50.65664486406172,51.587377584536256,53.255871066434935
datastructure,WB.DATA360:DS_DATA360(1.3),I,A,MAC,WB_WDI_EG_ELC_ACCS_ZS,_T,_T,_T,PT_POP,_Z,_Z,_Z,_Z,RATIO,2,WB_WDI,P1Y,0,A,PU,Annual,"Macao SAR, China",Access to electricity (% of population),Total,All age ranges or no breakdown by age,Total,Percentage of population,Not Applicable,Not Applicable,Not Applicable,Not Applicable,Ratio,Two,World Development Indicators (WDI),Annual,Units,Normal value,Public,99.84928131,99.88058472,99.91143036,99.94161987,100,100,100,100,100,100,100,100,100,100,100,100,100,100,100,100,100,100,100,100,100,100,100,100,100,100,100,100,100,100
datastructure,WB.DATA360:DS_DATA360(1.3),I,A,CYP,WB_WDI_EG_ELC_ACCS_ZS,_T,_T,_T,PT_POP,_Z,_Z,_Z,_Z,RATIO,2,WB_WDI,P1Y,0,A,PU,Annual,Cyprus,Access to electricity (% of population),Total,All age ranges or no breakdown by age,Total,Percentage of population,Not Applicable,Not Applicable,Not Applicable,Not Applicable,Ratio,Two,World Development Indicators (WDI),Annual,Units,Normal value,Public,100,100,100,100,100,100,100,100,100,100,100,100,100,100,100,100,100,100,100,100,100,100,100,100,100,100,100,100,100,100,100,100,100,100
datastructure,WB.DATA360:DS_DATA360(1.3),I,A,ECA,WB_WDI_EG_ELC_ACCS_ZS,_T,_T,_T,PT_POP,_Z,_Z,_Z,_Z,RATIO,2,WB_WDI,P1Y,0,A,PU,Annual,Europe & Central Asia (excluding high income),Access to electricity (% of population),Total,All age ranges or no breakdown by age,Total,Percentage of population,Not Applicable,Not Applicable,Not Applicable,Not Applicable,Ratio,Two,World Development Indicators (WDI),Annual,Units,Normal value,Public,,,,,,,,,,,99.00037027450628,99.07052443253154,99.15001659347932,99.14849182362636,99.13552454206362,99.25945694911606,99.21930800623674,99.33899083216984,99.37760727975451,99.44856216011368,99.60862245,99.61747542292012,99.69463211167354,99.72865251556804,99.78477241206637,99.76765898779163,99.86596003052885,99.91829255299913,99.94207092863037,99.96577447258989,99.97743020187686,99.96164648355165,99.99158754758479,100
datastructure,WB.DATA360:DS_DATA360(1.3),I,A,LIC,WB_WDI_EG_ELC_ACCS_ZS,_T,_T,_T,PT_POP,_Z,_Z,_Z,_Z,RATIO,2,WB_WDI,P1Y,0,A,PU,Annual,Low income,Access to electricity (% of population),Total,All age ranges or no breakdown by age,Total,Percentage of population,Not Applicable,Not Applicable,Not Applicable,Not Applicable,Ratio,Two,World Development Indicators (WDI),Annual,Units,Normal value,Public,,,,,,,,,,,16.631872272007953,18.161562560991722,18.618136998783086,20.366125389985427,20.95815976022514,20.922571526067323,22.952263986757544,24.418321663645894,23.444731878401893,24.95844805997229,26.447137199646644,27.66640946870035,30.077646650454813,31.07253971390293,33.47164030568952,33.07021838829528,36.433612416159065,38.17925638615226,39.683802790056845,40.70214449758149,41.73684567,43.01546579364899,43.00608828,45.272191875679304
datastructure,WB.DATA360:DS_DATA360(1.3),I,A,LBN,WB_WDI_EG_ELC_ACCS_ZS,_T,_T,_T,PT_POP,_Z,_Z,_Z,_Z,RATIO,2,WB_WDI,P1Y,0,A,PU,Annual,Lebanon,Access to electricity (% of population),Total,All age ranges or no breakdown by age,Total,Percentage of population,Not Applicable,Not Applicable,Not Applicable,Not Applicable,Ratio,Two,World Development Indicators (WDI),Annual,Units,Normal value,Public,,,,,,,,,,,99.3,99.3,99.3,99.2,99.9,99.2,99.4,97.8,99.9,99.3,99.5,99.7,99.5,99.6,99.7,99.7,99.8,99.9,99.7,100,100,100,100,100
datastructure,WB.DATA360:DS_DATA360(1.3),I,A,LDC,WB_WDI_EG_ELC_ACCS_ZS,_T,_T,_T,PT_POP,_Z,_Z,_Z,_Z,RATIO,2,WB_WDI,P1Y,0,A,PU,Annual,Least developed countries: UN classification,Access to electricity (% of population),Total,All age ranges or no breakdown by age,Total,Percentage of population,Not Applicable,Not Applicable,Not Applicable,Not Applicable,Ratio,Two,World Development Indicators (WDI),Annual,Units,Normal value,Public,,,,,,,,,,,20.228054244719146,20.99775540172269,22.981807912583523,24.51992382686393,24.909719415298518,26.27118075,29.139392423505768,29.352471209981996,30.74129380678049,32.144430624864924,33.01645228755854,34.49917776867724,37.82324347829943,38.23062453269649,39.48782347724768,42.31272812749775,46.34583324294417,50.20449408687352,51.08742026004011,52.878712266240484,54.47368401462642,56.10553735534608,56.738312928479566,58.43414529660488
datastructure,WB.DATA360:DS_DATA360(1.3),I,A,GEO,WB_WDI_EG_ELC_ACCS_ZS,_T,_T,_T,PT_POP,_Z,_Z,_Z,_Z,RATIO,2,WB_WDI,P1Y,0,A,PU,Annual,Georgia,Access to electricity (% of population),Total,All age ranges or no breakdown by age,Total,Percentage of population,Not Applicable,Not Applicable,Not Applicable,Not Applicable,Ratio,Two,World Development Indicators (WDI),Annual,Units,Normal value,Public,,,,,,,,,,,99.8,99.8,99.9,100,99.9,97.9,100,100,100,100,100,100,100,100,100,100,100,100,99.9,100,100,100,100,100
datastructure,WB.DATA360:DS_DATA360(1.3),I,A,AFE,WB_WDI_EG_ELC_ACCS_ZS,_T,_T,_T,PT_POP,_Z,_Z,_Z,_Z,RATIO,2,WB_WDI,P1Y,0,A,PU,Annual,Eastern & Southern Africa,Access to electricity (% of population),Total,All age ranges or no breakdown by age,Total,Percentage of population,Not Applicable,Not Applicable,Not Applicable,Not Applicable,Ratio,Two,World Development Indicators (WDI),Annual,Units,Normal value,Public,,,,,,,,,,,19.917256334288883,19.944277420358322,21.54864661556246,22.49321671820515,23.72445493261505,23.449539355606003,25.172482310596866,26.79514459,25.908845134445723,26.187846478111133,27.414953756331972,28.909756234126966,31.673427461917534,31.723573573148343,31.871956128357937,33.922275662275766,38.85959765837143,40.22374417303676,43.03507335078354,44.390860533363956,46.28237094556367,48.12721104004846,48.801257960765845,50.66751579448542
datastructure,WB.DATA360:DS_DATA360(1.3),I,A,VUT,WB_WDI_EG_ELC_ACCS_ZS,_T,_T,_T,PT_POP,_Z,_Z,_Z,_Z,RATIO,2,WB_WDI,P1Y,0,A,PU,Annual,Vanuatu,Access to electricity (% of population),Total,All age ranges or no breakdown by age,Total,Percentage of population,Not Applicable,Not Applicable,Not Applicable,Not Applicable,Ratio,Two,World Development Indicators (WDI),Annual,Units,Normal value,Public,,,,,18,12.94164371,14.79236126,16.63967896,18.48291779,19.1,22.2,24,25.7,27.5,29.2,31,26.4,33.6,36.5,33.3,44.1,42,43.9,31.7,49.1,52.3,57.8,62.8,61.6,64.5,67.3,70,71.6,61.6
datastructure,WB.DATA360:DS_DATA360(1.3),I,A,VEN,WB_WDI_EG_ELC_ACCS_ZS,_T,_T,_T,PT_POP,_Z,_Z,_Z,_Z,RATIO,2,WB_WDI,P1Y,0,A,PU,Annual,"Venezuela, RB",Access to electricity (% of population),Total,All age ranges or no breakdown by age,Total,Percentage of population,Not Applicable,Not Applicable,Not Applicable,Not Applicable,Ratio,Two,World Development Indicators (WDI),Annual,Units,Normal value,Public,,,97.820203,98.23953247,98.32333374,99,98.48413086,98.7,98.4,98.9,98.9,99.9,99.8,95.7,99.1,98.8,99.3,98.9,98.9,99,99.1,98.8,99.3,99.4,100,100,99.4,99.2,99.9,99.8,99.9,100,100,100
datastructure,WB.DATA360:DS_DATA360(1.3),I,A,TLS,WB_WDI_EG_ELC_ACCS_ZS,_T,_T,_T,PT_POP,_Z,_Z,_Z,_Z,RATIO,2,WB_WDI,P1Y,0,A,PU,Annual,Timor-Leste,Access to electricity (% of population),Total,All age ranges or no breakdown by age,Total,Percentage of population,Not Applicable,Not Applicable,Not Applicable,Not Applicable,Ratio,Two,World Development Indicators (WDI),Annual,Units,Normal value,Public,,,,,,,,,,,17.8,25.6,24.1,27.7,30.4,33.5,36.7,36.6,43.1,46.3,38,52.7,56,59.2,62.4,67.3,76.5,79.5,85.2,90.6,96,100,99.7,100
datastructure,WB.DATA360:DS_DATA360(1.3),I,A,JAM,WB_WDI_EG_ELC_ACCS_ZS,_T,_T,_T,PT_POP,_Z,_Z,_Z,_Z,RATIO,2,WB_WDI,P1Y,0,A,PU,Annual,Jamaica,Access to electricity (% of population),Total,All age ranges or no breakdown by age,Total,Percentage of population,Not Applicable,Not Applicable,Not Applicable,Not Applicable,Ratio,Two,World Development Indicators (WDI),Annual,Units,Normal value,Public,70.334586,77.22886658,78.03292084,78.83629608,79.63831329,80.43829346,85.706045,82.02940369,82.81917572,84.554112,84.4,87.7,86.7,86.5,87.2,88,88.7,89.4,92,91,92.2,91.1,93.1,93.9,93.3,94.9,96.6,97.4,98.2,98.9,99.7,100,100,97.7
datastructure,WB.DATA360:DS_DATA360(1.3),I,A,IRN,WB_WDI_EG_ELC_ACCS_ZS,_T,_T,_T,PT_POP,_Z,_Z,_Z,_Z,RATIO,2,WB_WDI,P1Y,0,A,PU,Annual,"Iran, Islamic Rep.",Access to electricity (% of population),Total,All age ranges or no breakdown by age,Total,Percentage of population,Not Applicable,Not Applicable,Not Applicable,Not Applicable,Ratio,Two,World Development Indicators (WDI),Annual,Units,Normal value,Public,,,,,,,,,,,97.9,98.1,98.1,98.2,98.3,98.4,98.4,98.7,98.8,99.7,99.4,99.5,99.5,99.8,100,100,100,99.9,100,100,100,100,100,100
datastructure,WB.DATA360:DS_DATA360(1.3),I,A,CRI,WB_WDI_EG_ELC_ACCS_ZS,_T,_T,_T,PT_POP,_Z,_Z,_Z,_Z,RATIO,2,WB_WDI,P1Y,0,A,PU,Annual,Costa Rica,Access to electricity (% of population),Total,All age ranges or no breakdown by age,Total,Percentage of population,Not Applicable,Not Applicable,Not Applicable,Not Applicable,Ratio,Two,World Development Indicators (WDI),Annual,Units,Normal value,Public,,,,,,,,,,,96.9,98.2,98.5,98.7,99,99.1,99.1,99.2,99.3,99.4,99,99.2,99.5,99.6,99.4,99.4,99.5,99.6,99.7,99.7,99.9,100,100,100
datastructure,WB.DATA360:DS_DATA360(1.3),I,A,BHS,WB_WDI_EG_ELC_ACCS_ZS,_T,_T,_T,PT_POP,_Z,_Z,_Z,_Z,RATIO,2,WB_WDI,P1Y,0,A,PU,Annual,"Bahamas, The",Access to electricity (% of population),Total,All age ranges or no breakdown by age,Total,Percentage of population,Not Applicable,Not Applicable,Not Applicable,Not Applicable,Ratio,Two,World Development Indicators (WDI),Annual,Units,Normal value,Public,100,100,100,100,100,100,100,100,100,100,100,100,100,100,100,100,100,100,100,100,100,100,100,100,100,100,100,100,100,100,100,100,100,100
datastructure,WB.DATA360:DS_DATA360(1.3),I,A,CHE,WB_WDI_EG_ELC_ACCS_ZS,_T,_T,_T,PT_POP,_Z,_Z,_Z,_Z,RATIO,2,WB_WDI,P1Y,0,A,PU,Annual,Switzerland,Access to electricity (% of population),Total,All age ranges or no breakdown by age,Total,Percentage of population,Not Applicable,Not Applicable,Not Applicable,Not Applicable,Ratio,Two,World Development Indicators (WDI),Annual,Units,Normal value,Public,100,100,100,100,100,100,100,100,100,100,100,100,100,100,100,100,100,100,100,100,100,100,100,100,100,100,100,100,100,100,100,100,100,100
datastructure,WB.DATA360:DS_DATA360(1.3),I,A,IBD,WB_WDI_EG_ELC_ACCS_ZS,_T,_T,_T,PT_POP,_Z,_Z,_Z,_Z,RATIO,2,WB_WDI,P1Y,0,A,PU,Annual,IBRD only,Access to electricity (% of population),Total,All age ranges or no breakdown by age,Total,Percentage of population,Not Applicable,Not Applicable,Not Applicable,Not Applicable,Ratio,Two,World Development Indicators (WDI),Annual,Units,Normal value,Public,,,,,,,,,,,84.55142003919534,85.26054528802955,85.59836138374983,86.55819569022718,86.71849054247532,87.73332275666876,88.16808914662536,89.32421216389315,90.16652940089479,90.67317623329114,91.45405714075955,92.50849561754168,92.76914947358787,93.78202830857295,94.42387145934453,95.17680534126421,95.83637159790196,96.60405913362465,97.74984432514454,97.87719934711996,98.05707308068389,99.10941679202467,98.96865745778025,99.08858203466842
datastructure,WB.DATA360:DS_DATA360(1.3),I,A,PNG,WB_WDI_EG_ELC_ACCS_ZS,_T,_T,_T,PT_POP,_Z,_Z,_Z,_Z,RATIO,2,WB_WDI,P1Y,0,A,PU,Annual,Papua New Guinea,Access to electricity (% of population),Total,All age ranges or no breakdown by age,Total,Percentage of population,Not Applicable,Not Applicable,Not Applicable,Not Applicable,Ratio,Two,World Development Indicators (WDI),Annual,Units,Normal value,Public,,,,,,,11,2.158482552,4.295089722,6.426855087,12.4,12.7,13.1,13.4,13.8,14.1,12.4,14.9,15.3,17.2,19.5,17.3,17.5,17.8,18.1,18.4,13.5,19.2,16.6,23.6,20.5,20.9,19,20.5
datastructure,WB.DATA360:DS_DATA360(1.3),I,A,TGO,WB_WDI_EG_ELC_ACCS_ZS,_T,_T,_T,PT_POP,_Z,_Z,_Z,_Z,RATIO,2,WB_WDI,P1Y,0,A,PU,Annual,Togo,Access to electricity (% of population),Total,All age ranges or no breakdown by age,Total,Percentage of population,Not Applicable,Not Applicable,Not Applicable,Not Applicable,Ratio,Two,World Development Indicators (WDI),Annual,Units,Normal value,Public,,,,,,,,,15.3,16.07299995,17,19.6,21.3,23,24.8,26.5,27.9,30,31.8,33.7,30.8,39.7,39.1,41,45.7,44.7,46.8,48,50,52.5,54.1,55.7,57.2,59.2
datastructure,WB.DATA360:DS_DATA360(1.3),I,A,ERI,WB_WDI_EG_ELC_ACCS_ZS,_T,_T,_T,PT_POP,_Z,_Z,_Z,_Z,RATIO,2,WB_WDI,P1Y,0,A,PU,Annual,Eritrea,Access to electricity (% of population),Total,All age ranges or no breakdown by age,Total,Percentage of population,Not Applicable,Not Applicable,Not Applicable,Not Applicable,Ratio,Two,World Development Indicators (WDI),Annual,Units,Normal value,Public,,,,,,22.9,24.75544739,25.8746109,26.9896946,28.09993553,29.3,30.3,32.2,32.4,33.4,34.5,35.6,36.7,37.8,38.9,40.1,41.2,42.3,43.5,44.6,45.8,46.9,48,49.1,50.3,51.4,52.5,53.4,54.4
datastructure,WB.DATA360:DS_DATA360(1.3),I,A,CYM,WB_WDI_EG_ELC_ACCS_ZS,_T,_T,_T,PT_POP,_Z,_Z,_Z,_Z,RATIO,2,WB_WDI,P1Y,0,A,PU,Annual,Cayman Islands,Access to electricity (% of population),Total,All age ranges or no breakdown by age,Total,Percentage of population,Not Applicable,Not Applicable,Not Applicable,Not Applicable,Ratio,Two,World Development Indicators (WDI),Annual,Units,Normal value,Public,99.84692383,99.8788147,99.91024017,100,100,100,100,100,100,100,100,100,100,100,100,100,100,100,100,100,100,100,100,100,100,100,100,100,100,100,100,100,100,100
datastructure,WB.DATA360:DS_DATA360(1.3),I,A,TUN,WB_WDI_EG_ELC_ACCS_ZS,_T,_T,_T,PT_POP,_Z,_Z,_Z,_Z,RATIO,2,WB_WDI,P1Y,0,A,PU,Annual,Tunisia,Access to electricity (% of population),Total,All age ranges or no breakdown by age,Total,Percentage of population,Not Applicable,Not Applicable,Not Applicable,Not Applicable,Ratio,Two,World Development Indicators (WDI),Annual,Units,Normal value,Public,,,,,86.8,88.7,90.4,92,93.2,94.2,94.8,97.3,97.8,98.4,99,99.2,99.4,99.4,99.4,99.5,99.5,99.5,99.5,99.7,99.8,99.9,100,100,99.8,100,99.9,99.9,100,100
datastructure,WB.DATA360:DS_DATA360(1.3),I,A,ARE,WB_WDI_EG_ELC_ACCS_ZS,_T,_T,_T,PT_POP,_Z,_Z,_Z,_Z,RATIO,2,WB_WDI,P1Y,0,A,PU,Annual,United Arab Emirates,Access to electricity (% of population),Total,All age ranges or no breakdown by age,Total,Percentage of population,Not Applicable,Not Applicable,Not Applicable,Not Applicable,Ratio,Two,World Development Indicators (WDI),Annual,Units,Normal value,Public,100,100,100,100,100,100,100,100,100,100,100,100,100,100,100,100,100,100,100,100,100,100,100,100,100,100,100,100,100,100,100,100,100,100
datastructure,WB.DATA360:DS_DATA360(1.3),I,A,SST,WB_WDI_EG_ELC_ACCS_ZS,_T,_T,_T,PT_POP,_Z,_Z,_Z,_Z,RATIO,2,WB_WDI,P1Y,0,A,PU,Annual,Small states,Access to electricity (% of population),Total,All age ranges or no breakdown by age,Total,Percentage of population,Not Applicable,Not Applicable,Not Applicable,Not Applicable,Ratio,Two,World Development Indicators (WDI),Annual,Units,Normal value,Public,,,,,,,,,,83.67551124964486,73.40587093,75.15456809063731,74.96802472559882,75.79165396022745,76.84969252219645,77.67836763,78.10067714194217,79.58073492516476,80.59506892,80.42298264225795,82.19972974418499,83.90624071033602,84.82433106251763,85.27048084513555,86.77356378310968,87.68139288794019,88.84867134,90.15502785348032,90.96473354322313,92.09192227907384,93.11959458317843,93.74681793733852,93.85222364449895,94.79474834885589
datastructure,WB.DATA360:DS_DATA360(1.3),I,A,HND,WB_WDI_EG_ELC_ACCS_ZS,_T,_T,_T,PT_POP,_Z,_Z,_Z,_Z,RATIO,2,WB_WDI,P1Y,0,A,PU,Annual,Honduras,Access to electricity (% of population),Total,All age ranges or no breakdown by age,Total,Percentage of population,Not Applicable,Not Applicable,Not Applicable,Not Applicable,Ratio,Two,World Development Indicators (WDI),Annual,Units,Normal value,Public,,54.781937,58.913112,61.100156,64.733947,66.122022,61.68112,64.794754,66.859519,67.394103,67.4,64.2,63.1,65.1,67.1,68.9,71.3,73.5,76.4,78.3,81,82.2,83.6,87.2,88.7,90,91.6,86.5,91.6,91.1,93.1,94.1,94.4,95.6
datastructure,WB.DATA360:DS_DATA360(1.3),I,A,VGB,WB_WDI_EG_ELC_ACCS_ZS,_T,_T,_T,PT_POP,_Z,_Z,_Z,_Z,RATIO,2,WB_WDI,P1Y,0,A,PU,Annual,British Virgin Islands,Access to electricity (% of population),Total,All age ranges or no breakdown by age,Total,Percentage of population,Not Applicable,Not Applicable,Not Applicable,Not Applicable,Ratio,Two,World Development Indicators (WDI),Annual,Units,Normal value,Public,94.60655975,94.82473755,95.0428009,95.26019287,95.47621918,95.69020081,95.901474,96.10933685,96.31312561,96.51207733,97.1,97.2,97.3,97.4,97.5,97.6,97.8,97.9,98.1,98.3,98.3,98.7,98.9,99.1,99.2,100,100,100,100,100,100,100,100,100
datastructure,WB.DATA360:DS_DATA360(1.3),I,A,PLW,WB_WDI_EG_ELC_ACCS_ZS,_T,_T,_T,PT_POP,_Z,_Z,_Z,_Z,RATIO,2,WB_WDI,P1Y,0,A,PU,Annual,Palau,Access to electricity (% of population),Total,All age ranges or no breakdown by age,Total,Percentage of population,Not Applicable,Not Applicable,Not Applicable,Not Applicable,Ratio,Two,World Development Indicators (WDI),Annual,Units,Normal value,Public,96.62535095,96.76270294,96.89993286,97.03649139,97.17168427,97.30484009,97.43527222,97.56230927,97.68526459,97.80337524,97.9,98,98,98.1,98.1,98.9,98.3,98.4,98.5,98.6,98.8,98.9,97.6,99.2,99.8,99.5,100,100,100,100,100,100,100,100
datastructure,WB.DATA360:DS_DATA360(1.3),I,A,LCA,WB_WDI_EG_ELC_ACCS_ZS,_T,_T,_T,PT_POP,_Z,_Z,_Z,_Z,RATIO,2,WB_WDI,P1Y,0,A,PU,Annual,St. Lucia,Access to electricity (% of population),Total,All age ranges or no breakdown by age,Total,Percentage of population,Not Applicable,Not Applicable,Not Applicable,Not Applicable,Ratio,Two,World Development Indicators (WDI),Annual,Units,Normal value,Public,,,,,,,,,,,86,89.9,87.7,88.5,89.3,90.1,90.9,91.8,92.7,93.5,94.2,95.4,95.3,97.2,98.1,99,99.8,99.9,100,100,100,100,100,100
datastructure,WB.DATA360:DS_DATA360(1.3),I,A,MNP,WB_WDI_EG_ELC_ACCS_ZS,_T,_T,_T,PT_POP,_Z,_Z,_Z,_Z,RATIO,2,WB_WDI,P1Y,0,A,PU,Annual,Northern Mariana Islands,Access to electricity (% of population),Total,All age ranges or no breakdown by age,Total,Percentage of population,Not Applicable,Not Applicable,Not Applicable,Not Applicable,Ratio,Two,World Development Indicators (WDI),Annual,Units,Normal value,Public,99.85326385,99.88437653,99.91503143,99.9449234,99.97164154,100,100,100,100,100,100,100,99.9,99.9,99.8,99.8,99.7,100,100,100,100,100,100,100,100,100,100,100,100,100,100,100,100,100
datastructure,WB.DATA360:DS_DATA360(1.3),I,A,PHL,WB_WDI_EG_ELC_ACCS_ZS,_T,_T,_T,PT_POP,_Z,_Z,_Z,_Z,RATIO,2,WB_WDI,P1Y,0,A,PU,Annual,Philippines,Access to electricity (% of population),Total,All age ranges or no breakdown by age,Total,Percentage of population,Not Applicable,Not Applicable,Not Applicable,Not Applicable,Ratio,Two,World Development Indicators (WDI),Annual,Units,Normal value,Public,,,,65.4,68.01855469,69.13311768,70.24495697,71.35339355,71.3,71.87417093,74.7,75.7,76.7,76.6,87.6,79.8,80.2,82,83.3,84.3,85.5,87.2,87.1,87.5,89.8,89.1,92,93,94.2,95.3,96.4,97.5,94.8,98
datastructure,WB.DATA360:DS_DATA360(1.3),I,A,LSO,WB_WDI_EG_ELC_ACCS_ZS,_T,_T,_T,PT_POP,_Z,_Z,_Z,_Z,RATIO,2,WB_WDI,P1Y,0,A,PU,Annual,Lesotho,Access to electricity (% of population),Total,All age ranges or no breakdown by age,Total,Percentage of population,Not Applicable,Not Applicable,Not Applicable,Not Applicable,Ratio,Two,World Development Indicators (WDI),Annual,Units,Normal value,Public,,,,,,,,,,,4.3,1.3,3.4,5.4,6.8,9.6,9.7,13.9,16,17,17,22.5,20.6,26.9,27.8,31.8,35.1,33.7,47,44.6,47.5,50.4,50,57.3
datastructure,WB.DATA360:DS_DATA360(1.3),I,A,VIR,WB_WDI_EG_ELC_ACCS_ZS,_T,_T,_T,PT_POP,_Z,_Z,_Z,_Z,RATIO,2,WB_WDI,P1Y,0,A,PU,Annual,Virgin Islands (U.S.),Access to electricity (% of population),Total,All age ranges or no breakdown by age,Total,Percentage of population,Not Applicable,Not Applicable,Not Applicable,Not Applicable,Ratio,Two,World Development Indicators (WDI),Annual,Units,Normal value,Public,100,100,100,100,100,100,100,100,100,100,100,100,100,100,100,100,100,100,100,100,100,100,100,100,100,100,100,100,100,100,100,100,100,100
datastructure,WB.DATA360:DS_DATA360(1.3),I,A,MAF,WB_WDI_EG_ELC_ACCS_ZS,_T,_T,_T,PT_POP,_Z,_Z,_Z,_Z,RATIO,2,WB_WDI,P1Y,0,A,PU,Annual,St. Martin (French part),Access to electricity (% of population),Total,All age ranges or no breakdown by age,Total,Percentage of population,Not Applicable,Not Applicable,Not Applicable,Not Applicable,Ratio,Two,World Development Indicators (WDI),Annual,Units,Normal value,Public,100,100,100,100,100,100,100,100,100,100,100,99.9,99.9,99.8,99.8,99.7,99.7,99.7,99.7,99.7,100,100,100,100,100,100,100,100,100,100,100,100,100,100
datastructure,WB.DATA360:DS_DATA360(1.3),I,A,BDI,WB_WDI_EG_ELC_ACCS_ZS,_T,_T,_T,PT_POP,_Z,_Z,_Z,_Z,RATIO,2,WB_WDI,P1Y,0,A,PU,Annual,Burundi,Access to electricity (% of population),Total,All age ranges or no breakdown by age,Total,Percentage of population,Not Applicable,Not Applicable,Not Applicable,Not Applicable,Ratio,Two,World Development Indicators (WDI),Annual,Units,Normal value,Public,,,,,,,,,3.9,2.070949316,2.5,2.8,3.1,3.4,3.7,3.2,2.7,4.7,4.8,5.4,5.3,6.2,6.5,6.9,7,7.9,8.5,9.3,9.5,9.8,9.1,10.2,10.3,11.6
datastructure,WB.DATA360:DS_DATA360(1.3),I,A,YEM,WB_WDI_EG_ELC_ACCS_ZS,_T,_T,_T,PT_POP,_Z,_Z,_Z,_Z,RATIO,2,WB_WDI,P1Y,0,A,PU,Annual,"Yemen, Rep.",Access to electricity (% of population),Total,All age ranges or no breakdown by age,Total,Percentage of population,Not Applicable,Not Applicable,Not Applicable,Not Applicable,Ratio,Two,World Development Indicators (WDI),Annual,Units,Normal value,Public,,,44.1,40.77471542,41.98513412,43.19351196,44.39916992,42.6,46.79961014,47.99294662,49.2,50.4,51.5,52.6,49.6,54.8,55.8,57.2,58.4,59.6,60.8,62,52.4,75.6,66.1,67.4,68.9,79.2,62,72.8,73.9,74.9,76,83.6
datastructure,WB.DATA360:DS_DATA360(1.3),I,A,STP,WB_WDI_EG_ELC_ACCS_ZS,_T,_T,_T,PT_POP,_Z,_Z,_Z,_Z,RATIO,2,WB_WDI,P1Y,0,A,PU,Annual,São Tomé and Príncipe,Access to electricity (% of population),Total,All age ranges or no breakdown by age,Total,Percentage of population,Not Applicable,Not Applicable,Not Applicable,Not Applicable,Ratio,Two,World Development Indicators (WDI),Annual,Units,Normal value,Public,,,,,,,,,,,52.9,51.5,52.5,53.6,54.7,55.8,56.9,58,59.1,56.9,61.4,62.6,57.9,65,68.6,67.3,69.4,74.3,71,75.1,76.8,78.5,78,81.3
datastructure,WB.DATA360:DS_DATA360(1.3),I,A,VNM,WB_WDI_EG_ELC_ACCS_ZS,_T,_T,_T,PT_POP,_Z,_Z,_Z,_Z,RATIO,2,WB_WDI,P1Y,0,A,PU,Annual,Vietnam,Access to electricity (% of population),Total,All age ranges or no breakdown by age,Total,Percentage of population,Not Applicable,Not Applicable,Not Applicable,Not Applicable,Ratio,Two,World Development Indicators (WDI),Annual,Units,Normal value,Public,,,,,,,,78.4,86.17598724,86.99443817,88.2,88.9,89.1,90.3,91,96.1,96,93.1,93.8,96.1,97.4,99,97.9,98.5,99.2,99.3,99.2,100,100,99.4,99.8,100,100,99.8
datastructure,WB.DATA360:DS_DATA360(1.3),I,A,LTE,WB_WDI_EG_ELC_ACCS_ZS,_T,_T,_T,PT_POP,_Z,_Z,_Z,_Z,RATIO,2,WB_WDI,P1Y,0,A,PU,Annual,Late-demographic dividend,Access to electricity (% of population),Total,All age ranges or no breakdown by age,Total,Percentage of population,Not Applicable,Not Applicable,Not Applicable,Not Applicable,Ratio,Two,World Development Indicators (WDI),Annual,Units,Normal value,Public,,,,,,,,,,,95.25130388870957,95.91349852469531,96.25370745256878,96.45572274819146,96.7359835,97.16645972058791,97.88947006995541,97.62867501028127,97.99492634723043,97.68878294746752,98.35251143947237,98.62602183753873,98.71218892125074,98.89796745,99.00433942384235,98.78022173060467,99.11634969226034,99.27211230749647,99.28067635932378,99.32897712323391,99.38685899907544,99.41161816,99.47711483033822,99.45709638127597
datastructure,WB.DATA360:DS_DATA360(1.3),I,A,UGA,WB_WDI_EG_ELC_ACCS_ZS,_T,_T,_T,PT_POP,_Z,_Z,_Z,_Z,RATIO,2,WB_WDI,P1Y,0,A,PU,Annual,Uganda,Access to electricity (% of population),Total,All age ranges or no breakdown by age,Total,Percentage of population,Not Applicable,Not Applicable,Not Applicable,Not Applicable,Ratio,Two,World Development Indicators (WDI),Annual,Units,Normal value,Public,,5.6,,,0.533898532,6.8,2.811104298,3.94494772,5.0747118,6.199634075,7.4,8.6,7.8,10.5,11.6,8.9,9,14.8,15.9,10,12.1,14.6,20.5,13.9,20.4,18.5,26.7,32.4,41.9,41.3,42.1,45.2,47.1,51.5
datastructure,WB.DATA360:DS_DATA360(1.3),I,A,UKR,WB_WDI_EG_ELC_ACCS_ZS,_T,_T,_T,PT_POP,_Z,_Z,_Z,_Z,RATIO,2,WB_WDI,P1Y,0,A,PU,Annual,Ukraine,Access to electricity (% of population),Total,All age ranges or no breakdown by age,Total,Percentage of population,Not Applicable,Not Applicable,Not Applicable,Not Applicable,Ratio,Two,World Development Indicators (WDI),Annual,Units,Normal value,Public,100,100,100,100,100,100,100,100,100,100,99.1,99.2,99.3,99.3,99.4,99.9,99.5,99.8,99.8,99.9,100,100,99.9,100,100,100,100,100,100,100,100,100,100,100
datastructure,WB.DATA360:DS_DATA360(1.3),I,A,VCT,WB_WDI_EG_ELC_ACCS_ZS,_T,_T,_T,PT_POP,_Z,_Z,_Z,_Z,RATIO,2,WB_WDI,P1Y,0,A,PU,Annual,St. Vincent and the Grenadines,Access to electricity (% of population),Total,All age ranges or no breakdown by age,Total,Percentage of population,Not Applicable,Not Applicable,Not Applicable,Not Applicable,Ratio,Two,World Development Indicators (WDI),Annual,Units,Normal value,Public,,66.8,69.11443329,70.46484375,71.81389618,73.16090393,74.50520325,75.84609222,77.1829071,78.51487732,80,82.4,82.4,83.7,84.9,86.2,87.5,88.8,90.1,91.4,92.7,94.1,95.4,96.8,98.1,99.4,99.7,100,100,100,100,100,100,100
datastructure,WB.DATA360:DS_DATA360(1.3),I,A,ECS,WB_WDI_EG_ELC_ACCS_ZS,_T,_T,_T,PT_POP,_Z,_Z,_Z,_Z,RATIO,2,WB_WDI,P1Y,0,A,PU,Annual,Europe & Central Asia,Access to electricity (% of population),Total,All age ranges or no breakdown by age,Total,Percentage of population,Not Applicable,Not Applicable,Not Applicable,Not Applicable,Ratio,Two,World Development Indicators (WDI),Annual,Units,Normal value,Public,100,100,100,100,100,99.99775493014293,99.97059308221894,99.96458507839255,99.96677713656275,99.86935334234505,99.11530706135353,99.16555077,99.20394167104094,99.21303259956926,99.23900735010079,99.27990043497388,99.30135947881621,99.36308035647052,99.40809614062829,99.46616857666567,99.66544251266261,99.66390276466767,99.82819162281554,99.84952137268729,99.87613710743268,99.16778025935793,99.82899021677531,99.96414870374095,99.97078339194626,99.95345237812052,99.97602742931824,99.98819311723919,99.99773155308777,100
datastructure,WB.DATA360:DS_DATA360(1.3),I,A,LTU,WB_WDI_EG_ELC_ACCS_ZS,_T,_T,_T,PT_POP,_Z,_Z,_Z,_Z,RATIO,2,WB_WDI,P1Y,0,A,PU,Annual,Lithuania,Access to electricity (% of population),Total,All age ranges or no breakdown by age,Total,Percentage of population,Not Applicable,Not Applicable,Not Applicable,Not Applicable,Ratio,Two,World Development Indicators (WDI),Annual,Units,Normal value,Public,100,100,100,100,100,100,100,100,100,100,99.5,99.5,99.4,99.4,99.4,99.4,99.4,99.4,99.4,99.5,99.7,99.7,100,100,100,100,100,100,100,100,100,100,100,100
datastructure,WB.DATA360:DS_DATA360(1.3),I,A,AND,WB_WDI_EG_ELC_ACCS_ZS,_T,_T,_T,PT_POP,_Z,_Z,_Z,_Z,RATIO,2,WB_WDI,P1Y,0,A,PU,Annual,Andorra,Access to electricity (% of population),Total,All age ranges or no breakdown by age,Total,Percentage of population,Not Applicable,Not Applicable,Not Applicable,Not Applicable,Ratio,Two,World Development Indicators (WDI),Annual,Units,Normal value,Public,100,100,100,100,100,100,100,100,100,100,100,100,100,100,100,100,100,100,100,100,100,100,100,100,100,100,100,100,100,100,100,100,100,100
datastructure,WB.DATA360:DS_DATA360(1.3),I,A,LAC,WB_WDI_EG_ELC_ACCS_ZS,_T,_T,_T,PT_POP,_Z,_Z,_Z,_Z,RATIO,2,WB_WDI,P1Y,0,A,PU,Annual,Latin America & Caribbean (excluding high income),Access to electricity (% of population),Total,All age ranges or no breakdown by age,Total,Percentage of population,Not Applicable,Not Applicable,Not Applicable,Not Applicable,Ratio,Two,World Development Indicators (WDI),Annual,Units,Normal value,Public,,,87.87748739,88.54797443897361,89.53974215027709,87.73701130659083,88.83429014509736,89.29296778414748,89.95603006309808,90.62119819527629,91.07529334575688,91.69044050301517,92.04235966776123,92.26455256116016,92.68995954523403,93.04014702185003,93.76850694234192,94.06630553102973,94.89113897211675,95.06605503,95.56561402417535,95.91367199671643,96.28823838791928,96.62727233,96.78214938719748,97.04448425432071,97.27837252,97.54945200014964,97.55502357986943,97.83219501533999,97.98577748,98.12108756801831,98.46260207162169,98.26874434236244
datastructure,WB.DATA360:DS_DATA360(1.3),I,A,NOR,WB_WDI_EG_ELC_ACCS_ZS,_T,_T,_T,PT_POP,_Z,_Z,_Z,_Z,RATIO,2,WB_WDI,P1Y,0,A,PU,Annual,Norway,Access to electricity (% of population),Total,All age ranges or no breakdown by age,Total,Percentage of population,Not Applicable,Not Applicable,Not Applicable,Not Applicable,Ratio,Two,World Development Indicators (WDI),Annual,Units,Normal value,Public,100,100,100,100,100,100,100,100,100,100,100,100,100,100,100,100,100,100,100,100,100,100,100,100,100,100,100,100,100,100,100,100,100,100
datastructure,WB.DATA360:DS_DATA360(1.3),I,A,GRL,WB_WDI_EG_ELC_ACCS_ZS,_T,_T,_T,PT_POP,_Z,_Z,_Z,_Z,RATIO,2,WB_WDI,P1Y,0,A,PU,Annual,Greenland,Access to electricity (% of population),Total,All age ranges or no breakdown by age,Total,Percentage of population,Not Applicable,Not Applicable,Not Applicable,Not Applicable,Ratio,Two,World Development Indicators (WDI),Annual,Units,Normal value,Public,100,100,100,100,100,100,100,100,100,100,100,100,100,100,100,100,100,100,100,100,100,100,100,100,100,100,100,100,100,100,100,100,100,100
datastructure,WB.DATA360:DS_DATA360(1.3),I,A,OSS,WB_WDI_EG_ELC_ACCS_ZS,_T,_T,_T,PT_POP,_Z,_Z,_Z,_Z,RATIO,2,WB_WDI,P1Y,0,A,PU,Annual,Other small states,Access to electricity (% of population),Total,All age ranges or no breakdown by age,Total,Percentage of population,Not Applicable,Not Applicable,Not Applicable,Not Applicable,Ratio,Two,World Development Indicators (WDI),Annual,Units,Normal value,Public,,,,,,,,,,,71.11939342913402,72.86553764,72.12594486221275,73.16953701118753,74.52604160288742,75.79847568341667,76.18270983738678,77.65738509361051,78.46626410338556,78.92121986,79.84327785569828,82.37631690434549,83.21596630449172,84.06874577958625,85.54369196459382,86.45203304818689,87.85440413104443,89.32800268771487,90.47245307416804,91.80355131332618,92.83849850044288,93.85607282124728,93.96053178,94.49546922
datastructure,WB.DATA360:DS_DATA360(1.3),I,A,GRD,WB_WDI_EG_ELC_ACCS_ZS,_T,_T,_T,PT_POP,_Z,_Z,_Z,_Z,RATIO,2,WB_WDI,P1Y,0,A,PU,Annual,Grenada,Access to electricity (% of population),Total,All age ranges or no breakdown by age,Total,Percentage of population,Not Applicable,Not Applicable,Not Applicable,Not Applicable,Ratio,Two,World Development Indicators (WDI),Annual,Units,Normal value,Public,,,,,,,,,85.04,85.52946472,86,86.3,86.6,86.9,87.2,87.5,87.9,88.2,90,89,89.4,88.8,90.2,90.6,91,91.4,91.8,92.2,92.3,93,93.4,93.7,94.2,94.4
datastructure,WB.DATA360:DS_DATA360(1.3),I,A,SSA,WB_WDI_EG_ELC_ACCS_ZS,_T,_T,_T,PT_POP,_Z,_Z,_Z,_Z,RATIO,2,WB_WDI,P1Y,0,A,PU,Annual,Sub-Saharan Africa (excluding high income),Access to electricity (% of population),Total,All age ranges or no breakdown by age,Total,Percentage of population,Not Applicable,Not Applicable,Not Applicable,Not Applicable,Ratio,Two,World Development Indicators (WDI),Annual,Units,Normal value,Public,,,,,,,28.50055147246515,28.352846515667462,28.549224489137146,30.12928047050076,27.143926478685017,27.942173770400778,29.062715175680495,31.400376202270657,30.965894688278155,31.087934812203663,32.62793505,33.882087411313535,33.56542412792049,33.62356091127309,34.21042533040895,37.34858160350985,37.64724678089276,38.841574495402405,39.60594587344543,40.34340266375897,43.92947423,43.69661063356473,46.59412220628366,47.10162239722353,48.25085173321989,50.25017323,51.14899340485375,53.0069668
datastructure,WB.DATA360:DS_DATA360(1.3),I,A,BWA,WB_WDI_EG_ELC_ACCS_ZS,_T,_T,_T,PT_POP,_Z,_Z,_Z,_Z,RATIO,2,WB_WDI,P1Y,0,A,PU,Annual,Botswana,Access to electricity (% of population),Total,All age ranges or no breakdown by age,Total,Percentage of population,Not Applicable,Not Applicable,Not Applicable,Not Applicable,Ratio,Two,World Development Indicators (WDI),Annual,Units,Normal value,Public,,10.1,9.398226738,11.64207649,13.88456631,16.12501717,18.36274719,20.59707832,22.82732964,25.0527401,26.5,24.8,27,33.1,35.3,37.5,39.7,41.9,44.5,43.4,52,53.2,56,58,60,62.1,64.2,67.4,68.3,70.1,71.8,73.7,75.9,76
datastructure,WB.DATA360:DS_DATA360(1.3),I,A,MYS,WB_WDI_EG_ELC_ACCS_ZS,_T,_T,_T,PT_POP,_Z,_Z,_Z,_Z,RATIO,2,WB_WDI,P1Y,0,A,PU,Annual,Malaysia,Access to electricity (% of population),Total,All age ranges or no breakdown by age,Total,Percentage of population,Not Applicable,Not Applicable,Not Applicable,Not Applicable,Ratio,Two,World Development Indicators (WDI),Annual,Units,Normal value,Public,,,,,,,,,,,98.6,98.6,98.6,98.7,98.7,98.7,98.8,98.9,99,99.3,99.5,99.5,99.8,99.6,99.7,99.9,99.9,100,100,100,100,100,100,100
datastructure,WB.DATA360:DS_DATA360(1.3),I,A,KWT,WB_WDI_EG_ELC_ACCS_ZS,_T,_T,_T,PT_POP,_Z,_Z,_Z,_Z,RATIO,2,WB_WDI,P1Y,0,A,PU,Annual,Kuwait,Access to electricity (% of population),Total,All age ranges or no breakdown by age,Total,Percentage of population,Not Applicable,Not Applicable,Not Applicable,Not Applicable,Ratio,Two,World Development Indicators (WDI),Annual,Units,Normal value,Public,100,100,100,100,100,100,100,100,100,100,100,100,100,100,100,100,100,100,100,100,100,100,100,100,100,100,100,100,100,100,100,100,100,100
datastructure,WB.DATA360:DS_DATA360(1.3),I,A,AUT,WB_WDI_EG_ELC_ACCS_ZS,_T,_T,_T,PT_POP,_Z,_Z,_Z,_Z,RATIO,2,WB_WDI,P1Y,0,A,PU,Annual,Austria,Access to electricity (% of population),Total,All age ranges or no breakdown by age,Total,Percentage of population,Not Applicable,Not Applicable,Not Applicable,Not Applicable,Ratio,Two,World Development Indicators (WDI),Annual,Units,Normal value,Public,100,100,100,100,100,100,100,100,100,100,100,100,100,100,100,100,100,100,100,100,100,100,100,100,100,100,100,100,100,100,100,100,100,100
datastructure,WB.DATA360:DS_DATA360(1.3),I,A,ETH,WB_WDI_EG_ELC_ACCS_ZS,_T,_T,_T,PT_POP,_Z,_Z,_Z,_Z,RATIO,2,WB_WDI,P1Y,0,A,PU,Annual,Ethiopia,Access to electricity (% of population),Total,All age ranges or no breakdown by age,Total,Percentage of population,Not Applicable,Not Applicable,Not Applicable,Not Applicable,Ratio,Two,World Development Indicators (WDI),Annual,Units,Normal value,Public,,,,,,,,,,,12.7,10.2,11.9,13.5,15.2,14,18.6,20.3,22,23.7,25.5,23,29,30.8,27.2,29,42.9,44.3,44.8,48,51.1,54.2,55.4,55.4
datastructure,WB.DATA360:DS_DATA360(1.3),I,A,MOZ,WB_WDI_EG_ELC_ACCS_ZS,_T,_T,_T,PT_POP,_Z,_Z,_Z,_Z,RATIO,2,WB_WDI,P1Y,0,A,PU,Annual,Mozambique,Access to electricity (% of population),Total,All age ranges or no breakdown by age,Total,Percentage of population,Not Applicable,Not Applicable,Not Applicable,Not Applicable,Ratio,Two,World Development Indicators (WDI),Annual,Units,Normal value,Public,,,,,,,,6.6,3.663175583,4.879123688,6.1,5.7,8.4,8.1,10.7,11.8,13,12.4,13.6,15,18.9,20.2,21.2,22.4,24.8,24,26.2,24.3,31.1,29.7,30.6,31.5,33.2,36
datastructure,WB.DATA360:DS_DATA360(1.3),I,A,BOL,WB_WDI_EG_ELC_ACCS_ZS,_T,_T,_T,PT_POP,_Z,_Z,_Z,_Z,RATIO,2,WB_WDI,P1Y,0,A,PU,Annual,Bolivia,Access to electricity (% of population),Total,All age ranges or no breakdown by age,Total,Percentage of population,Not Applicable,Not Applicable,Not Applicable,Not Applicable,Ratio,Two,World Development Indicators (WDI),Annual,Units,Normal value,Public,,,60.0279007,61.38402939,64.1,64.09152985,71,67.330431,71.2,70.929888,70,69.3,64,72.3,75.9,68.3,76.2,80.2,84.7,86.8,88,88.3,90.4,89.5,90,91.5,91.8,91.8,92.8,95.1,97.2,98.6,99.9,99.8
datastructure,WB.DATA360:DS_DATA360(1.3),I,A,CIV,WB_WDI_EG_ELC_ACCS_ZS,_T,_T,_T,PT_POP,_Z,_Z,_Z,_Z,RATIO,2,WB_WDI,P1Y,0,A,PU,Annual,Côte d’Ivoire,Access to electricity (% of population),Total,All age ranges or no breakdown by age,Total,Percentage of population,Not Applicable,Not Applicable,Not Applicable,Not Applicable,Ratio,Two,World Development Indicators (WDI),Annual,Units,Normal value,Public,,,,,36.5,43.63125229,44.64821243,45.66176987,46.67124557,48.2,48.7,49.7,51.4,51.5,52.4,58.9,60.2,55.3,60.3,57.3,58.4,55.8,55.8,61.5,61.9,62.6,64.3,65.6,67.1,68.6,69.9,71.1,72,72.4
datastructure,WB.DATA360:DS_DATA360(1.3),I,A,PRT,WB_WDI_EG_ELC_ACCS_ZS,_T,_T,_T,PT_POP,_Z,_Z,_Z,_Z,RATIO,2,WB_WDI,P1Y,0,A,PU,Annual,Portugal,Access to electricity (% of population),Total,All age ranges or no breakdown by age,Total,Percentage of population,Not Applicable,Not Applicable,Not Applicable,Not Applicable,Ratio,Two,World Development Indicators (WDI),Annual,Units,Normal value,Public,100,100,100,100,100,100,100,100,100,100,100,100,100,100,100,100,100,100,100,100,100,100,100,100,100,100,100,100,100,100,100,100,100,100
datastructure,WB.DATA360:DS_DATA360(1.3),I,A,HTI,WB_WDI_EG_ELC_ACCS_ZS,_T,_T,_T,PT_POP,_Z,_Z,_Z,_Z,RATIO,2,WB_WDI,P1Y,0,A,PU,Annual,Haiti,Access to electricity (% of population),Total,All age ranges or no breakdown by age,Total,Percentage of population,Not Applicable,Not Applicable,Not Applicable,Not Applicable,Ratio,Two,World Development Indicators (WDI),Annual,Units,Normal value,Public,,,,,,31.3,30.01301765,30.55703735,31.09697533,31.63207245,33.7,31.5,33.1,31.6,34.1,34.5,33.9,35.5,36.1,36.6,37.2,37.8,37.9,38.9,39.6,40.8,40.4,43.3,44.4,45.4,46.3,47.2,49.3,51.3
datastructure,WB.DATA360:DS_DATA360(1.3),I,A,AFG,WB_WDI_EG_ELC_ACCS_ZS,_T,_T,_T,PT_POP,_Z,_Z,_Z,_Z,RATIO,2,WB_WDI,P1Y,0,A,PU,Annual,Afghanistan,Access to electricity (% of population),Total,All age ranges or no breakdown by age,Total,Percentage of population,Not Applicable,Not Applicable,Not Applicable,Not Applicable,Ratio,Two,World Development Indicators (WDI),Annual,Units,Normal value,Public,,,,,,,,,,,4.4,9.3,14.1,19,23.8,28.7,33.5,38.4,42.4,48.3,42.7,43.2,69.1,68,89.5,71.5,97.7,97.7,93.4,97.7,97.7,97.7,85.3,85.3
datastructure,WB.DATA360:DS_DATA360(1.3),I,A,MCO,WB_WDI_EG_ELC_ACCS_ZS,_T,_T,_T,PT_POP,_Z,_Z,_Z,_Z,RATIO,2,WB_WDI,P1Y,0,A,PU,Annual,Monaco,Access to electricity (% of population),Total,All age ranges or no breakdown by age,Total,Percentage of population,Not Applicable,Not Applicable,Not Applicable,Not Applicable,Ratio,Two,World Development Indicators (WDI),Annual,Units,Normal value,Public,100,100,100,100,100,100,100,100,100,100,100,100,100,100,100,100,100,100,100,100,100,100,100,100,100,100,100,100,100,100,100,100,100,100
datastructure,WB.DATA360:DS_DATA360(1.3),I,A,BRA,WB_WDI_EG_ELC_ACCS_ZS,_T,_T,_T,PT_POP,_Z,_Z,_Z,_Z,RATIO,2,WB_WDI,P1Y,0,A,PU,Annual,Brazil,Access to electricity (% of population),Total,All age ranges or no breakdown by age,Total,Percentage of population,Not Applicable,Not Applicable,Not Applicable,Not Applicable,Ratio,Two,World Development Indicators (WDI),Annual,Units,Normal value,Public,87.475116,90.60654449,88.803833,89.999927,91.88372803,91.728598,92.867095,93.354139,94.193812,94.76296,94.4,96,96.7,97,96.8,97.1,97.6,98.1,98.5,98.9,98.6,99.3,99.5,99.6,99.7,99.7,99.7,99.8,99.7,99.8,99.7,99.5,100,99.8
datastructure,WB.DATA360:DS_DATA360(1.3),I,A,MDG,WB_WDI_EG_ELC_ACCS_ZS,_T,_T,_T,PT_POP,_Z,_Z,_Z,_Z,RATIO,2,WB_WDI,P1Y,0,A,PU,Annual,Madagascar,Access to electricity (% of population),Total,All age ranges or no breakdown by age,Total,Percentage of population,Not Applicable,Not Applicable,Not Applicable,Not Applicable,Ratio,Two,World Development Indicators (WDI),Annual,Units,Normal value,Public,,,9.2,10.10562325,10.56164837,11.01563454,11.46690083,10.9,12.35855484,12.79750061,12.6,14.8,14,20.3,15.3,16,16.8,17.5,18.3,17.4,12.3,14.3,18.7,12.9,23,23.8,22.9,24.1,36.5,31,32,35.1,36.1,39.4
datastructure,WB.DATA360:DS_DATA360(1.3),I,A,KOR,WB_WDI_EG_ELC_ACCS_ZS,_T,_T,_T,PT_POP,_Z,_Z,_Z,_Z,RATIO,2,WB_WDI,P1Y,0,A,PU,Annual,"Korea, Rep.",Access to electricity (% of population),Total,All age ranges or no breakdown by age,Total,Percentage of population,Not Applicable,Not Applicable,Not Applicable,Not Applicable,Ratio,Two,World Development Indicators (WDI),Annual,Units,Normal value,Public,99.88284302,99.91267395,99.94221497,99.96943665,99.98912048,100,100,100,100,100,100,100,100,100,100,100,100,100,100,100,100,100,100,100,100,100,100,100,100,100,100,100,100,100
datastructure,WB.DATA360:DS_DATA360(1.3),I,A,LBR,WB_WDI_EG_ELC_ACCS_ZS,_T,_T,_T,PT_POP,_Z,_Z,_Z,_Z,RATIO,2,WB_WDI,P1Y,0,A,PU,Annual,Liberia,Access to electricity (% of population),Total,All age ranges or no breakdown by age,Total,Percentage of population,Not Applicable,Not Applicable,Not Applicable,Not Applicable,Ratio,Two,World Development Indicators (WDI),Annual,Units,Normal value,Public,,,,,,,,,,,,,,,,,,3,1.3,1.9,5.3,4.1,9.3,9.8,9.4,15.2,17.7,24.2,22.8,23.1,27.6,29.8,31.8,32.5
datastructure,WB.DATA360:DS_DATA360(1.3),I,A,CEB,WB_WDI_EG_ELC_ACCS_ZS,_T,_T,_T,PT_POP,_Z,_Z,_Z,_Z,RATIO,2,WB_WDI,P1Y,0,A,PU,Annual,Central Europe and the Baltics,Access to electricity (% of population),Total,All age ranges or no breakdown by age,Total,Percentage of population,Not Applicable,Not Applicable,Not Applicable,Not Applicable,Ratio,Two,World Development Indicators (WDI),Annual,Units,Normal value,Public,100,100,100,100,100,100,100,100,100,100,97.92626353295941,98.02353797357368,98.14155832038166,98.19079689504164,98.26792983008005,98.32069984102795,98.42428178081595,98.52764464,98.66885654612499,98.85866011866835,98.96442715450975,99.06829872237456,99.20283568974175,99.30847738413055,99.41076946216302,99.53847098632986,99.64591383,99.87368668,99.87637589835262,99.94803496267986,99.98058396496997,99.98701211822892,100,100
datastructure,WB.DATA360:DS_DATA360(1.3),I,A,MWI,WB_WDI_EG_ELC_ACCS_ZS,_T,_T,_T,PT_POP,_Z,_Z,_Z,_Z,RATIO,2,WB_WDI,P1Y,0,A,PU,Annual,Malawi,Access to electricity (% of population),Total,All age ranges or no breakdown by age,Total,Percentage of population,Not Applicable,Not Applicable,Not Applicable,Not Applicable,Ratio,Two,World Development Indicators (WDI),Annual,Units,Normal value,Public,,,3.2,1.553555846,2.013661385,2.471727133,2.927073479,3.379020214,3.826887608,4.26991272,4.8,5.2,5.6,6.2,6.9,6.6,3.7,7.4,7.8,8.3,8.7,7.6,7.4,9,11.9,10.8,11,12.7,18,11.2,11.5,14.2,14,15.6
datastructure,WB.DATA360:DS_DATA360(1.3),I,A,ZMB,WB_WDI_EG_ELC_ACCS_ZS,_T,_T,_T,PT_POP,_Z,_Z,_Z,_Z,RATIO,2,WB_WDI,P1Y,0,A,PU,Annual,Zambia,Access to electricity (% of population),Total,All age ranges or no breakdown by age,Total,Percentage of population,Not Applicable,Not Applicable,Not Applicable,Not Applicable,Ratio,Two,World Development Indicators (WDI),Annual,Units,Normal value,Public,13.9,12.75270271,19.2,14.21320724,14.94175911,15.66827202,17.3,17.11245918,19,18.54024506,16.7,20.2,17.4,18.5,20.3,23.3,24.1,18.5,25.7,26.6,22,28.3,29.2,30.1,27.9,31.1,35.4,40.3,40.2,43,44.6,46.7,47.8,51.1
datastructure,WB.DATA360:DS_DATA360(1.3),I,A,NAM,WB_WDI_EG_ELC_ACCS_ZS,_T,_T,_T,PT_POP,_Z,_Z,_Z,_Z,RATIO,2,WB_WDI,P1Y,0,A,PU,Annual,Namibia,Access to electricity (% of population),Total,All age ranges or no breakdown by age,Total,Percentage of population,Not Applicable,Not Applicable,Not Applicable,Not Applicable,Ratio,Two,World Development Indicators (WDI),Annual,Units,Normal value,Public,,,26.4,27,28.93258858,29.95214844,30.96898842,31.9824295,32.99179077,33.99631119,36.5,36,36.9,37.8,38.7,39.6,40.5,43.7,42.4,44.1,44.4,42.3,46.4,47.4,48.4,51.6,49.7,52.5,52.3,53.3,52.3,55.2,56.2,56.7
datastructure,WB.DATA360:DS_DATA360(1.3),I,A,MNE,WB_WDI_EG_ELC_ACCS_ZS,_T,_T,_T,PT_POP,_Z,_Z,_Z,_Z,RATIO,2,WB_WDI,P1Y,0,A,PU,Annual,Montenegro,Access to electricity (% of population),Total,All age ranges or no breakdown by age,Total,Percentage of population,Not Applicable,Not Applicable,Not Applicable,Not Applicable,Ratio,Two,World Development Indicators (WDI),Annual,Units,Normal value,Public,100,100,100,100,100,100,100,100,100,100,99.1,99.1,99,99,99,99.8,99,99,99,99.1,99.2,99,99.3,99.7,97.7,99.5,99.6,100,100,100,99.9,99.8,100,100
datastructure,WB.DATA360:DS_DATA360(1.3),I,A,NRU,WB_WDI_EG_ELC_ACCS_ZS,_T,_T,_T,PT_POP,_Z,_Z,_Z,_Z,RATIO,2,WB_WDI,P1Y,0,A,PU,Annual,Nauru,Access to electricity (% of population),Total,All age ranges or no breakdown by age,Total,Percentage of population,Not Applicable,Not Applicable,Not Applicable,Not Applicable,Ratio,Two,World Development Indicators (WDI),Annual,Units,Normal value,Public,98.99908447,99.04130554,99.0834198,99.12485504,99.16492462,99.20295715,99.23826599,99.27017975,99.29801178,99.32100677,99.1,99,99,99,99,99,99,99.8,99.1,99.1,99.2,99,99.4,99.4,99.5,99,99.7,99.8,99.9,100,100,100,100,100
datastructure,WB.DATA360:DS_DATA360(1.3),I,A,URY,WB_WDI_EG_ELC_ACCS_ZS,_T,_T,_T,PT_POP,_Z,_Z,_Z,_Z,RATIO,2,WB_WDI,P1Y,0,A,PU,Annual,Uruguay,Access to electricity (% of population),Total,All age ranges or no breakdown by age,Total,Percentage of population,Not Applicable,Not Applicable,Not Applicable,Not Applicable,Ratio,Two,World Development Indicators (WDI),Annual,Units,Normal value,Public,,,96.18231201,96.36306,96.54244995,96.71979523,95.9,97.06565094,97.23280334,97.39511108,97.6,97.7,97.8,97.9,98,98,98.5,98.7,98.8,99.1,99.3,99.2,99.6,99.6,99.7,99.7,99.7,99.8,99.8,99.9,100,100,100,100
datastructure,WB.DATA360:DS_DATA360(1.3),I,A,PAK,WB_WDI_EG_ELC_ACCS_ZS,_T,_T,_T,PT_POP,_Z,_Z,_Z,_Z,RATIO,2,WB_WDI,P1Y,0,A,PU,Annual,Pakistan,Access to electricity (% of population),Total,All age ranges or no breakdown by age,Total,Percentage of population,Not Applicable,Not Applicable,Not Applicable,Not Applicable,Ratio,Two,World Development Indicators (WDI),Annual,Units,Normal value,Public,,,,,,,,,70.46,70.26535034,72.8,73.9,74.9,76,77,78.1,79.1,80.2,81.4,82.5,87.1,87.8,88.6,89.3,90.1,91,91.8,92.7,93.4,93.9,94.5,94.9,95,95.6
datastructure,WB.DATA360:DS_DATA360(1.3),I,A,XKX,WB_WDI_EG_ELC_ACCS_ZS,_T,_T,_T,PT_POP,_Z,_Z,_Z,_Z,RATIO,2,WB_WDI,P1Y,0,A,PU,Annual,Kosovo,Access to electricity (% of population),Total,All age ranges or no breakdown by age,Total,Percentage of population,Not Applicable,Not Applicable,Not Applicable,Not Applicable,Ratio,Two,World Development Indicators (WDI),Annual,Units,Normal value,Public,100,100,100,100,100,100,100,100,100,100,,,,,,,,,,,,,,,,,,,,,,,,
datastructure,WB.DATA360:DS_DATA360(1.3),I,A,COM,WB_WDI_EG_ELC_ACCS_ZS,_T,_T,_T,PT_POP,_Z,_Z,_Z,_Z,RATIO,2,WB_WDI,P1Y,0,A,PU,Annual,Comoros,Access to electricity (% of population),Total,All age ranges or no breakdown by age,Total,Percentage of population,Not Applicable,Not Applicable,Not Applicable,Not Applicable,Ratio,Two,World Development Indicators (WDI),Annual,Units,Normal value,Public,,,,,,,28.9,32.76241302,35.0945282,37.42180252,39.8,42,44.8,46.5,48.7,51,53.2,55.5,57.8,60.1,69.7,69.3,69.3,69.4,71.8,74.1,76.4,78.7,81,83.3,85.6,87.9,89.9,89.8
datastructure,WB.DATA360:DS_DATA360(1.3),I,A,BEL,WB_WDI_EG_ELC_ACCS_ZS,_T,_T,_T,PT_POP,_Z,_Z,_Z,_Z,RATIO,2,WB_WDI,P1Y,0,A,PU,Annual,Belgium,Access to electricity (% of population),Total,All age ranges or no breakdown by age,Total,Percentage of population,Not Applicable,Not Applicable,Not Applicable,Not Applicable,Ratio,Two,World Development Indicators (WDI),Annual,Units,Normal value,Public,100,100,100,100,100,100,100,100,100,100,100,100,100,100,100,100,100,100,100,100,100,100,100,100,100,100,100,100,100,100,100,100,100,100
datastructure,WB.DATA360:DS_DATA360(1.3),I,A,HIC,WB_WDI_EG_ELC_ACCS_ZS,_T,_T,_T,PT_POP,_Z,_Z,_Z,_Z,RATIO,2,WB_WDI,P1Y,0,A,PU,Annual,High income,Access to electricity (% of population),Total,All age ranges or no breakdown by age,Total,Percentage of population,Not Applicable,Not Applicable,Not Applicable,Not Applicable,Ratio,Two,World Development Indicators (WDI),Annual,Units,Normal value,Public,99.84104862966568,99.87713769211541,99.86621603,99.85919054187504,99.86232890355276,99.86733971,99.86455366457042,99.87644161858084,99.89073897569017,99.88575405523864,99.44164311112395,99.46644306818575,99.48632943665066,99.52842538587346,99.52318915668164,99.53323292249382,99.58442441361878,99.59444638127846,99.62510481407102,99.67243651052252,99.78185106769055,99.78442760682088,99.89514469,99.89873845999182,99.91720744035467,99.44125600884726,99.87493992413584,99.95972176674734,99.96265106936936,99.94960968,99.96830597728855,99.97989093547845,99.97979975,99.98840021412086
datastructure,WB.DATA360:DS_DATA360(1.3),I,A,NCL,WB_WDI_EG_ELC_ACCS_ZS,_T,_T,_T,PT_POP,_Z,_Z,_Z,_Z,RATIO,2,WB_WDI,P1Y,0,A,PU,Annual,New Caledonia,Access to electricity (% of population),Total,All age ranges or no breakdown by age,Total,Percentage of population,Not Applicable,Not Applicable,Not Applicable,Not Applicable,Ratio,Two,World Development Indicators (WDI),Annual,Units,Normal value,Public,99.84430695,99.87581635,99.90686798,99.93725586,99.96508026,100,100,100,100,100,100,100,100,100,100,100,100,100,100,100,100,100,100,100,100,100,100,100,100,100,100,100,100,100
datastructure,WB.DATA360:DS_DATA360(1.3),I,A,KHM,WB_WDI_EG_ELC_ACCS_ZS,_T,_T,_T,PT_POP,_Z,_Z,_Z,_Z,RATIO,2,WB_WDI,P1Y,0,A,PU,Annual,Cambodia,Access to electricity (% of population),Total,All age ranges or no breakdown by age,Total,Percentage of population,Not Applicable,Not Applicable,Not Applicable,Not Applicable,Ratio,Two,World Development Indicators (WDI),Annual,Units,Normal value,Public,,,,,,,,,18.67,8.820036888,16.6,9.5,13.1,19.3,14.2,20.5,27.5,20.2,26.4,25.6,31.1,37.4,42.3,50.9,56.1,62.7,68.8,89.1,80.7,84,86.4,82.5,92.3,95
datastructure,WB.DATA360:DS_DATA360(1.3),I,A,JOR,WB_WDI_EG_ELC_ACCS_ZS,_T,_T,_T,PT_POP,_Z,_Z,_Z,_Z,RATIO,2,WB_WDI,P1Y,0,A,PU,Annual,Jordan,Access to electricity (% of population),Total,All age ranges or no breakdown by age,Total,Percentage of population,Not Applicable,Not Applicable,Not Applicable,Not Applicable,Ratio,Two,World Development Indicators (WDI),Annual,Units,Normal value,Public,96.8,97.85468292,97.97486115,98.09436035,98.21250153,98.32859802,98.44197845,98.9,98.65785217,98.75891113,99,99,99.5,99,99.2,99,100,98.8,100,99.4,100,99.6,99.5,99.7,99.8,99.9,100,100,99.9,99.9,99.9,99.9,100,100
datastructure,WB.DATA360:DS_DATA360(1.3),I,A,KNA,WB_WDI_EG_ELC_ACCS_ZS,_T,_T,_T,PT_POP,_Z,_Z,_Z,_Z,RATIO,2,WB_WDI,P1Y,0,A,PU,Annual,St. Kitts and Nevis,Access to electricity (% of population),Total,All age ranges or no breakdown by age,Total,Percentage of population,Not Applicable,Not Applicable,Not Applicable,Not Applicable,Ratio,Two,World Development Indicators (WDI),Annual,Units,Normal value,Public,91.3068161,91.6711731,92.03543091,92.39900208,92.76120758,93.12138367,93.47883606,93.83288574,94.18286133,94.52799225,95.4,93.5,95.8,96,96.3,96.5,96.7,97,97.3,97.6,99.8,100,100,100,100,100,100,100,100,100,100,100,100,100
datastructure,WB.DATA360:DS_DATA360(1.3),I,A,SVK,WB_WDI_EG_ELC_ACCS_ZS,_T,_T,_T,PT_POP,_Z,_Z,_Z,_Z,RATIO,2,WB_WDI,P1Y,0,A,PU,Annual,Slovak Republic,Access to electricity (% of population),Total,All age ranges or no breakdown by age,Total,Percentage of population,Not Applicable,Not Applicable,Not Applicable,Not Applicable,Ratio,Two,World Development Indicators (WDI),Annual,Units,Normal value,Public,100,100,100,100,100,100,100,100,100,100,100,100,100,100,100,99.9,99.9,100,100,100,100,100,100,100,100,100,100,100,100,100,100,100,100,100
datastructure,WB.DATA360:DS_DATA360(1.3),I,A,PRY,WB_WDI_EG_ELC_ACCS_ZS,_T,_T,_T,PT_POP,_Z,_Z,_Z,_Z,RATIO,2,WB_WDI,P1Y,0,A,PU,Annual,Paraguay,Access to electricity (% of population),Total,All age ranges or no breakdown by age,Total,Percentage of population,Not Applicable,Not Applicable,Not Applicable,Not Applicable,Ratio,Two,World Development Indicators (WDI),Annual,Units,Normal value,Public,,,,,,77.469114,86.26005554,86.412854,87.76236725,88.518177,89.6,91,91.7,92.6,93.2,94.7,96.7,96.5,96.7,96.9,97.4,98.2,97.8,99,99,99.3,98.4,99.3,99.6,99.7,99.7,100,100,99.8
datastructure,WB.DATA360:DS_DATA360(1.3),I,A,COL,WB_WDI_EG_ELC_ACCS_ZS,_T,_T,_T,PT_POP,_Z,_Z,_Z,_Z,RATIO,2,WB_WDI,P1Y,0,A,PU,Annual,Colombia,Access to electricity (% of population),Total,All age ranges or no breakdown by age,Total,Percentage of population,Not Applicable,Not Applicable,Not Applicable,Not Applicable,Ratio,Two,World Development Indicators (WDI),Annual,Units,Normal value,Public,89.9,91.83665466,92.13265991,92.42799377,92.72196198,91.2,93.30310059,93.58891296,93.87064362,94.1475296,95.2,98.5,94.9,95.1,95.3,96.8,95.7,96,96.8,96.1,96.8,96.7,97,97.8,97.8,98.2,98.4,98.5,98.5,99.4,99.7,100,100,98.7
datastructure,WB.DATA360:DS_DATA360(1.3),I,A,SWZ,WB_WDI_EG_ELC_ACCS_ZS,_T,_T,_T,PT_POP,_Z,_Z,_Z,_Z,RATIO,2,WB_WDI,P1Y,0,A,PU,Annual,Eswatini,Access to electricity (% of population),Total,All age ranges or no breakdown by age,Total,Percentage of population,Not Applicable,Not Applicable,Not Applicable,Not Applicable,Ratio,Two,World Development Indicators (WDI),Annual,Units,Normal value,Public,,,,,,,,,,,20.4,26.9,25.9,28.7,31.4,34.2,35.2,39.8,42.6,38.6,45.6,51.2,54.3,57.5,65,64.1,63.4,73.5,74,77,80,82.9,82.3,86.4
datastructure,WB.DATA360:DS_DATA360(1.3),I,A,CZE,WB_WDI_EG_ELC_ACCS_ZS,_T,_T,_T,PT_POP,_Z,_Z,_Z,_Z,RATIO,2,WB_WDI,P1Y,0,A,PU,Annual,Czechia,Access to electricity (% of population),Total,All age ranges or no breakdown by age,Total,Percentage of population,Not Applicable,Not Applicable,Not Applicable,Not Applicable,Ratio,Two,World Development Indicators (WDI),Annual,Units,Normal value,Public,100,100,100,100,100,100,100,100,100,100,100,100,100,100,100,100,100,100,100,100,100,100,100,100,100,100,100,100,100,100,100,100,100,100
datastructure,WB.DATA360:DS_DATA360(1.3),I,A,USA,WB_WDI_EG_ELC_ACCS_ZS,_T,_T,_T,PT_POP,_Z,_Z,_Z,_Z,RATIO,2,WB_WDI,P1Y,0,A,PU,Annual,United States,Access to electricity (% of population),Total,All age ranges or no breakdown by age,Total,Percentage of population,Not Applicable,Not Applicable,Not Applicable,Not Applicable,Ratio,Two,World Development Indicators (WDI),Annual,Units,Normal value,Public,100,100,100,100,100,100,100,100,100,100,100,100,100,100,100,100,100,100,100,100,100,100,100,100,100,100,100,100,100,100,100,100,100,100
datastructure,WB.DATA360:DS_DATA360(1.3),I,A,CUB,WB_WDI_EG_ELC_ACCS_ZS,_T,_T,_T,PT_POP,_Z,_Z,_Z,_Z,RATIO,2,WB_WDI,P1Y,0,A,PU,Annual,Cuba,Access to electricity (% of population),Total,All age ranges or no breakdown by age,Total,Percentage of population,Not Applicable,Not Applicable,Not Applicable,Not Applicable,Ratio,Two,World Development Indicators (WDI),Annual,Units,Normal value,Public,,,,,,,,,,,97,96.2,95.5,96.5,96.6,96.8,96.9,97.1,97.3,97.6,97.8,98,98.3,98.5,98.7,99,99.2,99.4,99.6,99.8,99.9,100,100,100
datastructure,WB.DATA360:DS_DATA360(1.3),I,A,NPL,WB_WDI_EG_ELC_ACCS_ZS,_T,_T,_T,PT_POP,_Z,_Z,_Z,_Z,RATIO,2,WB_WDI,P1Y,0,A,PU,Annual,Nepal,Access to electricity (% of population),Total,All age ranges or no breakdown by age,Total,Percentage of population,Not Applicable,Not Applicable,Not Applicable,Not Applicable,Ratio,Two,World Development Indicators (WDI),Annual,Units,Normal value,Public,,,,,,,17.9,18.13286781,21.7325325,25.32735443,29.9,24.6,36.4,39.6,37.2,46.1,51.2,52.6,56,59.3,68.6,67.3,75.2,77.4,84.9,82,90.7,86.6,93.9,89.9,89.9,89.9,91.3,94
datastructure,WB.DATA360:DS_DATA360(1.3),I,A,DEU,WB_WDI_EG_ELC_ACCS_ZS,_T,_T,_T,PT_POP,_Z,_Z,_Z,_Z,RATIO,2,WB_WDI,P1Y,0,A,PU,Annual,Germany,Access to electricity (% of population),Total,All age ranges or no breakdown by age,Total,Percentage of population,Not Applicable,Not Applicable,Not Applicable,Not Applicable,Ratio,Two,World Development Indicators (WDI),Annual,Units,Normal value,Public,100,100,100,100,100,100,100,100,100,100,100,100,100,100,100,100,100,100,100,100,100,100,100,100,100,100,100,100,100,100,100,100,100,100
datastructure,WB.DATA360:DS_DATA360(1.3),I,A,BFA,WB_WDI_EG_ELC_ACCS_ZS,_T,_T,_T,PT_POP,_Z,_Z,_Z,_Z,RATIO,2,WB_WDI,P1Y,0,A,PU,Annual,Burkina Faso,Access to electricity (% of population),Total,All age ranges or no breakdown by age,Total,Percentage of population,Not Applicable,Not Applicable,Not Applicable,Not Applicable,Ratio,Two,World Development Indicators (WDI),Annual,Units,Normal value,Public,,,,6.1,6.125010014,6.625332832,7.122936249,7.617139816,8.107264519,6.9,9.1,9.5,9.9,11.4,10.7,11.1,11.6,12,12.5,12.6,13.1,14.8,15.1,15.4,19.2,16.2,16.6,17,14.4,17.6,18.5,19,19.5,21.7
datastructure,WB.DATA360:DS_DATA360(1.3),I,A,MLI,WB_WDI_EG_ELC_ACCS_ZS,_T,_T,_T,PT_POP,_Z,_Z,_Z,_Z,RATIO,2,WB_WDI,P1Y,0,A,PU,Annual,Mali,Access to electricity (% of population),Total,All age ranges or no breakdown by age,Total,Percentage of population,Not Applicable,Not Applicable,Not Applicable,Not Applicable,Ratio,Two,World Development Indicators (WDI),Annual,Units,Normal value,Public,,,,,,,6.2,4.28854084,6.066863537,7.840343952,9.6,10.8,13,14.7,16.4,18.2,16.6,21.7,23.4,24,27,28.8,25.6,32.4,34.2,37.6,38.8,34.8,50.9,47.9,50.6,53.4,53,54.5
datastructure,WB.DATA360:DS_DATA360(1.3),I,A,THA,WB_WDI_EG_ELC_ACCS_ZS,_T,_T,_T,PT_POP,_Z,_Z,_Z,_Z,RATIO,2,WB_WDI,P1Y,0,A,PU,Annual,Thailand,Access to electricity (% of population),Total,All age ranges or no breakdown by age,Total,Percentage of population,Not Applicable,Not Applicable,Not Applicable,Not Applicable,Ratio,Two,World Development Indicators (WDI),Annual,Units,Normal value,Public,,,,,,,,,,,82.1,90.4,91,91.6,92.2,92.8,99.1,94.1,94.8,99,99.7,99.3,99.1,99.4,99.5,99.6,99.9,99.9,99.8,99.9,100,100,99.9,100
datastructure,WB.DATA360:DS_DATA360(1.3),I,A,EAS,WB_WDI_EG_ELC_ACCS_ZS,_T,_T,_T,PT_POP,_Z,_Z,_Z,_Z,RATIO,2,WB_WDI,P1Y,0,A,PU,Annual,East Asia & Pacific,Access to electricity (% of population),Total,All age ranges or no breakdown by age,Total,Percentage of population,Not Applicable,Not Applicable,Not Applicable,Not Applicable,Ratio,Two,World Development Indicators (WDI),Annual,Units,Normal value,Public,,,,,,,,,,,92.06181443386615,92.54379822704782,92.96485572308221,93.16295844697285,93.95632072713549,93.57514630184602,94.64715770439335,94.65454037326413,95.21108386735735,94.98332806,95.54683247540522,96.01894739529864,96.20924578356136,96.47564669900827,96.63755957619291,96.95005996,97.03439658318656,97.69153592890137,97.66096406877001,97.87524771,97.79760426173132,98.15340494508219,98.21390592827261,98.40446249576922
datastructure,WB.DATA360:DS_DATA360(1.3),I,A,ROU,WB_WDI_EG_ELC_ACCS_ZS,_T,_T,_T,PT_POP,_Z,_Z,_Z,_Z,RATIO,2,WB_WDI,P1Y,0,A,PU,Annual,Romania,Access to electricity (% of population),Total,All age ranges or no breakdown by age,Total,Percentage of population,Not Applicable,Not Applicable,Not Applicable,Not Applicable,Ratio,Two,World Development Indicators (WDI),Annual,Units,Normal value,Public,100,100,100,100,100,100,100,100,100,100,94.4,94.6,94.9,95.1,95.3,95.6,95.9,96.1,96.5,96.8,97.1,97.4,97.8,98.1,98.4,98.8,99.1,100,99.8,100,100,100,100,100
datastructure,WB.DATA360:DS_DATA360(1.3),I,A,GRC,WB_WDI_EG_ELC_ACCS_ZS,_T,_T,_T,PT_POP,_Z,_Z,_Z,_Z,RATIO,2,WB_WDI,P1Y,0,A,PU,Annual,Greece,Access to electricity (% of population),Total,All age ranges or no breakdown by age,Total,Percentage of population,Not Applicable,Not Applicable,Not Applicable,Not Applicable,Ratio,Two,World Development Indicators (WDI),Annual,Units,Normal value,Public,100,100,100,100,100,100,100,100,100,100,100,100,100,100,100,100,100,100,100,100,100,100,100,100,100,100,100,100,100,100,100,100,100,100
datastructure,WB.DATA360:DS_DATA360(1.3),I,A,GIB,WB_WDI_EG_ELC_ACCS_ZS,_T,_T,_T,PT_POP,_Z,_Z,_Z,_Z,RATIO,2,WB_WDI,P1Y,0,A,PU,Annual,Gibraltar,Access to electricity (% of population),Total,All age ranges or no breakdown by age,Total,Percentage of population,Not Applicable,Not Applicable,Not Applicable,Not Applicable,Ratio,Two,World Development Indicators (WDI),Annual,Units,Normal value,Public,100,100,100,100,100,100,100,100,100,100,99.9,99.9,99.8,99.8,99.7,99.7,99.7,99.7,99.7,100,100,99.8,99.9,99.9,99.9,100,100,100,100,100,100,100,100,100
datastructure,WB.DATA360:DS_DATA360(1.3),I,A,SAU,WB_WDI_EG_ELC_ACCS_ZS,_T,_T,_T,PT_POP,_Z,_Z,_Z,_Z,RATIO,2,WB_WDI,P1Y,0,A,PU,Annual,Saudi Arabia,Access to electricity (% of population),Total,All age ranges or no breakdown by age,Total,Percentage of population,Not Applicable,Not Applicable,Not Applicable,Not Applicable,Ratio,Two,World Development Indicators (WDI),Annual,Units,Normal value,Public,100,100,100,100,100,100,100,100,100,100,100,100,100,100,100,100,100,100,100,100,100,100,100,100,100,100,99.9,100,99.9,100,100,100,100,100
datastructure,WB.DATA360:DS_DATA360(1.3),I,A,MNG,WB_WDI_EG_ELC_ACCS_ZS,_T,_T,_T,PT_POP,_Z,_Z,_Z,_Z,RATIO,2,WB_WDI,P1Y,0,A,PU,Annual,Mongolia,Access to electricity (% of population),Total,All age ranges or no breakdown by age,Total,Percentage of population,Not Applicable,Not Applicable,Not Applicable,Not Applicable,Ratio,Two,World Development Indicators (WDI),Annual,Units,Normal value,Public,,,,,,,,,,,67.3,71.7,72.8,76.3,74.8,86.2,77,78.1,79.2,80.3,78.5,72.1,83.7,81.2,86,88,90.8,93.6,98.1,98.9,99.5,100,100,100
datastructure,WB.DATA360:DS_DATA360(1.3),I,A,SRB,WB_WDI_EG_ELC_ACCS_ZS,_T,_T,_T,PT_POP,_Z,_Z,_Z,_Z,RATIO,2,WB_WDI,P1Y,0,A,PU,Annual,Serbia,Access to electricity (% of population),Total,All age ranges or no breakdown by age,Total,Percentage of population,Not Applicable,Not Applicable,Not Applicable,Not Applicable,Ratio,Two,World Development Indicators (WDI),Annual,Units,Normal value,Public,100,100,100,100,100,100,100,100,100,100,99.9,99.8,100,99.7,99.6,99.7,99.6,99.6,99.6,99.6,99.7,99.7,99.8,99.9,99.7,99.9,99.9,100,100,99.8,100,100,100,100
datastructure,WB.DATA360:DS_DATA360(1.3),I,A,GAB,WB_WDI_EG_ELC_ACCS_ZS,_T,_T,_T,PT_POP,_Z,_Z,_Z,_Z,RATIO,2,WB_WDI,P1Y,0,A,PU,Annual,Gabon,Access to electricity (% of population),Total,All age ranges or no breakdown by age,Total,Percentage of population,Not Applicable,Not Applicable,Not Applicable,Not Applicable,Ratio,Two,World Development Indicators (WDI),Annual,Units,Normal value,Public,,,,,,,,,,,73.6,77.2,77.8,78.5,79.2,81.6,80.5,81.3,82,82.7,89.3,88.7,89.3,86.4,87.1,87.3,88.1,86.3,89.6,90.3,91.1,91.8,93.5,94.1
datastructure,WB.DATA360:DS_DATA360(1.3),I,A,IDA,WB_WDI_EG_ELC_ACCS_ZS,_T,_T,_T,PT_POP,_Z,_Z,_Z,_Z,RATIO,2,WB_WDI,P1Y,0,A,PU,Annual,IDA total,Access to electricity (% of population),Total,All age ranges or no breakdown by age,Total,Percentage of population,Not Applicable,Not Applicable,Not Applicable,Not Applicable,Ratio,Two,World Development Indicators (WDI),Annual,Units,Normal value,Public,,,,,,,,,36.94698056078452,38.33778245280698,36.36285715865886,37.14226402529401,38.68365767505731,40.537039021966784,40.488119366039754,41.522430010005316,43.96917003853741,44.210915167277165,45.51668172826717,46.43033877800077,47.31558756797553,49.66211421074049,51.318949556050605,52.28173035519951,53.000578458485336,54.522399449380934,58.39487610486637,60.317935543241255,61.35444883708682,62.769644320149006,63.93707435937689,65.59821185263499,66.15690433355576,67.50149378
datastructure,WB.DATA360:DS_DATA360(1.3),I,A,GTM,WB_WDI_EG_ELC_ACCS_ZS,_T,_T,_T,PT_POP,_Z,_Z,_Z,_Z,RATIO,2,WB_WDI,P1Y,0,A,PU,Annual,Guatemala,Access to electricity (% of population),Total,All age ranges or no breakdown by age,Total,Percentage of population,Not Applicable,Not Applicable,Not Applicable,Not Applicable,Ratio,Two,World Development Indicators (WDI),Annual,Units,Normal value,Public,,,,,,60.8,67.67993927,68.90407562,70.12413025,70.9,73.3,73.7,78.7,78.5,77.2,78.3,83.7,80.7,81.9,83.1,84.3,84,86.8,88.1,85.5,90.5,91.8,93.3,94.2,95.4,96.6,97.9,99.1,100
datastructure,WB.DATA360:DS_DATA360(1.3),I,A,SLE,WB_WDI_EG_ELC_ACCS_ZS,_T,_T,_T,PT_POP,_Z,_Z,_Z,_Z,RATIO,2,WB_WDI,P1Y,0,A,PU,Annual,Sierra Leone,Access to electricity (% of population),Total,All age ranges or no breakdown by age,Total,Percentage of population,Not Applicable,Not Applicable,Not Applicable,Not Applicable,Ratio,Two,World Development Indicators (WDI),Annual,Units,Normal value,Public,,,,,,,,,,,7.7,8.5,9.2,9.9,16.8,11.3,12.2,13,12.1,14.6,11.5,14.2,17.2,13.5,18.8,19.7,20.3,23.4,26.1,22.7,26.3,27.5,29.4,35.5
datastructure,WB.DATA360:DS_DATA360(1.3),I,A,AGO,WB_WDI_EG_ELC_ACCS_ZS,_T,_T,_T,PT_POP,_Z,_Z,_Z,_Z,RATIO,2,WB_WDI,P1Y,0,A,PU,Annual,Angola,Access to electricity (% of population),Total,All age ranges or no breakdown by age,Total,Percentage of population,Not Applicable,Not Applicable,Not Applicable,Not Applicable,Ratio,Two,World Development Indicators (WDI),Annual,Units,Normal value,Public,,,,,,,,,,,24.2,20,26.3,27.4,28.4,29.4,30.5,37.5,38.5,33.8,35,34.6,37.3,38.4,32,42,41.8,42.9,45.3,45.6,47,48.2,48.5,51.1
datastructure,WB.DATA360:DS_DATA360(1.3),I,A,AFW,WB_WDI_EG_ELC_ACCS_ZS,_T,_T,_T,PT_POP,_Z,_Z,_Z,_Z,RATIO,2,WB_WDI,P1Y,0,A,PU,Annual,Western & Central Africa,Access to electricity (% of population),Total,All age ranges or no breakdown by age,Total,Percentage of population,Not Applicable,Not Applicable,Not Applicable,Not Applicable,Ratio,Two,World Development Indicators (WDI),Annual,Units,Normal value,Public,,,,31.653468572507776,32.69220763441453,33.69483534317942,32.69739458345378,32.52391975443434,33.513503785091984,34.89385704,34.24611582571923,35.32326720705511,35.809110964429024,39.96025393412174,37.59450224135015,37.935910136856705,39.95290448230274,40.864861887983636,41.86601466137452,42.00248544010264,41.951990311898236,46.06196692184618,44.18650034749684,47.19450307334764,47.767360546236915,46.862418252484474,51.04512719259919,48.90072804750565,51.33582935175343,51.291576911535195,51.85604284630678,54.368598708443955,55.68668296697957,57.06926658035953
datastructure,WB.DATA360:DS_DATA360(1.3),I,A,COG,WB_WDI_EG_ELC_ACCS_ZS,_T,_T,_T,PT_POP,_Z,_Z,_Z,_Z,RATIO,2,WB_WDI,P1Y,0,A,PU,Annual,"Congo, Rep.",Access to electricity (% of population),Total,All age ranges or no breakdown by age,Total,Percentage of population,Not Applicable,Not Applicable,Not Applicable,Not Applicable,Ratio,Two,World Development Indicators (WDI),Annual,Units,Normal value,Public,,,,,,,,,,,29.4,30.3,31.2,32.1,33,33.8,34.9,35.8,36.8,37.1,40,40.8,41.6,42.5,43.4,44.3,45.3,46.2,47,47.7,48.7,49.7,50.6,51.3
datastructure,WB.DATA360:DS_DATA360(1.3),I,A,CAF,WB_WDI_EG_ELC_ACCS_ZS,_T,_T,_T,PT_POP,_Z,_Z,_Z,_Z,RATIO,2,WB_WDI,P1Y,0,A,PU,Annual,Central African Republic,Access to electricity (% of population),Total,All age ranges or no breakdown by age,Total,Percentage of population,Not Applicable,Not Applicable,Not Applicable,Not Applicable,Ratio,Two,World Development Indicators (WDI),Annual,Units,Normal value,Public,,,,,,3,3.334915638,3.830210209,4.321425438,4.807798386,6,5.7,6.1,6.6,7,7.4,7.8,8.4,7.5,9.4,9.8,10.4,11,11.5,12,12.7,13.4,14.1,14.6,14.3,15.4,15.7,15.7,17.6
datastructure,WB.DATA360:DS_DATA360(1.3),I,A,TCA,WB_WDI_EG_ELC_ACCS_ZS,_T,_T,_T,PT_POP,_Z,_Z,_Z,_Z,RATIO,2,WB_WDI,P1Y,0,A,PU,Annual,Turks and Caicos Islands,Access to electricity (% of population),Total,All age ranges or no breakdown by age,Total,Percentage of population,Not Applicable,Not Applicable,Not Applicable,Not Applicable,Ratio,Two,World Development Indicators (WDI),Annual,Units,Normal value,Public,88.7,91.0539093,91.43911743,91.82364655,92.20681763,92.58794403,92.96634674,93.341362,93.7122879,94.07837677,95.6,94.9,95.2,95.4,95.7,96,96.2,96.6,96.9,100,100,100,93.1,100,100,100,100,100,100,100,99.4,100,99.9,100
datastructure,WB.DATA360:DS_DATA360(1.3),I,A,TTO,WB_WDI_EG_ELC_ACCS_ZS,_T,_T,_T,PT_POP,_Z,_Z,_Z,_Z,RATIO,2,WB_WDI,P1Y,0,A,PU,Annual,Trinidad and Tobago,Access to electricity (% of population),Total,All age ranges or no breakdown by age,Total,Percentage of population,Not Applicable,Not Applicable,Not Applicable,Not Applicable,Ratio,Two,World Development Indicators (WDI),Annual,Units,Normal value,Public,,,,,,,,,,,91.3,96.3,96.5,96.7,96.8,95,100,100,100,99,100,97.5,100,100,100,100,100,100,100,100,100,100,100,98.7
datastructure,WB.DATA360:DS_DATA360(1.3),I,A,PRE,WB_WDI_EG_ELC_ACCS_ZS,_T,_T,_T,PT_POP,_Z,_Z,_Z,_Z,RATIO,2,WB_WDI,P1Y,0,A,PU,Annual,Pre-demographic dividend,Access to electricity (% of population),Total,All age ranges or no breakdown by age,Total,Percentage of population,Not Applicable,Not Applicable,Not Applicable,Not Applicable,Ratio,Two,World Development Indicators (WDI),Annual,Units,Normal value,Public,,,,,,,,23.08581438622403,23.77131528844663,25.026909639868055,24.87228220393968,26.18499097313654,27.01187946061054,29.503118152178846,29.01437673724256,29.752950592394825,31.019991187438116,32.35319721555934,32.15834292906197,32.23956110821636,32.71960372241366,36.12314074153728,37.50160109340479,38.41112441553471,39.89404025623966,40.11966867155731,44.67187000547268,44.358780199936426,47.10553748,47.58916499240978,48.386576620533354,50.517117899471295,51.14331916934168,52.53098832017885
datastructure,WB.DATA360:DS_DATA360(1.3),I,A,DNK,WB_WDI_EG_ELC_ACCS_ZS,_T,_T,_T,PT_POP,_Z,_Z,_Z,_Z,RATIO,2,WB_WDI,P1Y,0,A,PU,Annual,Denmark,Access to electricity (% of population),Total,All age ranges or no breakdown by age,Total,Percentage of population,Not Applicable,Not Applicable,Not Applicable,Not Applicable,Ratio,Two,World Development Indicators (WDI),Annual,Units,Normal value,Public,100,100,100,100,100,100,100,100,100,100,100,100,100,100,100,100,100,100,100,100,100,100,100,100,100,100,100,100,100,100,100,100,100,100
datastructure,WB.DATA360:DS_DATA360(1.3),I,A,ALB,WB_WDI_EG_ELC_ACCS_ZS,_T,_T,_T,PT_POP,_Z,_Z,_Z,_Z,RATIO,2,WB_WDI,P1Y,0,A,PU,Annual,Albania,Access to electricity (% of population),Total,All age ranges or no breakdown by age,Total,Percentage of population,Not Applicable,Not Applicable,Not Applicable,Not Applicable,Ratio,Two,World Development Indicators (WDI),Annual,Units,Normal value,Public,100,100,100,100,100,100,100,100,100,100,99.4,99.4,99.4,99.4,99.4,99.4,99.4,99.4,100,99.6,99.6,99.7,99.9,99.9,100,100,99.9,99.9,100,100,100,100,100,100
datastructure,WB.DATA360:DS_DATA360(1.3),I,A,KIR,WB_WDI_EG_ELC_ACCS_ZS,_T,_T,_T,PT_POP,_Z,_Z,_Z,_Z,RATIO,2,WB_WDI,P1Y,0,A,PU,Annual,Kiribati,Access to electricity (% of population),Total,All age ranges or no breakdown by age,Total,Percentage of population,Not Applicable,Not Applicable,Not Applicable,Not Applicable,Ratio,Two,World Development Indicators (WDI),Annual,Units,Normal value,Public,,,,,,,,,,,55.6,57.3,59,60.7,62.4,69.7,68.8,67.7,69.4,64.2,63.2,74.9,76.7,78.8,83.4,90.6,92.6,85.7,87.5,89.3,91,92.8,94.4,95.9
datastructure,WB.DATA360:DS_DATA360(1.3),I,A,TEA,WB_WDI_EG_ELC_ACCS_ZS,_T,_T,_T,PT_POP,_Z,_Z,_Z,_Z,RATIO,2,WB_WDI,P1Y,0,A,PU,Annual,East Asia & Pacific (IDA & IBRD),Access to electricity (% of population),Total,All age ranges or no breakdown by age,Total,Percentage of population,Not Applicable,Not Applicable,Not Applicable,Not Applicable,Ratio,Two,World Development Indicators (WDI),Annual,Units,Normal value,Public,,,,,,,,,,,91.13826178774957,91.67991578771878,92.15337321640575,92.37814487832813,93.26615058572177,92.84539737,94.04152600359124,94.05146355107223,94.67199204620736,95.30785237,95.89860188330297,96.40188923918272,96.58659087,96.85831263,97.01274231,97.33504701031731,97.40263923734663,98.11218937273357,98.05122975063206,98.26479012,98.15217124991212,98.52593779998176,98.56874684443177,98.74744240696076
datastructure,WB.DATA360:DS_DATA360(1.3),I,A,TKM,WB_WDI_EG_ELC_ACCS_ZS,_T,_T,_T,PT_POP,_Z,_Z,_Z,_Z,RATIO,2,WB_WDI,P1Y,0,A,PU,Annual,Turkmenistan,Access to electricity (% of population),Total,All age ranges or no breakdown by age,Total,Percentage of population,Not Applicable,Not Applicable,Not Applicable,Not Applicable,Ratio,Two,World Development Indicators (WDI),Annual,Units,Normal value,Public,,,,,,,,,,,99.6,99.6,99.6,99.6,99.5,99.5,99.8,99.6,99.6,99.7,100,99.8,99.9,99.9,100,100,100,100,100,99.9,100,100,100,100
datastructure,WB.DATA360:DS_DATA360(1.3),I,A,FRA,WB_WDI_EG_ELC_ACCS_ZS,_T,_T,_T,PT_POP,_Z,_Z,_Z,_Z,RATIO,2,WB_WDI,P1Y,0,A,PU,Annual,France,Access to electricity (% of population),Total,All age ranges or no breakdown by age,Total,Percentage of population,Not Applicable,Not Applicable,Not Applicable,Not Applicable,Ratio,Two,World Development Indicators (WDI),Annual,Units,Normal value,Public,100,100,100,100,100,100,100,100,100,100,100,100,100,100,100,100,100,100,100,100,100,100,100,100,100,100,100,100,100,100,100,100,100,100
datastructure,WB.DATA360:DS_DATA360(1.3),I,A,TON,WB_WDI_EG_ELC_ACCS_ZS,_T,_T,_T,PT_POP,_Z,_Z,_Z,_Z,RATIO,2,WB_WDI,P1Y,0,A,PU,Annual,Tonga,Access to electricity (% of population),Total,All age ranges or no breakdown by age,Total,Percentage of population,Not Applicable,Not Applicable,Not Applicable,Not Applicable,Ratio,Two,World Development Indicators (WDI),Annual,Units,Normal value,Public,,,,,80,81.78847504,82.55436707,83.31685638,84.07527161,84.82884216,85.6,86.3,87,87.6,88.3,89,92.3,90.5,91.2,92,92.8,92.2,92.8,95.1,95.9,100,97,98.2,99,98.4,99.9,100,100,100
datastructure,WB.DATA360:DS_DATA360(1.3),I,A,NAC,WB_WDI_EG_ELC_ACCS_ZS,_T,_T,_T,PT_POP,_Z,_Z,_Z,_Z,RATIO,2,WB_WDI,P1Y,0,A,PU,Annual,North America,Access to electricity (% of population),Total,All age ranges or no breakdown by age,Total,Percentage of population,Not Applicable,Not Applicable,Not Applicable,Not Applicable,Ratio,Two,World Development Indicators (WDI),Annual,Units,Normal value,Public,100,100,100,100,100,100,100,100,100,100,100,100,100,100,100,100,100,100,100,100,100,100,100,100,100,100,100,100,100,100,100,100,100,100
datastructure,WB.DATA360:DS_DATA360(1.3),I,A,CAN,WB_WDI_EG_ELC_ACCS_ZS,_T,_T,_T,PT_POP,_Z,_Z,_Z,_Z,RATIO,2,WB_WDI,P1Y,0,A,PU,Annual,Canada,Access to electricity (% of population),Total,All age ranges or no breakdown by age,Total,Percentage of population,Not Applicable,Not Applicable,Not Applicable,Not Applicable,Ratio,Two,World Development Indicators (WDI),Annual,Units,Normal value,Public,100,100,100,100,100,100,100,100,100,100,100,100,100,100,100,100,100,100,100,100,100,100,100,100,100,100,100,100,100,100,100,100,100,100
datastructure,WB.DATA360:DS_DATA360(1.3),I,A,GUM,WB_WDI_EG_ELC_ACCS_ZS,_T,_T,_T,PT_POP,_Z,_Z,_Z,_Z,RATIO,2,WB_WDI,P1Y,0,A,PU,Annual,Guam,Access to electricity (% of population),Total,All age ranges or no breakdown by age,Total,Percentage of population,Not Applicable,Not Applicable,Not Applicable,Not Applicable,Ratio,Two,World Development Indicators (WDI),Annual,Units,Normal value,Public,99.84430695,99.87581635,99.90686798,99.93725586,99.96508026,100,100,100,100,100,100,100,100,100,100,100,100,100,100,100,100,100,100,100,100,100,100,100,100,100,100,100,100,100
datastructure,WB.DATA360:DS_DATA360(1.3),I,A,ZWE,WB_WDI_EG_ELC_ACCS_ZS,_T,_T,_T,PT_POP,_Z,_Z,_Z,_Z,RATIO,2,WB_WDI,P1Y,0,A,PU,Annual,Zimbabwe,Access to electricity (% of population),Total,All age ranges or no breakdown by age,Total,Percentage of population,Not Applicable,Not Applicable,Not Applicable,Not Applicable,Ratio,Two,World Development Indicators (WDI),Annual,Units,Normal value,Public,,,28.2,31.16366768,28.1,31.94857979,32.33729553,32.72261047,33.1038475,38.4,33.7,34.2,34.2,35.1,35.6,36.1,37.2,37.2,37.7,43.4,38.9,36.9,44,40.6,32.3,33.7,42.5,44,45.4,46.7,52.7,49,50.1,62
datastructure,WB.DATA360:DS_DATA360(1.3),I,A,COD,WB_WDI_EG_ELC_ACCS_ZS,_T,_T,_T,PT_POP,_Z,_Z,_Z,_Z,RATIO,2,WB_WDI,P1Y,0,A,PU,Annual,"Congo, Dem. Rep.",Access to electricity (% of population),Total,All age ranges or no breakdown by age,Total,Percentage of population,Not Applicable,Not Applicable,Not Applicable,Not Applicable,Ratio,Two,World Development Indicators (WDI),Annual,Units,Normal value,Public,,,,,,,,,,,6.7,7.1,7.7,8.3,9,6,10.2,15.2,11.6,12.3,13,13.7,15.4,15.2,13.5,16.6,17.3,18,18.7,19.1,20.1,20.8,21.5,22.1
datastructure,WB.DATA360:DS_DATA360(1.3),I,A,JPN,WB_WDI_EG_ELC_ACCS_ZS,_T,_T,_T,PT_POP,_Z,_Z,_Z,_Z,RATIO,2,WB_WDI,P1Y,0,A,PU,Annual,Japan,Access to electricity (% of population),Total,All age ranges or no breakdown by age,Total,Percentage of population,Not Applicable,Not Applicable,Not Applicable,Not Applicable,Ratio,Two,World Development Indicators (WDI),Annual,Units,Normal value,Public,100,100,100,100,100,100,100,100,100,100,100,100,100,100,100,100,100,100,100,100,100,100,100,100,100,100,100,100,100,100,100,100,100,100
datastructure,WB.DATA360:DS_DATA360(1.3),I,A,SYR,WB_WDI_EG_ELC_ACCS_ZS,_T,_T,_T,PT_POP,_Z,_Z,_Z,_Z,RATIO,2,WB_WDI,P1Y,0,A,PU,Annual,Syrian Arab Republic,Access to electricity (% of population),Total,All age ranges or no breakdown by age,Total,Percentage of population,Not Applicable,Not Applicable,Not Applicable,Not Applicable,Ratio,Two,World Development Indicators (WDI),Annual,Units,Normal value,Public,,,,,,,,,,,93.4,93.1,86.6,92.6,92.3,92,99.5,91.5,91.3,91.1,92.7,91.5,90.7,90.4,90.2,90,89.8,89.6,86,89.2,89,88.8,89,88.4
datastructure,WB.DATA360:DS_DATA360(1.3),I,A,PRI,WB_WDI_EG_ELC_ACCS_ZS,_T,_T,_T,PT_POP,_Z,_Z,_Z,_Z,RATIO,2,WB_WDI,P1Y,0,A,PU,Annual,Puerto Rico,Access to electricity (% of population),Total,All age ranges or no breakdown by age,Total,Percentage of population,Not Applicable,Not Applicable,Not Applicable,Not Applicable,Ratio,Two,World Development Indicators (WDI),Annual,Units,Normal value,Public,99.98342896,99.9930954,99.99861908,100,100,100,100,100,100,100,100,100,100,100,100,100,100,100,100,100,100,100,100,100,100,100,100,100,100,100,100,100,100,100
datastructure,WB.DATA360:DS_DATA360(1.3),I,A,TUR,WB_WDI_EG_ELC_ACCS_ZS,_T,_T,_T,PT_POP,_Z,_Z,_Z,_Z,RATIO,2,WB_WDI,P1Y,0,A,PU,Annual,Türkiye,Access to electricity (% of population),Total,All age ranges or no breakdown by age,Total,Percentage of population,Not Applicable,Not Applicable,Not Applicable,Not Applicable,Ratio,Two,World Development Indicators (WDI),Annual,Units,Normal value,Public,,,,,,,,,,,99.9,99.9,99.8,99.8,99.7,99.7,99.7,99.7,99.7,99.7,100,100,100,100,100,100,100,100,100,100,100,100,100,100
datastructure,WB.DATA360:DS_DATA360(1.3),I,A,CHI,WB_WDI_EG_ELC_ACCS_ZS,_T,_T,_T,PT_POP,_Z,_Z,_Z,_Z,RATIO,2,WB_WDI,P1Y,0,A,PU,Annual,Channel Islands,Access to electricity (% of population),Total,All age ranges or no breakdown by age,Total,Percentage of population,Not Applicable,Not Applicable,Not Applicable,Not Applicable,Ratio,Two,World Development Indicators (WDI),Annual,Units,Normal value,Public,100,100,100,100,100,100,100,100,100,100,100,100,100,100,100,100,100,100,100,100,100,100,100,100,100,100,100,100,100,100,100,100,100,100
datastructure,WB.DATA360:DS_DATA360(1.3),I,A,MAR,WB_WDI_EG_ELC_ACCS_ZS,_T,_T,_T,PT_POP,_Z,_Z,_Z,_Z,RATIO,2,WB_WDI,P1Y,0,A,PU,Annual,Morocco,Access to electricity (% of population),Total,All age ranges or no breakdown by age,Total,Percentage of population,Not Applicable,Not Applicable,Not Applicable,Not Applicable,Ratio,Two,World Development Indicators (WDI),Annual,Units,Normal value,Public,,,49.2,56.77265167,58.60889816,56.5,62.27459335,64.10268402,65.92668915,67.74585724,69.8,71.6,73.3,75.1,78.2,78.6,96.5,82.2,84.1,85.9,95.7,96.1,96.4,97.2,97.3,97.3,97.8,100,98.1,99.6,100,100,100,100
datastructure,WB.DATA360:DS_DATA360(1.3),I,A,MNA,WB_WDI_EG_ELC_ACCS_ZS,_T,_T,_T,PT_POP,_Z,_Z,_Z,_Z,RATIO,2,WB_WDI,P1Y,0,A,PU,Annual,"Middle East, North Africa, Afghanistan & Pakistan (excluding high income)",Access to electricity (% of population),Total,All age ranges or no breakdown by age,Total,Percentage of population,Not Applicable,Not Applicable,Not Applicable,Not Applicable,Ratio,Two,World Development Indicators (WDI),Annual,Units,Normal value,Public,,,,,,,,,,,81.37009394576647,82.10416263546855,82.43392011,83.46031305726679,83.86741121577803,84.90043374035841,86.70673490351653,86.13264792280121,87.12279212107423,87.80196378315632,89.78539871,90.00326831,91.15395911,92.54101862025448,93.49554087071375,92.82776349118951,94.70490712410404,95.62302218376439,94.50936366481547,95.64374719346951,95.91737027751931,96.09560188886675,95.48371437276298,96.08542874687339
datastructure,WB.DATA360:DS_DATA360(1.3),I,A,LCN,WB_WDI_EG_ELC_ACCS_ZS,_T,_T,_T,PT_POP,_Z,_Z,_Z,_Z,RATIO,2,WB_WDI,P1Y,0,A,PU,Annual,Latin America & Caribbean,Access to electricity (% of population),Total,All age ranges or no breakdown by age,Total,Percentage of population,Not Applicable,Not Applicable,Not Applicable,Not Applicable,Ratio,Two,World Development Indicators (WDI),Annual,Units,Normal value,Public,,,88.73448136222635,89.34345233551903,90.24101370330777,88.62126359669806,89.57626884456381,90.03090087653278,90.64825190552482,91.25763829,91.73608642775662,92.33255077339754,92.65544611884498,92.73840883345817,93.21914101033559,93.52274423630836,94.25933462250127,94.47654219593232,95.22308082890089,95.42666240283691,95.87900491,96.18410312005084,96.56923455301603,96.86468222868048,97.05402541708614,97.28472761,97.47838213,97.71059921741771,97.75671520799095,97.99821138704847,98.14999429262532,98.27563056092792,98.57887860068254,98.42261772600826
datastructure,WB.DATA360:DS_DATA360(1.3),I,A,LKA,WB_WDI_EG_ELC_ACCS_ZS,_T,_T,_T,PT_POP,_Z,_Z,_Z,_Z,RATIO,2,WB_WDI,P1Y,0,A,PU,Annual,Sri Lanka,Access to electricity (% of population),Total,All age ranges or no breakdown by age,Total,Percentage of population,Not Applicable,Not Applicable,Not Applicable,Not Applicable,Ratio,Two,World Development Indicators (WDI),Annual,Units,Normal value,Public,,,,,,,,,,,70.3,63.6,80.7,75,76.5,78.1,82.1,80,82.9,87.1,85.3,87.8,87,90.2,92.7,94.3,97.5,97.5,99.6,99.8,100,100,100,100
datastructure,WB.DATA360:DS_DATA360(1.3),I,A,FCS,WB_WDI_EG_ELC_ACCS_ZS,_T,_T,_T,PT_POP,_Z,_Z,_Z,_Z,RATIO,2,WB_WDI,P1Y,0,A,PU,Annual,Fragile and conflict affected situations,Access to electricity (% of population),Total,All age ranges or no breakdown by age,Total,Percentage of population,Not Applicable,Not Applicable,Not Applicable,Not Applicable,Ratio,Two,World Development Indicators (WDI),Annual,Units,Normal value,Public,,,,,,,,,,,40.433086837633944,40.94297789103382,41.49246123347989,43.27689231343858,42.58680362377342,42.68454664643559,44.13003979016224,44.91191187540156,44.65044328817686,45.67959813244116,45.99249264862613,47.87105221360761,48.890920967348244,50.59377600084762,49.98373254,50.04322377118594,54.17577189460722,54.53774955442541,54.51546865769553,55.451416425079316,56.301049050413646,57.833225592966166,57.94587064358723,58.95010930574698
datastructure,WB.DATA360:DS_DATA360(1.3),I,A,FSM,WB_WDI_EG_ELC_ACCS_ZS,_T,_T,_T,PT_POP,_Z,_Z,_Z,_Z,RATIO,2,WB_WDI,P1Y,0,A,PU,Annual,"Micronesia, Fed. Sts.",Access to electricity (% of population),Total,All age ranges or no breakdown by age,Total,Percentage of population,Not Applicable,Not Applicable,Not Applicable,Not Applicable,Ratio,Two,World Development Indicators (WDI),Annual,Units,Normal value,Public,,,,,,,,,,,46,48.4,50.1,51.8,53.5,55.2,57,58.7,60.5,62.2,64.5,66.3,67.8,69.4,71.2,73,74.8,76.5,78.3,80.1,81.9,83.6,85.3,86.9
datastructure,WB.DATA360:DS_DATA360(1.3),I,A,TJK,WB_WDI_EG_ELC_ACCS_ZS,_T,_T,_T,PT_POP,_Z,_Z,_Z,_Z,RATIO,2,WB_WDI,P1Y,0,A,PU,Annual,Tajikistan,Access to electricity (% of population),Total,All age ranges or no breakdown by age,Total,Percentage of population,Not Applicable,Not Applicable,Not Applicable,Not Applicable,Ratio,Two,World Development Indicators (WDI),Annual,Units,Normal value,Public,,,,,,,,,,97,98.5,98.6,99,100,98.5,99.3,98.6,98.6,98.6,99,98.8,98.9,99.1,99,99.1,98,99.3,99.3,99.3,99.4,99.5,99.6,100,100
datastructure,WB.DATA360:DS_DATA360(1.3),I,A,MHL,WB_WDI_EG_ELC_ACCS_ZS,_T,_T,_T,PT_POP,_Z,_Z,_Z,_Z,RATIO,2,WB_WDI,P1Y,0,A,PU,Annual,Marshall Islands,Access to electricity (% of population),Total,All age ranges or no breakdown by age,Total,Percentage of population,Not Applicable,Not Applicable,Not Applicable,Not Applicable,Ratio,Two,World Development Indicators (WDI),Annual,Units,Normal value,Public,,,,,,,,,,68.52423588,68.6,70.1,71.5,72.9,74.3,75.7,77.2,72.3,80.2,81.7,89.4,89.9,90.4,90.9,91.5,92.1,92.7,93.8,95.3,96.8,98.3,99.8,100,100
datastructure,WB.DATA360:DS_DATA360(1.3),I,A,TLA,WB_WDI_EG_ELC_ACCS_ZS,_T,_T,_T,PT_POP,_Z,_Z,_Z,_Z,RATIO,2,WB_WDI,P1Y,0,A,PU,Annual,Latin America & Caribbean (IDA & IBRD),Access to electricity (% of population),Total,All age ranges or no breakdown by age,Total,Percentage of population,Not Applicable,Not Applicable,Not Applicable,Not Applicable,Ratio,Two,World Development Indicators (WDI),Annual,Units,Normal value,Public,,,88.61375081153547,89.23150139902683,90.13905607138103,88.51182493,89.47651129,89.93608368946424,90.56022525,91.17632589102928,91.54650237154519,92.17949511,92.52894265577338,92.59441261621228,93.08882070783707,93.39859197501353,94.15606386642423,94.37673132432289,95.14175886343085,95.34593228218584,95.80892074278236,96.11822403,96.50924572,96.80917829990868,97.00055169628112,97.23239205292927,97.42808934566747,97.66334028433454,97.70788479,97.95220214699405,98.10645325309298,98.23380836219383,98.54487992,98.38524912048325
datastructure,WB.DATA360:DS_DATA360(1.3),I,A,HRV,WB_WDI_EG_ELC_ACCS_ZS,_T,_T,_T,PT_POP,_Z,_Z,_Z,_Z,RATIO,2,WB_WDI,P1Y,0,A,PU,Annual,Croatia,Access to electricity (% of population),Total,All age ranges or no breakdown by age,Total,Percentage of population,Not Applicable,Not Applicable,Not Applicable,Not Applicable,Ratio,Two,World Development Indicators (WDI),Annual,Units,Normal value,Public,100,100,100,100,100,100,100,100,100,100,100,100,100,100,99.9,99.9,99.8,99.8,100,100,100,100,100,100,100,100,100,100,100,100,100,100,100,100
datastructure,WB.DATA360:DS_DATA360(1.3),I,A,FIN,WB_WDI_EG_ELC_ACCS_ZS,_T,_T,_T,PT_POP,_Z,_Z,_Z,_Z,RATIO,2,WB_WDI,P1Y,0,A,PU,Annual,Finland,Access to electricity (% of population),Total,All age ranges or no breakdown by age,Total,Percentage of population,Not Applicable,Not Applicable,Not Applicable,Not Applicable,Ratio,Two,World Development Indicators (WDI),Annual,Units,Normal value,Public,100,100,100,100,100,100,100,100,100,100,100,100,100,100,100,100,100,100,100,100,100,100,100,100,100,100,100,100,100,100,100,100,100,100
datastructure,WB.DATA360:DS_DATA360(1.3),I,A,EMU,WB_WDI_EG_ELC_ACCS_ZS,_T,_T,_T,PT_POP,_Z,_Z,_Z,_Z,RATIO,2,WB_WDI,P1Y,0,A,PU,Annual,Euro area,Access to electricity (% of population),Total,All age ranges or no breakdown by age,Total,Percentage of population,Not Applicable,Not Applicable,Not Applicable,Not Applicable,Ratio,Two,World Development Indicators (WDI),Annual,Units,Normal value,Public,100,100,100,100,100,100,100,100,100,100,99.99390244,99.99397565073455,99.99230408476242,99.99241047,99.99055928073874,99.98911807079192,99.98733582958592,99.98973883221532,99.99241209873283,99.99535052,99.99604491,99.99612073180917,100,100,100,100,100,100,100,100,100,100,100,100
datastructure,WB.DATA360:DS_DATA360(1.3),I,A,GUY,WB_WDI_EG_ELC_ACCS_ZS,_T,_T,_T,PT_POP,_Z,_Z,_Z,_Z,RATIO,2,WB_WDI,P1Y,0,A,PU,Annual,Guyana,Access to electricity (% of population),Total,All age ranges or no breakdown by age,Total,Percentage of population,Not Applicable,Not Applicable,Not Applicable,Not Applicable,Ratio,Two,World Development Indicators (WDI),Annual,Units,Normal value,Public,,,,72.376631,70.71398163,71.35198212,71.98726654,72.61915588,73.24695587,73.86991882,74.6,75.1,75.7,76.2,76.8,77.5,73.4,78.5,79.1,77.6,83.3,84.2,85.1,86,86.9,88,89,90,90.9,91.6,92.3,92.9,93,98.9
datastructure,WB.DATA360:DS_DATA360(1.3),I,A,BLR,WB_WDI_EG_ELC_ACCS_ZS,_T,_T,_T,PT_POP,_Z,_Z,_Z,_Z,RATIO,2,WB_WDI,P1Y,0,A,PU,Annual,Belarus,Access to electricity (% of population),Total,All age ranges or no breakdown by age,Total,Percentage of population,Not Applicable,Not Applicable,Not Applicable,Not Applicable,Ratio,Two,World Development Indicators (WDI),Annual,Units,Normal value,Public,100,100,100,100,100,100,100,100,100,100,89,89.5,90,90.5,91,91.5,92.1,92.6,93.2,93.8,94.4,95,95.6,96.2,96.8,97.4,98,98.7,99.3,100,100,100,100,100
datastructure,WB.DATA360:DS_DATA360(1.3),I,A,MDV,WB_WDI_EG_ELC_ACCS_ZS,_T,_T,_T,PT_POP,_Z,_Z,_Z,_Z,RATIO,2,WB_WDI,P1Y,0,A,PU,Annual,Maldives,Access to electricity (% of population),Total,All age ranges or no breakdown by age,Total,Percentage of population,Not Applicable,Not Applicable,Not Applicable,Not Applicable,Ratio,Two,World Development Indicators (WDI),Annual,Units,Normal value,Public,,,,,,,,,,,83.8,87.5,88.3,89.1,90,90.9,91.7,92.6,93.6,99.9,99,99.1,99.2,99.4,100,99.8,100,99.8,100,100,100,100,100,100
datastructure,WB.DATA360:DS_DATA360(1.3),I,A,IBT,WB_WDI_EG_ELC_ACCS_ZS,_T,_T,_T,PT_POP,_Z,_Z,_Z,_Z,RATIO,2,WB_WDI,P1Y,0,A,PU,Annual,IDA & IBRD total,Access to electricity (% of population),Total,All age ranges or no breakdown by age,Total,Percentage of population,Not Applicable,Not Applicable,Not Applicable,Not Applicable,Ratio,Two,World Development Indicators (WDI),Annual,Units,Normal value,Public,,,,,,,,,,,73.96543725086586,74.58835985,75.0793291,76.13464474090638,76.14445360804949,77.059769,77.85522665,78.61198069,79.45331897956589,79.95015216,80.64913305818516,81.91891029607382,82.43569027016504,83.35933640464619,83.93950905407277,84.80209286940118,86.19797014045548,87.17806481087817,88.20297397249787,88.57178419062191,88.91163773939046,90.01997383560341,89.96137963779749,90.31462489
datastructure,WB.DATA360:DS_DATA360(1.3),I,A,QAT,WB_WDI_EG_ELC_ACCS_ZS,_T,_T,_T,PT_POP,_Z,_Z,_Z,_Z,RATIO,2,WB_WDI,P1Y,0,A,PU,Annual,Qatar,Access to electricity (% of population),Total,All age ranges or no breakdown by age,Total,Percentage of population,Not Applicable,Not Applicable,Not Applicable,Not Applicable,Ratio,Two,World Development Indicators (WDI),Annual,Units,Normal value,Public,100,100,100,100,100,100,100,100,100,100,100,100,100,100,100,100,100,100,100,100,100,100,100,100,100,100,100,100,100,100,100,100,100,100
datastructure,WB.DATA360:DS_DATA360(1.3),I,A,TSA,WB_WDI_EG_ELC_ACCS_ZS,_T,_T,_T,PT_POP,_Z,_Z,_Z,_Z,RATIO,2,WB_WDI,P1Y,0,A,PU,Annual,South Asia (IDA & IBRD),Access to electricity (% of population),Total,All age ranges or no breakdown by age,Total,Percentage of population,Not Applicable,Not Applicable,Not Applicable,Not Applicable,Ratio,Two,World Development Indicators (WDI),Annual,Units,Normal value,Public,,,,46.56398396829463,46.182183503465026,47.66468218554248,48.76649927,50.29601049256378,52.23037388059934,56.01774120076747,56.766472920024114,58.348521315957726,59.41578397667205,62.34110305588053,61.48428303391974,65.85364601629233,65.92504522041186,69.28488185924202,71.77825886600202,72.9865861,74.07657363402366,77.30916515857317,78.41954445090487,80.84745320306904,82.84802242914314,86.53277846246725,88.31844804033982,91.39837283,94.81920240559784,95.46989539886532,96.40136173974408,99.36931291,99.08951147319343,99.40878896974051
datastructure,WB.DATA360:DS_DATA360(1.3),I,A,SAS,WB_WDI_EG_ELC_ACCS_ZS,_T,_T,_T,PT_POP,_Z,_Z,_Z,_Z,RATIO,2,WB_WDI,P1Y,0,A,PU,Annual,South Asia,Access to electricity (% of population),Total,All age ranges or no breakdown by age,Total,Percentage of population,Not Applicable,Not Applicable,Not Applicable,Not Applicable,Ratio,Two,World Development Indicators (WDI),Annual,Units,Normal value,Public,,,,46.56398396829463,46.182183503465026,47.66468218554248,48.76649927,50.29601049256378,52.23037388059934,56.01774120076747,56.76647292002413,58.348521315957726,59.41578397667204,62.341103055880524,61.48428303391974,65.85364601629233,65.92504522041186,69.28488185924203,71.77825886600202,72.9865861,74.07657363402366,77.30916515857317,78.41954445090487,80.84745320306904,82.84802242914313,86.53277846246725,88.31844804033982,91.39837283,94.81920240559784,95.46989539886529,96.40136173974408,99.36931291,99.08951147319343,99.40878896974051
datastructure,WB.DATA360:DS_DATA360(1.3),I,A,IND,WB_WDI_EG_ELC_ACCS_ZS,_T,_T,_T,PT_POP,_Z,_Z,_Z,_Z,RATIO,2,WB_WDI,P1Y,0,A,PU,Annual,India,Access to electricity (% of population),Total,All age ranges or no breakdown by age,Total,Percentage of population,Not Applicable,Not Applicable,Not Applicable,Not Applicable,Ratio,Two,World Development Indicators (WDI),Annual,Units,Normal value,Public,,,,50.9,49.81130981,51.40877533,53.00352097,54.59486389,56.18213272,60.1,60.3,62,62.3,65.4,64.4,68.8,67.9,72.3,74.1,75,76.3,79.5,79.9,83.1,85.1,88,89.6,91.8,95.7,95.9,96.5,99.6,99.2,99.5
datastructure,WB.DATA360:DS_DATA360(1.3),I,A,BRB,WB_WDI_EG_ELC_ACCS_ZS,_T,_T,_T,PT_POP,_Z,_Z,_Z,_Z,RATIO,2,WB_WDI,P1Y,0,A,PU,Annual,Barbados,Access to electricity (% of population),Total,All age ranges or no breakdown by age,Total,Percentage of population,Not Applicable,Not Applicable,Not Applicable,Not Applicable,Ratio,Two,World Development Indicators (WDI),Annual,Units,Normal value,Public,99.98425293,99.99343872,99.99868774,100,100,100,100,100,100,100,100,100,100,100,99.9,99.9,100,100,100,100,100,100,100,100,100,100,100,100,100,100,100,100,100,100
datastructure,WB.DATA360:DS_DATA360(1.3),I,A,MKD,WB_WDI_EG_ELC_ACCS_ZS,_T,_T,_T,PT_POP,_Z,_Z,_Z,_Z,RATIO,2,WB_WDI,P1Y,0,A,PU,Annual,North Macedonia,Access to electricity (% of population),Total,All age ranges or no breakdown by age,Total,Percentage of population,Not Applicable,Not Applicable,Not Applicable,Not Applicable,Ratio,Two,World Development Indicators (WDI),Annual,Units,Normal value,Public,100,100,100,100,100,100,100,100,100,100,99,99,99,99,99.4,99.1,99,99.1,99.2,99.2,99.5,99.7,99.6,99.7,99.8,99.9,100,100,99.8,100,100,100,100,100
datastructure,WB.DATA360:DS_DATA360(1.3),I,A,ARM,WB_WDI_EG_ELC_ACCS_ZS,_T,_T,_T,PT_POP,_Z,_Z,_Z,_Z,RATIO,2,WB_WDI,P1Y,0,A,PU,Annual,Armenia,Access to electricity (% of population),Total,All age ranges or no breakdown by age,Total,Percentage of population,Not Applicable,Not Applicable,Not Applicable,Not Applicable,Ratio,Two,World Development Indicators (WDI),Annual,Units,Normal value,Public,,,,,,,,,,,98.9,100,98,99.1,99.1,99.8,99.1,99.2,99.2,99.3,99.8,99.5,99.5,99.4,99.7,100,99.8,99.7,99.9,100,100,100,100,100
datastructure,WB.DATA360:DS_DATA360(1.3),I,A,BGD,WB_WDI_EG_ELC_ACCS_ZS,_T,_T,_T,PT_POP,_Z,_Z,_Z,_Z,RATIO,2,WB_WDI,P1Y,0,A,PU,Annual,Bangladesh,Access to electricity (% of population),Total,All age ranges or no breakdown by age,Total,Percentage of population,Not Applicable,Not Applicable,Not Applicable,Not Applicable,Ratio,Two,World Development Indicators (WDI),Annual,Units,Normal value,Public,,14.29,9.90541935,12.71788025,17.8,18.33804512,21.14438629,22.4,26.74619293,29.54021454,32,35,37.8,40.5,40.6,44.2,50.5,46.5,54.3,57.1,55.3,59.6,65.5,61.5,62.4,74,75.9,88,86.9,92.2,96.2,99,99.4,99.5
datastructure,WB.DATA360:DS_DATA360(1.3),I,A,PST,WB_WDI_EG_ELC_ACCS_ZS,_T,_T,_T,PT_POP,_Z,_Z,_Z,_Z,RATIO,2,WB_WDI,P1Y,0,A,PU,Annual,Post-demographic dividend,Access to electricity (% of population),Total,All age ranges or no breakdown by age,Total,Percentage of population,Not Applicable,Not Applicable,Not Applicable,Not Applicable,Ratio,Two,World Development Indicators (WDI),Annual,Units,Normal value,Public,99.99439658641397,99.99575062,99.9970938,99.99833994576164,99.99926302055941,99.99976752036378,99.99977598158367,99.99978449083389,99.99979327300164,99.99980232091352,99.71501664402452,99.72555931,99.73160072277452,99.75554511,99.77219940272587,99.80642107101872,99.80278596385686,99.83049774789494,99.84326553316592,99.86221011,99.88015241,99.89275860559283,99.90294652804788,99.91888373303641,99.93205567003636,99.94473418810806,99.95778166883834,99.97112258,99.98216444490278,99.99324248094524,99.99724008633224,99.99883443,100,100
datastructure,WB.DATA360:DS_DATA360(1.3),I,A,MEX,WB_WDI_EG_ELC_ACCS_ZS,_T,_T,_T,PT_POP,_Z,_Z,_Z,_Z,RATIO,2,WB_WDI,P1Y,0,A,PU,Annual,Mexico,Access to electricity (% of population),Total,All age ranges or no breakdown by age,Total,Percentage of population,Not Applicable,Not Applicable,Not Applicable,Not Applicable,Ratio,Two,World Development Indicators (WDI),Annual,Units,Normal value,Public,,,93.145981,95.44846344,95.238294,95.89446259,96.093624,96.32958221,96.092755,96.74829865,98,97.1,97.9,97.4,98.6,98.9,99.1,97.9,98.9,98.3,99.2,99,99.1,99.1,99.2,99,99.5,100,99.5,99.6,99.4,100,100,99.7
datastructure,WB.DATA360:DS_DATA360(1.3),I,A,DZA,WB_WDI_EG_ELC_ACCS_ZS,_T,_T,_T,PT_POP,_Z,_Z,_Z,_Z,RATIO,2,WB_WDI,P1Y,0,A,PU,Annual,Algeria,Access to electricity (% of population),Total,All age ranges or no breakdown by age,Total,Percentage of population,Not Applicable,Not Applicable,Not Applicable,Not Applicable,Ratio,Two,World Development Indicators (WDI),Annual,Units,Normal value,Public,,,,,,,,,,,98.6,98.6,98.6,98.6,98.6,98.6,98.7,98.7,99.3,98.8,98.9,99,98.8,99.2,99.3,99.4,99.4,99.5,99.6,99.5,99.7,99.8,100,100
datastructure,WB.DATA360:DS_DATA360(1.3),I,A,CMR,WB_WDI_EG_ELC_ACCS_ZS,_T,_T,_T,PT_POP,_Z,_Z,_Z,_Z,RATIO,2,WB_WDI,P1Y,0,A,PU,Annual,Cameroon,Access to electricity (% of population),Total,All age ranges or no breakdown by age,Total,Percentage of population,Not Applicable,Not Applicable,Not Applicable,Not Applicable,Ratio,Two,World Development Indicators (WDI),Annual,Units,Normal value,Public,,29,32.69752502,33.84919357,34.99950409,36.14777374,37.29332352,38.4354744,40.7,40.70677567,41,46.2,44,45.1,47.1,47.2,49,48.2,50.6,51.7,52.8,53.7,55.2,56.3,56.8,58.6,59.8,60.9,62.2,63.2,64.3,65.4,71,72
datastructure,WB.DATA360:DS_DATA360(1.3),I,A,SUR,WB_WDI_EG_ELC_ACCS_ZS,_T,_T,_T,PT_POP,_Z,_Z,_Z,_Z,RATIO,2,WB_WDI,P1Y,0,A,PU,Annual,Suriname,Access to electricity (% of population),Total,All age ranges or no breakdown by age,Total,Percentage of population,Not Applicable,Not Applicable,Not Applicable,Not Applicable,Ratio,Two,World Development Indicators (WDI),Annual,Units,Normal value,Public,,,,,,,,,,99.62406,95.4,95.3,95.2,95.1,95,94.9,91,94.7,94.7,94.6,91.2,94.6,94.6,94.6,94.6,95,95.8,96.6,97.4,97.9,98.4,98.8,99,99.6
datastructure,WB.DATA360:DS_DATA360(1.3),I,A,GMB,WB_WDI_EG_ELC_ACCS_ZS,_T,_T,_T,PT_POP,_Z,_Z,_Z,_Z,RATIO,2,WB_WDI,P1Y,0,A,PU,Annual,"Gambia, The",Access to electricity (% of population),Total,All age ranges or no breakdown by age,Total,Percentage of population,Not Applicable,Not Applicable,Not Applicable,Not Applicable,Ratio,Two,World Development Indicators (WDI),Annual,Units,Normal value,Public,,,,17.7,18.25004959,19.92144394,21.59011841,23.25539207,24.91658783,26.57294083,34.3,29.9,31.5,27.8,34.8,30.5,38.1,39.8,41.5,43.2,46.8,48.3,49.9,51.5,53,54.7,56.4,56.2,60.3,62.1,62.2,63.7,65.4,66.9
datastructure,WB.DATA360:DS_DATA360(1.3),I,A,TSS,WB_WDI_EG_ELC_ACCS_ZS,_T,_T,_T,PT_POP,_Z,_Z,_Z,_Z,RATIO,2,WB_WDI,P1Y,0,A,PU,Annual,Sub-Saharan Africa (IDA & IBRD),Access to electricity (% of population),Total,All age ranges or no breakdown by age,Total,Percentage of population,Not Applicable,Not Applicable,Not Applicable,Not Applicable,Ratio,Two,World Development Indicators (WDI),Annual,Units,Normal value,Public,,,,,,,28.512384382876753,28.363633683406096,28.55988061,30.139506983608953,25.70077372663904,26.160662802678047,27.336483548368474,29.592896206956524,29.370029099025153,29.352962971410758,31.201643193749348,32.51798774547797,32.40335210625917,32.62644864620317,33.335247587415125,35.90081970967356,36.77627787,38.03200420250177,38.35447693034533,39.199650016083766,43.83016514038074,43.76281945661771,46.41667524254571,47.19741681545175,48.54503894910453,50.65664486406172,51.587377584536256,53.25587106643494
datastructure,WB.DATA360:DS_DATA360(1.3),I,A,CHL,WB_WDI_EG_ELC_ACCS_ZS,_T,_T,_T,PT_POP,_Z,_Z,_Z,_Z,RATIO,2,WB_WDI,P1Y,0,A,PU,Annual,Chile,Access to electricity (% of population),Total,All age ranges or no breakdown by age,Total,Percentage of population,Not Applicable,Not Applicable,Not Applicable,Not Applicable,Ratio,Two,World Development Indicators (WDI),Annual,Units,Normal value,Public,92.257427,94.78162384,94.560057,95.27372742,95.51807404,95.76038361,95.617315,96.23616791,97.241124,96.69554901,97.9,97.1,97.3,98.8,97.5,97.7,99.4,98,98.2,99.6,99.5,99.6,100,99.6,100,99.7,100,99.7,100,100,100,100,100,100
datastructure,WB.DATA360:DS_DATA360(1.3),I,A,TZA,WB_WDI_EG_ELC_ACCS_ZS,_T,_T,_T,PT_POP,_Z,_Z,_Z,_Z,RATIO,2,WB_WDI,P1Y,0,A,PU,Annual,Tanzania,Access to electricity (% of population),Total,All age ranges or no breakdown by age,Total,Percentage of population,Not Applicable,Not Applicable,Not Applicable,Not Applicable,Ratio,Two,World Development Indicators (WDI),Annual,Units,Normal value,Public,,,6.8,2.330187798,3.300647259,4.269067287,9.4,6.197068214,7.15528965,8,8.7,9.7,10.7,11.1,11.4,13.8,14.9,15.9,11.5,11.2,14.8,14.2,15.3,16.4,23.5,26.2,32.8,32.1,34.9,37.7,39.9,42.7,45.8,48.3
datastructure,WB.DATA360:DS_DATA360(1.3),I,A,MIC,WB_WDI_EG_ELC_ACCS_ZS,_T,_T,_T,PT_POP,_Z,_Z,_Z,_Z,RATIO,2,WB_WDI,P1Y,0,A,PU,Annual,Middle income,Access to electricity (% of population),Total,All age ranges or no breakdown by age,Total,Percentage of population,Not Applicable,Not Applicable,Not Applicable,Not Applicable,Ratio,Two,World Development Indicators (WDI),Annual,Units,Normal value,Public,,,,,,,,,,,77.22419144642062,77.94322376540016,78.55491583381063,79.72897178415423,79.75060138691859,80.91146187829447,81.68553814,82.64760389006885,83.74982982489352,84.26689747418514,84.99995372710522,86.50772822349452,86.85656060908934,87.88781672519107,88.49073852196074,89.69580377662373,90.72912863062282,91.75588240626983,92.89491727488686,93.28108065506993,93.62440479153513,94.83339179920685,94.85792516854187,95.15810544271709
datastructure,WB.DATA360:DS_DATA360(1.3),I,A,EUU,WB_WDI_EG_ELC_ACCS_ZS,_T,_T,_T,PT_POP,_Z,_Z,_Z,_Z,RATIO,2,WB_WDI,P1Y,0,A,PU,Annual,European Union,Access to electricity (% of population),Total,All age ranges or no breakdown by age,Total,Percentage of population,Not Applicable,Not Applicable,Not Applicable,Not Applicable,Ratio,Two,World Development Indicators (WDI),Annual,Units,Normal value,Public,100,100,100,100,100,100,100,100,100,100,99.47618985803116,99.50504448418465,99.53871585793277,99.55399072059157,99.57582483,99.59137072941141,99.61883965,99.64640752550338,99.68253039966531,99.72900757,99.75539725309633,99.78011783235422,99.8125887,99.83811738,99.86260295522483,99.89291160325935,99.91826371940931,99.97097242784791,99.97172756814471,99.98815561201474,99.99560229019043,99.99708341459423,100,100
datastructure,WB.DATA360:DS_DATA360(1.3),I,A,EAR,WB_WDI_EG_ELC_ACCS_ZS,_T,_T,_T,PT_POP,_Z,_Z,_Z,_Z,RATIO,2,WB_WDI,P1Y,0,A,PU,Annual,Early-demographic dividend,Access to electricity (% of population),Total,All age ranges or no breakdown by age,Total,Percentage of population,Not Applicable,Not Applicable,Not Applicable,Not Applicable,Ratio,Two,World Development Indicators (WDI),Annual,Units,Normal value,Public,,,,55.608974895942666,56.371326619711965,58.132648327177414,59.87058959335776,61.83790638441394,63.39301071940292,66.08566382588108,67.50048861557474,68.25777414740391,69.15133395208493,70.88240683953988,71.11141995879758,72.75078067,73.79998288083318,75.65503833864683,77.40077951974284,78.28841996440177,79.39018951,81.14998286,82.05246324217416,83.79931257546943,84.75200883985104,86.82715446425772,88.34944813,90.50867287964543,91.99271092227656,92.79765530133683,93.45578105642964,95.24233388870168,95.15757449507436,95.7044381
datastructure,WB.DATA360:DS_DATA360(1.3),I,A,IMN,WB_WDI_EG_ELC_ACCS_ZS,_T,_T,_T,PT_POP,_Z,_Z,_Z,_Z,RATIO,2,WB_WDI,P1Y,0,A,PU,Annual,Isle of Man,Access to electricity (% of population),Total,All age ranges or no breakdown by age,Total,Percentage of population,Not Applicable,Not Applicable,Not Applicable,Not Applicable,Ratio,Two,World Development Indicators (WDI),Annual,Units,Normal value,Public,100,100,100,100,100,100,100,100,100,100,100,100,100,100,100,100,100,100,100,100,100,100,100,100,100,100,100,100,100,100,100,100,100,100
datastructure,WB.DATA360:DS_DATA360(1.3),I,A,LVA,WB_WDI_EG_ELC_ACCS_ZS,_T,_T,_T,PT_POP,_Z,_Z,_Z,_Z,RATIO,2,WB_WDI,P1Y,0,A,PU,Annual,Latvia,Access to electricity (% of population),Total,All age ranges or no breakdown by age,Total,Percentage of population,Not Applicable,Not Applicable,Not Applicable,Not Applicable,Ratio,Two,World Development Indicators (WDI),Annual,Units,Normal value,Public,100,100,100,100,100,100,100,100,100,100,99.9,99.9,99.8,99.8,99.7,99.7,99.6,99.7,99.7,100,99.8,99.8,100,100,100,100,100,100,100,100,100,100,100,100
datastructure,WB.DATA360:DS_DATA360(1.3),I,A,SLB,WB_WDI_EG_ELC_ACCS_ZS,_T,_T,_T,PT_POP,_Z,_Z,_Z,_Z,RATIO,2,WB_WDI,P1Y,0,A,PU,Annual,Solomon Islands,Access to electricity (% of population),Total,All age ranges or no breakdown by age,Total,Percentage of population,Not Applicable,Not Applicable,Not Applicable,Not Applicable,Ratio,Two,World Development Indicators (WDI),Annual,Units,Normal value,Public,,,,,,,,,,15.7,4.7,7.6,10.5,13.4,16.3,19.2,14.4,12.9,28.1,21.2,35.4,39.1,42.9,44.7,50.5,55.1,58.2,62.9,65.8,69.4,72.9,76.3,76,81.3
datastructure,WB.DATA360:DS_DATA360(1.3),I,A,GNB,WB_WDI_EG_ELC_ACCS_ZS,_T,_T,_T,PT_POP,_Z,_Z,_Z,_Z,RATIO,2,WB_WDI,P1Y,0,A,PU,Annual,Guinea-Bissau,Access to electricity (% of population),Total,All age ranges or no breakdown by age,Total,Percentage of population,Not Applicable,Not Applicable,Not Applicable,Not Applicable,Ratio,Two,World Development Indicators (WDI),Annual,Units,Normal value,Public,,,,,,,,,,,,,1.3,2.6,3.9,5.2,14.5,7.9,9.3,4.7,6,13.5,14.9,16.3,17.2,20.1,22.9,26,28.4,30.9,33.4,35.8,37.4,40.5
datastructure,WB.DATA360:DS_DATA360(1.3),I,A,OED,WB_WDI_EG_ELC_ACCS_ZS,_T,_T,_T,PT_POP,_Z,_Z,_Z,_Z,RATIO,2,WB_WDI,P1Y,0,A,PU,Annual,OECD members,Access to electricity (% of population),Total,All age ranges or no breakdown by age,Total,Percentage of population,Not Applicable,Not Applicable,Not Applicable,Not Applicable,Ratio,Two,World Development Indicators (WDI),Annual,Units,Normal value,Public,99.54780132702065,99.64542838872451,99.12582123223757,99.32417574686598,99.31324206965421,99.31439911046132,99.39185759838259,99.42387724162542,99.42115014614279,99.47435657268299,99.63552912851594,99.66052258690642,99.60349558992743,99.58272084,99.66622877305704,99.73907344275727,99.73965268126227,99.62878552760728,99.74396479237257,99.69177275859936,99.80762621470818,99.78721168820934,99.81294677495485,99.83503166637448,99.84802588105072,99.83935774370362,99.89593700669292,99.94085903409572,99.89877343420488,99.94007251674243,99.93297949,100,100,99.92294862594146
datastructure,WB.DATA360:DS_DATA360(1.3),I,A,NER,WB_WDI_EG_ELC_ACCS_ZS,_T,_T,_T,PT_POP,_Z,_Z,_Z,_Z,RATIO,2,WB_WDI,P1Y,0,A,PU,Annual,Niger,Access to electricity (% of population),Total,All age ranges or no breakdown by age,Total,Percentage of population,Not Applicable,Not Applicable,Not Applicable,Not Applicable,Ratio,Two,World Development Indicators (WDI),Annual,Units,Normal value,Public,,,4.4,4.012139797,4.57177639,6.2,7,6.235727787,6.7,7.325682163,6.5,8.4,8.8,9.3,9.7,7.1,9.3,11.2,11.8,12.3,13.6,14.3,14.4,15.2,15.7,16.6,17,17.6,17.6,18.5,18.7,18.6,19.5,20.1
datastructure,WB.DATA360:DS_DATA360(1.3),I,A,IDN,WB_WDI_EG_ELC_ACCS_ZS,_T,_T,_T,PT_POP,_Z,_Z,_Z,_Z,RATIO,2,WB_WDI,P1Y,0,A,PU,Annual,Indonesia,Access to electricity (% of population),Total,All age ranges or no breakdown by age,Total,Percentage of population,Not Applicable,Not Applicable,Not Applicable,Not Applicable,Ratio,Two,World Development Indicators (WDI),Annual,Units,Normal value,Public,,48.9,66.69656372,55.43,62.8,66.86,72.39,80.3,80.94,83.73,86.3,86.3,87.6,87.9,89,84.8,90.6,91.1,92.7,93.6,94.2,94.8,96,96.5,97,97.5,97.6,98.1,98.5,98.9,97,99.2,100,99.4
datastructure,WB.DATA360:DS_DATA360(1.3),I,A,HUN,WB_WDI_EG_ELC_ACCS_ZS,_T,_T,_T,PT_POP,_Z,_Z,_Z,_Z,RATIO,2,WB_WDI,P1Y,0,A,PU,Annual,Hungary,Access to electricity (% of population),Total,All age ranges or no breakdown by age,Total,Percentage of population,Not Applicable,Not Applicable,Not Applicable,Not Applicable,Ratio,Two,World Development Indicators (WDI),Annual,Units,Normal value,Public,100,100,100,100,100,100,100,100,100,100,100,100,100,100,100,99.9,99.9,100,100,100,100,100,100,100,100,100,100,100,100,100,100,100,100,100
datastructure,WB.DATA360:DS_DATA360(1.3),I,A,EAP,WB_WDI_EG_ELC_ACCS_ZS,_T,_T,_T,PT_POP,_Z,_Z,_Z,_Z,RATIO,2,WB_WDI,P1Y,0,A,PU,Annual,East Asia & Pacific (excluding high income),Access to electricity (% of population),Total,All age ranges or no breakdown by age,Total,Percentage of population,Not Applicable,Not Applicable,Not Applicable,Not Applicable,Ratio,Two,World Development Indicators (WDI),Annual,Units,Normal value,Public,,,,,,,,,,,91.13814446684495,91.67980739344513,92.15327311637093,92.37804777195409,93.26606803879744,92.84530036285862,94.04145551,94.05138923607707,94.67193104906357,94.42763391277639,95.05537065543533,95.58168153051511,95.79516544922207,96.09285351682642,96.27409935655982,96.62182507280694,96.71653419172769,97.4453073,97.41238297471749,97.65009606179098,97.56518496824756,97.95992099102948,98.02737208910563,98.23763830071887
datastructure,WB.DATA360:DS_DATA360(1.3),I,A,ECU,WB_WDI_EG_ELC_ACCS_ZS,_T,_T,_T,PT_POP,_Z,_Z,_Z,_Z,RATIO,2,WB_WDI,P1Y,0,A,PU,Annual,Ecuador,Access to electricity (% of population),Total,All age ranges or no breakdown by age,Total,Percentage of population,Not Applicable,Not Applicable,Not Applicable,Not Applicable,Ratio,Two,World Development Indicators (WDI),Annual,Units,Normal value,Public,,,,,,89.830167,92.05137634,92.4298172,92.726642,93.071434,93.7,94,94.2,95,94.8,95.8,96.3,96.8,97.2,96.5,97.5,96.9,97.2,98,99,98.8,98.7,99.2,98.7,99.1,98.9,100,100,98.7
datastructure,WB.DATA360:DS_DATA360(1.3),I,A,TMN,WB_WDI_EG_ELC_ACCS_ZS,_T,_T,_T,PT_POP,_Z,_Z,_Z,_Z,RATIO,2,WB_WDI,P1Y,0,A,PU,Annual,"Middle East, North Africa, Afghanistan & Pakistan (IDA & IBRD)",Access to electricity (% of population),Total,All age ranges or no breakdown by age,Total,Percentage of population,Not Applicable,Not Applicable,Not Applicable,Not Applicable,Ratio,Two,World Development Indicators (WDI),Annual,Units,Normal value,Public,,,,,,,,,,,81.25366787121746,81.99581077373203,82.32660337796867,83.35984604837807,83.76669732149635,84.80546109,86.62255188619017,86.05026858410072,87.03986174937116,87.72245737765004,89.71863641898203,89.93898928889938,91.09637548601921,92.49176288163555,93.45245776441922,92.77991064145877,94.66885850648357,95.59381364777096,94.47157482098622,95.61354564636243,95.88885617431168,96.06812600422184,95.45169819354933,96.05749468370914
datastructure,WB.DATA360:DS_DATA360(1.3),I,A,MDA,WB_WDI_EG_ELC_ACCS_ZS,_T,_T,_T,PT_POP,_Z,_Z,_Z,_Z,RATIO,2,WB_WDI,P1Y,0,A,PU,Annual,Moldova,Access to electricity (% of population),Total,All age ranges or no breakdown by age,Total,Percentage of population,Not Applicable,Not Applicable,Not Applicable,Not Applicable,Ratio,Two,World Development Indicators (WDI),Annual,Units,Normal value,Public,100,100,100,100,100,100,100,100,100,100,98.7,98.8,99,98.8,99.1,98.6,98.9,99,99.1,99.2,99.3,99.4,99.5,99.6,99.8,99.9,99.9,100,100,100,100,100,100,100
datastructure,WB.DATA360:DS_DATA360(1.3),I,A,HPC,WB_WDI_EG_ELC_ACCS_ZS,_T,_T,_T,PT_POP,_Z,_Z,_Z,_Z,RATIO,2,WB_WDI,P1Y,0,A,PU,Annual,Heavily indebted poor countries (HIPC),Access to electricity (% of population),Total,All age ranges or no breakdown by age,Total,Percentage of population,Not Applicable,Not Applicable,Not Applicable,Not Applicable,Ratio,Two,World Development Indicators (WDI),Annual,Units,Normal value,Public,,,,,,,,,,,17.824478605208927,18.697235529094236,19.403578591130536,20.87229720888706,21.919398023811986,21.66560702633093,24.297055240684063,25.847755027410948,25.803747137151568,27.024611988869765,28.67943130183399,29.171839682858295,31.897966049350096,32.887311045362054,35.34329387411513,35.45323342,40.587914385909535,41.47614000826421,43.97805591555113,45.022456932840264,46.34059886851976,48.01994122074348,48.71712772893844,50.53111274985976
datastructure,WB.DATA360:DS_DATA360(1.3),I,A,MLT,WB_WDI_EG_ELC_ACCS_ZS,_T,_T,_T,PT_POP,_Z,_Z,_Z,_Z,RATIO,2,WB_WDI,P1Y,0,A,PU,Annual,Malta,Access to electricity (% of population),Total,All age ranges or no breakdown by age,Total,Percentage of population,Not Applicable,Not Applicable,Not Applicable,Not Applicable,Ratio,Two,World Development Indicators (WDI),Annual,Units,Normal value,Public,100,100,100,100,100,100,100,100,100,100,100,100,100,100,100,100,100,100,100,100,100,100,100,100,100,100,100,100,100,100,100,100,100,100
datastructure,WB.DATA360:DS_DATA360(1.3),I,A,ISL,WB_WDI_EG_ELC_ACCS_ZS,_T,_T,_T,PT_POP,_Z,_Z,_Z,_Z,RATIO,2,WB_WDI,P1Y,0,A,PU,Annual,Iceland,Access to electricity (% of population),Total,All age ranges or no breakdown by age,Total,Percentage of population,Not Applicable,Not Applicable,Not Applicable,Not Applicable,Ratio,Two,World Development Indicators (WDI),Annual,Units,Normal value,Public,100,100,100,100,100,100,100,100,100,100,100,100,100,100,100,100,100,100,100,100,100,100,100,100,100,100,100,100,100,100,100,100,100,100
datastructure,WB.DATA360:DS_DATA360(1.3),I,A,DJI,WB_WDI_EG_ELC_ACCS_ZS,_T,_T,_T,PT_POP,_Z,_Z,_Z,_Z,RATIO,2,WB_WDI,P1Y,0,A,PU,Annual,Djibouti,Access to electricity (% of population),Total,All age ranges or no breakdown by age,Total,Percentage of population,Not Applicable,Not Applicable,Not Applicable,Not Applicable,Ratio,Two,World Development Indicators (WDI),Annual,Units,Normal value,Public,,,,,,,62,56.29449463,56.32225418,56.34516907,56,56.1,49.7,56.4,56.6,56.8,55.5,57.2,57.4,57.6,57.9,58.1,54.6,58.6,58.9,59.1,59.8,60.2,62.4,64.7,64.5,65.4,65,65.2
datastructure,WB.DATA360:DS_DATA360(1.3),I,A,LMY,WB_WDI_EG_ELC_ACCS_ZS,_T,_T,_T,PT_POP,_Z,_Z,_Z,_Z,RATIO,2,WB_WDI,P1Y,0,A,PU,Annual,Low & middle income,Access to electricity (% of population),Total,All age ranges or no breakdown by age,Total,Percentage of population,Not Applicable,Not Applicable,Not Applicable,Not Applicable,Ratio,Two,World Development Indicators (WDI),Annual,Units,Normal value,Public,,,,,,,,,,,73.56212584516497,74.28573800154963,74.81499999667913,75.96296743140239,75.96387822071725,76.98756860959557,77.77870323144984,78.58602332544767,79.47462011464526,79.74394247728556,80.46973857911452,81.89049760489027,82.34344004063826,83.32057764756881,84.01977631389711,85.04035356356074,86.20566240890705,87.22776707961714,88.32664714233869,88.69031518504137,89.01574973208898,90.15199631149058,90.09276772222626,90.49156737219498
datastructure,WB.DATA360:DS_DATA360(1.3),I,A,LBY,WB_WDI_EG_ELC_ACCS_ZS,_T,_T,_T,PT_POP,_Z,_Z,_Z,_Z,RATIO,2,WB_WDI,P1Y,0,A,PU,Annual,Libya,Access to electricity (% of population),Total,All age ranges or no breakdown by age,Total,Percentage of population,Not Applicable,Not Applicable,Not Applicable,Not Applicable,Ratio,Two,World Development Indicators (WDI),Annual,Units,Normal value,Public,,,,,,,,,,,99.8,96.9,95.2,93.5,91.8,90.1,88.4,86.8,85.1,83.5,81.9,80.3,78.7,77.1,75.5,73.8,72.2,70.6,67,68.5,69.4,70.2,70,73.2
datastructure,WB.DATA360:DS_DATA360(1.3),I,A,GHA,WB_WDI_EG_ELC_ACCS_ZS,_T,_T,_T,PT_POP,_Z,_Z,_Z,_Z,RATIO,2,WB_WDI,P1Y,0,A,PU,Annual,Ghana,Access to electricity (% of population),Total,All age ranges or no breakdown by age,Total,Percentage of population,Not Applicable,Not Applicable,Not Applicable,Not Applicable,Ratio,Two,World Development Indicators (WDI),Annual,Units,Normal value,Public,,,,30.6,30.36940575,32.4504509,34.52877045,36.60369492,42.6,40.74053955,43.7,44.8,46.8,48.3,50.8,41.3,55.1,56.9,60.5,61.1,64.2,64.1,56.5,70.7,78.3,74,79.3,79,80.4,83.5,85.4,86.3,85.1,89.5
datastructure,WB.DATA360:DS_DATA360(1.3),I,A,RWA,WB_WDI_EG_ELC_ACCS_ZS,_T,_T,_T,PT_POP,_Z,_Z,_Z,_Z,RATIO,2,WB_WDI,P1Y,0,A,PU,Annual,Rwanda,Access to electricity (% of population),Total,All age ranges or no breakdown by age,Total,Percentage of population,Not Applicable,Not Applicable,Not Applicable,Not Applicable,Ratio,Two,World Development Indicators (WDI),Annual,Units,Normal value,Public,,,2.3,,,,,1.027835965,2.174127579,3.31557703,6.2,4.7,6,7.4,8.7,4.8,11.4,12.8,6,15.6,9.7,10.8,17.5,15.2,19.8,22.8,29.4,34.1,38,46.6,45.2,48.7,50.6,63.9
datastructure,WB.DATA360:DS_DATA360(1.3),I,A,ESP,WB_WDI_EG_ELC_ACCS_ZS,_T,_T,_T,PT_POP,_Z,_Z,_Z,_Z,RATIO,2,WB_WDI,P1Y,0,A,PU,Annual,Spain,Access to electricity (% of population),Total,All age ranges or no breakdown by age,Total,Percentage of population,Not Applicable,Not Applicable,Not Applicable,Not Applicable,Ratio,Two,World Development Indicators (WDI),Annual,Units,Normal value,Public,100,100,100,100,100,100,100,100,100,100,100,100,100,100,100,100,100,100,100,100,100,100,100,100,100,100,100,100,100,100,100,100,100,100
datastructure,WB.DATA360:DS_DATA360(1.3),I,A,IRL,WB_WDI_EG_ELC_ACCS_ZS,_T,_T,_T,PT_POP,_Z,_Z,_Z,_Z,RATIO,2,WB_WDI,P1Y,0,A,PU,Annual,Ireland,Access to electricity (% of population),Total,All age ranges or no breakdown by age,Total,Percentage of population,Not Applicable,Not Applicable,Not Applicable,Not Applicable,Ratio,Two,World Development Indicators (WDI),Annual,Units,Normal value,Public,100,100,100,100,100,100,100,100,100,100,100,100,100,100,100,100,100,100,100,100,100,100,100,100,100,100,100,100,100,100,100,100,100,100
datastructure,WB.DATA360:DS_DATA360(1.3),I,A,BMU,WB_WDI_EG_ELC_ACCS_ZS,_T,_T,_T,PT_POP,_Z,_Z,_Z,_Z,RATIO,2,WB_WDI,P1Y,0,A,PU,Annual,Bermuda,Access to electricity (% of population),Total,All age ranges or no breakdown by age,Total,Percentage of population,Not Applicable,Not Applicable,Not Applicable,Not Applicable,Ratio,Two,World Development Indicators (WDI),Annual,Units,Normal value,Public,100,100,100,100,100,100,100,100,100,100,100,100,100,100,100,100,100,100,100,100,100,100,100,100,100,100,100,100,100,100,100,100,100,100
datastructure,WB.DATA360:DS_DATA360(1.3),I,A,GBR,WB_WDI_EG_ELC_ACCS_ZS,_T,_T,_T,PT_POP,_Z,_Z,_Z,_Z,RATIO,2,WB_WDI,P1Y,0,A,PU,Annual,United Kingdom,Access to electricity (% of population),Total,All age ranges or no breakdown by age,Total,Percentage of population,Not Applicable,Not Applicable,Not Applicable,Not Applicable,Ratio,Two,World Development Indicators (WDI),Annual,Units,Normal value,Public,100,100,100,100,100,100,100,100,100,100,100,100,100,100,100,100,100,100,100,100,100,100,100,100,100,100,100,100,100,100,100,100,100,100
datastructure,WB.DATA360:DS_DATA360(1.3),I,A,GIN,WB_WDI_EG_ELC_ACCS_ZS,_T,_T,_T,PT_POP,_Z,_Z,_Z,_Z,RATIO,2,WB_WDI,P1Y,0,A,PU,Annual,Guinea,Access to electricity (% of population),Total,All age ranges or no breakdown by age,Total,Percentage of population,Not Applicable,Not Applicable,Not Applicable,Not Applicable,Ratio,Two,World Development Indicators (WDI),Annual,Units,Normal value,Public,,,,,,,,,,16.4,15.2,16.4,17.7,18.9,20.2,20.2,22.8,24.1,25.4,26.7,28.1,29.5,26.2,32.2,33.5,34.9,33.5,35.4,45,42.2,44.7,46.8,47.7,51.1
datastructure,WB.DATA360:DS_DATA360(1.3),I,A,SXM,WB_WDI_EG_ELC_ACCS_ZS,_T,_T,_T,PT_POP,_Z,_Z,_Z,_Z,RATIO,2,WB_WDI,P1Y,0,A,PU,Annual,Sint Maarten (Dutch part),Access to electricity (% of population),Total,All age ranges or no breakdown by age,Total,Percentage of population,Not Applicable,Not Applicable,Not Applicable,Not Applicable,Ratio,Two,World Development Indicators (WDI),Annual,Units,Normal value,Public,100,100,100,100,100,100,100,100,100,100,100,99.9,99.9,99.8,99.8,99.7,99.7,99.7,99.7,99.7,100,100,100,100,100,100,100,100,100,100,100,100,100,100
datastructure,WB.DATA360:DS_DATA360(1.3),I,A,SMR,WB_WDI_EG_ELC_ACCS_ZS,_T,_T,_T,PT_POP,_Z,_Z,_Z,_Z,RATIO,2,WB_WDI,P1Y,0,A,PU,Annual,San Marino,Access to electricity (% of population),Total,All age ranges or no breakdown by age,Total,Percentage of population,Not Applicable,Not Applicable,Not Applicable,Not Applicable,Ratio,Two,World Development Indicators (WDI),Annual,Units,Normal value,Public,100,100,100,100,100,100,100,100,100,100,100,100,100,100,100,100,100,100,100,100,100,100,100,100,100,100,100,100,100,100,100,100,100,100
datastructure,WB.DATA360:DS_DATA360(1.3),I,A,KGZ,WB_WDI_EG_ELC_ACCS_ZS,_T,_T,_T,PT_POP,_Z,_Z,_Z,_Z,RATIO,2,WB_WDI,P1Y,0,A,PU,Annual,Kyrgyz Republic,Access to electricity (% of population),Total,All age ranges or no breakdown by age,Total,Percentage of population,Not Applicable,Not Applicable,Not Applicable,Not Applicable,Ratio,Two,World Development Indicators (WDI),Annual,Units,Normal value,Public,,,,,,,,99.8,99.55382538,99.56558228,99.6,99.5,100,99.4,99.3,99.4,98.9,99.5,99.5,99.5,99,98.3,99.8,98.9,99.8,98.7,99.7,100,100,99.9,99.9,99.7,99.7,100
datastructure,WB.DATA360:DS_DATA360(1.3),I,A,DOM,WB_WDI_EG_ELC_ACCS_ZS,_T,_T,_T,PT_POP,_Z,_Z,_Z,_Z,RATIO,2,WB_WDI,P1Y,0,A,PU,Annual,Dominican Republic,Access to electricity (% of population),Total,All age ranges or no breakdown by age,Total,Percentage of population,Not Applicable,Not Applicable,Not Applicable,Not Applicable,Ratio,Two,World Development Indicators (WDI),Annual,Units,Normal value,Public,,78.2,82.48540497,83.25549316,84.02422333,84.79090881,85.55487823,86.31544495,87.07193756,91,88.8,89.8,89.7,89.2,90.3,90.1,90.1,96.9,97.6,97.9,98.1,97.9,97.9,98.4,98.5,98.6,98.9,100,98.9,99,100,98.1,98.1,99.6
datastructure,WB.DATA360:DS_DATA360(1.3),I,A,KAZ,WB_WDI_EG_ELC_ACCS_ZS,_T,_T,_T,PT_POP,_Z,_Z,_Z,_Z,RATIO,2,WB_WDI,P1Y,0,A,PU,Annual,Kazakhstan,Access to electricity (% of population),Total,All age ranges or no breakdown by age,Total,Percentage of population,Not Applicable,Not Applicable,Not Applicable,Not Applicable,Ratio,Two,World Development Indicators (WDI),Annual,Units,Normal value,Public,,,,,,99.9,99.19211578,99.26947021,99.34275055,97,99.6,99.7,99.8,99.9,100,100,99.8,100,100,100,100,99.8,100,100,100,100,100,100,100,100,100,100,100,100
datastructure,WB.DATA360:DS_DATA360(1.3),I,A,CUW,WB_WDI_EG_ELC_ACCS_ZS,_T,_T,_T,PT_POP,_Z,_Z,_Z,_Z,RATIO,2,WB_WDI,P1Y,0,A,PU,Annual,Curaçao,Access to electricity (% of population),Total,All age ranges or no breakdown by age,Total,Percentage of population,Not Applicable,Not Applicable,Not Applicable,Not Applicable,Ratio,Two,World Development Indicators (WDI),Annual,Units,Normal value,Public,100,100,100,100,100,100,100,100,100,100,100,99.9,99.9,99.8,99.8,99.7,99.7,99.7,99.7,99.7,100,100,100,100,100,100,100,100,100,100,100,100,100,100
datastructure,WB.DATA360:DS_DATA360(1.3),I,A,BLZ,WB_WDI_EG_ELC_ACCS_ZS,_T,_T,_T,PT_POP,_Z,_Z,_Z,_Z,RATIO,2,WB_WDI,P1Y,0,A,PU,Annual,Belize,Access to electricity (% of population),Total,All age ranges or no breakdown by age,Total,Percentage of population,Not Applicable,Not Applicable,Not Applicable,Not Applicable,Ratio,Two,World Development Indicators (WDI),Annual,Units,Normal value,Public,,67,72.22491455,73.12332916,74.02038574,74.91539764,75.80769348,76.69658661,77.58140564,78.46138,79,80.2,81,81.8,82.6,83.5,91,85.2,86.1,86.9,89.9,91.7,90.9,91.1,91.5,91.8,93.3,94.2,91.7,92.7,96.8,97.7,98.6,99.6
datastructure,WB.DATA360:DS_DATA360(1.3),I,A,FRO,WB_WDI_EG_ELC_ACCS_ZS,_T,_T,_T,PT_POP,_Z,_Z,_Z,_Z,RATIO,2,WB_WDI,P1Y,0,A,PU,Annual,Faroe Islands,Access to electricity (% of population),Total,All age ranges or no breakdown by age,Total,Percentage of population,Not Applicable,Not Applicable,Not Applicable,Not Applicable,Ratio,Two,World Development Indicators (WDI),Annual,Units,Normal value,Public,100,100,100,100,100,100,100,100,100,100,100,100,100,100,100,100,100,100,100,100,100,100,100,100,100,100,100,100,100,100,100,100,100,100
datastructure,WB.DATA360:DS_DATA360(1.3),I,A,NLD,WB_WDI_EG_ELC_ACCS_ZS,_T,_T,_T,PT_POP,_Z,_Z,_Z,_Z,RATIO,2,WB_WDI,P1Y,0,A,PU,Annual,Netherlands,Access to electricity (% of population),Total,All age ranges or no breakdown by age,Total,Percentage of population,Not Applicable,Not Applicable,Not Applicable,Not Applicable,Ratio,Two,World Development Indicators (WDI),Annual,Units,Normal value,Public,100,100,100,100,100,100,100,100,100,100,100,100,100,100,100,100,100,100,100,100,100,100,100,100,100,100,100,100,100,100,100,100,100,100
datastructure,WB.DATA360:DS_DATA360(1.3),I,A,PSS,WB_WDI_EG_ELC_ACCS_ZS,_T,_T,_T,PT_POP,_Z,_Z,_Z,_Z,RATIO,2,WB_WDI,P1Y,0,A,PU,Annual,Pacific island small states,Access to electricity (% of population),Total,All age ranges or no breakdown by age,Total,Percentage of population,Not Applicable,Not Applicable,Not Applicable,Not Applicable,Ratio,Two,World Development Indicators (WDI),Annual,Units,Normal value,Public,,,,,,,,,,56.91142467725761,55.287518080335936,56.63281344470559,58.33324793475598,59.43374020084958,60.618657845122705,62.24143704991961,61.667114683048766,63.93769293535837,67.26129946414999,64.82018974070655,71.79612527130483,72.80445823,73.83164604808661,72.66179843226682,76.57540311257165,78.54778950355052,79.90834225928386,82.10417346779819,82.69782730902998,84.34343508823291,86.19398113,85.67081782,85.79238850638674,88.87057136185011
datastructure,WB.DATA360:DS_DATA360(1.3),I,A,IRQ,WB_WDI_EG_ELC_ACCS_ZS,_T,_T,_T,PT_POP,_Z,_Z,_Z,_Z,RATIO,2,WB_WDI,P1Y,0,A,PU,Annual,Iraq,Access to electricity (% of population),Total,All age ranges or no breakdown by age,Total,Percentage of population,Not Applicable,Not Applicable,Not Applicable,Not Applicable,Ratio,Two,World Development Indicators (WDI),Annual,Units,Normal value,Public,,,,,,,,,,,96.8,96.9,97.1,97.2,97.3,97.4,97.6,98.1,97.9,98.1,98.4,98,99.3,99,99.2,99.4,99.7,99.9,99.9,100,100,100,100,100
datastructure,WB.DATA360:DS_DATA360(1.3),I,A,SSD,WB_WDI_EG_ELC_ACCS_ZS,_T,_T,_T,PT_POP,_Z,_Z,_Z,_Z,RATIO,2,WB_WDI,P1Y,0,A,PU,Annual,South Sudan,Access to electricity (% of population),Total,All age ranges or no breakdown by age,Total,Percentage of population,Not Applicable,Not Applicable,Not Applicable,Not Applicable,Ratio,Two,World Development Indicators (WDI),Annual,Units,Normal value,Public,,,,,,,,,,,,,,,,,,0.8,1.3,3,1.5,2.8,3.3,3.8,4.3,4.8,5.3,4.2,6.3,6.8,7.3,7.7,8.4,5.4
datastructure,WB.DATA360:DS_DATA360(1.3),I,A,CHN,WB_WDI_EG_ELC_ACCS_ZS,_T,_T,_T,PT_POP,_Z,_Z,_Z,_Z,RATIO,2,WB_WDI,P1Y,0,A,PU,Annual,China,Access to electricity (% of population),Total,All age ranges or no breakdown by age,Total,Percentage of population,Not Applicable,Not Applicable,Not Applicable,Not Applicable,Ratio,Two,World Development Indicators (WDI),Annual,Units,Normal value,Public,,,,,,,,,,,96.7,97,97.2,97.4,97.7,97.9,98.2,98.5,98.8,99.1,99.7,99.9,99.9,100,100,100,100,100,100,100,100,100,100,100
datastructure,WB.DATA360:DS_DATA360(1.3),I,A,ISR,WB_WDI_EG_ELC_ACCS_ZS,_T,_T,_T,PT_POP,_Z,_Z,_Z,_Z,RATIO,2,WB_WDI,P1Y,0,A,PU,Annual,Israel,Access to electricity (% of population),Total,All age ranges or no breakdown by age,Total,Percentage of population,Not Applicable,Not Applicable,Not Applicable,Not Applicable,Ratio,Two,World Development Indicators (WDI),Annual,Units,Normal value,Public,100,100,100,100,100,100,100,100,100,100,100,100,100,100,100,100,100,100,100,100,100,100,100,100,100,100,100,100,100,100,100,100,100,100
datastructure,WB.DATA360:DS_DATA360(1.3),I,A,MRT,WB_WDI_EG_ELC_ACCS_ZS,_T,_T,_T,PT_POP,_Z,_Z,_Z,_Z,RATIO,2,WB_WDI,P1Y,0,A,PU,Annual,Mauritania,Access to electricity (% of population),Total,All age ranges or no breakdown by age,Total,Percentage of population,Not Applicable,Not Applicable,Not Applicable,Not Applicable,Ratio,Two,World Development Indicators (WDI),Annual,Units,Normal value,Public,,,,,,,,,,,19.1,22.2,21.7,23,24.3,18.2,27,33,30,31.1,34.2,35.3,36.4,37.6,38.8,39.5,41.2,42.9,43.6,44.9,45.4,47.7,49,50.3
datastructure,WB.DATA360:DS_DATA360(1.3),I,A,TCD,WB_WDI_EG_ELC_ACCS_ZS,_T,_T,_T,PT_POP,_Z,_Z,_Z,_Z,RATIO,2,WB_WDI,P1Y,0,A,PU,Annual,Chad,Access to electricity (% of population),Total,All age ranges or no breakdown by age,Total,Percentage of population,Not Applicable,Not Applicable,Not Applicable,Not Applicable,Ratio,Two,World Development Indicators (WDI),Annual,Units,Normal value,Public,,,,,,,,2.3,2.420387268,2.806213379,3.1,3.4,3.8,4.1,3.5,4.8,5.1,5.5,5.9,6.3,6.4,9,7.8,8.1,8.4,7.7,9.2,10.9,10.1,8.4,10.9,11.3,11.7,12
datastructure,WB.DATA360:DS_DATA360(1.3),I,A,BEN,WB_WDI_EG_ELC_ACCS_ZS,_T,_T,_T,PT_POP,_Z,_Z,_Z,_Z,RATIO,2,WB_WDI,P1Y,0,A,PU,Annual,Benin,Access to electricity (% of population),Total,All age ranges or no breakdown by age,Total,Percentage of population,Not Applicable,Not Applicable,Not Applicable,Not Applicable,Ratio,Two,World Development Indicators (WDI),Annual,Units,Normal value,Public,,,,,,,14.5,18.58962631,19.5782547,20.56204224,21.5,21.9,23.4,24.3,25.2,26.1,27.9,28,29,30,34.2,36.9,38.4,34.7,34.1,29.6,37,34.5,39,40,41,42,56.5,57
datastructure,WB.DATA360:DS_DATA360(1.3),I,A,WSM,WB_WDI_EG_ELC_ACCS_ZS,_T,_T,_T,PT_POP,_Z,_Z,_Z,_Z,RATIO,2,WB_WDI,P1Y,0,A,PU,Annual,Samoa,Access to electricity (% of population),Total,All age ranges or no breakdown by age,Total,Percentage of population,Not Applicable,Not Applicable,Not Applicable,Not Applicable,Ratio,Two,World Development Indicators (WDI),Annual,Units,Normal value,Public,,78.8,81.64016724,82.42459106,80,83.98869324,84.76699829,85.54190826,86.31274414,87.07872772,88,88.7,89.3,89.9,90.5,91.1,96.4,92.5,98.1,97.9,96.4,96.7,96.8,97,97.9,98.2,98.9,96.8,99.8,99.2,100,98.3,98.3,100
datastructure,WB.DATA360:DS_DATA360(1.3),I,A,ARG,WB_WDI_EG_ELC_ACCS_ZS,_T,_T,_T,PT_POP,_Z,_Z,_Z,_Z,RATIO,2,WB_WDI,P1Y,0,A,PU,Annual,Argentina,Access to electricity (% of population),Total,All age ranges or no breakdown by age,Total,Percentage of population,Not Applicable,Not Applicable,Not Applicable,Not Applicable,Ratio,Two,World Development Indicators (WDI),Annual,Units,Normal value,Public,92.15480042,92.4921875,92.82945251,93.16604614,93.50127411,93.83446503,94.16493988,94.49201202,94.81500244,95.13315582,95.7,95.5,96.1,96.3,96.5,96.7,97,97.2,97.5,97.8,98.8,99,99.1,99.3,100,99.7,99.9,100,100,100,100,100,100,100
datastructure,WB.DATA360:DS_DATA360(1.3),I,A,CSS,WB_WDI_EG_ELC_ACCS_ZS,_T,_T,_T,PT_POP,_Z,_Z,_Z,_Z,RATIO,2,WB_WDI,P1Y,0,A,PU,Annual,Caribbean small states,Access to electricity (% of population),Total,All age ranges or no breakdown by age,Total,Percentage of population,Not Applicable,Not Applicable,Not Applicable,Not Applicable,Ratio,Two,World Development Indicators (WDI),Annual,Units,Normal value,Public,,,,,,,,,,,88.41592898186632,90.48553367408336,90.80911270440203,91.00187183873571,91.28946472906107,90.81578748121974,91.94639786257015,93.08160547274788,93.44412940615753,92.91529439226758,94.18151245945988,94.12768184671324,95.25431138397212,95.56373954,95.84321964584073,96.20019484533717,96.66568678329905,97.05429005941174,97.08782770804812,97.36859039,97.93336268770315,98.17469909025496,98.30642215012973,99.16847753846098
datastructure,WB.DATA360:DS_DATA360(1.3),I,A,WLD,WB_WDI_EG_ELC_ACCS_ZS,_T,_T,_T,PT_POP,_Z,_Z,_Z,_Z,RATIO,2,WB_WDI,P1Y,0,A,PU,Annual,World,Access to electricity (% of population),Total,All age ranges or no breakdown by age,Total,Percentage of population,Not Applicable,Not Applicable,Not Applicable,Not Applicable,Ratio,Two,World Development Indicators (WDI),Annual,Units,Normal value,Public,,,,,,,,,73.19623538865599,74.50321051167406,78.22140085831722,78.71524322,79.10079873327024,79.96490103,79.95214766840512,80.70133108165363,81.35346330106753,81.97115766580492,82.66817238,82.86582270647469,83.44713829735134,84.50623338787653,84.93629043482998,85.71068779635549,86.19558401879048,86.92399954,88.10447919945688,88.93176284696469,89.79738785601242,90.10839202026575,90.39568760809632,91.33426645910512,91.28831048889646,91.59917744219915
datastructure,WB.DATA360:DS_DATA360(1.3),I,A,ARB,WB_WDI_EG_ELC_ACCS_ZS,_T,_T,_T,PT_POP,_Z,_Z,_Z,_Z,RATIO,2,WB_WDI,P1Y,0,A,PU,Annual,Arab World,Access to electricity (% of population),Total,All age ranges or no breakdown by age,Total,Percentage of population,Not Applicable,Not Applicable,Not Applicable,Not Applicable,Ratio,Two,World Development Indicators (WDI),Annual,Units,Normal value,Public,,,,,,,,76.61177661488927,77.54125529,78.15640433640633,80.45866726,81.35479427,81.32362234678199,82.34222190135861,82.27952495388683,83.07676745,85.28439371649417,83.62676380460228,83.27556416063373,84.15972870736387,86.92150259351102,87.17269423202973,86.84786696514067,88.96162991907488,88.40677670856526,88.66164313987252,89.18617105728255,90.35106693964651,88.68984064722673,89.92899630834125,90.24177696858061,90.43409477329847,90.65451791,91.64542994445092
datastructure,WB.DATA360:DS_DATA360(1.3),I,A,BHR,WB_WDI_EG_ELC_ACCS_ZS,_T,_T,_T,PT_POP,_Z,_Z,_Z,_Z,RATIO,2,WB_WDI,P1Y,0,A,PU,Annual,Bahrain,Access to electricity (% of population),Total,All age ranges or no breakdown by age,Total,Percentage of population,Not Applicable,Not Applicable,Not Applicable,Not Applicable,Ratio,Two,World Development Indicators (WDI),Annual,Units,Normal value,Public,99.94139862,99.96739197,99.98718262,99.99713898,99.99977112,100,100,100,100,100,100,100,100,100,100,100,100,100,100,100,100,100,100,100,100,100,100,100,100,100,100,100,100,100
datastructure,WB.DATA360:DS_DATA360(1.3),I,A,SGP,WB_WDI_EG_ELC_ACCS_ZS,_T,_T,_T,PT_POP,_Z,_Z,_Z,_Z,RATIO,2,WB_WDI,P1Y,0,A,PU,Annual,Singapore,Access to electricity (% of population),Total,All age ranges or no breakdown by age,Total,Percentage of population,Not Applicable,Not Applicable,Not Applicable,Not Applicable,Ratio,Two,World Development Indicators (WDI),Annual,Units,Normal value,Public,100,100,100,100,100,100,100,100,100,100,100,100,100,100,100,100,100,100,100,100,100,100,100,100,100,100,100,100,100,100,100,100,100,100
datastructure,WB.DATA360:DS_DATA360(1.3),I,A,GNQ,WB_WDI_EG_ELC_ACCS_ZS,_T,_T,_T,PT_POP,_Z,_Z,_Z,_Z,RATIO,2,WB_WDI,P1Y,0,A,PU,Annual,Equatorial Guinea,Access to electricity (% of population),Total,All age ranges or no breakdown by age,Total,Percentage of population,Not Applicable,Not Applicable,Not Applicable,Not Applicable,Ratio,Two,World Development Indicators (WDI),Annual,Units,Normal value,Public,,,,,,,,,,,64.8,64.9,64.9,64.9,64.9,65,65.1,65.1,65.2,65.4,66.1,66.1,65.7,65.9,66,66.1,66.2,66.4,66.5,66.6,66.7,66.8,67,66.9
datastructure,WB.DATA360:DS_DATA360(1.3),I,A,RUS,WB_WDI_EG_ELC_ACCS_ZS,_T,_T,_T,PT_POP,_Z,_Z,_Z,_Z,RATIO,2,WB_WDI,P1Y,0,A,PU,Annual,Russian Federation,Access to electricity (% of population),Total,All age ranges or no breakdown by age,Total,Percentage of population,Not Applicable,Not Applicable,Not Applicable,Not Applicable,Ratio,Two,World Development Indicators (WDI),Annual,Units,Normal value,Public,100,100,100,100,100,100,100,100,100,100,97.8,97.9,97.9,97.9,98,98,98.1,98.2,98.3,98.4,99.3,99.2,100,100,100,95.5,99.4,100,100,99.8,99.9,100,100,100
datastructure,WB.DATA360:DS_DATA360(1.3),I,A,SLV,WB_WDI_EG_ELC_ACCS_ZS,_T,_T,_T,PT_POP,_Z,_Z,_Z,_Z,RATIO,2,WB_WDI,P1Y,0,A,PU,Annual,El Salvador,Access to electricity (% of population),Total,All age ranges or no breakdown by age,Total,Percentage of population,Not Applicable,Not Applicable,Not Applicable,Not Applicable,Ratio,Two,World Development Indicators (WDI),Annual,Units,Normal value,Public,,69.60788,75.33219147,76.27613831,77.21871948,76.995504,77.883,80.03151703,81.637983,79.129592,84.5,87.1,87.5,87,87.4,87.5,89.2,91.1,91,91.1,91.6,92.6,93.7,95,95.1,95.4,96,96.8,97,97.4,99.7,97.9,100,98.3
datastructure,WB.DATA360:DS_DATA360(1.3),I,A,SEN,WB_WDI_EG_ELC_ACCS_ZS,_T,_T,_T,PT_POP,_Z,_Z,_Z,_Z,RATIO,2,WB_WDI,P1Y,0,A,PU,Annual,Senegal,Access to electricity (% of population),Total,All age ranges or no breakdown by age,Total,Percentage of population,Not Applicable,Not Applicable,Not Applicable,Not Applicable,Ratio,Two,World Development Indicators (WDI),Annual,Units,Normal value,Public,,,,26,27.19048691,28.85719109,30.52117729,32.2,33.83826828,36.2,37.7,38.9,36.8,41.9,36.8,47.1,49.9,48.1,49.7,53.5,56.5,56.5,56.5,57,61,60.5,64.5,61.7,66,70.4,64.3,68,67.9,74.2
datastructure,WB.DATA360:DS_DATA360(1.3),I,A,OMN,WB_WDI_EG_ELC_ACCS_ZS,_T,_T,_T,PT_POP,_Z,_Z,_Z,_Z,RATIO,2,WB_WDI,P1Y,0,A,PU,Annual,Oman,Access to electricity (% of population),Total,All age ranges or no breakdown by age,Total,Percentage of population,Not Applicable,Not Applicable,Not Applicable,Not Applicable,Ratio,Two,World Development Indicators (WDI),Annual,Units,Normal value,Public,100,100,100,100,100,100,100,100,100,100,100,100,100,100,100,99.9,99.9,100,100,100,100,100,100,100,100,100,100,100,100,100,100,100,100,100
datastructure,WB.DATA360:DS_DATA360(1.3),I,A,NIC,WB_WDI_EG_ELC_ACCS_ZS,_T,_T,_T,PT_POP,_Z,_Z,_Z,_Z,RATIO,2,WB_WDI,P1Y,0,A,PU,Annual,Nicaragua,Access to electricity (% of population),Total,All age ranges or no breakdown by age,Total,Percentage of population,Not Applicable,Not Applicable,Not Applicable,Not Applicable,Ratio,Two,World Development Indicators (WDI),Annual,Units,Normal value,Public,,,,72.064174,69.25382996,69.84990692,70.44326019,71.03321075,69.047103,72.20012665,73,72.2,74.1,74.6,75.2,73.8,76.3,76.9,77.5,77.9,80.1,81.2,81.3,81.9,81.9,83.2,83.9,84.6,85.2,85.7,86,86.3,86.5,88.3
datastructure,WB.DATA360:DS_DATA360(1.3),I,A,DMA,WB_WDI_EG_ELC_ACCS_ZS,_T,_T,_T,PT_POP,_Z,_Z,_Z,_Z,RATIO,2,WB_WDI,P1Y,0,A,PU,Annual,Dominica,Access to electricity (% of population),Total,All age ranges or no breakdown by age,Total,Percentage of population,Not Applicable,Not Applicable,Not Applicable,Not Applicable,Ratio,Two,World Development Indicators (WDI),Annual,Units,Normal value,Public,,,,,,,,,75,79.62191772,81.1,82.1,87.7,84,85,86,87,88.1,90.9,90.2,91.3,90.1,93.5,94.6,95.7,96.7,97.8,98.9,99.6,99.9,100,100,100,100
datastructure,WB.DATA360:DS_DATA360(1.3),I,A,KEN,WB_WDI_EG_ELC_ACCS_ZS,_T,_T,_T,PT_POP,_Z,_Z,_Z,_Z,RATIO,2,WB_WDI,P1Y,0,A,PU,Annual,Kenya,Access to electricity (% of population),Total,All age ranges or no breakdown by age,Total,Percentage of population,Not Applicable,Not Applicable,Not Applicable,Not Applicable,Ratio,Two,World Development Indicators (WDI),Annual,Units,Normal value,Public,,,,10.9,3.473436832,5.427343369,7.378530502,9.326317787,14.5,13.20889187,15.2,17,18.9,16,22.6,24.5,26.4,28.3,30.3,23,19.2,36.2,38.1,40.1,36,41.6,53.1,55.8,61.2,69.7,71.5,76.5,76,76.2
datastructure,WB.DATA360:DS_DATA360(1.3),I,A,BRN,WB_WDI_EG_ELC_ACCS_ZS,_T,_T,_T,PT_POP,_Z,_Z,_Z,_Z,RATIO,2,WB_WDI,P1Y,0,A,PU,Annual,Brunei Darussalam,Access to electricity (% of population),Total,All age ranges or no breakdown by age,Total,Percentage of population,Not Applicable,Not Applicable,Not Applicable,Not Applicable,Ratio,Two,World Development Indicators (WDI),Annual,Units,Normal value,Public,100,100,100,100,100,100,100,100,100,100,100,100,100,100,100,100,100,100,100,100,100,100,100,100,100,100,100,100,100,100,100,100,100,100
datastructure,WB.DATA360:DS_DATA360(1.3),I,A,LUX,WB_WDI_EG_ELC_ACCS_ZS,_T,_T,_T,PT_POP,_Z,_Z,_Z,_Z,RATIO,2,WB_WDI,P1Y,0,A,PU,Annual,Luxembourg,Access to electricity (% of population),Total,All age ranges or no breakdown by age,Total,Percentage of population,Not Applicable,Not Applicable,Not Applicable,Not Applicable,Ratio,Two,World Development Indicators (WDI),Annual,Units,Normal value,Public,100,100,100,100,100,100,100,100,100,100,100,100,100,100,100,100,100,100,100,100,100,100,100,100,100,100,100,100,100,100,100,100,100,100
datastructure,WB.DATA360:DS_DATA360(1.3),I,A,TEC,WB_WDI_EG_ELC_ACCS_ZS,_T,_T,_T,PT_POP,_Z,_Z,_Z,_Z,RATIO,2,WB_WDI,P1Y,0,A,PU,Annual,Europe & Central Asia (IDA & IBRD),Access to electricity (% of population),Total,All age ranges or no breakdown by age,Total,Percentage of population,Not Applicable,Not Applicable,Not Applicable,Not Applicable,Ratio,Two,World Development Indicators (WDI),Annual,Units,Normal value,Public,100,100,100,100,100,99.99482833129261,99.93465104,99.92169765757636,99.92636492133175,99.71583533711808,98.25472759022831,98.35052088993993,98.42382738527127,98.43806329,98.48664116,98.56828714955815,98.60871612,98.72469061817387,98.81322000785654,98.92752319256269,99.32870496190283,99.32692448792358,99.65467695,99.69788330090229,99.75159032332306,98.33189255,99.65740407651167,99.92823169653414,99.94152899,99.90691946047403,99.95206681538492,99.97638730012692,99.99544276197781,100
datastructure,WB.DATA360:DS_DATA360(1.3),I,A,ZAF,WB_WDI_EG_ELC_ACCS_ZS,_T,_T,_T,PT_POP,_Z,_Z,_Z,_Z,RATIO,2,WB_WDI,P1Y,0,A,PU,Annual,South Africa,Access to electricity (% of population),Total,All age ranges or no breakdown by age,Total,Percentage of population,Not Applicable,Not Applicable,Not Applicable,Not Applicable,Ratio,Two,World Development Indicators (WDI),Annual,Units,Normal value,Public,,,,,,,57.6,69.48335266,64.9,71.33178711,72.4,70.2,76.7,78.8,80.6,80.8,80.7,82,81.9,82.6,82.8,83.6,85.2,85.2,85.9,85.3,83.9,84.4,84.7,85,90,89.3,86.5,87.7
datastructure,WB.DATA360:DS_DATA360(1.3),I,A,BGR,WB_WDI_EG_ELC_ACCS_ZS,_T,_T,_T,PT_POP,_Z,_Z,_Z,_Z,RATIO,2,WB_WDI,P1Y,0,A,PU,Annual,Bulgaria,Access to electricity (% of population),Total,All age ranges or no breakdown by age,Total,Percentage of population,Not Applicable,Not Applicable,Not Applicable,Not Applicable,Ratio,Two,World Development Indicators (WDI),Annual,Units,Normal value,Public,100,100,100,100,100,100,100,100,100,100,88.1,88.6,89.1,89.6,90.1,90.6,91.2,91.7,92.3,92.9,93.5,94.1,94.7,95.3,95.9,96.6,97.3,98.1,98.7,99.2,99.7,99.8,100,100
datastructure,WB.DATA360:DS_DATA360(1.3),I,A,SVN,WB_WDI_EG_ELC_ACCS_ZS,_T,_T,_T,PT_POP,_Z,_Z,_Z,_Z,RATIO,2,WB_WDI,P1Y,0,A,PU,Annual,Slovenia,Access to electricity (% of population),Total,All age ranges or no breakdown by age,Total,Percentage of population,Not Applicable,Not Applicable,Not Applicable,Not Applicable,Ratio,Two,World Development Indicators (WDI),Annual,Units,Normal value,Public,100,100,100,100,100,100,100,100,100,100,100,100,100,100,100,100,100,100,100,100,100,100,100,100,100,100,100,100,100,100,100,100,100,100
