FREQ,FREQ_LABEL,REF_AREA,REF_AREA_LABEL,INDICATOR,INDICATOR_LABEL,UNIT_MEASURE,UNIT_MEASURE_LABEL,VINTAGE,VINTAGE_LABEL,DATABASE_ID,DATABASE_ID_LABEL,UNIT_MULT,UNIT_MULT_LABEL,OBS_STATUS,OBS_STATUS_LABEL,OBS_CONF,OBS_CONF_LABEL,1980,1981,1982,1983,1984,1985,1986,1987,1988,1989,1990,1991,1992,1993,1994,1995,1996,1997,1998,1999,2000,2001,2002,2003,2004,2005,2006,2007,2008,2009,2010,2011,2012,2013,2014,2015,2016,2017,2018,2019,2020,2021,2022,2023,2024,2025,2026,2027,2028
A,Annual,AFG,Afghanistan,WB_MPO_GGDBTTOTLCD_,"General Government Debt Stock (Millions of Current USD), % of GDP",PT_GDP,Percentage of GDP,WB_MPO_VINTAGE_SM_2024,Vintage: 2024 Spring Meetings,WB_MPO,Macro Poverty Outlook,0,Units,A,Normal value,PU,Public,,,,,,,,,,,,,,,,,,,,,,,,,,,,,,,7.700000597,7.500000603,6.800000082,6.900000633,8.700000535,6.826155341,6.535833607,6.623668662,5.789094967,7.123649562,8.200762875,12.71804425,13.9186732,13.63622353,14.74833685,13.61311817,11.67384625,9.14157043,8.320766645
A,Annual,AGO,Angola,WB_MPO_GGDBTTOTLCD_,"General Government Debt Stock (Millions of Current USD), % of GDP",PT_GDP,Percentage of GDP,WB_MPO_VINTAGE_SM_2024,Vintage: 2024 Spring Meetings,WB_MPO,Macro Poverty Outlook,0,Units,A,Normal value,PU,Public,,,,,,,,,,,,,,,,,,,,,,128.5749921,60.29850704,48.31563723,40.48938332,29.41940739,16.45985418,18.68851849,27.75869849,48.29503514,32.74036358,26.52337025,23.96255962,28.98213814,35.14762881,49.71402797,66.24682969,57.21535669,79.28867062,105.868982,115.9231626,73.72956872,55.56179439,70.63827853,59.28520405,52.26713412,50.07650275,49.14763929,49.660783
A,Annual,ALB,Albania,WB_MPO_GGDBTTOTLCD_,"General Government Debt Stock (Millions of Current USD), % of GDP",PT_GDP,Percentage of GDP,WB_MPO_VINTAGE_SM_2024,Vintage: 2024 Spring Meetings,WB_MPO,Macro Poverty Outlook,0,Units,A,Normal value,PU,Public,,,,,,,,,,,,,,,,,,,,,,,,,,,,,,58.25729534,56.95734596,59.03254703,62.51642728,70.29626343,71.66978898,72.20567427,71.6661711,68.91262973,66.6709403,64.98839852,73.94215456,74.08586262,64.12984751,57.64250096,54.21375364,52.88087425,52.71800152,52.14204512,50.85649885
A,Annual,ARE,United Arab Emirates,WB_MPO_GGDBTTOTLCD_,"General Government Debt Stock (Millions of Current USD), % of GDP",PT_GDP,Percentage of GDP,WB_MPO_VINTAGE_SM_2024,Vintage: 2024 Spring Meetings,WB_MPO,Macro Poverty Outlook,0,Units,A,Normal value,PU,Public,2.382637322,2.15630959,2.334945064,2.866901823,3.257075215,3.69016124,4.8113899,4.864108377,5.259422807,4.931661796,4.298223692,4.752844977,5.086115556,5.6340014,5.40034052,4.882079304,3.44581821,2.799146861,4.159422758,4.725176219,3.079500703,2.689688254,3.427225391,3.332004853,4.079685385,4.48156088,5.051714859,8.890547584,8.949136918,21.1360539,18.33751911,20.40716844,20.22685376,15.25234924,13.46645072,15.61127585,18.63803755,21.16714836,20.67509089,25.8167656,40.20135303,35.6673606,31.51322401,31.90894273,31.2277094,29.86052966,29.1363085,28.40600395,28.12899033
A,Annual,ARG,Argentina,WB_MPO_GGDBTTOTLCD_,"General Government Debt Stock (Millions of Current USD), % of GDP",PT_GDP,Percentage of GDP,WB_MPO_VINTAGE_SM_2024,Vintage: 2024 Spring Meetings,WB_MPO,Macro Poverty Outlook,0,Units,A,Normal value,PU,Public,,,,,63.49109113,71.99005811,57.24899769,77.61784173,63.98986761,125.2456383,50.2244555,36.45109658,27.9079413,30.06786326,31.78216283,34.37987101,36.39392717,35.41567785,38.17850779,43.51181386,45.65385825,53.67462508,164.5823669,139.9391343,123.4423043,99.56900071,86.97013862,75.20275609,62.41982908,63.58871009,51.54364289,45.18984545,46.03193356,49.04724672,49.91484737,58.34817184,59.45186121,63.60126808,94.89173041,99.61694754,114.6489051,88.78632133,92.22059904,170.017593,88.47101303,80.31600495,68.58521283,64.6952476,61.24805825
A,Annual,ARM,Armenia,WB_MPO_GGDBTTOTLCD_,"General Government Debt Stock (Millions of Current USD), % of GDP",PT_GDP,Percentage of GDP,WB_MPO_VINTAGE_SM_2024,Vintage: 2024 Spring Meetings,WB_MPO,Macro Poverty Outlook,0,Units,A,Normal value,PU,Public,,,,,,,,,,,,,,,,,40.78195167,46.50325449,45.18924565,39.19079771,39.78067866,38.19765865,38.10504835,32.87956407,26.43190648,20.41588148,16.61902253,14.53929865,14.87140633,34.58060746,34.05967012,35.91365238,35.73136327,36.33062597,39.3616348,44.13299226,51.92890445,53.70443613,51.22975681,50.08589827,63.47380821,60.21126701,46.69422899,48.16369884,48.00007813,46.83015417,50.01257539,51.29550593,51.25294573
A,Annual,ATG,Antigua and Barbuda,WB_MPO_GGDBTTOTLCD_,"General Government Debt Stock (Millions of Current USD), % of GDP",PT_GDP,Percentage of GDP,WB_MPO_VINTAGE_SM_2024,Vintage: 2024 Spring Meetings,WB_MPO,Macro Poverty Outlook,0,Units,A,Normal value,PU,Public,,,,,,,,,,,,,,,,,,,,,89.64678777,100.8492187,108.5193678,117.4518631,119.46908,91.39431259,82.66659192,72.24961594,72.63394381,79.63835605,74.42648785,77.35331844,72.90932053,78.66710698,82.38620642,69.74238665,66.29150752,65.99700736,63.08651479,62.01918937,77.09130144,77.48432827,72.02791427,68.73146908,64.33161958,87.03688898,82.56599764,78.32476605,74.30139709
A,Annual,AUS,Australia,WB_MPO_GGDBTTOTLCD_,"General Government Debt Stock (Millions of Current USD), % of GDP",PT_GDP,Percentage of GDP,WB_MPO_VINTAGE_SM_2024,Vintage: 2024 Spring Meetings,WB_MPO,Macro Poverty Outlook,0,Units,A,Normal value,PU,Public,,,,,,,,,,17.01645345,16.40664977,21.60707396,27.63162458,30.66496693,31.70898106,31.14296049,29.34518685,25.90716747,23.69814265,22.54395474,19.49532243,17.10566484,15.01037869,13.18630622,11.90726445,10.85811182,9.937795026,9.665447196,11.74166199,16.62220595,20.34959566,24.04051467,27.52147115,30.46657169,34.03627167,37.72601293,40.62094774,41.19552985,41.7581237,46.71984766,57.07727946,55.51576848,50.21326754,49.58182896,50.71520003,51.03732905,50.68187625,50.41133557,50.01504544
A,Annual,AUT,Austria,WB_MPO_GGDBTTOTLCD_,"General Government Debt Stock (Millions of Current USD), % of GDP",PT_GDP,Percentage of GDP,WB_MPO_VINTAGE_SM_2024,Vintage: 2024 Spring Meetings,WB_MPO,Macro Poverty Outlook,0,Units,A,Normal value,PU,Public,,,,,,,,,57.68059845,56.64183728,56.2394819,56.44305347,56.33600745,60.96244314,64.07142706,68.23816893,68.18032091,63.37317278,69.19655193,61.3395563,66.10888164,67.23835581,67.44031998,66.41181773,65.91206431,69.42759208,68.17641697,65.81311245,69.52805964,80.75232793,83.65396976,83.35607532,82.93549942,82.43083492,85.20980972,85.61476949,83.41906459,79.05718266,74.58624517,71.00585585,83.1830424,82.39452274,78.37616075,78.50781063,80.78923983,82.02459927,82.95391356,83.64419809,83.87225477
A,Annual,AZE,Azerbaijan,WB_MPO_GGDBTTOTLCD_,"General Government Debt Stock (Millions of Current USD), % of GDP",PT_GDP,Percentage of GDP,WB_MPO_VINTAGE_SM_2024,Vintage: 2024 Spring Meetings,WB_MPO,Macro Poverty Outlook,0,Units,A,Normal value,PU,Public,,,,,,,,,,,,,,,,19.20911051,16.72041884,12.4653483,13.75527832,25.41347003,13.13324442,12.95432312,11.88518936,10.65891842,9.709979508,6.8546552,5.296648376,4.003317909,3.220765186,4.726182379,4.980865937,4.966863696,20.51390981,20.51390867,20.51390877,20.51390928,20.51390862,20.51390892,20.513909,20.57565513,23.25808677,18.17169476,11.66321457,21.82957794,21.66235557,22.20867803,22.63455453,23.70079659,22.51770475
A,Annual,BDI,Burundi,WB_MPO_GGDBTTOTLCD_,"General Government Debt Stock (Millions of Current USD), % of GDP",PT_GDP,Percentage of GDP,WB_MPO_VINTAGE_SM_2024,Vintage: 2024 Spring Meetings,WB_MPO,Macro Poverty Outlook,0,Units,A,Normal value,PU,Public,,,,,,,,,,,,,,,,,,,,,,,,,,,,,,,,,24.27065959,21.82153648,37.97066917,39.93100631,46.11901511,46.90224442,52.97086888,59.98776786,65.96554193,66.56630134,70.18510849,68.35552994,69.04444404,67.07586399,65.3456986,62.58037588,59.49854461
A,Annual,BEL,Belgium,WB_MPO_GGDBTTOTLCD_,"General Government Debt Stock (Millions of Current USD), % of GDP",PT_GDP,Percentage of GDP,WB_MPO_VINTAGE_SM_2024,Vintage: 2024 Spring Meetings,WB_MPO,Macro Poverty Outlook,0,Units,A,Normal value,PU,Public,76.79646812,89.68563769,99.63350784,110.2868797,114.6118431,119.3872193,124.6697146,129.2271265,129.6855866,126.4072339,130.3069864,131.7965943,134.6833701,138.9252312,137.0827538,131.2860468,129.0039573,124.2711991,119.1858966,115.3618535,109.5890411,108.216846,105.43668,101.6593113,97.16966512,95.14187016,91.49441336,87.32462407,93.15977859,99.85304902,100.2450157,102.7353352,104.3347356,105.0324745,106.5549846,105.5720536,105.4751008,102.4852957,100.0783474,97.57261506,111.245283,108.5405111,102.7010342,103.2490666,104.7053267,107.5022935,110.4589188,113.1043813,116.0000286
A,Annual,BEN,Benin,WB_MPO_GGDBTTOTLCD_,"General Government Debt Stock (Millions of Current USD), % of GDP",PT_GDP,Percentage of GDP,WB_MPO_VINTAGE_SM_2024,Vintage: 2024 Spring Meetings,WB_MPO,Macro Poverty Outlook,0,Units,A,Normal value,PU,Public,,,,,,,,,,,,,,,,,,,,,,,,,,,,,,,,12.17754762,19.54020768,18.50374648,22.28207395,30.90023442,35.92334976,39.59846316,41.04745437,41.22964235,46.14207668,55.5672507,59.73497024,61.32408697,60.51840259,56.81135525,56.72275462,54.93030584,53.17387252
A,Annual,BFA,Burkina Faso,WB_MPO_GGDBTTOTLCD_,"General Government Debt Stock (Millions of Current USD), % of GDP",PT_GDP,Percentage of GDP,WB_MPO_VINTAGE_SM_2024,Vintage: 2024 Spring Meetings,WB_MPO,Macro Poverty Outlook,0,Units,A,Normal value,PU,Public,,,,,,,,,,,,,,,,,,,,,,,43.28694197,39.65816218,40.7404763,39.21402726,20.08884922,22.41608797,24.867871,25.87120081,23.69432236,24.50360166,33.39824367,33.39824367,33.39824367,33.39824554,33.39824367,33.39824367,38.15905142,41.88622343,43.85029337,55.47858853,59.16463495,56.81429107,57.24511368,53.22109233,52.23253554,50.578315,49.68705302
A,Annual,BGD,Bangladesh,WB_MPO_GGDBTTOTLCD_,"General Government Debt Stock (Millions of Current USD), % of GDP",PT_GDP,Percentage of GDP,WB_MPO_VINTAGE_SM_2024,Vintage: 2024 Spring Meetings,WB_MPO,Macro Poverty Outlook,0,Units,A,Normal value,PU,Public,,,,,,,,,,,,,,,,,,,,,,,,40.90895259,38.94792943,37.27002584,35.09040418,32.82151957,31.02532956,30.24951398,29.09556873,28.36528633,27.32176638,26.76251481,26.45603831,26.54085858,26.27976695,26.21598056,27.22670452,28.52550602,31.7366265,32.41473456,33.83172071,36.96634419,37.6180346,39.51208103,41.94507605,44.44094553,46.31093107
A,Annual,BGR,Bulgaria,WB_MPO_GGDBTTOTLCD_,"General Government Debt Stock (Millions of Current USD), % of GDP",PT_GDP,Percentage of GDP,WB_MPO_VINTAGE_SM_2024,Vintage: 2024 Spring Meetings,WB_MPO,Macro Poverty Outlook,0,Units,A,Normal value,PU,Public,,0.178033162,4.626377785,10.30617052,17.70738334,28.80560756,36.99187671,40.76644359,57.36938178,69.84995901,85.04213444,177.4353358,226.0291386,311.679768,183.1758373,3.364159179,13.73651963,93.03726235,67.91338459,75.3453303,70.42351196,64.25357642,50.83251862,43.22698808,35.6818083,26.58142048,20.87203835,16.3159406,13.01745426,13.66329971,15.29636126,15.1519753,16.57939274,16.99546423,27.00614536,25.92181281,29.10257205,25.10891765,22.19123864,20.11772134,24.46254428,23.84978729,22.48528454,22.93041636,23.83797361,27.74761963,29.15033669,30.48816188,29.54376039
A,Annual,BHR,Bahrain,WB_MPO_GGDBTTOTLCD_,"General Government Debt Stock (Millions of Current USD), % of GDP",PT_GDP,Percentage of GDP,WB_MPO_VINTAGE_SM_2024,Vintage: 2024 Spring Meetings,WB_MPO,Macro Poverty Outlook,0,Units,A,Normal value,PU,Public,6.307189188,5.868116597,6.10434225,6.306121825,6.341689333,5.555952316,9.119110139,9.541133948,13.77794326,14.18397416,6.672020011,5.940069878,5.813608323,5.388400203,5.068876263,12.38655645,11.90699265,13.33455246,17.73718971,22.15838238,22.02279997,22.84401847,24.29195528,27.76252691,25.14633339,20.70787304,17.32876448,13.98175273,10.74586582,18.27553192,28.78260456,31.55243518,34.83034059,42.27234263,42.63270124,63.17902955,77.36640457,84.03044178,90.38459095,97.12654522,125.6998754,122.2983568,111.6475705,123.0233921,131.7783767,131.062963,139.7271535,145.210867,141.0267624
A,Annual,BHS,"Bahamas, The",WB_MPO_GGDBTTOTLCD_,"General Government Debt Stock (Millions of Current USD), % of GDP",PT_GDP,Percentage of GDP,WB_MPO_VINTAGE_SM_2024,Vintage: 2024 Spring Meetings,WB_MPO,Macro Poverty Outlook,0,Units,A,Normal value,PU,Public,,,,,,,,,,,13.22249424,15.38473715,17.87260371,19.75809521,20.38492701,20.50245097,20.23610373,20.84517718,20.03453726,18.662398,18.70859902,18.2139508,18.815025,20.85658561,21.40183097,22.04103211,22.77890885,22.988614,25.45126354,30.90563013,33.6872759,35.31140769,36.45352362,45.10475384,47.01980117,49.15223742,51.63855565,53.42738696,60.63513608,59.29050237,81.86581494,84.46456758,79.09015025,74.82663558,72.52711161,72.85048601,71.22804945,69.27255705,67.59188382
A,Annual,BIH,Bosnia and Herzegovina,WB_MPO_GGDBTTOTLCD_,"General Government Debt Stock (Millions of Current USD), % of GDP",PT_GDP,Percentage of GDP,WB_MPO_VINTAGE_SM_2024,Vintage: 2024 Spring Meetings,WB_MPO,Macro Poverty Outlook,0,Units,A,Normal value,PU,Public,,,,,,,,,,,,,,,,,,,,,30.27770058,30.74164698,27.71790822,24.68288186,22.51272204,22.49227507,18.83023929,16.58931347,17.36520193,23.60272177,27.59715749,30.37671027,33.09558452,33.97958013,37.99246642,38.2714781,37.30780989,33.35693712,32.0658618,31.16312931,34.59041782,32.50379862,28.71725781,25.32077941,25.51534552,27.55290009,28.59971426,29.05454677,28.72316373
A,Annual,BLR,Belarus,WB_MPO_GGDBTTOTLCD_,"General Government Debt Stock (Millions of Current USD), % of GDP",PT_GDP,Percentage of GDP,WB_MPO_VINTAGE_SM_2024,Vintage: 2024 Spring Meetings,WB_MPO,Macro Poverty Outlook,0,Units,A,Normal value,PU,Public,,,,,,,,,,,,,,,,,,,,,,,,10.41087938,8.909283388,8.252925941,8.778304136,11.48049622,12.91852025,21.42899172,22.48513218,46.9117969,30.31599104,30.83601019,32.93695926,46.91417033,47.14787675,47.21458542,42.51382021,37.60482724,44.11934477,37.9524456,38.69524966,37.42049268,36.02088133,36.977885,36.71532342,36.48853657,37.11060025
A,Annual,BLZ,Belize,WB_MPO_GGDBTTOTLCD_,"General Government Debt Stock (Millions of Current USD), % of GDP",PT_GDP,Percentage of GDP,WB_MPO_VINTAGE_SM_2024,Vintage: 2024 Spring Meetings,WB_MPO,Macro Poverty Outlook,0,Units,A,Normal value,PU,Public,,,,,,,,,,,,,,,,,,,,,,49.43105222,53.07897324,67.0629342,70.5393973,72.61027462,71.23135061,66.31725664,64.51999901,69.77357813,68.40569715,66.1773018,63.06694933,62.77050928,61.54351752,64.92466535,70.31148436,77.98709708,78.83814372,78.4601507,102.8742504,82.15935378,66.02921371,67.09810168,63.75305385,60.40001196,59.31009147,59.11005153,57.13711852
A,Annual,BOL,Bolivia,WB_MPO_GGDBTTOTLCD_,"General Government Debt Stock (Millions of Current USD), % of GDP",PT_GDP,Percentage of GDP,WB_MPO_VINTAGE_SM_2024,Vintage: 2024 Spring Meetings,WB_MPO,Macro Poverty Outlook,0,Units,A,Normal value,PU,Public,,,,97.60974484,128.4784178,156.8800971,114.3450279,110.3642506,96.38345858,81.6947253,85.63004314,77.2750704,76.85903267,69.74544531,72.72550475,67.81769648,60.06760407,53.53335238,50.81309463,51.04195197,60.69468616,67.76738693,70.79640917,78.11224626,73.3474903,67.09792775,44.40778704,32.69364423,30.04208186,32.02198214,30.73819894,28.85109329,28.90627748,29.48029159,30.70988147,33.40657971,37.96797412,41.86387948,44.16695078,48.87233384,67.49749736,68.70451676,69.37229244,78.2811044,83.21867276,90.40904893,89.93585631,84.92126057,83.91030377
A,Annual,BRA,Brazil,WB_MPO_GGDBTTOTLCD_,"General Government Debt Stock (Millions of Current USD), % of GDP",PT_GDP,Percentage of GDP,WB_MPO_VINTAGE_SM_2024,Vintage: 2024 Spring Meetings,WB_MPO,Macro Poverty Outlook,0,Units,A,Normal value,PU,Public,,,,,,,,,,,,,,,,,,,,,65.56082778,67.33068637,76.09508988,71.51366259,68.0250249,66.96849962,55.47510615,56.71701115,55.98064459,59.20793228,51.76533358,51.26617638,53.66718911,51.5415056,56.28093098,65.50471294,69.83980411,73.71792677,75.26950498,74.43506086,86.93962641,77.30598565,71.67771805,73.82816013,76.27171637,78.64244226,82.29351153,85.66594181,87.54375229
A,Annual,BRB,Barbados,WB_MPO_GGDBTTOTLCD_,"General Government Debt Stock (Millions of Current USD), % of GDP",PT_GDP,Percentage of GDP,WB_MPO_VINTAGE_SM_2024,Vintage: 2024 Spring Meetings,WB_MPO,Macro Poverty Outlook,0,Units,A,Normal value,PU,Public,,,,,,,,,,,,,,,,,,,,,,,,,,,,,,,,,104.2952278,111.8059793,115.1511351,122.3649126,128.0848112,135.47181,106.2720505,99.90901649,118.6228289,111.870165,103.4044912,102.9820686,100.087158,93.27221362,92.00660658,89.85969802,86.98738703
A,Annual,BTN,Bhutan,WB_MPO_GGDBTTOTLCD_,"General Government Debt Stock (Millions of Current USD), % of GDP",PT_GDP,Percentage of GDP,WB_MPO_VINTAGE_SM_2024,Vintage: 2024 Spring Meetings,WB_MPO,Macro Poverty Outlook,0,Units,A,Normal value,PU,Public,,,,,,,,,,,,,,,,,,,,,,,,68.49895761,76.03090729,80.84059632,80.12435378,67.25238129,60.56513973,61.03679078,56.45409688,63.62037429,72.80848191,88.89438218,91.19535793,91.54082757,104.5437461,104.8276887,101.8747147,103.0140643,126.0207758,134.2496205,129.0689394,126.0705801,116.8719604,111.1538053,112.4000059,113.4000026,111.7842915
A,Annual,BWA,Botswana,WB_MPO_GGDBTTOTLCD_,"General Government Debt Stock (Millions of Current USD), % of GDP",PT_GDP,Percentage of GDP,WB_MPO_VINTAGE_SM_2024,Vintage: 2024 Spring Meetings,WB_MPO,Macro Poverty Outlook,0,Units,A,Normal value,PU,Public,,,,,,,,,,,,,,,17.72872009,16.36502542,14.44706008,12.6926529,13.72053682,11.68703941,10.52467298,9.854686474,10.6837054,9.575498701,13.63055014,10.08549903,8.664473809,8.764288043,9.346781615,23.87899328,27.89847564,27.92847911,27.29468858,24.71534043,23.85841388,25.67379027,22.41645893,19.79858655,19.80783592,21.2197794,24.68238803,23.26177617,20.37274892,22.47583936,29.31141514,39.51728103,44.25643403,47.00140515,47.73807271
A,Annual,CAF,Central African Republic,WB_MPO_GGDBTTOTLCD_,"General Government Debt Stock (Millions of Current USD), % of GDP",PT_GDP,Percentage of GDP,WB_MPO_VINTAGE_SM_2024,Vintage: 2024 Spring Meetings,WB_MPO,Macro Poverty Outlook,0,Units,A,Normal value,PU,Public,,,,,,,,,,,,,,,,,,,,,,,,,,,,,,,,,62.23995092,62.23995092,62.23995092,59.7904141,53.8873002,50.27473378,50.03924092,47.14657737,44.39999936,48.4994535,51.0500497,57.61523366,60.68815994,62.00664294,62.62219329,62.68928957,62.38307541
A,Annual,CAN,Canada,WB_MPO_GGDBTTOTLCD_,"General Government Debt Stock (Millions of Current USD), % of GDP",PT_GDP,Percentage of GDP,WB_MPO_VINTAGE_SM_2024,Vintage: 2024 Spring Meetings,WB_MPO,Macro Poverty Outlook,0,Units,A,Normal value,PU,Public,44.58972393,46.07713005,51.70667827,57.21124858,60.2129166,65.166256,69.32347974,69.76067963,69.74450024,70.98677718,73.74425055,81.65817152,88.22998847,94.73024763,97.48046648,100.084173,100.2438843,95.27249191,93.29018827,88.96566914,80.4366085,81.46203332,79.60406938,75.91179736,71.88939989,70.64040968,69.91983183,67.18135265,70.35535029,81.80412312,83.97621197,84.28629648,87.15094836,87.60507968,85.54051385,92.0288519,92.39682356,90.9422458,90.77611907,90.21016501,118.0655763,112.6173093,104.2073842,107.7107243,111.3021776,113.9366564,112.8365951,111.5760055,110.3688454
A,Annual,CHE,Switzerland,WB_MPO_GGDBTTOTLCD_,"General Government Debt Stock (Millions of Current USD), % of GDP",PT_GDP,Percentage of GDP,WB_MPO_VINTAGE_SM_2024,Vintage: 2024 Spring Meetings,WB_MPO,Macro Poverty Outlook,0,Units,A,Normal value,PU,Public,,,,33.32248457,33.00522199,32.41793368,31.12878874,30.23928137,28.99361227,26.94150622,33.33142994,35.09240697,39.48721813,44.37240219,47.07891892,49.99878359,51.33523739,53.66802813,55.93743885,52.68508449,52.22919848,51.07941204,57.69634147,56.87395627,57.80324039,54.88493771,48.46679883,44.75270778,44.81625586,43.09039632,41.45676531,41.88295306,42.56972472,41.9454819,42.06859785,42.15973111,40.93390999,41.75325211,39.78460139,39.63581297,43.20011084,40.98052439,37.1917685,38.68171957,37.52114684,36.87750411,36.13115928,35.34308042,34.32450488
A,Annual,CHL,Chile,WB_MPO_GGDBTTOTLCD_,"General Government Debt Stock (Millions of Current USD), % of GDP",PT_GDP,Percentage of GDP,WB_MPO_VINTAGE_SM_2024,Vintage: 2024 Spring Meetings,WB_MPO,Macro Poverty Outlook,0,Units,A,Normal value,PU,Public,,,,,,,,,,,,,,,,,,,,,,,15.04532314,12.56839595,10.3090441,7.037912213,5.022339577,3.901305532,4.916015252,5.844897547,8.607299697,11.12693281,11.93913271,12.78403852,15.01974602,17.37464105,21.10050179,23.65164613,25.7980406,28.32950856,32.38012412,36.42562943,37.92062097,39.30161018,41.41700437,41.40866786,41.67192116,42.82505418,42.77047917
A,Annual,CHN,China,WB_MPO_GGDBTTOTLCD_,"General Government Debt Stock (Millions of Current USD), % of GDP",PT_GDP,Percentage of GDP,WB_MPO_VINTAGE_SM_2024,Vintage: 2024 Spring Meetings,WB_MPO,Macro Poverty Outlook,0,Units,A,Normal value,PU,Public,,,,,,,,,,,,,,,,,,,,,,,,,,17.3795891,15.94519832,19.25129918,16.74849838,17.32709131,16.25217293,14.62297059,14.15203157,14.31171953,37.98561221,36.0953281,35.97139162,35.48476824,35.80042574,37.85906508,44.66480383,45.80967662,49.40322332,54.67907241,60.85967486,71.10894212,77.934517,82.44080399,83.86576872
A,Annual,CIV,Cote d'Ivoire,WB_MPO_GGDBTTOTLCD_,"General Government Debt Stock (Millions of Current USD), % of GDP",PT_GDP,Percentage of GDP,WB_MPO_VINTAGE_SM_2024,Vintage: 2024 Spring Meetings,WB_MPO,Macro Poverty Outlook,0,Units,A,Normal value,PU,Public,,,,,,,,,,,,,,,,,,,,,,,,,,,,,,,,,22.76690743,22.66212153,24.4466185,29.171965,31.19106962,32.7071214,36.82949937,39.78228838,48.35032851,51.78747249,57.33667278,57.6923022,59.9910112,58.13088006,56.79981984,55.60246315,53.96553625
A,Annual,CMR,Cameroon,WB_MPO_GGDBTTOTLCD_,"General Government Debt Stock (Millions of Current USD), % of GDP",PT_GDP,Percentage of GDP,WB_MPO_VINTAGE_SM_2024,Vintage: 2024 Spring Meetings,WB_MPO,Macro Poverty Outlook,0,Units,A,Normal value,PU,Public,,,,,,,,,,,,,,,,,,,,,,,,,,,,,,,,,25.76622199,25.76622302,25.76622376,25.76622265,26.39983884,29.91485905,33.40510578,38.0557359,40.59167489,44.44514791,42.94198298,42.32332878,44.78020048,43.78630242,43.49865686,43.75949397,42.58799396
A,Annual,COD,"Congo, Dem. Rep.",WB_MPO_GGDBTTOTLCD_,"General Government Debt Stock (Millions of Current USD), % of GDP",PT_GDP,Percentage of GDP,WB_MPO_VINTAGE_SM_2024,Vintage: 2024 Spring Meetings,WB_MPO,Macro Poverty Outlook,0,Units,A,Normal value,PU,Public,,,,,,,,,,,,,,,,,,,,,,,,,,,,,,,,,25.74854418,25.44025777,24.32445162,26.98863038,34.28054345,24.08304758,19.47810971,19.0622369,25.25606495,26.35436846,23.91262743,27.40247745,22.91989849,21.05327259,21.63470474,21.75151827,22.05076527
A,Annual,COG,"Congo, Rep.",WB_MPO_GGDBTTOTLCD_,"General Government Debt Stock (Millions of Current USD), % of GDP",PT_GDP,Percentage of GDP,WB_MPO_VINTAGE_SM_2024,Vintage: 2024 Spring Meetings,WB_MPO,Macro Poverty Outlook,0,Units,A,Normal value,PU,Public,,,,,,,,,,,,,,,,,,235.7174289,286.4434628,272.8680916,150.1328952,180.0824847,163.5131711,185.3095807,181.3149729,99.14447522,94.72486228,93.7574488,69.59802627,83.83554161,43.48701633,34.38993122,30.19757721,33.93915496,42.3,74.2,84.4,88.5,71.3,77.6,102.6,97.7,93.6,102.9,98.1,97.37197512,93.80913757,87.18914321,80.90733534
A,Annual,COL,Colombia,WB_MPO_GGDBTTOTLCD_,"General Government Debt Stock (Millions of Current USD), % of GDP",PT_GDP,Percentage of GDP,WB_MPO_VINTAGE_SM_2024,Vintage: 2024 Spring Meetings,WB_MPO,Macro Poverty Outlook,0,Units,A,Normal value,PU,Public,,,,,,,,,,,,,,,,,29.69682406,34.6405305,39.4934482,50.13453336,48.33293467,52.39944211,59.11370723,56.54857479,51.69286917,50.43807337,42.95554135,39.14188926,38.44524146,40.3290984,41.20728743,38.85167175,36.69139559,39.17623055,42.12215708,46.97353223,47.73301041,48.56444147,51.35928552,52.29370191,67.19917634,65.65388543,64.56536678,59.75823387,64.08480957,66.49946052,66.58170753,66.01788172,65.05386443
A,Annual,COM,Comoros,WB_MPO_GGDBTTOTLCD_,"General Government Debt Stock (Millions of Current USD), % of GDP",PT_GDP,Percentage of GDP,WB_MPO_VINTAGE_SM_2024,Vintage: 2024 Spring Meetings,WB_MPO,Macro Poverty Outlook,0,Units,A,Normal value,PU,Public,,,,,149.2211701,135.3229024,122.7401548,116.2152081,110.0139457,106.4515287,98.40554068,95.56096052,93.9189613,88.16281177,84.48424333,74.86684387,73.02721907,69.07474261,66.78451627,61.47158361,57.60210739,51.31702076,47.64779321,43.90191237,41.20149656,39.61139853,37.6127087,35.39579701,33.08424689,31.65078782,29.57892615,28.19503601,23.77786749,10.6520748,11.92629439,13.60565006,16.5852562,20.40071878,18.38932842,23.23553895,18.72169051,22.7401854,23.92159684,23.69165541,24.53496142,25.20014434,26.07282638,27.15362433,27.72551075
A,Annual,CPV,Cabo Verde,WB_MPO_GGDBTTOTLCD_,"General Government Debt Stock (Millions of Current USD), % of GDP",PT_GDP,Percentage of GDP,WB_MPO_VINTAGE_SM_2024,Vintage: 2024 Spring Meetings,WB_MPO,Macro Poverty Outlook,0,Units,A,Normal value,PU,Public,,,,,,,,,,,,,,,,,,98.54217181,90.52112196,77.02460329,90.31563064,87.36322411,90.31095898,89.09651039,92.64563728,95.7400208,86.77626691,59.60079101,52.55490256,58.78849341,65.77405755,71.55969454,82.92487994,93.48409521,105.5977521,115.5708214,115.4032313,112.7573615,111.989172,109.3712862,145.5607783,146.8355245,125.8836982,116.9084472,111.3659869,99.54454461,95.82881215,89.67216648,83.32082369
A,Annual,CRI,Costa Rica,WB_MPO_GGDBTTOTLCD_,"General Government Debt Stock (Millions of Current USD), % of GDP",PT_GDP,Percentage of GDP,WB_MPO_VINTAGE_SM_2024,Vintage: 2024 Spring Meetings,WB_MPO,Macro Poverty Outlook,0,Units,A,Normal value,PU,Public,,,,,,,,,,,,,,,,,,,,,,,,,,,,,38.18231613,40.37685019,41.50289201,44.64415713,49.53599833,53.31892997,54.01262995,56.00891701,61.0225947,61.8811736,67.72591953,70.40906468,81.09403811,80.39500707,73.87988802,72.82813343,70.99717647,72.26032582,71.5107578,70.62734666,69.71639489
A,Annual,CYP,Cyprus,WB_MPO_GGDBTTOTLCD_,"General Government Debt Stock (Millions of Current USD), % of GDP",PT_GDP,Percentage of GDP,WB_MPO_VINTAGE_SM_2024,Vintage: 2024 Spring Meetings,WB_MPO,Macro Poverty Outlook,0,Units,A,Normal value,PU,Public,,,,,,,,,,,,,,,,46.74862925,48.82762078,53.48006783,54.9863682,55.6619672,55.97776331,57.52437176,61.00984247,63.00592435,64.68707601,64.02987391,59.03125,53.14964452,44.12612575,52.82082311,55.33962623,64.80597436,79.15149215,102.6523949,112.9904821,111.5537227,106.8087747,96.37462831,100.6575629,92.29267,113.6019487,96.4812673,81.06020635,73.63050415,65.08667558,57.70752642,53.63000804,48.60943087,44.11927771
A,Annual,CZE,Czechia,WB_MPO_GGDBTTOTLCD_,"General Government Debt Stock (Millions of Current USD), % of GDP",PT_GDP,Percentage of GDP,WB_MPO_VINTAGE_SM_2024,Vintage: 2024 Spring Meetings,WB_MPO,Macro Poverty Outlook,0,Units,A,Normal value,PU,Public,,,,,,,,,,,,,,,,13.47637552,11.50614271,12.12359824,13.87699849,15.08784775,16.89452848,22.59688514,25.70315175,28.06158555,28.28873329,27.67781473,27.56480274,27.34598013,28.15494689,33.43049876,36.70008966,39.40195661,43.83530344,44.14109246,41.54617951,39.46949286,36.23221413,33.78182642,31.67775582,29.55173566,36.88293947,40.69200532,42.52037484,42.22222802,43.33988,43.99869437,45.6223828,46.53555645,48.11988966
A,Annual,DEU,Germany,WB_MPO_GGDBTTOTLCD_,"General Government Debt Stock (Millions of Current USD), % of GDP",PT_GDP,Percentage of GDP,WB_MPO_VINTAGE_SM_2024,Vintage: 2024 Spring Meetings,WB_MPO,Macro Poverty Outlook,0,Units,A,Normal value,PU,Public,,,,,,,,,,,,39.01489687,41.42453608,45.08615294,47.46743779,54.89333818,57.72120131,58.82578107,59.43826614,60.34921338,59.23879868,58.06156145,59.82310557,63.34432638,64.96489377,67.12019125,66.39672242,63.68705305,65.17031762,72.36237806,81.03370219,78.48367802,79.83492184,77.45670648,74.53782414,71.18408308,68.30145749,63.98780718,60.75753561,58.68189682,68.03675755,67.99089709,64.44210769,62.38230896,63.46539708,64.42085201,65.93186248,67.68240874,69.43680175
A,Annual,DJI,Djibouti,WB_MPO_GGDBTTOTLCD_,"General Government Debt Stock (Millions of Current USD), % of GDP",PT_GDP,Percentage of GDP,WB_MPO_VINTAGE_SM_2024,Vintage: 2024 Spring Meetings,WB_MPO,Macro Poverty Outlook,0,Units,A,Normal value,PU,Public,,,,,,,,,,,,,35.23473165,42.43440961,40.9022149,44.52681748,49.16191338,50.70778347,50.26656368,47.22139961,46.29453894,43.8049236,41.93857352,39.65686467,43.2398301,44.39902505,44.33052028,36.08095262,39.70605262,39.76271745,37.45785678,36.11999153,34.19735439,34.20432653,35.68214183,50.00674645,63.47323821,71.87583064,71.52549601,70.28173242,74.99330182,71.17524056,68.62574453,72.91840313,68.37406492,63.68460361,59.58904938,55.58144593,53.73215483
A,Annual,DMA,Dominica,WB_MPO_GGDBTTOTLCD_,"General Government Debt Stock (Millions of Current USD), % of GDP",PT_GDP,Percentage of GDP,WB_MPO_VINTAGE_SM_2024,Vintage: 2024 Spring Meetings,WB_MPO,Macro Poverty Outlook,0,Units,A,Normal value,PU,Public,,,,,,,,,,,,,,,,,,,,96.79264766,84.00918261,88.98788038,83.74101882,76.37902249,80.21976996,84.51079738,78.29283013,73.48353219,64.48870219,61.29711065,65.28334001,68.20105373,71.37569666,72.72035553,72.01781063,71.14341354,62.93824358,70.80720153,72.5832096,80.92612595,108.7287791,109.8212997,102.9864415,94.72400883,102.2570135,99.52368682,96.8091155,93.94417315,91.28104318
A,Annual,DNK,Denmark,WB_MPO_GGDBTTOTLCD_,"General Government Debt Stock (Millions of Current USD), % of GDP",PT_GDP,Percentage of GDP,WB_MPO_VINTAGE_SM_2024,Vintage: 2024 Spring Meetings,WB_MPO,Macro Poverty Outlook,0,Units,A,Normal value,PU,Public,,,,,,,,,,,,,66.74811171,78.67335403,75.30653951,71.45382949,68.31606029,64.38816508,60.31860805,56.78882818,53.55257194,50.09644554,50.31980616,48.16230255,46.21514314,39.35993117,33.19101945,29.48264745,35.5391798,43.04874735,46.12327458,49.98620527,48.71120977,47.76989144,48.7124431,44.55035597,41.69194598,40.15255831,38.5387481,38.33464213,46.27841605,40.71336252,34.23277594,33.79111606,31.45283131,29.62912748,29.08194386,29.15219114,29.34196226
A,Annual,DOM,Dominican Republic,WB_MPO_GGDBTTOTLCD_,"General Government Debt Stock (Millions of Current USD), % of GDP",PT_GDP,Percentage of GDP,WB_MPO_VINTAGE_SM_2024,Vintage: 2024 Spring Meetings,WB_MPO,Macro Poverty Outlook,0,Units,A,Normal value,PU,Public,,,,,,,,,,,,,,,,,,,,,18.20093749,19.75725523,21.9493834,39.54052874,46.90165872,32.48523462,34.30556687,31.15599714,32.02608249,36.36681085,36.56604996,37.84892339,41.26593179,45.06623154,43.60842362,43.01237014,45.01432155,46.50449553,47.90386667,50.53444059,69.0980223,62.62953482,58.56303167,58.30002211,57.4050411,57.92571248,58.11205356,57.78086159,57.23020496
A,Annual,DZA,Algeria,WB_MPO_GGDBTTOTLCD_,"General Government Debt Stock (Millions of Current USD), % of GDP",PT_GDP,Percentage of GDP,WB_MPO_VINTAGE_SM_2024,Vintage: 2024 Spring Meetings,WB_MPO,Macro Poverty Outlook,0,Units,A,Normal value,PU,Public,,,,,,,,,,,,56.33161178,45.90558593,51.65539125,40.92199712,86.18476898,68.17391417,63.98262936,60.98101462,71.71177326,62.90898452,66.7707914,108.3954612,104.4384287,120.9930315,133.2233084,150.2860936,156.2981903,115.4957804,22.45424359,8.580905443,7.843821096,7.628029146,6.59005509,6.563830503,7.445211021,17.86300186,24.21262002,34.07270681,40.36553503,45.81502818,55.17263286,48.07119001,47.64021916,48.05912279,47.1632196,49.79935721,60.28739866,66.9950434
A,Annual,ECU,Ecuador,WB_MPO_GGDBTTOTLCD_,"General Government Debt Stock (Millions of Current USD), % of GDP",PT_GDP,Percentage of GDP,WB_MPO_VINTAGE_SM_2024,Vintage: 2024 Spring Meetings,WB_MPO,Macro Poverty Outlook,0,Units,A,Normal value,PU,Public,40.02704019,36.71888563,42.31859302,56.42250823,70.9535431,83.43515756,84.96915356,113.5274206,120.3759598,112.7265305,92.66023772,88.55154801,87.7804997,87.61272879,75.13483842,63.48433251,63.20314916,56.45671632,66.07205909,101.1995354,92.16773198,63.80405979,55.04136752,47.19813282,40.19895242,35.75822139,33.09421716,29.64769911,24.87265257,19.66720081,18.43544386,18.60694228,19.34118734,23.42541344,28.16259859,36.43777498,46.06566999,47.39177891,49.5055023,52.06428587,63.55051379,61.75645817,57.2024582,54.33148904,53.75449955,54.30370413,52.54046448,51.6947165,49.46552757
A,Annual,EGY,"Egypt, Arab Rep.",WB_MPO_GGDBTTOTLCD_,"General Government Debt Stock (Millions of Current USD), % of GDP",PT_GDP,Percentage of GDP,WB_MPO_VINTAGE_SM_2024,Vintage: 2024 Spring Meetings,WB_MPO,Macro Poverty Outlook,0,Units,A,Normal value,PU,Public,,,,,,,,,,,,,,,,,,,,,,,,,118.3185658,120.5756732,107.3822244,94.25349087,79.84366276,80.98253694,79.31377424,82.34264459,78.01307697,88.12642442,89.33131455,93.0568763,102.7739721,102.5387729,92.4836055,85.80791637,82.79772779,87.93674116,88.31722027,95.17105185,90.0524217,82.51074914,82.94045903,79.20275667,78.03967595
A,Annual,ERI,Eritrea,WB_MPO_GGDBTTOTLCD_,"General Government Debt Stock (Millions of Current USD), % of GDP",PT_GDP,Percentage of GDP,WB_MPO_VINTAGE_SM_2024,Vintage: 2024 Spring Meetings,WB_MPO,Macro Poverty Outlook,0,Units,A,Normal value,PU,Public,,,,,,,,,,,,,,,,,,,,,,,,,,,,,,,198.3999956,191.9796737,179.1308212,184.724666,181.8440685,186.7233285,186.0189625,194.5903236,208.7973846,219.4108011,204.7803809,241.6640323,239.7647966,219.351114,211.765074,212.4514368,214.8375798,216.5847742,217.8510346
A,Annual,ESP,Spain,WB_MPO_GGDBTTOTLCD_,"General Government Debt Stock (Millions of Current USD), % of GDP",PT_GDP,Percentage of GDP,WB_MPO_VINTAGE_SM_2024,Vintage: 2024 Spring Meetings,WB_MPO,Macro Poverty Outlook,0,Units,A,Normal value,PU,Public,16.10655484,19.44958779,24.42812692,29.51624919,36.02333584,40.86607467,42.07332162,41.91513677,38.50190606,39.86966863,41.30426747,41.86374699,44.13298212,54.5672707,57.01895281,61.58647501,65.44195289,64.28629981,62.35466566,60.8531441,57.84051383,54.05222781,51.23686765,47.6869489,45.33269578,42.39518996,39.01905817,35.69812712,39.60879991,53.07927921,60.26603011,69.52840974,89.56037961,100.0003129,104.4176164,102.4421245,101.9665028,101.1442386,99.71828272,97.57881607,119.1789807,115.5939142,109.22629,105.0737405,101.6478131,100.4033433,98.6042837,96.71795329,95.2382833
A,Annual,EST,Estonia,WB_MPO_GGDBTTOTLCD_,"General Government Debt Stock (Millions of Current USD), % of GDP",PT_GDP,Percentage of GDP,WB_MPO_VINTAGE_SM_2024,Vintage: 2024 Spring Meetings,WB_MPO,Macro Poverty Outlook,0,Units,A,Normal value,PU,Public,,,,,,,,,,,,,,,,8.659009774,7.297896146,6.033451229,5.398272605,5.932743476,5.113713697,4.932599268,5.660165166,5.59867013,5.158687147,4.733174973,4.716619655,3.90802187,4.672987174,7.975919403,7.990226404,7.596527507,11.14695111,11.4349199,11.56313741,10.78964289,10.23932622,9.434478266,8.506918703,9.047114961,19.09561195,18.42031888,19.18683626,20.09651291,23.40634038,24.41318774,27.47971574,30.19738887,32.03020419
A,Annual,ETH,Ethiopia,WB_MPO_GGDBTTOTLCD_,"General Government Debt Stock (Millions of Current USD), % of GDP",PT_GDP,Percentage of GDP,WB_MPO_VINTAGE_SM_2024,Vintage: 2024 Spring Meetings,WB_MPO,Macro Poverty Outlook,0,Units,A,Normal value,PU,Public,,,,,,,,,,,,,,,,,,,,,,,,,,,,,,,29.43723854,29.0487465,24.11762337,26.04302624,26.20706109,26.8391333,28.32217769,30.55473303,32.73799186,32.06894041,32.80673393,33.75397496,30.78704093,25.14857347,22.27731468,38.614366,34.87835421,30.50317296,27.5896086
A,Annual,FIN,Finland,WB_MPO_GGDBTTOTLCD_,"General Government Debt Stock (Millions of Current USD), % of GDP",PT_GDP,Percentage of GDP,WB_MPO_VINTAGE_SM_2024,Vintage: 2024 Spring Meetings,WB_MPO,Macro Poverty Outlook,0,Units,A,Normal value,PU,Public,10.89343455,11.54395939,13.85115492,15.37920641,15.17973534,15.83720205,16.4427562,17.64920219,16.53504151,14.26944431,13.85475589,21.89013436,39.28575709,54.19552034,56.19359484,55.20446097,55.36346431,52.23538334,46.84342071,44.02071118,42.447172,40.89673819,40.12867152,42.69744387,42.576902,39.86979704,38.00510237,33.90635629,32.56268886,41.53410185,50.11288567,52.02443197,57.85615187,60.8117073,64.81261082,68.76427266,68.64920243,66.58077666,65.2783213,65.32785409,75.31365558,73.20017808,74.03110865,77.52247961,82.1493414,86.78386892,88.95684602,90.40209986,91.69672111
A,Annual,FJI,Fiji,WB_MPO_GGDBTTOTLCD_,"General Government Debt Stock (Millions of Current USD), % of GDP",PT_GDP,Percentage of GDP,WB_MPO_VINTAGE_SM_2024,Vintage: 2024 Spring Meetings,WB_MPO,Macro Poverty Outlook,0,Units,A,Normal value,PU,Public,,,,,,,,,,,35.77777778,39.20666014,36.63293229,36.63692247,36.73102829,36.03883215,37.93507363,44.86454302,39.68162348,35.42728675,40.33139924,44.29286208,46.99760285,48.57933516,48.24224576,47.65192148,53.30012082,49.87643964,51.4167661,55.79720987,56.15791675,52.69269808,51.62099779,48.64996572,46.43013956,44.62177525,43.64742511,42.22069984,45.78574993,48.76620104,74.73920009,94.66802294,86.31622907,80.7093916,79.34687852,79.36386211,80.79457589,80.39683073,78.75219397
A,Annual,FRA,France,WB_MPO_GGDBTTOTLCD_,"General Government Debt Stock (Millions of Current USD), % of GDP",PT_GDP,Percentage of GDP,WB_MPO_VINTAGE_SM_2024,Vintage: 2024 Spring Meetings,WB_MPO,Macro Poverty Outlook,0,Units,A,Normal value,PU,Public,21.29852307,22.63993184,26.20107691,27.73316536,30.19062133,31.85117592,32.39565833,34.75532171,34.66701818,35.5256026,36.79130247,37.77212183,41.70526226,48.15784442,51.5803608,57.80184907,60.59468762,61.9848969,62.10271273,61.42000705,59.72106192,59.32404444,61.25461722,65.36346562,66.87663757,68.18769977,65.40012275,65.47890577,69.81909548,84.0565336,86.27932317,88.74756867,91.74026367,94.54562261,96.14005079,96.94276647,98.12623694,98.72229163,98.49012657,98.10431431,114.9065944,112.785724,111.3655743,109.6225572,113.1481061,116.5045073,119.4398143,121.8988361,124.1921772
A,Annual,FSM,"Micronesia, Fed. Sts.",WB_MPO_GGDBTTOTLCD_,"General Government Debt Stock (Millions of Current USD), % of GDP",PT_GDP,Percentage of GDP,WB_MPO_VINTAGE_SM_2024,Vintage: 2024 Spring Meetings,WB_MPO,Macro Poverty Outlook,0,Units,A,Normal value,PU,Public,,,,,,,,,,,,,,,,,,49.59857092,44.57357051,38.22736128,28.9209739,25.22902412,25.67426477,26.54916875,27.41809775,27.00689881,27.33790932,27.92286005,31.22884912,33.44863901,31.61570334,30.8072358,29.28306688,30.00675441,30.05266106,27.6705579,26.14689444,23.7608216,21.13404138,20.9942164,21.48564317,17.48946453,16.78640769,13.74792186,12.04029397,12.38381532,12.74721243,13.26238128,13.00165282
A,Annual,GAB,Gabon,WB_MPO_GGDBTTOTLCD_,"General Government Debt Stock (Millions of Current USD), % of GDP",PT_GDP,Percentage of GDP,WB_MPO_VINTAGE_SM_2024,Vintage: 2024 Spring Meetings,WB_MPO,Macro Poverty Outlook,0,Units,A,Normal value,PU,Public,,,,,,,,,,,,,,,,,,,,,,,,,,,38.96698522,39.2371048,20.05318495,26.17937217,20.50896037,17.85323291,19.69876424,29.23768073,32.47306344,43.06587129,54.71735256,62.90000138,60.60066813,54.07992936,70.94432238,72.3380672,65.58864257,74.58089416,74.71480663,81.86897554,78.41800936,80.34079699,74.71493314
A,Annual,GBR,United Kingdom,WB_MPO_GGDBTTOTLCD_,"General Government Debt Stock (Millions of Current USD), % of GDP",PT_GDP,Percentage of GDP,WB_MPO_VINTAGE_SM_2024,Vintage: 2024 Spring Meetings,WB_MPO,Macro Poverty Outlook,0,Units,A,Normal value,PU,Public,42.51741011,44.72529287,43.00296313,41.81654616,42.21161007,41.28498917,41.27679839,39.28230305,37.07456185,32.53314124,28.47955492,28.48074188,33.22734151,37.95987556,40.72390768,43.65254242,43.7144022,44.13203203,41.9695123,40.40975875,37.68569124,34.95774931,35.43446202,36.76368913,39.80154797,41.00042252,42.05828926,43.17389782,50.82737199,64.91501173,75.86022966,81.42506571,84.48260067,85.3160589,87.0943252,87.86668691,87.82518973,86.72281441,86.34514455,85.657192,105.8401149,105.130743,99.61419839,100.3542362,101.2269427,103.3605351,104.6774407,105.1945035,105.53665
A,Annual,GEO,Georgia,WB_MPO_GGDBTTOTLCD_,"General Government Debt Stock (Millions of Current USD), % of GDP",PT_GDP,Percentage of GDP,WB_MPO_VINTAGE_SM_2024,Vintage: 2024 Spring Meetings,WB_MPO,Macro Poverty Outlook,0,Units,A,Normal value,PU,Public,,,,,,,,,,,,,,,,13.23378232,31.74975183,40.61657454,55.21857202,53.39615369,51.9602416,49.45926494,48.49265306,45.24968314,42.72568468,34.06710501,27.26620139,21.94483237,25.30354804,32.41542498,34.46485109,30.27620317,30.51383579,31.25432386,32.51015159,37.9452899,41.31693045,40.4673294,39.70458141,41.36584827,59.4658935,49.01032696,39.10757301,38.82211703,35.6207172,34.14885693,32.74607989,31.88146804,29.47457934
A,Annual,GHA,Ghana,WB_MPO_GGDBTTOTLCD_,"General Government Debt Stock (Millions of Current USD), % of GDP",PT_GDP,Percentage of GDP,WB_MPO_VINTAGE_SM_2024,Vintage: 2024 Spring Meetings,WB_MPO,Macro Poverty Outlook,0,Units,A,Normal value,PU,Public,,,,,,,,,,,,,,,,,,,,,,,,,,,,,,,26.79267358,14.86974019,35.06816548,42.0898685,49.69566258,54.33491897,55.53803863,55.97059824,57.87624996,62.92701297,79.08892659,86.87507973,92.72309097,78.81945691,70.14334863,56.00618835,54.53937853,52.51991168,50.18763055
A,Annual,GIN,Guinea,WB_MPO_GGDBTTOTLCD_,"General Government Debt Stock (Millions of Current USD), % of GDP",PT_GDP,Percentage of GDP,WB_MPO_VINTAGE_SM_2024,Vintage: 2024 Spring Meetings,WB_MPO,Macro Poverty Outlook,0,Units,A,Normal value,PU,Public,,,,,,,,,,,99.62652655,98.58579015,86.26476257,95.88005681,99.17504275,92.57114301,92.98639983,93.48346435,105.8650765,127.8735743,123.3638541,121.6544905,112.6311302,112.6396041,119.7550173,150.2308741,95.2225764,60.79795434,58.46159703,61.30527945,68.85312297,58.08267107,23.64451189,31.31211861,37.59412432,46.09276983,43.07806045,40.88963431,38.61859273,38.2194397,47.4154962,42.44646577,40.08515305,41.38570318,43.5298618,47.92056737,46.3265684,45.55141961,44.8470573
A,Annual,GMB,"Gambia, The",WB_MPO_GGDBTTOTLCD_,"General Government Debt Stock (Millions of Current USD), % of GDP",PT_GDP,Percentage of GDP,WB_MPO_VINTAGE_SM_2024,Vintage: 2024 Spring Meetings,WB_MPO,Macro Poverty Outlook,0,Units,A,Normal value,PU,Public,,,,,,,,,,,,,,,,,,,,,94.46033156,109.7044379,143.9847741,158.684923,81.30248364,82.59610292,87.3432376,38.0231505,39.52765447,38.86835027,42.94866143,49.24063441,49.49190881,58.24416773,71.08601167,69.3688684,80.94831414,87.0076955,84.61235451,82.96715139,85.91788706,83.88442019,83.4908854,77.95458104,79.08369105,76.42392539,68.81401565,62.02857638,55.97482553
A,Annual,GNB,Guinea-Bissau,WB_MPO_GGDBTTOTLCD_,"General Government Debt Stock (Millions of Current USD), % of GDP",PT_GDP,Percentage of GDP,WB_MPO_VINTAGE_SM_2024,Vintage: 2024 Spring Meetings,WB_MPO,Macro Poverty Outlook,0,Units,A,Normal value,PU,Public,,,,,,,,,,,,,,,,,,,,,,,,,,,,,,,,24.58264079,47.38775865,49.64628346,60.11462972,56.34696035,59.09518756,51.78322626,59.068143,64.82415407,76.61649646,77.58165399,80.7,79.4,82.2,75.55304307,74.05253934,73.20400522,70.93060648
A,Annual,GNQ,Equatorial Guinea,WB_MPO_GGDBTTOTLCD_,"General Government Debt Stock (Millions of Current USD), % of GDP",PT_GDP,Percentage of GDP,WB_MPO_VINTAGE_SM_2024,Vintage: 2024 Spring Meetings,WB_MPO,Macro Poverty Outlook,0,Units,A,Normal value,PU,Public,,,,,,,,,,,157.0042182,169.4640332,136.8712249,152.57488,215.9727669,136.8744733,91.18555661,46.26154012,59.23334623,60.47785707,34.81786381,23.98382568,18.33670228,6.703537831,4.522017913,2.838362865,1.220918041,0.754480463,0.48841562,4.33726766,7.894312062,7.170425528,7.097241759,6.272050947,12.55992918,27.63736912,38.56192559,43.17356815,42.13029588,44.13383544,49.4060659,43.03618737,34.52430368,35.40013881,34.13002329,36.3025599,36.73068716,39.75121446,37.2007619
A,Annual,GRC,Greece,WB_MPO_GGDBTTOTLCD_,"General Government Debt Stock (Millions of Current USD), % of GDP",PT_GDP,Percentage of GDP,WB_MPO_VINTAGE_SM_2024,Vintage: 2024 Spring Meetings,WB_MPO,Macro Poverty Outlook,0,Units,A,Normal value,PU,Public,22.84366529,27.0578188,29.72332457,34.06461541,40.62579992,47.27891472,47.80681747,53.15202821,57.87394857,60.6651768,74.18622521,75.73612869,81.09565909,101.7030196,99.68205217,100.3866221,103.7241678,102.5988999,100.7852257,102.8429757,108.8540642,110.5347511,107.8713146,104.25857,105.4931257,109.8589438,105.3341851,104.6371555,110.9073057,128.4818451,147.8461741,175.0755621,164.2784961,180.5095467,182.8235964,180.0005482,183.6748181,182.6230515,189.5527917,183.6905889,209.926908,197.8055784,178.4408271,165.1592561,154.791889,146.6912413,141.8752242,138.118839,135.5799114
A,Annual,GRD,Grenada,WB_MPO_GGDBTTOTLCD_,"General Government Debt Stock (Millions of Current USD), % of GDP",PT_GDP,Percentage of GDP,WB_MPO_VINTAGE_SM_2024,Vintage: 2024 Spring Meetings,WB_MPO,Macro Poverty Outlook,0,Units,A,Normal value,PU,Public,44.83101837,48.9141823,60.43012102,69.2553631,68.26622393,66.4222733,64.39231881,65.11257762,64.61459363,59.97064336,66.06036948,66.3696011,62.06093141,62.05643657,62.74923732,60.57350302,56.29603815,54.48043202,53.62229523,49.32982204,49.54348805,60.01921539,90.19541953,86.375056,93.13002993,85.98189393,90.67686473,86.50198693,82.1374456,92.9534561,95.40528432,100.8024273,103.2889114,105.4368207,99.33988646,90.09998359,81.56846487,70.3260418,80.35049038,74.05666568,89.49279606,86.63275908,79.29841867,74.54916817,72.70048894,68.31094782,65.32547381,66.0197336,66.58168508
A,Annual,GTM,Guatemala,WB_MPO_GGDBTTOTLCD_,"General Government Debt Stock (Millions of Current USD), % of GDP",PT_GDP,Percentage of GDP,WB_MPO_VINTAGE_SM_2024,Vintage: 2024 Spring Meetings,WB_MPO,Macro Poverty Outlook,0,Units,A,Normal value,PU,Public,,,,,,,,,,,,,,,,16.01019018,15.27161277,15.08885828,15.32650974,18.92032338,17.18503296,20.47629753,18.61276843,21.1907782,21.77433985,21.06956866,21.95114615,21.68427611,20.4536035,23.29885829,24.49122002,24.04390513,24.71278673,25.03535085,24.66940306,24.87539287,25.00977255,25.10053389,26.4311523,26.45632039,31.51601595,30.59936774,28.98741483,27.24139805,26.36621956,26.98813674,27.83415745,28.83429267,29.95374045
A,Annual,GUY,Guyana,WB_MPO_GGDBTTOTLCD_,"General Government Debt Stock (Millions of Current USD), % of GDP",PT_GDP,Percentage of GDP,WB_MPO_VINTAGE_SM_2024,Vintage: 2024 Spring Meetings,WB_MPO,Macro Poverty Outlook,0,Units,A,Normal value,PU,Public,,,,,,,,,,,309.4893175,269.9240458,215.6971504,178.0977166,157.5652042,139.7968272,97.14765933,92.06195894,99.13378676,79.06504092,77.46451313,79.1682354,86.90147263,78.85179659,74.54236595,72.48407965,59.60932318,38.99388723,39.9600379,42.85497307,44.73338189,46.55048187,44.6749244,41.57522353,38.68075988,35.95230355,35.71704953,35.18603863,37.58783064,34.16271112,47.35393949,38.88235104,24.83197291,26.65024475,24.22971791,29.08010568,26.55176832,27.80112439,26.84834729
A,Annual,HND,Honduras,WB_MPO_GGDBTTOTLCD_,"General Government Debt Stock (Millions of Current USD), % of GDP",PT_GDP,Percentage of GDP,WB_MPO_VINTAGE_SM_2024,Vintage: 2024 Spring Meetings,WB_MPO,Macro Poverty Outlook,0,Units,A,Normal value,PU,Public,,,,,,,,,,,167.1329259,101.5411556,96.75215002,89.58236072,71.48549076,53.80275517,53.18478762,60.12369951,57.16715184,64.37417112,54.15915334,51.97108972,53.49677761,58.53567229,58.0680367,44.65226022,29.88680419,18.24862429,19.26006445,22.32978375,24.89779843,27.32903574,27.45958239,38.8481715,37.63064248,45.75588389,45.35879289,47.3799803,47.46159794,48.32948525,54.10000195,51.60000119,52.00000071,47.7,46.7,46.23668355,45.3939551,44.64540877,43.48648375
A,Annual,HRV,Croatia,WB_MPO_GGDBTTOTLCD_,"General Government Debt Stock (Millions of Current USD), % of GDP",PT_GDP,Percentage of GDP,WB_MPO_VINTAGE_SM_2024,Vintage: 2024 Spring Meetings,WB_MPO,Macro Poverty Outlook,0,Units,A,Normal value,PU,Public,,,,,,,,,,,,,,,,23.29681745,25.33683906,24.6556759,22.60884764,28.83871997,35.43451155,36.58772961,36.453959,37.84947114,39.95911972,40.89808652,38.37482009,37.07946914,38.91535179,47.92035434,56.80597483,63.12748165,68.64474721,78.52882169,81.88866886,81.6576991,78.99731773,77.14453327,74.04642716,71.78823152,86.2777578,78.40449065,68.52968358,60.9497871,57.37019613,56.38328028,55.24354814,55.14928047,55.00582339
A,Annual,HTI,Haiti,WB_MPO_GGDBTTOTLCD_,"General Government Debt Stock (Millions of Current USD), % of GDP",PT_GDP,Percentage of GDP,WB_MPO_VINTAGE_SM_2024,Vintage: 2024 Spring Meetings,WB_MPO,Macro Poverty Outlook,0,Units,A,Normal value,PU,Public,,,,,,,,,,,,,,,,,,,,,,,,,,,,,,,,,27.70199856,27.70199844,27.70199674,27.70199795,27.82094049,27.75795177,27.70200196,27.70201869,29.56468763,23.654412,26.75301717,25.14908658,15.61228383,10.36088681,8.789655935,7.702693786,7.296450302
A,Annual,HUN,Hungary,WB_MPO_GGDBTTOTLCD_,"General Government Debt Stock (Millions of Current USD), % of GDP",PT_GDP,Percentage of GDP,WB_MPO_VINTAGE_SM_2024,Vintage: 2024 Spring Meetings,WB_MPO,Macro Poverty Outlook,0,Units,A,Normal value,PU,Public,,,,,,,,,,,,,,,,83.86839231,71.16823005,62.19573615,60.42211927,60.29660316,55.6376094,52.20471981,55.55673477,58.17442787,58.90709697,60.57875739,64.48894371,65.57993705,71.80108066,78.18836768,80.17430052,80.46834717,78.36398403,77.22023321,76.4905015,75.72412682,74.64588588,72.00163932,68.81615927,64.98843066,78.68658443,76.21460374,73.86100649,72.96624233,73.45344703,74.76141521,75.37165986,76.13546807,77.08383937
A,Annual,IDN,Indonesia,WB_MPO_GGDBTTOTLCD_,"General Government Debt Stock (Millions of Current USD), % of GDP",PT_GDP,Percentage of GDP,WB_MPO_VINTAGE_SM_2024,Vintage: 2024 Spring Meetings,WB_MPO,Macro Poverty Outlook,0,Units,A,Normal value,PU,Public,,,,,,,,,,,,,,,,,,,,,,,,,,,,,,,24.49918927,23.09767916,22.95466359,24.88437661,24.6452743,27.01330352,27.95546108,29.39553652,30.09824187,30.2323418,39.3643107,40.72618982,39.70060335,39.2067599,39.80715045,40.45950247,40.58551726,40.96055629,41.24779917
A,Annual,IND,India,WB_MPO_GGDBTTOTLCD_,"General Government Debt Stock (Millions of Current USD), % of GDP",PT_GDP,Percentage of GDP,WB_MPO_VINTAGE_SM_2024,Vintage: 2024 Spring Meetings,WB_MPO,Macro Poverty Outlook,0,Units,A,Normal value,PU,Public,,,,,,,,,,,72.4244382,76.6683797,75.74675719,76.14800541,73.68013448,70.77333016,67.70662541,69.72894813,70.58984303,74.12927988,77.49371374,82.87986036,87.16335058,87.54835329,86.39494244,83.12016351,77.91105557,75.1868567,76.21801781,74.26561435,69.14149689,69.6320119,68.90230515,69.32439153,68.82528429,70.84727452,71.0895472,71.92460887,72.91243217,77.65270155,92.24937006,87.07707206,85.3325977,84.97803342,84.0544615,84.52538491,84.06427452,82.18675276,80.78823282
A,Annual,IRL,Ireland,WB_MPO_GGDBTTOTLCD_,"General Government Debt Stock (Millions of Current USD), % of GDP",PT_GDP,Percentage of GDP,WB_MPO_VINTAGE_SM_2024,Vintage: 2024 Spring Meetings,WB_MPO,Macro Poverty Outlook,0,Units,A,Normal value,PU,Public,64.60148444,68.78193635,73.45046583,86.14698166,90.23141547,92.95883077,107.2311383,108.2638875,106.5077772,97.92050904,92.65618544,93.7630329,90.56709165,93.3685148,88.02023205,78.5219281,69.83340271,61.57838617,51.41388271,46.5701415,36.41231013,33.57788171,30.88957191,29.83204764,28.10314926,26.05968081,23.65322633,23.94839397,42.5137359,61.76462954,86.23156258,109.5902288,118.9110077,117.6751827,101.3874723,74.03108519,72.7103681,65.26630692,61.42121407,55.91174756,57.07778837,52.65276678,43.16560979,42.06382723,38.76693781,32.99624539,31.48493439,30.8983291,29.89711192
A,Annual,IRN,"Iran, Islamic Rep.",WB_MPO_GGDBTTOTLCD_,"General Government Debt Stock (Millions of Current USD), % of GDP",PT_GDP,Percentage of GDP,WB_MPO_VINTAGE_SM_2024,Vintage: 2024 Spring Meetings,WB_MPO,Macro Poverty Outlook,0,Units,A,Normal value,PU,Public,,,,,,,,,,,,,,,,,36.71737259,38.45998236,36.79620855,27.56394605,22.71220746,26.04737234,29.45306646,27.96652905,25.90811116,22.53806855,18.70906297,16.56057239,12.98768489,14.12446702,15.70091287,12.25919426,13.56228636,11.75762557,12.58742035,37.02293627,39.08579763,31.3225109,32.95187278,40.92653061,38.59683589,39.91432489,28.06086516,26.11067952,25.3855007,31.25351685,,,
A,Annual,ISL,Iceland,WB_MPO_GGDBTTOTLCD_,"General Government Debt Stock (Millions of Current USD), % of GDP",PT_GDP,Percentage of GDP,WB_MPO_VINTAGE_SM_2024,Vintage: 2024 Spring Meetings,WB_MPO,Macro Poverty Outlook,0,Units,A,Normal value,PU,Public,,,28.94808796,30.75143766,32.42485785,32.01679135,29.86555993,27.32604298,30.58822054,35.28609733,35.48994228,37.60761909,45.40109193,52.29381952,54.80842253,58.0702685,55.57469473,51.05537208,43.27097055,75.53661554,74.84674274,82.49568691,81.30656177,84.07230179,80.05852148,67.75129409,69.82614038,67.4461755,109.3085595,128.2067951,131.5005599,136.628633,132.202105,121.0649176,114.1206553,96.31524446,81.3350262,70.79235933,62.2585876,65.71750808,76.08791235,73.58878908,66.4467248,61.54956939,59.44614629,47.42176384,44.89420641,42.93417362,41.08058758
A,Annual,ISR,Israel,WB_MPO_GGDBTTOTLCD_,"General Government Debt Stock (Millions of Current USD), % of GDP",PT_GDP,Percentage of GDP,WB_MPO_VINTAGE_SM_2024,Vintage: 2024 Spring Meetings,WB_MPO,Macro Poverty Outlook,0,Units,A,Normal value,PU,Public,,,,,,,,,,,,,,,,,,,,,77.20682364,81.10674543,87.21327337,89.7234623,88.33124716,85.22998284,77.65373003,70.7845091,70.23854123,72.56650474,69.02790922,67.18684434,66.89381151,66.02587512,64.85588322,62.84757443,61.72940623,59.82472877,60.07644943,59.30321614,71.07231921,67.68575129,60.31970883,61.32910174,67.64029401,69.2417329,70.3401245,70.38275368,70.63164611
A,Annual,ITA,Italy,WB_MPO_GGDBTTOTLCD_,"General Government Debt Stock (Millions of Current USD), % of GDP",PT_GDP,Percentage of GDP,WB_MPO_VINTAGE_SM_2024,Vintage: 2024 Spring Meetings,WB_MPO,Macro Poverty Outlook,0,Units,A,Normal value,PU,Public,,,,,,,,,95.72234048,98.40030592,101.710192,105.3085605,112.9671673,124.1065161,130.8312352,119.0878528,118.8962783,116.490593,113.886893,113.0585538,108.7427616,108.5130706,105.9474461,105.140826,104.742009,106.1767506,106.2569557,103.463496,105.8016034,116.1388719,118.7555935,119.126962,125.8986624,131.8519154,134.7952466,134.7881713,134.2397833,133.7409014,134.1983435,133.8980571,154.3791575,145.8123927,138.3451455,134.6373963,135.3262801,136.8372022,138.1710611,138.2179736,137.4621946
A,Annual,JAM,Jamaica,WB_MPO_GGDBTTOTLCD_,"General Government Debt Stock (Millions of Current USD), % of GDP",PT_GDP,Percentage of GDP,WB_MPO_VINTAGE_SM_2024,Vintage: 2024 Spring Meetings,WB_MPO,Macro Poverty Outlook,0,Units,A,Normal value,PU,Public,,,,,,,,,,,,,,,,,,,,,,,,,,,,,,,,,121.4953839,121.4815877,121.4953066,118.195377,115.8318793,100.4166318,92.28755397,88.46943221,100.7718603,92.03813275,74.56744297,68.55138122,64.93884008,68.50509973,67.09214533,65.54997232,63.71437139
A,Annual,JOR,Jordan,WB_MPO_GGDBTTOTLCD_,"General Government Debt Stock (Millions of Current USD), % of GDP",PT_GDP,Percentage of GDP,WB_MPO_VINTAGE_SM_2024,Vintage: 2024 Spring Meetings,WB_MPO,Macro Poverty Outlook,0,Units,A,Normal value,PU,Public,,57.22559713,62.40652082,70.45729318,75.05576792,79.72241957,80.96451685,98.04784187,147.3540177,200.4629973,220.9959799,203.5267072,155.6362176,137.673772,126.0964359,115.4113729,125.6331949,115.0896385,115.6190952,113.5974248,104.6560088,100.0361425,103.1204004,99.69980771,91.84145151,84.29304473,76.32032523,73.76200407,51.60538269,56.18417702,58.71487623,62.49426354,71.16402244,76.88372091,78.70661207,82.64812624,84.11889351,84.34599021,84.05391658,87.09006292,97.0625575,99.35473898,101.2974165,103.3478368,106.110062,108.8153225,109.8031787,109.3177843,108.3001566
A,Annual,JPN,Japan,WB_MPO_GGDBTTOTLCD_,"General Government Debt Stock (Millions of Current USD), % of GDP",PT_GDP,Percentage of GDP,WB_MPO_VINTAGE_SM_2024,Vintage: 2024 Spring Meetings,WB_MPO,Macro Poverty Outlook,0,Units,A,Normal value,PU,Public,47.7756213,52.81498734,57.73037172,63.51113041,65.60183893,68.30984447,74.07910183,75.83345813,71.94426199,65.67449296,63.23268191,62.38454858,66.76561648,72.83752278,84.36117312,92.52557832,98.05354002,104.970938,116.0199472,129.5011891,135.6086032,145.1235287,154.0956573,160.0207608,169.4899272,174.5946973,174.1425625,172.951094,180.850693,198.8068212,205.879288,219.1616226,226.0928327,229.4507221,233.2811306,228.2783713,232.4212302,231.320766,232.3803007,236.3810601,258.3688643,253.6520354,248.2459991,240.4610355,236.1075295,229.5722222,226.8184425,224.4595684,222.939444
A,Annual,KAZ,Kazakhstan,WB_MPO_GGDBTTOTLCD_,"General Government Debt Stock (Millions of Current USD), % of GDP",PT_GDP,Percentage of GDP,WB_MPO_VINTAGE_SM_2024,Vintage: 2024 Spring Meetings,WB_MPO,Macro Poverty Outlook,0,Units,A,Normal value,PU,Public,,,,,,,,,,,,,,,,,,,,31.99212958,25.2021365,20.14183457,17.56874753,14.93543612,10.86756972,7.580575715,6.298138505,5.893563838,6.765872995,10.22703052,10.75376239,10.21586849,12.12526808,12.60250902,14.49634529,21.88193856,19.6773539,19.86941641,20.25855145,19.94372838,26.35714614,25.10002869,23.52405963,22.98201857,24.37695911,24.77016509,24.31336002,27.15037783,29.12170667
A,Annual,KEN,Kenya,WB_MPO_GGDBTTOTLCD_,"General Government Debt Stock (Millions of Current USD), % of GDP",PT_GDP,Percentage of GDP,WB_MPO_VINTAGE_SM_2024,Vintage: 2024 Spring Meetings,WB_MPO,Macro Poverty Outlook,0,Units,A,Normal value,PU,Public,,,,,,,,,,,,,,,,,,,,,54.80033217,52.0921771,55.32175699,55.65904233,51.2654138,47.36322199,42.82209683,39.02537431,38.97204576,34.97119963,37.75037521,37.59203699,37.09797567,40.64159292,43.85849434,46.88211672,52.79342213,55.67335298,58.06876583,61.06263627,67.15247061,67.86721888,67.8,73.405,67.338,67.95247433,70.33177565,71.18727065,71.29298637
A,Annual,KGZ,Kyrgyz Republic,WB_MPO_GGDBTTOTLCD_,"General Government Debt Stock (Millions of Current USD), % of GDP",PT_GDP,Percentage of GDP,WB_MPO_VINTAGE_SM_2024,Vintage: 2024 Spring Meetings,WB_MPO,Macro Poverty Outlook,0,Units,A,Normal value,PU,Public,,,,,,,,,,,,,,,,,,,,,123.303031,108.2072012,107.9413076,108.2305434,92.66648671,85.66070891,73.35468993,57.743779,48.63299961,58.49438608,59.69865131,50.05578884,50.47790247,47.12475387,53.59678458,67.17830915,59.08722724,58.78614204,54.76686045,48.84820935,63.64297905,55.76862965,46.825409,41.95028706,36.08897442,39.50361073,42.46927604,42.98425948,43.65608677
A,Annual,KHM,Cambodia,WB_MPO_GGDBTTOTLCD_,"General Government Debt Stock (Millions of Current USD), % of GDP",PT_GDP,Percentage of GDP,WB_MPO_VINTAGE_SM_2024,Vintage: 2024 Spring Meetings,WB_MPO,Macro Poverty Outlook,0,Units,A,Normal value,PU,Public,,,,,,,,,,,,,,,,,,,,,,,,,50.61998507,30.18671758,27.01833562,25.25269816,23.08773038,23.53726545,24.18858837,23.92836898,25.09741559,24.62228176,24.00090054,23.33292416,22.05144757,22.69665931,21.16001272,20.67333531,25.2092596,25.63867646,24.87962864,26.56578553,25.9543395,26.79729929,27.82166699,28.61336698,28.47425821
A,Annual,KIR,Kiribati,WB_MPO_GGDBTTOTLCD_,"General Government Debt Stock (Millions of Current USD), % of GDP",PT_GDP,Percentage of GDP,WB_MPO_VINTAGE_SM_2024,Vintage: 2024 Spring Meetings,WB_MPO,Macro Poverty Outlook,0,Units,A,Normal value,PU,Public,,,,,,,,,,,,,,,,,,,,,,,,,,,,,,,,,18.03003311,18.03003213,18.03003749,18.03004285,18.03005471,18.03008312,18.03013525,18.03026551,18.03050909,18.03003301,15.74720559,14.64553308,11.57372284,32.10269184,31.68131657,27.83507589,24.46991951
A,Annual,KNA,St. Kitts and Nevis,WB_MPO_GGDBTTOTLCD_,"General Government Debt Stock (Millions of Current USD), % of GDP",PT_GDP,Percentage of GDP,WB_MPO_VINTAGE_SM_2024,Vintage: 2024 Spring Meetings,WB_MPO,Macro Poverty Outlook,0,Units,A,Normal value,PU,Public,,,,,,,,,,,,,,,,,,,,,91.93896901,100.3844298,113.0858392,139.0907285,142.9082286,144.131884,144.005476,136.670842,127.4922079,132.16291,136.1192347,129.0304146,126.1186271,93.28432408,71.68723936,63.65004053,59.00371583,59.25780292,57.3391479,57.28376805,52.90220369,48.18237525,44.32336126,40.92284625,37.2890158,42.10002701,39.45397908,36.44815181,33.67187917
A,Annual,KOR,"Korea, Rep.",WB_MPO_GGDBTTOTLCD_,"General Government Debt Stock (Millions of Current USD), % of GDP",PT_GDP,Percentage of GDP,WB_MPO_VINTAGE_SM_2024,Vintage: 2024 Spring Meetings,WB_MPO,Macro Poverty Outlook,0,Units,A,Normal value,PU,Public,,,,,,,,,,,12.78731542,11.92571955,11.64526905,10.86212621,9.631038382,8.484556975,7.810539685,9.693910115,13.81718041,15.75914159,16.08706848,16.62506928,16.44439537,19.10182873,21.60252154,24.91741406,27.0434113,26.34562532,25.85644282,28.7905238,28.27464685,31.70010376,33.53603282,36.0068102,37.87470748,38.84265725,39.14355175,38.01144589,37.8540177,39.72991676,45.91504982,47.98782536,49.79785723,50.53874618,49.8150061,53.36971895,56.60551996,58.76602915,60.75086055
A,Annual,KWT,Kuwait,WB_MPO_GGDBTTOTLCD_,"General Government Debt Stock (Millions of Current USD), % of GDP",PT_GDP,Percentage of GDP,WB_MPO_VINTAGE_SM_2024,Vintage: 2024 Spring Meetings,WB_MPO,Macro Poverty Outlook,0,Units,A,Normal value,PU,Public,,,,,,,,,,,,45.30640936,27.88981378,28.76782429,37.68292683,34.90306758,26.45003235,24.26493749,25.62448618,25.48611187,21.37368953,23.01869159,21.26833477,17.24935516,13.85534947,10.20209213,7.794499398,7.047138481,5.376099829,6.653287951,6.16098987,4.641086198,3.602054094,3.091581262,3.428767433,4.603828642,9.884892532,19.62253918,14.26247638,10.51779935,10.23060772,7.197942296,2.950309177,3.132156545,2.909975176,7.43056685,14.5333174,18.06907192,18.56603983
A,Annual,LAO,Lao PDR,WB_MPO_GGDBTTOTLCD_,"General Government Debt Stock (Millions of Current USD), % of GDP",PT_GDP,Percentage of GDP,WB_MPO_VINTAGE_SM_2024,Vintage: 2024 Spring Meetings,WB_MPO,Macro Poverty Outlook,0,Units,A,Normal value,PU,Public,,,,,,,,,,,,,,,,,,,,,,,,,90.34486833,81.57954126,67.91496727,62.95499385,56.44699546,57.15998962,51.93712245,44.04806134,46.10324292,49.4933575,53.53410747,53.05202129,54.22295655,55.79912187,57.24418623,59.0176597,74.18590929,92.2,115.7,108.8,94,80.51104797,73.70546242,67.80414324,63.26762204
A,Annual,LBN,Lebanon,WB_MPO_GGDBTTOTLCD_,"General Government Debt Stock (Millions of Current USD), % of GDP",PT_GDP,Percentage of GDP,WB_MPO_VINTAGE_SM_2024,Vintage: 2024 Spring Meetings,WB_MPO,Macro Poverty Outlook,0,Units,A,Normal value,PU,Public,,,,,,,,,,104.2410996,98.31598686,59.37176286,38.71803521,35.96748269,49.4980838,60.1588718,75.85574138,96.79294845,107.0229416,128.5624986,144.8832629,160.1678205,163.8789034,166.1612155,169.5111479,178.9230103,183.2903674,169.2982489,161.6087161,144.4995522,136.8287611,134.3857927,131.0856614,135.4296529,137.92431,140.8292084,146.5542224,149.9789303,155.0758032,172.2661789,179.1530619,172.4999912,179.6735983,179.7413159,176.5417049,155.1664671,,,
A,Annual,LBR,Liberia,WB_MPO_GGDBTTOTLCD_,"General Government Debt Stock (Millions of Current USD), % of GDP",PT_GDP,Percentage of GDP,WB_MPO_VINTAGE_SM_2024,Vintage: 2024 Spring Meetings,WB_MPO,Macro Poverty Outlook,0,Units,A,Normal value,PU,Public,,,,,,,,,,,,,,,,,,,,,424.6685665,425.07688,430.6789164,550.4125585,477.3114701,467.7343853,411.4951617,340.3931286,202.4273462,119.7572044,28.19694389,25.51644192,25.92381603,25.92381442,25.92381432,25.92381431,25.92381493,33.44438777,35.00104636,45.0355944,56.10608038,53.23010655,53.93588275,58.81544001,56.80999216,52.39718183,52.81944724,53.59570984,51.89849632
A,Annual,LBY,Libya,WB_MPO_GGDBTTOTLCD_,"General Government Debt Stock (Millions of Current USD), % of GDP",PT_GDP,Percentage of GDP,WB_MPO_VINTAGE_SM_2024,Vintage: 2024 Spring Meetings,WB_MPO,Macro Poverty Outlook,0,Units,A,Normal value,PU,Public,,,,,,,,,,,,,,,,,,,,,,,,,,,,,,,1.05E-08,1.70E-08,8.56E-09,1.04E-08,32.22667619,71.42999614,87.95351676,83.79965254,87.04061987,97.45022351,206.3611869,89.97553486,72.52104232,99.97829165,115.6440461,102.4690581,82.35157008,82.04374519,79.96331747
A,Annual,LCA,St. Lucia,WB_MPO_GGDBTTOTLCD_,"General Government Debt Stock (Millions of Current USD), % of GDP",PT_GDP,Percentage of GDP,WB_MPO_VINTAGE_SM_2024,Vintage: 2024 Spring Meetings,WB_MPO,Macro Poverty Outlook,0,Units,A,Normal value,PU,Public,,,,,,,,,,,,,,,,,,38.71603737,40.61518808,40.06135109,43.24436789,48.14657,57.49318646,54.70483588,60.42357293,59.71425688,51.26797237,51.21444229,49.06893456,53.26293932,54.28270811,56.38699459,61.23015642,61.46850414,61.55861013,60.9632341,63.50774141,59.85273951,61.59027259,62.7772695,100.0019621,87.11699252,74.40693659,76.67341484,77.2208379,78.70042136,78.29439423,77.96524841,77.86849742
A,Annual,LSO,Lesotho,WB_MPO_GGDBTTOTLCD_,"General Government Debt Stock (Millions of Current USD), % of GDP",PT_GDP,Percentage of GDP,WB_MPO_VINTAGE_SM_2024,Vintage: 2024 Spring Meetings,WB_MPO,Macro Poverty Outlook,0,Units,A,Normal value,PU,Public,,,,,,,,,,,,,,72.93659287,68.45528685,65.87739006,75.28282973,72.26498157,76.79045527,85.7579177,85.27116993,104.7057234,70.83049096,55.08148953,41.62168521,38.28829734,38.06005776,40.71055017,46.01228728,38.35539408,33.16578743,35.93345076,37.83686319,42.1296442,39.19960137,45.45975474,39.76429813,39.45009697,45.82063121,49.3830475,52.54434356,54.27362599,55.679594,60.42673927,54.73316754,50.9206612,50.28561079,48.57279113,46.93670735
A,Annual,LTU,Lithuania,WB_MPO_GGDBTTOTLCD_,"General Government Debt Stock (Millions of Current USD), % of GDP",PT_GDP,Percentage of GDP,WB_MPO_VINTAGE_SM_2024,Vintage: 2024 Spring Meetings,WB_MPO,Macro Poverty Outlook,0,Units,A,Normal value,PU,Public,,,,,,,,,,,,,,,,,,,21.69450327,28.00203516,23.48521679,22.88190728,22.12650971,20.36797706,18.61531984,17.64296574,17.29828596,15.88899727,14.58851569,27.90348585,36.70485117,37.46279235,39.90187054,38.85159836,40.71314602,42.57007948,39.9731029,39.33602657,33.34123976,35.58645479,45.88929904,43.29675779,38.0625758,37.33950287,38.22381266,41.78546435,45.83930855,49.06003957,50.96659291
A,Annual,LUX,Luxembourg,WB_MPO_GGDBTTOTLCD_,"General Government Debt Stock (Millions of Current USD), % of GDP",PT_GDP,Percentage of GDP,WB_MPO_VINTAGE_SM_2024,Vintage: 2024 Spring Meetings,WB_MPO,Macro Poverty Outlook,0,Units,A,Normal value,PU,Public,,,,,,,,,,,,,,,,10.2822803,10.16788578,10.06205377,9.510187645,8.393623756,7.494094257,7.623115578,7.447893135,7.434647999,7.829893506,7.950199795,8.205096693,8.091759205,14.6274894,15.28521823,19.08958628,18.50309317,20.84911297,22.4069906,21.86336675,21.13315996,19.59756618,21.80223763,20.87006217,22.33886085,24.53270738,24.18458505,24.90160456,24.68206368,26.28837449,27.12069403,28.03471664,28.57146362,29.32943799
A,Annual,LVA,Latvia,WB_MPO_GGDBTTOTLCD_,"General Government Debt Stock (Millions of Current USD), % of GDP",PT_GDP,Percentage of GDP,WB_MPO_VINTAGE_SM_2024,Vintage: 2024 Spring Meetings,WB_MPO,Macro Poverty Outlook,0,Units,A,Normal value,PU,Public,,,,,,,,,,,,,,,,14.27090704,13.76621032,11.80341473,9.814854207,14.83407283,15.09414465,17.82517628,15.38329821,15.42420766,15.32242043,12.50741935,10.65676932,8.996562379,19.31877831,37.64103888,48.18212977,46.80848685,44.37052481,41.77409067,43.07890588,38.27914082,41.73413116,40.3295853,38.30437339,37.91084561,44.03692207,45.87381097,44.42948668,44.6467462,46.75566691,47.1338262,47.39543337,48.86925194,50.24456113
A,Annual,MAR,Morocco,WB_MPO_GGDBTTOTLCD_,"General Government Debt Stock (Millions of Current USD), % of GDP",PT_GDP,Percentage of GDP,WB_MPO_VINTAGE_SM_2024,Vintage: 2024 Spring Meetings,WB_MPO,Macro Poverty Outlook,0,Units,A,Normal value,PU,Public,,,,,,,,,,,60.70084679,57.57777785,65.01508163,67.28211134,62.9364919,62.81364328,57.52309944,60.23107649,57.03212275,56.66644396,57.90199832,57.43546997,54.46566512,52.13827824,49.99369733,53.42992495,49.46146587,46.17140763,41.19723871,42.26383942,45.00712294,48.19410375,53.36244929,56.90998815,58.57133728,58.36118276,60.08431353,60.26068527,60.45838608,60.27047126,72.2445654,69.35074885,71.37211585,68.70451552,67.99853958,67.18139409,67.7968528,67.41092572,67.21007188
A,Annual,MDA,Moldova,WB_MPO_GGDBTTOTLCD_,"General Government Debt Stock (Millions of Current USD), % of GDP",PT_GDP,Percentage of GDP,WB_MPO_VINTAGE_SM_2024,Vintage: 2024 Spring Meetings,WB_MPO,Macro Poverty Outlook,0,Units,A,Normal value,PU,Public,,,,,,,,,,,,,,,,,,,,,,,,,,,,,18.3033463,24.21224309,26.69289975,25.34503077,27.75772565,26.72695787,27.55738603,29.440057,37.39522251,33.20970342,30.61488191,28.08763521,36.36812707,33.80236427,36.06448267,35.69578607,38.80548833,39.17986244,41.95811445,43.3739874,43.95063795
A,Annual,MDG,Madagascar,WB_MPO_GGDBTTOTLCD_,"General Government Debt Stock (Millions of Current USD), % of GDP",PT_GDP,Percentage of GDP,WB_MPO_VINTAGE_SM_2024,Vintage: 2024 Spring Meetings,WB_MPO,Macro Poverty Outlook,0,Units,A,Normal value,PU,Public,,,,,,,,,,,92.70147587,113.8353585,110.8749335,105.1920087,95.96309309,95.83683801,98.71624487,89.73956299,108.4595147,104.1146882,90.21159735,82.14374225,86.69275895,85.86191213,81.89563951,74.36637862,32.22628418,28.21022677,30.93590472,34.85657769,32.34136091,29.94680162,30.43515322,36.24293269,37.88322057,43.38733689,40.27572066,40.03545394,39.05456141,38.74851006,51.94116861,52.66938979,53.17450152,52.11527799,50.75313829,52.65295596,54.72185024,54.9309068,54.66070008
A,Annual,MDV,Maldives,WB_MPO_GGDBTTOTLCD_,"General Government Debt Stock (Millions of Current USD), % of GDP",PT_GDP,Percentage of GDP,WB_MPO_VINTAGE_SM_2024,Vintage: 2024 Spring Meetings,WB_MPO,Macro Poverty Outlook,0,Units,A,Normal value,PU,Public,,,,,,,,,,,45.52415332,50.17156096,52.65554358,59.80089398,58.63582811,60.99024386,54.9315347,48.92644178,50.40207934,49.998487,50.08570446,38.5873163,40.88364192,37.60573027,34.6741966,43.19587032,36.77954277,35.82366875,38.95784319,48.38694047,52.74766093,51.86343388,57.1231968,56.60882127,57.10894497,54.75818983,64.07047886,63.68758512,72.44757425,77.18635706,151.9315927,116.9764623,112.807627,123.6346932,133.3799582,129.2420918,137.2985407,139.8139655,142.4974543
A,Annual,MEX,Mexico,WB_MPO_GGDBTTOTLCD_,"General Government Debt Stock (Millions of Current USD), % of GDP",PT_GDP,Percentage of GDP,WB_MPO_VINTAGE_SM_2024,Vintage: 2024 Spring Meetings,WB_MPO,Macro Poverty Outlook,0,Units,A,Normal value,PU,Public,,,,,,,,,,,55.39148682,44.40013768,35.00056467,24.98405865,35.05335215,39.09714021,30.03807138,24.59797316,25.85793424,23.60782565,21.68936372,20.66963658,22.52311909,23.90025368,22.4230844,21.11991199,21.01884367,21.2463036,25.29091214,32.52094989,31.82565445,33.24226383,33.25524082,36.37387893,39.82256939,43.84383453,47.85608293,45.64542522,45.57787251,45.49018939,51.65040033,50.54223351,48.23012935,47.34599737,54.06441271,55.88855746,56.20382126,56.51602373,56.7250294
A,Annual,MKD,North Macedonia,WB_MPO_GGDBTTOTLCD_,"General Government Debt Stock (Millions of Current USD), % of GDP",PT_GDP,Percentage of GDP,WB_MPO_VINTAGE_SM_2024,Vintage: 2024 Spring Meetings,WB_MPO,Macro Poverty Outlook,0,Units,A,Normal value,PU,Public,,,,,,,,,,,,,,,,,,,,,,,45.13742188,40.68008415,37.60967817,39.51293445,33.21940376,25.76518666,23.06546238,26.14825409,27.23356648,31.99710757,38.33133706,40.21700865,45.69283801,46.58235237,48.70008785,47.62086216,48.4062064,49.1835912,59.76258068,60.28286613,58.04251232,57.73404279,61.39605075,59.28761995,59.44030885,59.79122543,60.03997622
A,Annual,MLI,Mali,WB_MPO_GGDBTTOTLCD_,"General Government Debt Stock (Millions of Current USD), % of GDP",PT_GDP,Percentage of GDP,WB_MPO_VINTAGE_SM_2024,Vintage: 2024 Spring Meetings,WB_MPO,Macro Poverty Outlook,0,Units,A,Normal value,PU,Public,,,,,,,,,,,,,,,,,,,,,,,,,,39.21072876,15.19253657,15.58671523,17.3090009,18.44828994,21.26670053,20.15330344,21.35175291,22.18597338,22.62798383,25.78478818,30.20602529,30.20034048,31.44972474,34.3663964,42.11050237,46.17517272,44.7546126,46.3510755,44.58146529,42.28475773,41.31665985,41.21761079,39.14154158
A,Annual,MLT,Malta,WB_MPO_GGDBTTOTLCD_,"General Government Debt Stock (Millions of Current USD), % of GDP",PT_GDP,Percentage of GDP,WB_MPO_VINTAGE_SM_2024,Vintage: 2024 Spring Meetings,WB_MPO,Macro Poverty Outlook,0,Units,A,Normal value,PU,Public,,,,,,,,,,,,,,,,45.3034307,51.4619108,60.79482228,66.36218455,69.76837276,64.41747573,70.0456942,65.05111111,68.62555658,70.38994429,70.15114085,64.5448463,62.0366204,61.52588032,66.04481766,65.03300835,68.93840291,65.61133766,64.94452235,60.74537632,55.04823214,53.14930552,45.55788668,41.44283772,39.24915377,48.61061793,49.56171097,50.12461891,46.81845136,46.17335108,46.88571952,47.21472575,47.10326912,47.0442993
A,Annual,MNE,Montenegro,WB_MPO_GGDBTTOTLCD_,"General Government Debt Stock (Millions of Current USD), % of GDP",PT_GDP,Percentage of GDP,WB_MPO_VINTAGE_SM_2024,Vintage: 2024 Spring Meetings,WB_MPO,Macro Poverty Outlook,0,Units,A,Normal value,PU,Public,,,,,,,,,,,,,,,,,,,,,,,,,,,32.36422195,27.43496876,28.86085951,38.2377167,40.72066895,45.92982477,53.62451185,58.05568511,59.80005722,66.91045914,64.67588954,64.87554808,71.04524221,77.35317403,104.4878751,84.55395069,69.00994727,58.38024111,59.83179563,63.88516068,66.36059025,64.19715349,64.13546358
A,Annual,MNG,Mongolia,WB_MPO_GGDBTTOTLCD_,"General Government Debt Stock (Millions of Current USD), % of GDP",PT_GDP,Percentage of GDP,WB_MPO_VINTAGE_SM_2024,Vintage: 2024 Spring Meetings,WB_MPO,Macro Poverty Outlook,0,Units,A,Normal value,PU,Public,,,,,,,,,,,,,,,,,,,,,,,,,,,,,,,,,56.92116586,56.92116882,56.92116386,63.00431554,93.10008374,86.77458087,75.53637669,68.61042606,78.97173532,64.96072593,62.02820438,44.39893365,42.77127229,40.17008583,37.34174561,36.60556278,34.97356079
A,Annual,MOZ,Mozambique,WB_MPO_GGDBTTOTLCD_,"General Government Debt Stock (Millions of Current USD), % of GDP",PT_GDP,Percentage of GDP,WB_MPO_VINTAGE_SM_2024,Vintage: 2024 Spring Meetings,WB_MPO,Macro Poverty Outlook,0,Units,A,Normal value,PU,Public,,,,,,,,,,,,,,,,,,,,94.67536188,95.81793281,99.76597343,63.3503856,63.15657289,50.76662665,60.084214,40.02860923,31.1806804,32.7554081,39.32867011,38.55116208,34.15513665,36.67895753,49.44782254,62.85747477,84.47484127,125.3018764,106.9736631,107.6643507,98.21676662,119.3378072,104.4103925,100.3999961,90.8,90.1,91.3872663,94.57730198,101.5882031,107.8624319
A,Annual,MRT,Mauritania,WB_MPO_GGDBTTOTLCD_,"General Government Debt Stock (Millions of Current USD), % of GDP",PT_GDP,Percentage of GDP,WB_MPO_VINTAGE_SM_2024,Vintage: 2024 Spring Meetings,WB_MPO,Macro Poverty Outlook,0,Units,A,Normal value,PU,Public,,,,,,,,,,,,,,,,,,,,,,,,,22.01485418,71.05862758,38.00347508,61.49985437,57.23635993,54.3442068,43.94738264,38.83879639,39.31748486,40.73400001,49.54239554,59.88831428,57.55426255,55.66383903,59.1818141,57.686943,58.75233045,54.88753659,50.05055435,48.73000803,47.03098985,42.57563498,39.3633227,37.05381315,37.12956442
A,Annual,MUS,Mauritius,WB_MPO_GGDBTTOTLCD_,"General Government Debt Stock (Millions of Current USD), % of GDP",PT_GDP,Percentage of GDP,WB_MPO_VINTAGE_SM_2024,Vintage: 2024 Spring Meetings,WB_MPO,Macro Poverty Outlook,0,Units,A,Normal value,PU,Public,,,,,,,,,,,,,,,,,,,,,,,,,,,,,110.0973073,58.05707509,56.76010913,57.28573762,56.61709136,58.19257092,58.67615806,60.92310146,61.51749325,60.54851352,61.65709501,62.83747628,79.52848991,87.05534591,83.12816673,80.39622612,90.61030223,88.90000184,90.58607893,90.26485383,90.22627149
A,Annual,MWI,Malawi,WB_MPO_GGDBTTOTLCD_,"General Government Debt Stock (Millions of Current USD), % of GDP",PT_GDP,Percentage of GDP,WB_MPO_VINTAGE_SM_2024,Vintage: 2024 Spring Meetings,WB_MPO,Macro Poverty Outlook,0,Units,A,Normal value,PU,Public,,,,,,,,,,,,,,,,,,,,,,,,,,,,,,,,7.77635332,23.11234949,24.60253895,28.40194533,32.80399227,29.93852329,31.61087758,36.38731932,38.74785256,42.99310061,57.51807314,76.70081064,85.8906894,87.79698072,92.28451483,81.41901001,78.63154,64.44796882
A,Annual,MYS,Malaysia,WB_MPO_GGDBTTOTLCD_,"General Government Debt Stock (Millions of Current USD), % of GDP",PT_GDP,Percentage of GDP,WB_MPO_VINTAGE_SM_2024,Vintage: 2024 Spring Meetings,WB_MPO,Macro Poverty Outlook,0,Units,A,Normal value,PU,Public,,,,,,,,,,,75.99412671,70.05416596,61.50938231,53.21159459,45.49893926,39.24026713,33.77026834,30.48828039,34.78540997,35.61741749,33.67826754,39.49005059,41.12980236,43.0686778,43.66107762,40.1936297,38.78032302,38.3023699,38.02679498,48.57124272,48.78385261,49.32789612,50.92303467,52.25685689,51.93807033,53.57448356,51.89056176,50.0497701,51.18593983,52.42143716,62.00673815,63.26683667,60.14793082,64.28162207,64.56654303,65.28555645,66.78726064,66.52167406,63.18227118
A,Annual,NAM,Namibia,WB_MPO_GGDBTTOTLCD_,"General Government Debt Stock (Millions of Current USD), % of GDP",PT_GDP,Percentage of GDP,WB_MPO_VINTAGE_SM_2024,Vintage: 2024 Spring Meetings,WB_MPO,Macro Poverty Outlook,0,Units,A,Normal value,PU,Public,,,,,,,,,,,,,,16.66031896,15.8230116,17.85119166,18.54723455,17.52320969,19.37730045,21.55714525,20.94445374,24.51201724,22.4458423,27.40473876,29.41668469,27.11398769,25.18622055,19.12358483,23.14769904,18.89103536,18.809366,28.05784506,26.9338688,29.1548435,28.67828336,44.77190157,46.86305057,48.58229862,54.40992622,62.43594491,69.29817918,72.77246275,71.73423688,68.69025649,71.70934208,71.73939508,74.77932682,74.43145501,74.11358611
A,Annual,NER,Niger,WB_MPO_GGDBTTOTLCD_,"General Government Debt Stock (Millions of Current USD), % of GDP",PT_GDP,Percentage of GDP,WB_MPO_VINTAGE_SM_2024,Vintage: 2024 Spring Meetings,WB_MPO,Macro Poverty Outlook,0,Units,A,Normal value,PU,Public,,,,,,,,,,,,,,,,,,,,,,,,,,,,,,,,14.83638769,18.21810443,19.64926628,22.11590155,29.86831414,32.86444834,35.94736124,37.03208368,41.37458911,45.2761524,51.25108908,51.10176951,53.93301278,47.13642735,45.75330443,47.50990036,45.48364886,45.35644865
A,Annual,NGA,Nigeria,WB_MPO_GGDBTTOTLCD_,"General Government Debt Stock (Millions of Current USD), % of GDP",PT_GDP,Percentage of GDP,WB_MPO_VINTAGE_SM_2024,Vintage: 2024 Spring Meetings,WB_MPO,Macro Poverty Outlook,0,Units,A,Normal value,PU,Public,,,,,,,,,,,,,,,,,,,,,,,,,,,,,,,6.969556536,8.705984378,9.032434567,8.409206978,8.957316371,10.69567191,13.89460576,16.35496086,19.72989875,21.68385909,26.0547483,28.24909879,29.71033929,36.97792953,42.87653912,38.6688446,36.01627421,38.52537745,36.89012207
A,Annual,NIC,Nicaragua,WB_MPO_GGDBTTOTLCD_,"General Government Debt Stock (Millions of Current USD), % of GDP",PT_GDP,Percentage of GDP,WB_MPO_VINTAGE_SM_2024,Vintage: 2024 Spring Meetings,WB_MPO,Macro Poverty Outlook,0,Units,A,Normal value,PU,Public,,,,,,,,,,,,,,,,,,138.1597869,138.2512166,157.1663058,150.643848,139.6751552,172.1223127,170.9246474,134.8218625,109.8019148,88.64674811,64.06515474,57.45865687,61.47763549,60.13546532,54.95815208,52.64902041,52.19012285,50.02477506,46.21324645,45.73427287,48.2142591,54.39144992,57.63636824,65.1694168,65.57221921,61.16531615,56.91961155,51.65911398,50.71802543,48.34466453,47.92251659,47.39878067
A,Annual,NLD,Netherlands,WB_MPO_GGDBTTOTLCD_,"General Government Debt Stock (Millions of Current USD), % of GDP",PT_GDP,Percentage of GDP,WB_MPO_VINTAGE_SM_2024,Vintage: 2024 Spring Meetings,WB_MPO,Macro Poverty Outlook,0,Units,A,Normal value,PU,Public,43.55659684,46.8774977,52.44379709,58.40191959,61.91756922,67.09309563,68.94881137,71.29239202,73.69459294,73.74013612,75.02012754,74.81441216,75.58968771,76.66504848,73.49694852,73.03049401,71.24587315,65.69631553,62.67997842,58.60100014,52.15473108,49.41411063,48.69268504,49.80433132,50.09509512,49.57983953,44.96037069,42.74111838,54.35230209,56.28978074,58.89720725,61.16692809,65.69036449,67.16063146,67.16590999,63.79933493,60.88270212,55.98572838,51.57550176,47.65687235,53.41613766,50.50070103,48.41369665,45.92065957,43.79536357,44.03658197,45.15445533,45.6193486,46.22833583
A,Annual,NOR,Norway,WB_MPO_GGDBTTOTLCD_,"General Government Debt Stock (Millions of Current USD), % of GDP",PT_GDP,Percentage of GDP,WB_MPO_VINTAGE_SM_2024,Vintage: 2024 Spring Meetings,WB_MPO,Macro Poverty Outlook,0,Units,A,Normal value,PU,Public,47.68323463,43.39529962,38.48839113,35.4054234,35.21236385,36.92142803,45.9957174,38.51939361,32.42962234,32.33806646,28.94420105,39.24169778,44.99518646,53.65169809,50.64337998,32.73774606,28.44587849,25.75691731,23.57385989,24.95949352,28.66787001,27.23339178,33.94499871,43.07761743,43.8290319,42.32658567,52.58702523,49.51507813,47.54502363,42.54395601,42.9516023,29.61085494,30.89008921,31.39507529,29.60888766,34.27023276,37.87364391,38.19180447,39.34872438,40.48547417,46.02633194,41.5734105,36.05665888,44.12964743,42.7192019,42.71978821,42.52297607,42.024643,41.38568362
A,Annual,NPL,Nepal,WB_MPO_GGDBTTOTLCD_,"General Government Debt Stock (Millions of Current USD), % of GDP",PT_GDP,Percentage of GDP,WB_MPO_VINTAGE_SM_2024,Vintage: 2024 Spring Meetings,WB_MPO,Macro Poverty Outlook,0,Units,A,Normal value,PU,Public,,,,,,,,,,,,,,,,,,,,,54.37108747,50.62636607,51.63055927,52.85703466,50.74043287,44.42020879,43.18633283,38.02769905,39.21416064,35.62028907,29.61784453,28.45193552,29.75507255,27.98258092,24.79289671,22.4834945,24.06996907,22.673272,26.54308876,27.16184644,36.8606772,39.92226749,40.45560201,42.81122812,42.71260479,43.78501767,45.51861379,44.30076122,42.78121858
A,Annual,NZL,New Zealand,WB_MPO_GGDBTTOTLCD_,"General Government Debt Stock (Millions of Current USD), % of GDP",PT_GDP,Percentage of GDP,WB_MPO_VINTAGE_SM_2024,Vintage: 2024 Spring Meetings,WB_MPO,Macro Poverty Outlook,0,Units,A,Normal value,PU,Public,,,,,,64.13175878,68.48385062,62.88690427,54.70328781,54.90240397,55.51181908,58.00453121,58.67924137,54.58390585,48.91664198,43.48155111,37.25791958,34.64343983,34.47559697,31.99583098,30.02465478,28.1599812,26.39624933,24.71818319,22.50483391,20.78088835,18.40067439,16.30957452,18.97046061,24.27351272,29.60103342,34.6772934,35.66175621,34.54658565,34.15094966,34.16699738,33.34119886,31.09798205,28.0803272,31.81429022,43.24152431,47.52138318,46.88207362,46.91761877,50.24282397,53.23548467,56.0908672,57.52534386,56.82647557
A,Annual,OMN,Oman,WB_MPO_GGDBTTOTLCD_,"General Government Debt Stock (Millions of Current USD), % of GDP",PT_GDP,Percentage of GDP,WB_MPO_VINTAGE_SM_2024,Vintage: 2024 Spring Meetings,WB_MPO,Macro Poverty Outlook,0,Units,A,Normal value,PU,Public,6.846153599,6.819370276,9.851733597,13.43450195,14.26991697,18.35185276,34.70533988,30.18708314,30.39870485,26.60252921,17.89831568,22.74969298,23.21402376,22.37005629,23.78932485,22.0174684,21.35672759,20.90451682,30.92888203,28.9208208,21.74376131,22.45236526,15.88730613,13.03872607,14.52571023,8.386810098,7.562104543,4.442299356,3.200460612,5.806180297,5.46218064,4.44328766,4.58512488,4.66159448,4.037279567,13.85789642,29.3384113,40.10697774,44.69073614,52.46396122,67.90313858,61.87447827,41.67298004,37.48811918,38.53040879,38.44972201,36.15626273,34.80304608,31.58156765
A,Annual,PAK,Pakistan,WB_MPO_GGDBTTOTLCD_,"General Government Debt Stock (Millions of Current USD), % of GDP",PT_GDP,Percentage of GDP,WB_MPO_VINTAGE_SM_2024,Vintage: 2024 Spring Meetings,WB_MPO,Macro Poverty Outlook,0,Units,A,Normal value,PU,Public,,,,,,,,,,,,,,,,,,,,,,,,,,,,,,,61.86117403,60.21495458,61.73775247,62.62428684,59.76725318,60.02124531,63.19706812,63.83774779,68.19746035,81.21158417,84.03206196,77.63516302,80.62830956,81.79461015,72.89738169,76.08300392,73.2189898,70.90250383,69.29381206
A,Annual,PAN,Panama,WB_MPO_GGDBTTOTLCD_,"General Government Debt Stock (Millions of Current USD), % of GDP",PT_GDP,Percentage of GDP,WB_MPO_VINTAGE_SM_2024,Vintage: 2024 Spring Meetings,WB_MPO,Macro Poverty Outlook,0,Units,A,Normal value,PU,Public,,,,,,,,,,,,,,80.7836857,78.06378556,79.07301069,74.45498824,67.2899699,64.31655512,65.98486058,64.61464757,68.56144433,66.56721277,63.67220298,66.07043142,61.54588246,56.01723561,48.2130612,40.57877723,39.48128889,38.46871362,35.90659036,34.29510614,33.40040146,35.45013958,36.26054592,36.14680427,36.3351474,38.15835696,44.45244933,64.77399375,60.07421178,58.04439664,56.44068715,62.29595305,65.55001913,65.34523045,64.93441692,64.6737159
A,Annual,PER,Peru,WB_MPO_GGDBTTOTLCD_,"General Government Debt Stock (Millions of Current USD), % of GDP",PT_GDP,Percentage of GDP,WB_MPO_VINTAGE_SM_2024,Vintage: 2024 Spring Meetings,WB_MPO,Macro Poverty Outlook,0,Units,A,Normal value,PU,Public,,,,,,,,,,,,,,,,,,,,49.92268863,48.30427768,47.44104751,48.81313149,48.84508317,44.68558564,41.84813535,33.81813044,29.57498483,26.60381893,26.5779683,23.74876576,21.64446862,19.88373941,19.15089691,19.74077055,22.96926085,23.32885114,24.30359807,25.25471829,26.1504684,33.95018533,35.29309743,33.32194137,32.32713595,32.03265665,30.24193128,30.51707337,30.6091426,30.65433973
A,Annual,PHL,Philippines,WB_MPO_GGDBTTOTLCD_,"General Government Debt Stock (Millions of Current USD), % of GDP",PT_GDP,Percentage of GDP,WB_MPO_VINTAGE_SM_2024,Vintage: 2024 Spring Meetings,WB_MPO,Macro Poverty Outlook,0,Units,A,Normal value,PU,Public,,,,,,,,,,,48.88133759,47.2809619,56.49045401,66.9209483,55.94122327,53.23121495,46.55766342,48.69784832,49.11729834,53.03390619,58.59843988,59.26144588,64.71507455,71.11580911,71.60072521,65.70974313,58.79787399,51.57489163,52.43227093,52.4006991,50.19624148,48.80584811,49.15745521,47.14418187,43.42633895,42.70273784,40.24655347,40.17980428,39.92567226,39.61135465,54.56349529,60.42337819,60.9165229,60.11569297,60.69378144,63.21024491,62.5277822,62.18157751,61.41334276
A,Annual,PLW,Palau,WB_MPO_GGDBTTOTLCD_,"General Government Debt Stock (Millions of Current USD), % of GDP",PT_GDP,Percentage of GDP,WB_MPO_VINTAGE_SM_2024,Vintage: 2024 Spring Meetings,WB_MPO,Macro Poverty Outlook,0,Units,A,Normal value,PU,Public,,,,,,,,,,,,,,,,,,,,,37.59398496,35.0519406,33.70511092,35.07404521,34.50572069,29.92911525,28.58925044,33.18250377,32.27758725,35.72952218,33.88189739,30.47077345,31.07344633,28.03907381,28.13754293,21.74998217,24.13677506,27.31092437,29.83502984,30.83542487,53.59269547,74.64211998,75.54120373,103.1495225,94.73308326,82.65395591,72.13216528,68.13973861,64.42666595
A,Annual,PNG,Papua New Guinea,WB_MPO_GGDBTTOTLCD_,"General Government Debt Stock (Millions of Current USD), % of GDP",PT_GDP,Percentage of GDP,WB_MPO_VINTAGE_SM_2024,Vintage: 2024 Spring Meetings,WB_MPO,Macro Poverty Outlook,0,Units,A,Normal value,PU,Public,,,,,,,,,,,,,,,,,,,,66.08368637,57.73536843,68.26467108,70.20719832,61.52450596,59.99785016,48.09858222,26.35994322,22.32522185,22.01670198,21.69101179,17.79775434,17.37948915,19.12392602,24.88962555,26.8946132,29.93061724,33.74019191,32.48436738,38.15783078,40.15431245,48.68011902,52.5839192,48.18878428,52.38117126,50.95827501,48.16359758,45.4856301,42.57407638,39.34857822
A,Annual,POL,Poland,WB_MPO_GGDBTTOTLCD_,"General Government Debt Stock (Millions of Current USD), % of GDP",PT_GDP,Percentage of GDP,WB_MPO_VINTAGE_SM_2024,Vintage: 2024 Spring Meetings,WB_MPO,Macro Poverty Outlook,0,Units,A,Normal value,PU,Public,,,,,,,,,,,,,,,,,,,,38.90664611,36.38252305,37.25695671,41.69652333,46.56319055,45.11296326,46.60383835,47.27130596,44.49940548,46.7349528,49.83159928,53.74771963,54.78021785,54.47220575,56.85903009,51.12996547,51.05616602,54.12881305,50.44430289,48.2336222,45.21111063,56.58465899,53.01358097,48.78701001,49.52050699,55.08902314,59.74205697,64.9058019,68.42898621,71.4853436
A,Annual,PRT,Portugal,WB_MPO_GGDBTTOTLCD_,"General Government Debt Stock (Millions of Current USD), % of GDP",PT_GDP,Percentage of GDP,WB_MPO_VINTAGE_SM_2024,Vintage: 2024 Spring Meetings,WB_MPO,Macro Poverty Outlook,0,Units,A,Normal value,PU,Public,,,,,,,,,,,60.21302716,63.91545147,58.09574063,57.23109561,60.42138417,62.21477392,63.31225968,58.71551017,55.61569741,55.40553647,54.19308567,57.38018238,60.04374477,63.89730659,67.09949661,72.24908185,73.67942697,72.72796173,75.64259185,87.79903829,100.0753918,114.0238739,128.6035195,130.840788,132.4532614,131.0232975,131.1802503,126.0292232,121.1122959,116.1097096,134.0963763,123.8782468,111.2317289,97.73278313,94.93023018,90.94488459,86.8255591,83.73210727,81.27221272
A,Annual,PRY,Paraguay,WB_MPO_GGDBTTOTLCD_,"General Government Debt Stock (Millions of Current USD), % of GDP",PT_GDP,Percentage of GDP,WB_MPO_VINTAGE_SM_2024,Vintage: 2024 Spring Meetings,WB_MPO,Macro Poverty Outlook,0,Units,A,Normal value,PU,Public,,,,,,,,,,,,,,,,,,,,,,34.44835522,49.28238369,36.55095266,25.55723262,21.79777958,17.83361988,13.85722343,10.42681901,12.09135204,10.42567642,8.12004467,10.75115259,10.86093477,13.47218403,15.03956878,17.32918076,18.19042936,19.76028607,22.85810697,33.78789388,33.8494639,35.8583581,38.35251655,39.98861196,41.28508982,40.25235159,39.56868201,39.01505245
A,Annual,PSE,West Bank and Gaza,WB_MPO_GGDBTTOTLCD_,"General Government Debt Stock (Millions of Current USD), % of GDP",PT_GDP,Percentage of GDP,WB_MPO_VINTAGE_SM_2024,Vintage: 2024 Spring Meetings,WB_MPO,Macro Poverty Outlook,0,Units,A,Normal value,PU,Public,,,,,,,,,,,,,,,,,,,,,,,,,,,,27.40636464,22.70946807,24.41706983,23.89855168,29.22493862,34.13645235,34.32142291,35.95040989,37.45937094,35.36784573,35.78983791,34.3661791,39.16476733,55.05425245,56.03523606,53.07082041,56.52861569,69.76562281,76.31101704,84.90909031,82.26050017,75.57337165
A,Annual,QAT,Qatar,WB_MPO_GGDBTTOTLCD_,"General Government Debt Stock (Millions of Current USD), % of GDP",PT_GDP,Percentage of GDP,WB_MPO_VINTAGE_SM_2024,Vintage: 2024 Spring Meetings,WB_MPO,Macro Poverty Outlook,0,Units,A,Normal value,PU,Public,,,,,,,,,,,10.71961783,17.64447641,16.62474853,37.53166987,44.16421413,42.32327324,49.54512373,48.02305223,63.36726493,74.39870542,52.54308078,59.08677945,47.59236139,39.08805435,29.03507861,19.17132969,13.43080186,8.927389782,11.09577843,32.44762434,29.10845437,33.47393655,32.11841895,30.88328602,24.91202584,35.54681735,46.70678949,51.56882417,52.17736098,62.08743467,72.61403096,58.39596469,42.56753193,43.67172688,41.66207903,40.85203909,44.01808905,42.0301338,39.61597214
A,Annual,ROU,Romania,WB_MPO_GGDBTTOTLCD_,"General Government Debt Stock (Millions of Current USD), % of GDP",PT_GDP,Percentage of GDP,WB_MPO_VINTAGE_SM_2024,Vintage: 2024 Spring Meetings,WB_MPO,Macro Poverty Outlook,0,Units,A,Normal value,PU,Public,,,,,,,,,,,,,,,,,,,,,22.48658653,25.86944188,24.82079706,22.10933193,18.94524617,15.90510947,12.42358368,11.9491575,12.33155489,21.77489594,28.9673851,32.3464979,35.37141015,37.78312241,39.13665079,37.71121003,37.83331704,35.26150269,34.59914774,35.18776739,46.8208949,48.69787232,48.06373277,49.29962667,54.84520083,60.89992299,62.90021597,64.1003028,64.49991831
A,Annual,RUS,Russian Federation,WB_MPO_GGDBTTOTLCD_,"General Government Debt Stock (Millions of Current USD), % of GDP",PT_GDP,Percentage of GDP,WB_MPO_VINTAGE_SM_2024,Vintage: 2024 Spring Meetings,WB_MPO,Macro Poverty Outlook,0,Units,A,Normal value,PU,Public,,,,,,,,,,,,,,,79.99665144,47.58554967,47.24283571,49.56898093,118.4123341,80.32461353,48.37418486,38.04907299,24.76774299,17.99032413,13.33952115,7.994435932,7.441805296,6.040400635,5.203529275,7.148973591,11.09220992,11.80648601,12.13197432,13.48219994,16.07538909,16.13666452,15.72225317,15.10707706,14.24741842,14.30549998,19.9112593,15.57818352,14.14641916,13.40638557,12.62320292,13.66844334,13.78510839,13.89401796,13.34310189
A,Annual,RWA,Rwanda,WB_MPO_GGDBTTOTLCD_,"General Government Debt Stock (Millions of Current USD), % of GDP",PT_GDP,Percentage of GDP,WB_MPO_VINTAGE_SM_2024,Vintage: 2024 Spring Meetings,WB_MPO,Macro Poverty Outlook,0,Units,A,Normal value,PU,Public,,,,,,,,,,,37.02720433,49.2921228,51.36746707,54.97827741,101.3223575,114.4921596,96.09467101,83.86751075,81.05322509,78.32231819,85.96345139,84.00025883,92.0738927,84.96938275,79.9848988,58.76714896,22.72727417,22.31286031,18.78785589,19.02941004,19.67483454,20.92843093,21.12671185,27.93263803,30.23253261,34.83218331,45.1682685,49.19786562,52.28767145,55.90011474,70.28776039,72.10084536,65.37438096,69.9720673,73.83232103,72.42087117,76.97924939,78.35579439,77.95579961
A,Annual,SAU,Saudi Arabia,WB_MPO_GGDBTTOTLCD_,"General Government Debt Stock (Millions of Current USD), % of GDP",PT_GDP,Percentage of GDP,WB_MPO_VINTAGE_SM_2024,Vintage: 2024 Spring Meetings,WB_MPO,Macro Poverty Outlook,0,Units,A,Normal value,PU,Public,,,,,,,,,,,,,,,,,,,,102.9917271,86.70176915,93.147733,96.35173033,81.56420715,62.92823846,37.34244632,25.83084129,17.11543359,12.05599316,13.98903871,8.425986368,5.308568892,2.9719421,2.083362924,1.500766983,5.472434964,12.24776564,15.94579802,16.84346391,20.33772157,29.63782079,25.45498907,21.30802073,22.98364467,25.85393375,33.01548434,32.42675257,34.91146589,35.20730317
A,Annual,SDN,Sudan,WB_MPO_GGDBTTOTLCD_,"General Government Debt Stock (Millions of Current USD), % of GDP",PT_GDP,Percentage of GDP,WB_MPO_VINTAGE_SM_2024,Vintage: 2024 Spring Meetings,WB_MPO,Macro Poverty Outlook,0,Units,A,Normal value,PU,Public,,,,,,,,,,,,,218.3194212,168.8909168,180.082545,115.6917865,205.1748461,147.0005015,174.4576942,160.9716558,153.4958622,125.5874709,121.7197464,117.3531998,97.8040601,75.47738708,63.7062895,53.69193697,55.75640077,70.90615399,67.35820945,69.46978216,96.98299065,93.07920192,83.22204703,83.17787332,99.08587052,158.6459014,186.700001,200.3000031,399.5600323,196.5780376,138.4541358,180.0257135,149.6715811,128.4853596,117.7947327,128.1036753,142.5298085
A,Annual,SEN,Senegal,WB_MPO_GGDBTTOTLCD_,"General Government Debt Stock (Millions of Current USD), % of GDP",PT_GDP,Percentage of GDP,WB_MPO_VINTAGE_SM_2024,Vintage: 2024 Spring Meetings,WB_MPO,Macro Poverty Outlook,0,Units,A,Normal value,PU,Public,,,,,,,,,,,,,,,,,,,,,,,,,,,,18.94722339,19.07349343,27.12903681,28.49833437,32.87664073,34.48871929,36.86046852,42.36570821,44.50872377,47.52358687,61.13942113,61.52287873,75.44479885,83.09827174,90.79849256,96.6492217,111.0345377,122.731899,118.8505154,118.6939532,119.3242294,118.2031114
A,Annual,SGP,Singapore,WB_MPO_GGDBTTOTLCD_,"General Government Debt Stock (Millions of Current USD), % of GDP",PT_GDP,Percentage of GDP,WB_MPO_VINTAGE_SM_2024,Vintage: 2024 Spring Meetings,WB_MPO,Macro Poverty Outlook,0,Units,A,Normal value,PU,Public,,,,,,,,,,,75.60045565,77.89952098,82.06994667,73.89139359,69.36994808,72.02772176,72.378376,71.36093106,83.41479938,87.8605152,83.84217098,93.93637467,97.22302187,101.7593681,97.59752717,94.96678779,89.37024578,89.44710184,96.44771002,106.4002309,101.2792522,104.4980205,107.5103079,99.03123208,99.25940204,102.9595878,108.5189455,108.9561221,110.4090329,127.8895375,151.2699301,149.0249732,154.1105078,175.7515941,175.6629048,176.5198489,178.4726245,178.4584497,179.0921422
A,Annual,SLB,Solomon Islands,WB_MPO_GGDBTTOTLCD_,"General Government Debt Stock (Millions of Current USD), % of GDP",PT_GDP,Percentage of GDP,WB_MPO_VINTAGE_SM_2024,Vintage: 2024 Spring Meetings,WB_MPO,Macro Poverty Outlook,0,Units,A,Normal value,PU,Public,,,,,,,,,,,,,,,,,,,,,,,,,,,,,,,21.63537857,18.10261146,15.22124254,13.47281553,10.462633,8.960933102,7.066045084,8.466407529,7.879157755,7.715160792,8.08294717,13.01026007,16.51603047,22.33883911,26.09481661,30.04791504,31.15237855,32.42960844,33.57590287
A,Annual,SLE,Sierra Leone,WB_MPO_GGDBTTOTLCD_,"General Government Debt Stock (Millions of Current USD), % of GDP",PT_GDP,Percentage of GDP,WB_MPO_VINTAGE_SM_2024,Vintage: 2024 Spring Meetings,WB_MPO,Macro Poverty Outlook,0,Units,A,Normal value,PU,Public,,,,,,,,,,,234.133967,188.9756023,240.5026073,237.1766205,315.2432716,245.875563,215.1923875,238.7270865,280.6958684,275.9176019,268.1098835,117.1858159,102.9489628,103.7250174,98.16241239,84.89067743,59.62977397,25.05423632,25.53542685,29.82603446,28.3330315,27.08517376,22.75729232,20.03145903,22.29280968,27.86597377,34.76065363,37.11995295,43.82314505,44.79075961,46.05239819,46.39394327,51.2348439,45.97803009,44.39850844,43.37221368,42.24469482,40.09309821,36.01747156
A,Annual,SLV,El Salvador,WB_MPO_GGDBTTOTLCD_,"General Government Debt Stock (Millions of Current USD), % of GDP",PT_GDP,Percentage of GDP,WB_MPO_VINTAGE_SM_2024,Vintage: 2024 Spring Meetings,WB_MPO,Macro Poverty Outlook,0,Units,A,Normal value,PU,Public,,,,,,,,,,,,51.89874763,50.53325577,40.14508978,38.20098188,33.39517667,34.35309154,33.22928812,29.935071,31.31015979,40.86329672,44.89432177,50.47223522,53.80215958,53.22477697,52.53775516,52.33787165,50.86131619,54.05938236,63.4799668,63.84621274,63.85002134,67.76861457,67.70145008,69.45014879,70.76641356,72.58024531,73.55202048,72.92113228,73.68869683,97.98977369,90.28853659,85.80178007,87.31851811,90.87108667,90.71313613,87.99362773,85.92323481,84.46933427
A,Annual,SOM,Somalia,WB_MPO_GGDBTTOTLCD_,"General Government Debt Stock (Millions of Current USD), % of GDP",PT_GDP,Percentage of GDP,WB_MPO_VINTAGE_SM_2024,Vintage: 2024 Spring Meetings,WB_MPO,Macro Poverty Outlook,0,Units,A,Normal value,PU,Public,,,,,,,,,,,,,,,,,,,,,,,,,,,,,,,,,,,82.96652686,82.96652933,78.02471193,68.99812581,67.88265896,62.15578309,51.97586915,42.10000064,38.17308665,10.17431779,9.33311048,8.87966283,8.570525142,8.178830544,9.089951522
A,Annual,SRB,Serbia,WB_MPO_GGDBTTOTLCD_,"General Government Debt Stock (Millions of Current USD), % of GDP",PT_GDP,Percentage of GDP,WB_MPO_VINTAGE_SM_2024,Vintage: 2024 Spring Meetings,WB_MPO,Macro Poverty Outlook,0,Units,A,Normal value,PU,Public,,,,,,,,,,,,,,,,,,,,,182.6161007,88.14163339,61.42055212,55.42605837,48.82105964,46.62655792,33.26951069,27.06913099,26.21828134,30.33869903,38.75930345,42.41262672,51.98405523,54.94993131,64.61073274,68.2910349,66.19161037,56.29279615,52.14221318,50.51744899,55.18982113,54.46706855,52.89749228,48.44478476,47.27032863,45.00644815,44.87460059,44.71529339,44.70035827
A,Annual,SSD,South Sudan,WB_MPO_GGDBTTOTLCD_,"General Government Debt Stock (Millions of Current USD), % of GDP",PT_GDP,Percentage of GDP,WB_MPO_VINTAGE_SM_2024,Vintage: 2024 Spring Meetings,WB_MPO,Macro Poverty Outlook,0,Units,A,Normal value,PU,Public,,,,,,,,,,,,,,,,,,,,,,,,,,,,,,,,,8.409635364,10.17659196,22.39895427,39.61174289,62.14877396,57.90620889,46.06362024,32.66314112,40.72226995,109.4835679,75.67796556,77.96053421,59.68400126,71.89020419,44.25318234,46.71751291,46.51208281
A,Annual,STP,Sao Tome and Principe,WB_MPO_GGDBTTOTLCD_,"General Government Debt Stock (Millions of Current USD), % of GDP",PT_GDP,Percentage of GDP,WB_MPO_VINTAGE_SM_2024,Vintage: 2024 Spring Meetings,WB_MPO,Macro Poverty Outlook,0,Units,A,Normal value,PU,Public,,,,,,,,,,,,,,,,,,,,,,,,,,,,,,,82.31211477,54.68266274,98.44855367,83.81380871,90.95113933,107.0720708,101.0655205,85.6207063,79.56933272,93.90594679,79.30768845,77.83648402,68.75746655,73.2,65.2,56.49871898,51.15994715,46.4905674,43.96089025
A,Annual,SUR,Suriname,WB_MPO_GGDBTTOTLCD_,"General Government Debt Stock (Millions of Current USD), % of GDP",PT_GDP,Percentage of GDP,WB_MPO_VINTAGE_SM_2024,Vintage: 2024 Spring Meetings,WB_MPO,Macro Poverty Outlook,0,Units,A,Normal value,PU,Public,,,,,,,,,,,,,,,,,,,,,,,,,,,,,,,,,20.24146319,27.83099208,24.84149654,40.78986005,71.99780167,67.27926584,62.71880476,70.94780237,120.8402419,110.7652822,110.0340213,95.29930621,83.56604164,98.18276782,87.48626178,80.68060376,61.97080181
A,Annual,SVK,Slovak Republic,WB_MPO_GGDBTTOTLCD_,"General Government Debt Stock (Millions of Current USD), % of GDP",PT_GDP,Percentage of GDP,WB_MPO_VINTAGE_SM_2024,Vintage: 2024 Spring Meetings,WB_MPO,Macro Poverty Outlook,0,Units,A,Normal value,PU,Public,,,,,,,,,,,,,,,,21.3123758,30.33921998,32.8247567,33.85244647,47.12555305,50.59844461,51.35087868,45.64849942,43.63928873,41.99674326,34.98455522,31.5317042,30.37277265,28.63298355,36.40719255,40.65369158,43.27022145,51.68763352,54.6106987,53.39207417,51.59935404,52.13558666,51.38152761,49.27029251,48.00957401,58.40813142,60.18266811,57.70197144,55.63624647,57.23301606,59.57541978,63.24610778,66.60668344,69.55737016
A,Annual,SVN,Slovenia,WB_MPO_GGDBTTOTLCD_,"General Government Debt Stock (Millions of Current USD), % of GDP",PT_GDP,Percentage of GDP,WB_MPO_VINTAGE_SM_2024,Vintage: 2024 Spring Meetings,WB_MPO,Macro Poverty Outlook,0,Units,A,Normal value,PU,Public,,,,,,,,,,,,,,,,18.22809723,21.5977966,22.09681156,22.82061343,23.81715978,26.08544782,26.32393398,27.68233889,27.02758085,27.10049634,26.58852752,26.20756429,22.94336361,21.89385328,34.94053915,38.60718764,46.81476366,54.07390298,70.8362351,81.13300189,83.41815197,79.430288,74.88991331,71.00659006,66.02037108,80.16996622,74.81799802,72.77344519,68.28868072,66.59161264,66.56341771,66.33641422,66.09051293,65.93810764
A,Annual,SWE,Sweden,WB_MPO_GGDBTTOTLCD_,"General Government Debt Stock (Millions of Current USD), % of GDP",PT_GDP,Percentage of GDP,WB_MPO_VINTAGE_SM_2024,Vintage: 2024 Spring Meetings,WB_MPO,Macro Poverty Outlook,0,Units,A,Normal value,PU,Public,,,,,,,,,,,,,,66.09723567,68.55215047,68.69324426,68.93428729,67.70174968,65.40017656,60.27914072,50.4385009,51.98627906,49.84022982,49.44488249,48.66595234,48.89753673,43.8402386,39.1989457,37.95242334,41.19252076,38.59311832,37.67001177,37.99258691,40.77694577,45.68646803,44.46472365,42.8831627,41.62921405,39.93016087,35.78009002,40.20411522,37.00450001,33.9111463,31.81405678,32.98866774,34.1630962,35.57450476,35.82769254,35.30076546
A,Annual,SWZ,Eswatini,WB_MPO_GGDBTTOTLCD_,"General Government Debt Stock (Millions of Current USD), % of GDP",PT_GDP,Percentage of GDP,WB_MPO_VINTAGE_SM_2024,Vintage: 2024 Spring Meetings,WB_MPO,Macro Poverty Outlook,0,Units,A,Normal value,PU,Public,,,,,,,,,,,,,,17.25170307,15.73344989,14.65490498,13.64382601,14.78779905,18.16733759,19.60018586,18.59397419,22.32894647,17.60675781,17.87050733,15.35899216,13.85218921,14.93619396,16.49108371,14.85822605,10.65229042,14.34891543,14.98818102,15.19777187,15.45678609,14.30864429,16.38490176,20.54603097,21.88637512,27.02330831,30.65327339,38.09716196,38.21444204,40.42317394,39.87910801,40.48050018,44.2524529,47.92271998,49.35515793,50.88745965
A,Annual,SYC,Seychelles,WB_MPO_GGDBTTOTLCD_,"General Government Debt Stock (Millions of Current USD), % of GDP",PT_GDP,Percentage of GDP,WB_MPO_VINTAGE_SM_2024,Vintage: 2024 Spring Meetings,WB_MPO,Macro Poverty Outlook,0,Units,A,Normal value,PU,Public,,,,,,,,,,,,,,,,,,,,,,,,,,,,,,,79.64469837,77.32555208,74.27796275,65.14687773,67.62536044,62.04744401,60.50084993,54.19128295,48.9805253,50.87301045,80.17945796,73.60829841,63.1358959,57.45634949,57.71215067,53.64675482,53.19563634,51.10480319,49.20001304
A,Annual,TCD,Chad,WB_MPO_GGDBTTOTLCD_,"General Government Debt Stock (Millions of Current USD), % of GDP",PT_GDP,Percentage of GDP,WB_MPO_VINTAGE_SM_2024,Vintage: 2024 Spring Meetings,WB_MPO,Macro Poverty Outlook,0,Units,A,Normal value,PU,Public,,,,,,,,,,,,,,,,,,,,,,,,,,,,,,,,,15.00821587,16.12817674,19.06364217,17.38202122,31.71533312,28.39676773,28.06895758,24.21447574,24.64686581,32.39202365,32.10000625,32.77843637,32.68967282,30.19051097,28.69204961,30.93529966,29.04925754
A,Annual,TGO,Togo,WB_MPO_GGDBTTOTLCD_,"General Government Debt Stock (Millions of Current USD), % of GDP",PT_GDP,Percentage of GDP,WB_MPO_VINTAGE_SM_2024,Vintage: 2024 Spring Meetings,WB_MPO,Macro Poverty Outlook,0,Units,A,Normal value,PU,Public,,,,,,,,,,,,,,,,,,,,,,,,,,,,,,,,33.80890585,34.34165363,41.07102223,44.93025671,52.38223608,59.90939888,57.1055574,58.02481518,54.93113098,61.40741569,63.28667941,62.97648366,63.45245311,66.15095951,62.96647582,64.81395139,63.38173185,61.83500327
A,Annual,THA,Thailand,WB_MPO_GGDBTTOTLCD_,"General Government Debt Stock (Millions of Current USD), % of GDP",PT_GDP,Percentage of GDP,WB_MPO_VINTAGE_SM_2024,Vintage: 2024 Spring Meetings,WB_MPO,Macro Poverty Outlook,0,Units,A,Normal value,PU,Public,,,,,,,,,,,,,,,,,,,,,,,50.86926635,46.38118514,44.95869236,44.50758568,38.48657615,35.07398278,35.11132615,41.43368852,39.14003282,39.34139454,39.95388733,42.04795636,43.01347875,42.08048471,41.04351051,41.12253646,41.41459078,40.86524006,50.13053609,57.7032655,59.69022922,61.86579294,62.23465908,65.08439101,67.13122728,69.21440051,70.72261936
A,Annual,TJK,Tajikistan,WB_MPO_GGDBTTOTLCD_,"General Government Debt Stock (Millions of Current USD), % of GDP",PT_GDP,Percentage of GDP,WB_MPO_VINTAGE_SM_2024,Vintage: 2024 Spring Meetings,WB_MPO,Macro Poverty Outlook,0,Units,A,Normal value,PU,Public,,,,,,,,,,,,,,,,,,,96.55710524,107.8066914,120.2808594,107.1737539,94.40052811,67.51875269,46.34044557,42.58109808,35.58042122,35.096959,30.07614947,36.6398169,34.46236936,33.43463609,30.30458707,28.71106859,27.44621427,32.88315192,43.19102503,51.18056057,46.9347818,44.12093179,50.05404822,41.84900455,31.84372824,29.99158513,25.02490732,18.3219221,19.02245424,19.25492672,19.59084771
A,Annual,TKM,Turkmenistan,WB_MPO_GGDBTTOTLCD_,"General Government Debt Stock (Millions of Current USD), % of GDP",PT_GDP,Percentage of GDP,WB_MPO_VINTAGE_SM_2024,Vintage: 2024 Spring Meetings,WB_MPO,Macro Poverty Outlook,0,Units,A,Normal value,PU,Public,,,,,,,,,,,,,,,,,,,,,,,,,,,,,,,9.164214244,14.49918255,18.66630046,19.62813586,15.10310108,17.53905831,21.34250762,23.5681089,22.00461932,17.42197919,14.92314743,12.73864874,7.857966175,5.955195276,5.595997561,5.222395886,,,
A,Annual,TLS,Timor-Leste,WB_MPO_GGDBTTOTLCD_,"General Government Debt Stock (Millions of Current USD), % of GDP",PT_GDP,Percentage of GDP,WB_MPO_VINTAGE_SM_2024,Vintage: 2024 Spring Meetings,WB_MPO,Macro Poverty Outlook,0,Units,A,Normal value,PU,Public,,,,,,,,,,,,,,,,,,,,,,,,,,,,,,,,,0.001867623,0.455641388,1.524295773,2.949738637,4.70530723,6.705410371,9.31160637,11.4453238,13.79933084,15.14185187,15.12396409,14.36856367,14.22706243,14.98773713,15.57427748,17.02726882,18.70144287
A,Annual,TON,Tonga,WB_MPO_GGDBTTOTLCD_,"General Government Debt Stock (Millions of Current USD), % of GDP",PT_GDP,Percentage of GDP,WB_MPO_VINTAGE_SM_2024,Vintage: 2024 Spring Meetings,WB_MPO,Macro Poverty Outlook,0,Units,A,Normal value,PU,Public,,,,,,,,,,,,,,,,,,,,,,,,,,,,,,,,,54.39846685,49.01900807,47.41617833,51.22763685,49.43198219,44.70983618,45.87223993,41.28057212,43.30199251,45.15766485,42.37430367,43.25673041,36.9510411,293.3383668,303.9513296,315.9269195,300.1194213
A,Annual,TTO,Trinidad and Tobago,WB_MPO_GGDBTTOTLCD_,"General Government Debt Stock (Millions of Current USD), % of GDP",PT_GDP,Percentage of GDP,WB_MPO_VINTAGE_SM_2024,Vintage: 2024 Spring Meetings,WB_MPO,Macro Poverty Outlook,0,Units,A,Normal value,PU,Public,,,,,,,,,,,,,,60.27078111,54.02586814,51.51228469,47.20903471,49.5231506,45.74070463,42.87802728,40.17270545,36.43886618,36.66192929,30.15498321,26.35081173,20.14908525,16.82640678,16.2376012,13.47885026,20.03187666,28.34701733,27.45824502,32.46424925,32.46039093,36.88220907,44.28500846,54.48354642,56.87376417,58.12573517,63.20935725,84.09680845,77.45768575,67.38415137,80.78898274,81.31080344,82.61876899,82.97494594,79.62723671,77.29336916
A,Annual,TUN,Tunisia,WB_MPO_GGDBTTOTLCD_,"General Government Debt Stock (Millions of Current USD), % of GDP",PT_GDP,Percentage of GDP,WB_MPO_VINTAGE_SM_2024,Vintage: 2024 Spring Meetings,WB_MPO,Macro Poverty Outlook,0,Units,A,Normal value,PU,Public,,,,,,,,,,,,70.12914407,69.21302739,70.59172279,70.65088992,72.31471307,73.2268338,67.24718922,59.64159968,63.00327515,63.84573469,65.26983563,65.07595165,64.21738103,53.84228168,52.42025357,48.56206477,45.78930197,43.29189234,42.92956746,38.76625368,42.48063997,42.5199929,44.25219089,47.59688149,51.34371591,59.09612462,66.93891827,73.43352736,67.76780998,77.85662083,79.2066733,82.39529212,84.60300881,84.90347432,82.21416136,83.30043261,82.67571558,81.21673278
A,Annual,TUR,Turkiye,WB_MPO_GGDBTTOTLCD_,"General Government Debt Stock (Millions of Current USD), % of GDP",PT_GDP,Percentage of GDP,WB_MPO_VINTAGE_SM_2024,Vintage: 2024 Spring Meetings,WB_MPO,Macro Poverty Outlook,0,Units,A,Normal value,PU,Public,,,,,,,,,,,36.68693779,40.28114643,42.778578,43.77518733,56.56222963,34.7006306,35.42938868,34.65512397,33.04172233,41.67647575,51.23358101,75.34402615,71.34903762,64.99508027,56.97843112,49.99857558,44.02053261,37.54343695,37.50623956,42.90762943,39.22904398,35.68176588,32.05296459,30.75214162,28.1750707,27.12663385,27.71047369,27.619969,29.50406886,31.7699856,38.73123955,39.41883742,30.17056959,28.67326604,24.04195124,24.64920379,25.56947957,26.36819413,27.3774451
A,Annual,TZA,Tanzania,WB_MPO_GGDBTTOTLCD_,"General Government Debt Stock (Millions of Current USD), % of GDP",PT_GDP,Percentage of GDP,WB_MPO_VINTAGE_SM_2024,Vintage: 2024 Spring Meetings,WB_MPO,Macro Poverty Outlook,0,Units,A,Normal value,PU,Public,,,,,,,,,,,,,,,,,,,,,,,,,48.66172721,42.9170531,31.25261753,25.19278684,21.9427022,24.92572939,25.57630409,27.68417302,29.04929002,31.17386534,31.90363824,36.00100732,36.51366124,39.47640057,39.24757659,39.13212997,38.59009232,42.06989999,42.73933647,45.01272939,49.86481261,48.47821129,47.40876723,46.17092411,44.77907215
A,Annual,UGA,Uganda,WB_MPO_GGDBTTOTLCD_,"General Government Debt Stock (Millions of Current USD), % of GDP",PT_GDP,Percentage of GDP,WB_MPO_VINTAGE_SM_2024,Vintage: 2024 Spring Meetings,WB_MPO,Macro Poverty Outlook,0,Units,A,Normal value,PU,Public,,,,,,,,,,,,,,,,,,,,,,,,,,,,,,13.7042255,14.79045965,17.5066433,18.95321246,21.53664797,15.3192645,20.36984324,29.93311691,31.75760873,34.61094349,35.73433896,42.37455794,49.17964223,50.18044216,50.41373954,50.62605852,52.39981385,54.50791762,53.43293359,52.43100681
A,Annual,UKR,Ukraine,WB_MPO_GGDBTTOTLCD_,"General Government Debt Stock (Millions of Current USD), % of GDP",PT_GDP,Percentage of GDP,WB_MPO_VINTAGE_SM_2024,Vintage: 2024 Spring Meetings,WB_MPO,Macro Poverty Outlook,0,Units,A,Normal value,PU,Public,,,,,,,,,,,,,,,,,,,,,,,,,24.74584736,17.70216648,14.80254953,12.31315731,19.97881843,34.80657602,40.05233421,36.39911234,36.6998085,39.91177786,70.30201471,79.06187291,80.90196603,71.83923224,60.90555149,50.24381235,60.44211299,49.02099123,77.78891732,78.27581879,87.3674339,101.9496764,107.2003237,112.3287126,108.03443
A,Annual,URY,Uruguay,WB_MPO_GGDBTTOTLCD_,"General Government Debt Stock (Millions of Current USD), % of GDP",PT_GDP,Percentage of GDP,WB_MPO_VINTAGE_SM_2024,Vintage: 2024 Spring Meetings,WB_MPO,Macro Poverty Outlook,0,Units,A,Normal value,PU,Public,,,,,,,,,,,,,,,,,,,,,,54.88957111,109.5794095,111.5458455,93.54687461,83.91948963,75.07602086,66.8790904,58.34140317,61.07882091,57.0532034,55.34943624,53.77352377,48.89777403,49.48518386,53.15175382,58.04851473,55.59782282,54.89181834,56.29870298,67.69576059,62.44066047,61.0157308,62.69449096,61.65489039,61.98876485,65.02280883,66.46915233,67.07635148
A,Annual,USA,United States,WB_MPO_GGDBTTOTLCD_,"General Government Debt Stock (Millions of Current USD), % of GDP",PT_GDP,Percentage of GDP,WB_MPO_VINTAGE_SM_2024,Vintage: 2024 Spring Meetings,WB_MPO,Macro Poverty Outlook,0,Units,A,Normal value,PU,Public,,,,,,,,,,,,,,,,,,,,,,53.48514566,55.85949438,58.95611642,66.43884531,65.77767041,64.53098671,64.94839456,73.84462266,87.07030298,95.64414852,100.0200773,103.6593936,105.0033189,104.9297526,105.4237497,107.3804753,106.3740599,107.625087,108.7507855,132.5130835,125.0086004,119.104446,119.8355679,122.3217548,125.0495411,128.4942485,132.1655329,135.9617671
A,Annual,UZB,Uzbekistan,WB_MPO_GGDBTTOTLCD_,"General Government Debt Stock (Millions of Current USD), % of GDP",PT_GDP,Percentage of GDP,WB_MPO_VINTAGE_SM_2024,Vintage: 2024 Spring Meetings,WB_MPO,Macro Poverty Outlook,0,Units,A,Normal value,PU,Public,,,,,,,,,,,,,,,,,,13.55158395,15.99525022,16.34486015,26.5105894,40.5828183,37.64507924,28.28191927,24.12714909,18.75340851,11.90710188,8.256835757,7.314096923,6.314402409,3.973351651,4.082526443,4.001723063,3.853190317,3.717775253,4.344602311,4.771704407,11.57560167,11.44521392,16.7072739,23.83061081,22.99819677,23.63497491,31.52882622,32.64843534,28.59958552,27.81945405,27.35987968,27.20506279
A,Annual,VCT,St. Vincent and the Grenadines,WB_MPO_GGDBTTOTLCD_,"General Government Debt Stock (Millions of Current USD), % of GDP",PT_GDP,Percentage of GDP,WB_MPO_VINTAGE_SM_2024,Vintage: 2024 Spring Meetings,WB_MPO,Macro Poverty Outlook,0,Units,A,Normal value,PU,Public,,,,,,,,,,,,,,,,,,,,,59.05246206,57.13153666,56.85796593,62.99274506,69.17897313,68.44455503,66.14328128,62.47393447,59.91979197,63.7189486,65.19604316,68.51420114,63.67625796,67.32642006,75.79068377,75.96647591,78.05987348,69.53894539,69.256059,67.95021128,81.6020008,88.25971087,86.85342429,90.54313618,99.79676861,106.8600251,115.9872381,118.3813018,120.336054
A,Annual,VEN,"Venezuela, RB",WB_MPO_GGDBTTOTLCD_,"General Government Debt Stock (Millions of Current USD), % of GDP",PT_GDP,Percentage of GDP,WB_MPO_VINTAGE_SM_2024,Vintage: 2024 Spring Meetings,WB_MPO,Macro Poverty Outlook,0,Units,A,Normal value,PU,Public,,,,,,,,87.65832106,185.2968037,151.602649,110.9170689,108.485846,121.9215876,163.1646498,195.8386167,210.4077159,85.70351247,92.56705529,91.15030092,82.69205493,75.88580898,126.5023722,129.7333086,119.0377567,85.06631936,54.08320645,40.80319654,39.62931062,30.56691765,49.8897864,58.30967659,78.01316698,64.75391803,64.75391803,64.75391803,64.75391803,64.75391803,64.75391803,64.75391803,64.75391803,64.75391803,64.75391803,64.75391803,64.75391803,64.75391803,64.75391803,64.75391803,64.75391803,64.75391803
A,Annual,VNM,Viet Nam,WB_MPO_GGDBTTOTLCD_,"General Government Debt Stock (Millions of Current USD), % of GDP",PT_GDP,Percentage of GDP,WB_MPO_VINTAGE_SM_2024,Vintage: 2024 Spring Meetings,WB_MPO,Macro Poverty Outlook,0,Units,A,Normal value,PU,Public,,,,,,,,,,,,,,,,,,,,,25.46766258,26.04916674,28.05116827,29.90700014,32.13427458,31.4739925,32.97734459,34.84450257,33.73613552,38.6151688,40.70825255,39.01646004,39.83011123,43.01019408,45.54742493,48.53804725,50.26792484,48.35303691,45.72096078,42.81611958,43.58871571,42.46786632,36.85992794,35.96816683,33.93403447,35.29068546,34.32560483,33.15998435,29.8024332
A,Annual,VUT,Vanuatu,WB_MPO_GGDBTTOTLCD_,"General Government Debt Stock (Millions of Current USD), % of GDP",PT_GDP,Percentage of GDP,WB_MPO_VINTAGE_SM_2024,Vintage: 2024 Spring Meetings,WB_MPO,Macro Poverty Outlook,0,Units,A,Normal value,PU,Public,,,,,,,,,,,,15.90838337,21.03420642,20.27404004,21.59976474,24.06181805,23.05821918,22.94501044,28.04735851,30.61891134,36.10747576,37.0357524,38.8066643,38.26415094,30.41197951,26.27468249,22.1607389,19.48088775,21.21343735,21.12493479,20.22278294,21.29888978,19.280291,18.63108855,20.22741192,36.27865407,42.45206249,52.62997039,45.26202975,45.09632387,48.02390188,46.95690184,44.08276557,40.67933916,53.78624135,65.11638328,75.06070778,77.73380087,75.7776436
A,Annual,WSM,Samoa,WB_MPO_GGDBTTOTLCD_,"General Government Debt Stock (Millions of Current USD), % of GDP",PT_GDP,Percentage of GDP,WB_MPO_VINTAGE_SM_2024,Vintage: 2024 Spring Meetings,WB_MPO,Macro Poverty Outlook,0,Units,A,Normal value,PU,Public,,,,,,,,,,,,,,,,,,,,,,,,,,,,,,,43.78901438,49.61901308,50.66141627,54.00861108,54.87716112,56.36581324,48.99630809,46.68112256,49.4049479,44.29124085,43.18577221,45.44609467,40.85055869,31.80792992,25.10875996,20.52852337,17.81840347,15.6875972,13.9689779
A,Annual,XKX,Kosovo,WB_MPO_GGDBTTOTLCD_,"General Government Debt Stock (Millions of Current USD), % of GDP",PT_GDP,Percentage of GDP,WB_MPO_VINTAGE_SM_2024,Vintage: 2024 Spring Meetings,WB_MPO,Macro Poverty Outlook,0,Units,A,Normal value,PU,Public,,,,,,,,,,,,,,,,,,,,,,,,,,,,,10.7702968,6.896941523,6.452259416,5.568819325,8.544637264,9.39141435,10.94572013,13.19870133,14.12459121,15.67571588,16.3838184,17.02112759,21.969693,21.14747988,19.70833723,17.18264781,16.80316199,16.87239104,17.52361921,17.69333305,16.99210481
A,Annual,YEM,"Yemen, Rep.",WB_MPO_GGDBTTOTLCD_,"General Government Debt Stock (Millions of Current USD), % of GDP",PT_GDP,Percentage of GDP,WB_MPO_VINTAGE_SM_2024,Vintage: 2024 Spring Meetings,WB_MPO,Macro Poverty Outlook,0,Units,A,Normal value,PU,Public,,,,,,,,,,,,,102.2254027,95.28167004,87.08229821,128.7598866,190.49442,83.87772396,97.14378294,96.05025016,60.84074626,60.56857781,57.82722721,56.82301,52.06809369,43.80071099,40.84237067,40.4079047,36.42126532,49.84236015,19.66696813,20.08524653,20.24225541,20.04678817,21.07719912,25.93247302,32.34982004,31.97486758,30.99974451,33.96885048,56.55167897,54.71358112,48.62632202,63.38980254,60.56767787,84.92151492,87.30865903,71.14199482,
A,Annual,ZAF,South Africa,WB_MPO_GGDBTTOTLCD_,"General Government Debt Stock (Millions of Current USD), % of GDP",PT_GDP,Percentage of GDP,WB_MPO_VINTAGE_SM_2024,Vintage: 2024 Spring Meetings,WB_MPO,Macro Poverty Outlook,0,Units,A,Normal value,PU,Public,,,,,,,,,,,31.87767375,33.34044325,37.97843757,39.49546539,44.05691544,44.86877953,43.92095772,43.16617073,42.94816855,41.21280611,36.73597859,35.98586335,30.48433291,29.8387982,29.65175364,28.01709071,25.92695454,23.9508755,23.58683774,28.31237765,31.71519098,35.02604923,37.58451098,40.16755069,42.82375426,44.87686006,46.21810674,48.45311098,51.39309867,57.12391575,70.10886253,67.6952943,70.40920264,73.92643757,76.95392263,78.88194354,79.28592221,79.31161503,78.87873714
A,Annual,ZWE,Zimbabwe,WB_MPO_GGDBTTOTLCD_,"General Government Debt Stock (Millions of Current USD), % of GDP",PT_GDP,Percentage of GDP,WB_MPO_VINTAGE_SM_2024,Vintage: 2024 Spring Meetings,WB_MPO,Macro Poverty Outlook,0,Units,A,Normal value,PU,Public,,,,,,,,,,,,,,,,,,,,,,,,,,,,,,43.18587899,34.99177621,31.52375255,28.33609616,27.11577766,34.04639137,36.81035779,42.88248184,17.77898682,19.68545095,38.53984731,40.53356985,46.27789628,973.5370359,76.1,6.08897061,2.510412537,2.473539861,2.36505336,2.156718909
