STRUCTURE,STRUCTURE_ID,ACTION,FREQ,REF_AREA,INDICATOR,SEX,AGE,URBANISATION,UNIT_MEASURE,COMP_BREAKDOWN_1,COMP_BREAKDOWN_2,COMP_BREAKDOWN_3,AGG_METHOD,UNIT_TYPE,DECIMALS,DATABASE_ID,TIME_FORMAT,UNIT_MULT,OBS_STATUS,OBS_CONF,FREQ_LABEL,REF_AREA_LABEL,INDICATOR_LABEL,SEX_LABEL,AGE_LABEL,URBANISATION_LABEL,UNIT_MEASURE_LABEL,COMP_BREAKDOWN_1_LABEL,COMP_BREAKDOWN_2_LABEL,COMP_BREAKDOWN_3_LABEL,AGG_METHOD_LABEL,UNIT_TYPE_LABEL,DECIMALS_LABEL,DATABASE_ID_LABEL,TIME_FORMAT_LABEL,UNIT_MULT_LABEL,OBS_STATUS_LABEL,OBS_CONF_LABEL,1960,1961,1962,1963,1964,1965,1966,1967,1968,1969,1970,1971,1972,1973,1974,1975,1976,1977,1978,1979,1980,1981,1982,1983,1984,1985,1986,1987,1988,1989,1990,1991,1992,1993,1994,1995,1996,1997,1998,1999,2000,2001,2002,2003,2004,2005,2006,2007,2008,2009,2010,2011,2012,2013,2014,2015,2016,2017,2018,2019,2020,2021,2022,2023,2024
datastructure,WB.DATA360:DS_DATA360(1.3),I,A,MLI,WB_WDI_FS_AST_PRVT_GD_ZS,_T,_T,_T,PT_GDP,_Z,_Z,_Z,_Z,RATIO,2,WB_WDI,P1Y,0,A,PU,Annual,Mali,Domestic credit to private sector (% of GDP),Total,All age ranges or no breakdown by age,Total,Percentage of GDP,Not Applicable,Not Applicable,Not Applicable,Not Applicable,Ratio,Two,World Development Indicators (WDI),Annual,Units,Normal value,Public,,,,,,,,11.162443448040326,7.631676981069045,11.080278615987986,11.804847854502087,12.715251706381265,13.83183455884195,17.22395114795251,26.312278861842792,28.688943399563314,27.312201344326542,20.682254764871423,23.841107555707787,22.420377494680803,14.349818454822522,14.390979892639896,17.203932068079357,17.822250317408294,11.641742395654079,11.663787284618376,13.51365759088871,13.053485000401063,8.717616723960006,9.35723971342507,9.543143142229532,8.560605320190682,9.501463403029682,9.264552406807104,5.894308705894832,7.826837022817412,9.044917189649983,10.05508555286511,11.094402736668773,11.58362240737414,11.375272724938277,11.370557876647748,12.764998909180978,14.850917880861115,15.073686770617003,12.310501952254912,13.408075078041007,13.319522226346688,13.129688341768993,12.957383676137304,13.382717876524918,14.409566003843896,14.551666699262416,15.84263380454358,17.288812403935502,18.967391475420655,,,,,,,,,
datastructure,WB.DATA360:DS_DATA360(1.3),I,A,CRI,WB_WDI_FS_AST_PRVT_GD_ZS,_T,_T,_T,PT_GDP,_Z,_Z,_Z,_Z,RATIO,2,WB_WDI,P1Y,0,A,PU,Annual,Costa Rica,Domestic credit to private sector (% of GDP),Total,All age ranges or no breakdown by age,Total,Percentage of GDP,Not Applicable,Not Applicable,Not Applicable,Not Applicable,Ratio,Two,World Development Indicators (WDI),Annual,Units,Normal value,Public,,,,,,,,,,,,,,,,,,,,,,,,,,,,,,,,,,,,,,,,,,,,,,35.86021913381689,37.86298409256849,43.77237764398468,49.380606242038674,47.65335107895759,44.31413316511183,46.02004275416414,47.45132058238665,49.72992436114036,53.09844531196806,55.12724843020936,58.63805377255198,59.68590601344474,60.304459465327,56.178106505074474,60.13553308680761,56.589569581111036,52.66219906053434,51.11969327656033,51.96112371995898
datastructure,WB.DATA360:DS_DATA360(1.3),I,A,COL,WB_WDI_FS_AST_PRVT_GD_ZS,_T,_T,_T,PT_GDP,_Z,_Z,_Z,_Z,RATIO,2,WB_WDI,P1Y,0,A,PU,Annual,Colombia,Domestic credit to private sector (% of GDP),Total,All age ranges or no breakdown by age,Total,Percentage of GDP,Not Applicable,Not Applicable,Not Applicable,Not Applicable,Ratio,Two,World Development Indicators (WDI),Annual,Units,Normal value,Public,22.94862543790449,24.272706354163244,24.32805445741421,22.591354493342983,20.51699860305839,20.642110831900542,21.294944395169544,21.568209788885735,23.527836707791806,25.61399112129457,25.802151120751986,23.7019360301759,21.75314059088464,19.003536765915445,29.6184053799196,29.78662480128756,28.5948860540703,27.361321957630206,27.808094013438346,27.19737352342707,30.464622925281642,32.82226457592473,34.17445575177652,36.732274943789356,37.32248539121668,35.62752082560141,,25.489981877537847,23.22072450668073,,25.91059165491651,23.404309176002823,25.242160027577633,28.67135264504946,31.073612725016748,33.663429584506865,35.323482630152185,36.47584514318473,35.218550519470206,31.654183439448968,20.947474392953566,21.906612599265713,21.52330895696547,21.076235013531292,22.199138656600066,22.75271860895064,27.329327199608755,30.56656822340691,31.342882128383142,30.058849809334014,32.35295863779694,34.959973887777515,37.74485152628765,39.483691691345804,42.38460569700119,46.905393599856836,47.05419780523523,49.80542139861615,45.87070747287139,46.041578106770885,51.99877906108159,47.9124060650503,44.18831295917582,41.65792119671865,39.53257606072829
datastructure,WB.DATA360:DS_DATA360(1.3),I,A,SGP,WB_WDI_FS_AST_PRVT_GD_ZS,_T,_T,_T,PT_GDP,_Z,_Z,_Z,_Z,RATIO,2,WB_WDI,P1Y,0,A,PU,Annual,Singapore,Domestic credit to private sector (% of GDP),Total,All age ranges or no breakdown by age,Total,Percentage of GDP,Not Applicable,Not Applicable,Not Applicable,Not Applicable,Ratio,Two,World Development Indicators (WDI),Annual,Units,Normal value,Public,,,,33.67746529013884,37.92196405085489,37.27041158332216,37.48063401263258,35.779308161165204,38.2870497662909,41.800326688052266,45.311516677155446,44.87799246742377,50.25113522758754,59.08268882988958,53.314525305110905,56.006759562085264,57.34033619046349,58.172100873223584,60.19392062124401,64.58952188144477,68.90713424250859,75.3426462836057,80.12077266253105,85.60880760943823,85.32868124916129,87.60535254559159,84.35001846295305,80.57607657603266,76.3526930339888,79.54035737295807,79.16467472333858,79.87110212521071,81.0855367745248,80.97170126354251,81.19024053932552,88.2934969585412,93.74180642994551,96.47030492841596,107.93107365817993,102.70730414864704,96.05246316541933,115.02396734076885,102.02422357287138,104.78280063414844,95.72896576198485,89.2233561956159,84.28705599791327,85.35175960477834,97.86436233124142,96.86137654947245,94.85840269790118,104.70367384157744,112.97354316573586,124.06595156861935,128.129763309946,122.42135384576144,123.48306625154576,120.83577492940705,117.70538391205636,119.4675416900194,129.19083159456557,,,,
datastructure,WB.DATA360:DS_DATA360(1.3),I,A,RWA,WB_WDI_FS_AST_PRVT_GD_ZS,_T,_T,_T,PT_GDP,_Z,_Z,_Z,_Z,RATIO,2,WB_WDI,P1Y,0,A,PU,Annual,Rwanda,Domestic credit to private sector (% of GDP),Total,All age ranges or no breakdown by age,Total,Percentage of GDP,Not Applicable,Not Applicable,Not Applicable,Not Applicable,Ratio,Two,World Development Indicators (WDI),Annual,Units,Normal value,Public,,,,,0.9384615817751499,1.1021506857729415,1.9814612684894701,1.4677862470534442,1.3583041553456747,1.6581872742293102,2.4065483654420636,2.907332485961898,2.036563948425161,3.660246051649428,6.190027570256578,3.142505157698415,3.418781420651119,5.524361609625108,5.896606334269946,4.418009755982075,5.747291437160076,6.092547342568063,6.129216996190216,5.871269813842453,6.453670537515217,7.718798255478594,7.8890921182103195,7.921321017582734,9.00600679471533,9.221565942627436,6.920655554716058,5.119700284078793,5.6751606061601985,6.3291451837982375,9.88227976584186,8.414882651260115,6.806435990359426,8.09027398245172,8.759214221648653,8.363668731086015,8.732255491485404,9.078819150081738,9.424351806886017,8.929573516938163,9.831252551590602,10.310898475121181,11.768879074731938,12.03344231382052,13.364283387507307,11.160283939508696,11.491303909602607,13.266031975478965,15.75152028700105,16.21647936569575,17.630396151849276,20.999707903327174,20.475172421464112,20.594411200892683,21.399884883840592,21.460547085145606,25.05106890760787,25.343151538573878,22.846631700882124,22.354615693548848,22.609705214156765
datastructure,WB.DATA360:DS_DATA360(1.3),I,A,GNB,WB_WDI_FS_AST_PRVT_GD_ZS,_T,_T,_T,PT_GDP,_Z,_Z,_Z,_Z,RATIO,2,WB_WDI,P1Y,0,A,PU,Annual,Guinea-Bissau,Domestic credit to private sector (% of GDP),Total,All age ranges or no breakdown by age,Total,Percentage of GDP,Not Applicable,Not Applicable,Not Applicable,Not Applicable,Ratio,Two,World Development Indicators (WDI),Annual,Units,Normal value,Public,,,,,,,,,,,,,,,,,,,,,,,,,,,7.477975716952388,6.432786226314306,6.502738830907767,6.784976026394288,8.464787109290205,5.128974772907283,3.907178957303243,4.572881939672425,5.4958790300721745,3.339127898849703,2.574597273520461,2.7244383153296146,3.601910306479514,2.7638031181652383,4.361207843675806,1.4678920314361104,1.3003729790079723,0.8257543207471796,0.7332240430161093,0.9990298207967669,1.9084733022775666,2.904109145503791,4.382572043591927,5.271855512990596,5.53699226253637,9.923529893019282,11.986919247494672,12.144646789077225,10.898451172186663,9.185384476510452,,,,,,,,,
datastructure,WB.DATA360:DS_DATA360(1.3),I,A,MWI,WB_WDI_FS_AST_PRVT_GD_ZS,_T,_T,_T,PT_GDP,_Z,_Z,_Z,_Z,RATIO,2,WB_WDI,P1Y,0,A,PU,Annual,Malawi,Domestic credit to private sector (% of GDP),Total,All age ranges or no breakdown by age,Total,Percentage of GDP,Not Applicable,Not Applicable,Not Applicable,Not Applicable,Ratio,Two,World Development Indicators (WDI),Annual,Units,Normal value,Public,,,,,,,,,,,,,,,,,,,,,12.58101207402786,11.893039494022917,12.083072242364295,12.178732755660167,9.190375182338046,7.512664388899426,7.370879720814359,5.387819013169652,5.0663567332967,5.999369321949014,6.921527153298883,7.319743079650941,9.37198153332509,5.7653257514232985,7.840391923159682,4.030062637357935,2.768401911391886,2.515651707396014,4.394597257137465,3.262209063063616,3.8506051173674267,3.578623024268436,1.8875191273745298,2.155590372912517,2.527828723756627,2.777933841394499,3.5061678656129684,3.76433782428077,6.262299164137048,7.472584489991458,9.502993442025923,9.57361410198919,10.01467365855621,8.557086084423183,7.835985810162842,9.1724038585019,8.009309219419064,7.478350941831348,6.817648644292919,7.220741695573929,7.853148938031378,8.23959919600957,8.647049075173198,7.747783529723021,7.907234889457608
datastructure,WB.DATA360:DS_DATA360(1.3),I,A,IRQ,WB_WDI_FS_AST_PRVT_GD_ZS,_T,_T,_T,PT_GDP,_Z,_Z,_Z,_Z,RATIO,2,WB_WDI,P1Y,0,A,PU,Annual,Iraq,Domestic credit to private sector (% of GDP),Total,All age ranges or no breakdown by age,Total,Percentage of GDP,Not Applicable,Not Applicable,Not Applicable,Not Applicable,Ratio,Two,World Development Indicators (WDI),Annual,Units,Normal value,Public,9.343941299211469,10.014583863351975,9.902614643056221,10.062560239404464,9.003893696476643,15.219199574560557,14.767377399312906,14.313173078527788,13.61527307878202,13.617575870415195,14.066899906135335,12.480240046838407,12.668127053669224,11.966306584362139,6.96403893087124,7.190448632463578,6.552355521647911,,,,,,,,,,,,,,,,,,,,,,,,,,,,1.266927139741429,1.5561771676886218,2.2639913203792075,2.4758044608196275,2.682220363348908,3.7787301481325315,5.393095630148713,5.414452039957534,5.907559449938353,6.335649161599285,6.8142954506219695,9.875822388924401,10.07668375684991,9.549839732879388,8.580017332662191,8.808960328168466,13.314857683475484,11.195602750283557,9.541256841217818,12.551899319074385,13.991447590259826
datastructure,WB.DATA360:DS_DATA360(1.3),I,A,BIH,WB_WDI_FS_AST_PRVT_GD_ZS,_T,_T,_T,PT_GDP,_Z,_Z,_Z,_Z,RATIO,2,WB_WDI,P1Y,0,A,PU,Annual,Bosnia and Herzegovina,Domestic credit to private sector (% of GDP),Total,All age ranges or no breakdown by age,Total,Percentage of GDP,Not Applicable,Not Applicable,Not Applicable,Not Applicable,Ratio,Two,World Development Indicators (WDI),Annual,Units,Normal value,Public,,,,,,,,,,,,,,,,,,,,,,,,,,,,,,,,,,,,,,,,,,,,,,,47.77516379382845,60.223763080251004,65.61371848139184,64.06832059242534,61.84531111917,60.548843452033296,61.715927164901544,60.834445504943744,60.21667067019186,57.96827388405673,57.17117811313223,57.52365356276433,56.6595114683875,57.16910264965459,57.658561806325594,53.2893802522593,48.099291736180625,47.3447518824995,48.267377161078976
datastructure,WB.DATA360:DS_DATA360(1.3),I,A,MOZ,WB_WDI_FS_AST_PRVT_GD_ZS,_T,_T,_T,PT_GDP,_Z,_Z,_Z,_Z,RATIO,2,WB_WDI,P1Y,0,A,PU,Annual,Mozambique,Domestic credit to private sector (% of GDP),Total,All age ranges or no breakdown by age,Total,Percentage of GDP,Not Applicable,Not Applicable,Not Applicable,Not Applicable,Ratio,Two,World Development Indicators (WDI),Annual,Units,Normal value,Public,,,,,,,,,,,,,,,,,,,,,,,,,,,,,,,,10.687802208458006,12.156629006815763,8.703629638267143,8.623509762315212,8.5930470385248,7.590012434818181,9.188736325713052,9.923992053717464,10.743654050381892,12.166924151638984,9.056738928039367,9.096668112870281,8.083086606055867,6.794929147283754,8.78413449461729,9.893252834473627,10.042135650233568,14.012419566024414,19.551126234297243,21.649186498651883,20.919734128874918,22.431451797652162,26.26115475876964,30.18878179304798,32.05313167304827,31.207887905634507,24.45820645241229,22.129203507103163,21.27915851563914,23.869619269438243,23.020580077500206,20.720836087909937,18.517542400402736,17.612334223530564
datastructure,WB.DATA360:DS_DATA360(1.3),I,A,KGZ,WB_WDI_FS_AST_PRVT_GD_ZS,_T,_T,_T,PT_GDP,_Z,_Z,_Z,_Z,RATIO,2,WB_WDI,P1Y,0,A,PU,Annual,Kyrgyz Republic,Domestic credit to private sector (% of GDP),Total,All age ranges or no breakdown by age,Total,Percentage of GDP,Not Applicable,Not Applicable,Not Applicable,Not Applicable,Ratio,Two,World Development Indicators (WDI),Annual,Units,Normal value,Public,,,,,,,,,,,,,,,,,,,,,,,,,,,,,,,,,,,,12.539160488321535,8.65931886851316,3.47455003470672,5.348698414927417,5.101380682750698,4.161489770906871,3.8290010624835045,4.178298667317705,4.783990728663168,7.076651259609097,7.946704929275951,10.557550564542561,6.351054341120397,13.773852492240357,13.728282848835793,13.644480817314388,11.488272638813857,13.371105940623176,15.662494468728505,20.051963359848163,22.815264273540766,20.613393455195922,21.401470683014324,23.374812092084344,23.300191741339958,26.616822172663074,24.16317150058945,20.796856978907947,19.945005728529463,23.16295529913924
datastructure,WB.DATA360:DS_DATA360(1.3),I,A,CZE,WB_WDI_FS_AST_PRVT_GD_ZS,_T,_T,_T,PT_GDP,_Z,_Z,_Z,_Z,RATIO,2,WB_WDI,P1Y,0,A,PU,Annual,Czechia,Domestic credit to private sector (% of GDP),Total,All age ranges or no breakdown by age,Total,Percentage of GDP,Not Applicable,Not Applicable,Not Applicable,Not Applicable,Ratio,Two,World Development Indicators (WDI),Annual,Units,Normal value,Public,,,,,,,,,,,,,,,,,,,,,,,,,,,,,,,,,,61.16181076292412,65.28638943342435,64.5758778196693,62.970917483629954,64.19084625228824,56.469488455814144,51.144228203460095,44.685794057590535,36.93247424152272,23.546977480951877,24.250378635866127,25.60842314713789,29.19851129377499,33.84681886732165,38.71113866539923,43.283747328834906,45.07691664311666,45.87029550562466,47.933134001814246,49.05494531110003,50.28986491040681,49.09269419343256,49.260449635443216,50.57218311676781,50.232442564154844,50.718519558791066,49.44010471280648,51.98299063297507,52.03612061660606,48.63476953907816,47.719525226658384,48.02737534119264
datastructure,WB.DATA360:DS_DATA360(1.3),I,A,UKR,WB_WDI_FS_AST_PRVT_GD_ZS,_T,_T,_T,PT_GDP,_Z,_Z,_Z,_Z,RATIO,2,WB_WDI,P1Y,0,A,PU,Annual,Ukraine,Domestic credit to private sector (% of GDP),Total,All age ranges or no breakdown by age,Total,Percentage of GDP,Not Applicable,Not Applicable,Not Applicable,Not Applicable,Ratio,Two,World Development Indicators (WDI),Annual,Units,Normal value,Public,,,,,,,,,,,,,,,,,,,,,,,,,,,,,,,,,,,,,,,,,,,,,,,,,84.5638428852733,87.34997513591833,75.75190257156498,68.48385857669838,66.9838104671062,70.69117174689421,75.22884563199541,56.6577541315206,47.307130093336745,38.305147298538856,34.511858640982766,30.02706858801782,28.17515424586281,23.5556488725733,23.3160378131569,18.646620836353907,18.17295915848225
datastructure,WB.DATA360:DS_DATA360(1.3),I,A,SDN,WB_WDI_FS_AST_PRVT_GD_ZS,_T,_T,_T,PT_GDP,_Z,_Z,_Z,_Z,RATIO,2,WB_WDI,P1Y,0,A,PU,Annual,Sudan,Domestic credit to private sector (% of GDP),Total,All age ranges or no breakdown by age,Total,Percentage of GDP,Not Applicable,Not Applicable,Not Applicable,Not Applicable,Ratio,Two,World Development Indicators (WDI),Annual,Units,Normal value,Public,8.870474247832739,9.145138562705496,10.073513513513513,12.726886291179596,11.450144807612743,9.08098451766574,9.560843490036758,11.164909773092727,12.122560766860662,10.270480335768694,9.68549159031861,8.763805220883535,9.806847096923432,9.218852076528233,8.938701487123685,11.07955222103132,10.90791861686885,10.132889093137255,11.18668926406362,12.757064961665144,13.24560423601957,12.937486480640276,13.738816738816736,12.869373411096158,11.848047769457882,10.11630906823752,10.455599373773804,10.455622932745316,6.971465679187958,5.129312358244279,5.064619795158717,4.572564029957134,3.8977833500940697,3.1851016543233523,2.3814219272108557,1.626660436908588,2.828364180682542,2.1378987592072685,1.9625899707058563,1.6155311440157516,2.268144070583978,2.4874468002529753,3.7361795758452776,5.0172800038124095,6.128541101276698,7.813579847146901,11.048116510492953,9.812856017672926,9.379790825098263,11.558510074632308,10.502691265179353,9.29192166764101,11.942364123248444,10.51779166791106,8.150646862748593,8.124733359813595,8.21971643252736,8.389756137587657,9.354756033250254,9.17361614121809,7.890887162379669,6.619864492150351,5.639804684956495,,
datastructure,WB.DATA360:DS_DATA360(1.3),I,A,GIN,WB_WDI_FS_AST_PRVT_GD_ZS,_T,_T,_T,PT_GDP,_Z,_Z,_Z,_Z,RATIO,2,WB_WDI,P1Y,0,A,PU,Annual,Guinea,Domestic credit to private sector (% of GDP),Total,All age ranges or no breakdown by age,Total,Percentage of GDP,Not Applicable,Not Applicable,Not Applicable,Not Applicable,Ratio,Two,World Development Indicators (WDI),Annual,Units,Normal value,Public,,,,,,,,,,,,,,,,,,,,,,,,,,,,,,,,2.4014400242800003,2.4753447038215137,2.8536292440965836,3.0002579015788786,3.3995642327401447,3.326840976628023,3.1017311854282332,2.5056348623265334,,2.7353720931041305,2.7715759976535184,2.8453144072105823,2.898929526710171,2.5962291097106585,3.8791565428026553,4.604760735851365,3.262639438608005,3.239431466838628,2.659868665977689,3.9427019919574633,6.817893791626703,5.91283320690499,7.336493275243211,9.930538641371953,11.815500678211016,10.76699467649461,9.111468642488852,9.647996739179398,10.288546965583473,10.019831655420981,9.00671851271095,10.456345529029665,10.249076605246081,10.666874322674818
datastructure,WB.DATA360:DS_DATA360(1.3),I,A,AGO,WB_WDI_FS_AST_PRVT_GD_ZS,_T,_T,_T,PT_GDP,_Z,_Z,_Z,_Z,RATIO,2,WB_WDI,P1Y,0,A,PU,Annual,Angola,Domestic credit to private sector (% of GDP),Total,All age ranges or no breakdown by age,Total,Percentage of GDP,Not Applicable,Not Applicable,Not Applicable,Not Applicable,Ratio,Two,World Development Indicators (WDI),Annual,Units,Normal value,Public,,,,,,,,,,,,,,,,,,,,,,,,,,,,,,,,,,,,,,,,,,,,,,,,,,,,,,,,22.274928017504518,18.590827762086786,14.847459281189995,13.25640127663805,13.471824895999172,11.310753192791253,8.70249637691384,6.86560736253038,7.565443820860679,7.3166803666531814
datastructure,WB.DATA360:DS_DATA360(1.3),I,A,DEU,WB_WDI_FS_AST_PRVT_GD_ZS,_T,_T,_T,PT_GDP,_Z,_Z,_Z,_Z,RATIO,2,WB_WDI,P1Y,0,A,PU,Annual,Germany,Domestic credit to private sector (% of GDP),Total,All age ranges or no breakdown by age,Total,Percentage of GDP,Not Applicable,Not Applicable,Not Applicable,Not Applicable,Ratio,Two,World Development Indicators (WDI),Annual,Units,Normal value,Public,,,,,,,,,,,,,,,,,,,,,,,,,,,,,,,,,,,,,,,,,,111.24017045800467,110.16574501249279,108.50594204774167,105.0247269999651,103.75352043032021,100.34127723417059,95.49834396708388,95.40173330037693,96.8593447395117,86.77037847097421,83.24939659471916,82.19127775713756,80.68477714827942,77.79203677704919,76.5815039050479,75.98868305995538,76.05908595875923,76.61884141955662,77.96569680658585,83.80937891222702,82.70382419874319,81.07918754496302,77.25348457449203,
datastructure,WB.DATA360:DS_DATA360(1.3),I,A,MRT,WB_WDI_FS_AST_PRVT_GD_ZS,_T,_T,_T,PT_GDP,_Z,_Z,_Z,_Z,RATIO,2,WB_WDI,P1Y,0,A,PU,Annual,Mauritania,Domestic credit to private sector (% of GDP),Total,All age ranges or no breakdown by age,Total,Percentage of GDP,Not Applicable,Not Applicable,Not Applicable,Not Applicable,Ratio,Two,World Development Indicators (WDI),Annual,Units,Normal value,Public,,,3.2305508468598663,2.3243651969566628,2.2827064916194577,2.4432545658972162,2.181059872137759,3.7412134082281923,5.249262088396871,6.629257665611768,9.03697232653062,8.629332438208289,9.374045019163672,12.998356392854188,11.43944502589319,19.004851519377933,18.802788170086846,22.156489594883144,23.84090340182287,20.343771962122144,20.952096376156646,21.095963240880877,22.22630773821693,21.715969215516946,21.865803589071533,21.39243544080112,19.78595889543692,19.346480269294382,19.586646622733163,19.35570050653062,24.477392473628047,18.559974923021226,,,,,,,,,,,,,,18.401481312577346,14.617422611557984,16.299178684473286,19.208394206267688,19.977723344228,18.275403071728054,16.59344737711078,16.76638118667877,18.345839833703977,19.52029977375682,21.11557839020096,20.298909759081166,21.06657412128124,22.041120894741404,22.72354115503917,,,,,
datastructure,WB.DATA360:DS_DATA360(1.3),I,A,CPV,WB_WDI_FS_AST_PRVT_GD_ZS,_T,_T,_T,PT_GDP,_Z,_Z,_Z,_Z,RATIO,2,WB_WDI,P1Y,0,A,PU,Annual,Cabo Verde,Domestic credit to private sector (% of GDP),Total,All age ranges or no breakdown by age,Total,Percentage of GDP,Not Applicable,Not Applicable,Not Applicable,Not Applicable,Ratio,Two,World Development Indicators (WDI),Annual,Units,Normal value,Public,,,,,,,,,,,,,,,,,,,,,11.977768421877826,13.805780817326962,12.598454396046954,14.993784490036044,14.901609486269288,18.89342260245724,18.45125192722747,20.867783874142702,14.551638416680312,17.23700851707596,20.74168753305186,21.73594108112831,24.11439243402972,19.01868050471083,22.721227510809772,27.592353395702606,26.926469498113352,32.22177991814658,32.16727997500075,41.3394062881171,40.13151885374504,31.05413425986172,33.95229421731658,35.64025858382826,37.83950902847007,39.10080950025294,44.8559642439518,41.778450448658674,47.7156988322521,53.12623428987025,56.47074340593426,59.93140926380165,58.56562339418073,58.54032969407049,57.650748120597726,56.41116702983916,55.10423700576796,55.42405954259054,53.660705536292205,51.63855911683052,68.4560324470723,67.56164497385497,57.91778097089833,56.32887829623592,54.378846553101404
datastructure,WB.DATA360:DS_DATA360(1.3),I,A,SWZ,WB_WDI_FS_AST_PRVT_GD_ZS,_T,_T,_T,PT_GDP,_Z,_Z,_Z,_Z,RATIO,2,WB_WDI,P1Y,0,A,PU,Annual,Eswatini,Domestic credit to private sector (% of GDP),Total,All age ranges or no breakdown by age,Total,Percentage of GDP,Not Applicable,Not Applicable,Not Applicable,Not Applicable,Ratio,Two,World Development Indicators (WDI),Annual,Units,Normal value,Public,,,,,,,,,,,,,,14.675324675324674,16.29398663697105,20.446529080675422,19.646413502109706,18.456127080181545,25.451046590141797,24.66560968578841,23.28847930634195,26.43641445398283,24.06698646565016,23.676903184095686,21.38629198080877,19.83214953271028,16.10893500925655,17.389725048347767,16.877455030826923,18.672939125017006,16.400010637739783,20.79355921363212,18.64610850206513,16.86611557531499,18.122411911738233,15.061049797130302,14.306563156836491,14.007730837332591,13.44103881802331,13.097644023348279,11.246178927707248,9.037990843709794,10.518680045252703,13.033503363892393,15.679407513255683,17.6107810983513,19.52072806798816,21.698325535164443,20.67390968033028,20.921775198006394,19.468556789438036,22.84078221395017,19.748816330388642,21.474558384062327,21.844567338286225,21.25805436914003,21.580165922530533,20.635276106743174,20.989010246522394,20.223378574306366,20.96435399912614,20.823247149557996,21.342890707298796,21.3095273182131,21.62314087559432
datastructure,WB.DATA360:DS_DATA360(1.3),I,A,SAS,WB_WDI_FS_AST_PRVT_GD_ZS,_T,_T,_T,PT_GDP,_Z,_Z,_Z,_Z,RATIO,2,WB_WDI,P1Y,0,A,PU,Annual,South Asia,Domestic credit to private sector (% of GDP),Total,All age ranges or no breakdown by age,Total,Percentage of GDP,Not Applicable,Not Applicable,Not Applicable,Not Applicable,Ratio,Two,World Development Indicators (WDI),Annual,Units,Normal value,Public,7.733728143574159,8.380528688991909,8.823237301612606,9.017625349818472,8.49555524144801,9.180096618353481,9.379615857067376,9.045327264917502,9.76296108247959,10.360032033469452,11.14238031308513,12.38062362019289,12.826799002018332,12.955236609644274,11.742033041863746,12.675845636750756,16.281516246754354,16.915138694554187,18.26159375184923,19.435325346899596,19.09492562642936,19.712028080107366,21.20374413858606,21.690959280024103,23.047870238856746,23.34173501534648,24.491312439704323,24.16906542515944,24.17902523885143,25.385911890194656,23.896400930788325,22.469022016905498,23.148833070077792,22.406942194151974,22.527377109055124,22.62344825640029,23.131302256594715,23.377917649648307,23.55521811622862,25.128317677248702,27.71810951871353,28.243435116208904,31.59129818468984,31.049618649474464,35.30222779660349,38.95481905073057,42.42406308446134,44.473960348442496,47.91195324636359,46.77231428763288,49.17210427341152,50.08231033529874,50.63522151963636,50.88341794627071,50.63727436193747,50.827990370404436,38.58573276265163,38.85329564233966,39.63713006272943,39.409940373044705,41.142199721432405,37.84755313584672,37.94413184297043,39.70400120943762,40.11326093711884
datastructure,WB.DATA360:DS_DATA360(1.3),I,A,KHM,WB_WDI_FS_AST_PRVT_GD_ZS,_T,_T,_T,PT_GDP,_Z,_Z,_Z,_Z,RATIO,2,WB_WDI,P1Y,0,A,PU,Annual,Cambodia,Domestic credit to private sector (% of GDP),Total,All age ranges or no breakdown by age,Total,Percentage of GDP,Not Applicable,Not Applicable,Not Applicable,Not Applicable,Ratio,Two,World Development Indicators (WDI),Annual,Units,Normal value,Public,,,,,,,,,,,,,,,,,,,,,,,,,,,,,,,,,,2.3719860608479606,3.336969156769226,3.4789328471394967,4.722340253053167,6.276632412294575,5.585181131602909,5.705934708599692,6.310573497799534,5.754435856406234,6.005855717575663,6.656189360242573,8.188157704951177,7.9939628248835435,10.447137396059683,15.530374023691774,19.947568991240335,20.4608476270489,22.436125355784718,22.60864295981057,30.542588152053135,39.98945753538341,47.484601379297345,55.489547672368545,61.56088863701594,65.4627205323548,73.8164269734727,84.32367385797505,103.73276996008754,121.84223118212768,132.8170460844951,130.12972039529677,124.6597657494657
datastructure,WB.DATA360:DS_DATA360(1.3),I,A,LUX,WB_WDI_FS_AST_PRVT_GD_ZS,_T,_T,_T,PT_GDP,_Z,_Z,_Z,_Z,RATIO,2,WB_WDI,P1Y,0,A,PU,Annual,Luxembourg,Domestic credit to private sector (% of GDP),Total,All age ranges or no breakdown by age,Total,Percentage of GDP,Not Applicable,Not Applicable,Not Applicable,Not Applicable,Ratio,Two,World Development Indicators (WDI),Annual,Units,Normal value,Public,,,,,,,,,,,,,,,,,,,,,,,,,,,,,,,,,,,,,,,,,,78.45482052018123,67.49380801995666,69.05403521149557,65.99646881289047,71.27244799756521,74.72411521330842,85.3118398397658,101.15332688370798,100.97375099879662,86.11712716980506,84.17663004964459,83.58294517601014,86.66145807119003,86.30596453977367,91.7840511552667,96.25308594488607,100.47313349373093,105.49501944259202,109.0122042719518,110.212149628241,102.997694439279,102.548904653446,93.2053363391819,85.1436082593373
datastructure,WB.DATA360:DS_DATA360(1.3),I,A,MDA,WB_WDI_FS_AST_PRVT_GD_ZS,_T,_T,_T,PT_GDP,_Z,_Z,_Z,_Z,RATIO,2,WB_WDI,P1Y,0,A,PU,Annual,Moldova,Domestic credit to private sector (% of GDP),Total,All age ranges or no breakdown by age,Total,Percentage of GDP,Not Applicable,Not Applicable,Not Applicable,Not Applicable,Ratio,Two,World Development Indicators (WDI),Annual,Units,Normal value,Public,,,,,,,,,,,,,,,,,,,,,,,,,,,,,,,,,,,,,,,,,,,,,,,,,,,29.497046030423967,29.92783239991657,33.702487805817995,35.73508834266681,31.40384473476494,28.937135290871872,25.842113004734728,23.13367990673925,23.64359269793137,25.324225268260392,28.674819551440535,28.53093498909811,27.510641167129673,25.577316414467255,29.343688361538494
datastructure,WB.DATA360:DS_DATA360(1.3),I,A,SSA,WB_WDI_FS_AST_PRVT_GD_ZS,_T,_T,_T,PT_GDP,_Z,_Z,_Z,_Z,RATIO,2,WB_WDI,P1Y,0,A,PU,Annual,Sub-Saharan Africa (excluding high income),Domestic credit to private sector (% of GDP),Total,All age ranges or no breakdown by age,Total,Percentage of GDP,Not Applicable,Not Applicable,Not Applicable,Not Applicable,Ratio,Two,World Development Indicators (WDI),Annual,Units,Normal value,Public,,,,,,24.299863071347186,23.90145226924973,26.049804527101244,25.526387246225923,25.77798911024494,25.92162354032618,28.211172396302604,26.733670462443467,28.11861499506211,26.05265705117856,26.589683988104436,24.20701379336962,24.859417403573545,25.88453756709422,25.161222581257597,26.781676277975073,20.490411733662604,21.173064649520175,26.01986024700964,27.447428491126615,25.20437592104045,28.7238293232639,32.38277135748803,32.9382003413041,34.28887783887703,34.35223979121569,,47.23627718137113,47.753923958885714,50.13730401030454,45.89627838544556,40.47909773777357,39.407465137227355,37.01074331460994,56.266772254501035,51.8982442196868,51.04689904959013,39.073443656016494,46.78419674296118,52.14564237260729,53.954107293895845,55.75431177030051,56.484081151274324,47.073179374583404,48.95199551948133,50.37543223946328,46.17921522988737,45.789063199667865,42.48391951044709,41.57755149134337,41.05780691639776,43.79331809521111,45.38812222778208,41.51463494842719,35.50430702681247,33.98678902828969,32.40000117769846,30.002645224330458,,
datastructure,WB.DATA360:DS_DATA360(1.3),I,A,URY,WB_WDI_FS_AST_PRVT_GD_ZS,_T,_T,_T,PT_GDP,_Z,_Z,_Z,_Z,RATIO,2,WB_WDI,P1Y,0,A,PU,Annual,Uruguay,Domestic credit to private sector (% of GDP),Total,All age ranges or no breakdown by age,Total,Percentage of GDP,Not Applicable,Not Applicable,Not Applicable,Not Applicable,Ratio,Two,World Development Indicators (WDI),Annual,Units,Normal value,Public,30.951724137931038,29.323863636363633,30.79896907216495,31.266094420600858,35.03582089552239,32.93260473588342,18.72102564102564,17.54680977936792,12.481732070365359,11.460671897002616,15.729056603773586,17.729675380637747,21.73292032352435,12.173631547969393,18.72874187516695,20.17444065225635,22.343693232486707,25.7328905044588,29.341258651411106,33.948319816658824,37.23591167411392,40.424158057158195,72.38234398973864,57.961743493258076,52.82851831085667,55.28629207474012,46.777412294247064,37.05291261317868,38.31548547499143,36.33086491630916,32.43984008175961,25.51205008976445,25.31990377671046,24.863481149585922,23.855799072152813,26.438220566565874,26.80770337822053,25.905784313664366,40.52126900153524,43.595766500078156,45.0942269291081,53.853885675274725,70.51173826682682,43.186543114802035,24.193389595693056,22.474943073869127,23.751935281585165,23.029972588195754,27.16853394795116,19.864726099437103,21.404036115124605,21.973990507876675,22.170529186153896,24.376881523044112,25.166793166477607,27.814008527585372,25.681582295366788,23.926315675077714,24.944851219690978,25.308254313844913,27.884637300587144,26.71297709999092,26.623834108085347,28.57710424851304,31.079204054424192
datastructure,WB.DATA360:DS_DATA360(1.3),I,A,MEA,WB_WDI_FS_AST_PRVT_GD_ZS,_T,_T,_T,PT_GDP,_Z,_Z,_Z,_Z,RATIO,2,WB_WDI,P1Y,0,A,PU,Annual,"Middle East, North Africa, Afghanistan & Pakistan",Domestic credit to private sector (% of GDP),Total,All age ranges or no breakdown by age,Total,Percentage of GDP,Not Applicable,Not Applicable,Not Applicable,Not Applicable,Ratio,Two,World Development Indicators (WDI),Annual,Units,Normal value,Public,12.96928186592835,13.506670153046503,13.512370656899838,14.275410148575284,15.236532534047301,16.129250206842627,16.910285847885167,16.985115984763038,17.648308351384188,18.557466881442068,18.357206672022386,17.61155463696879,19.375909605936485,19.05582000264722,14.535811583776447,17.913705815609287,18.356213693211664,19.885242952189373,,23.025045453834085,21.8999518468244,23.140881361973204,25.52839292136122,28.169140049347863,29.270280175714785,29.624586755339745,32.92248198908782,34.454831862914396,35.68522953780447,34.3684353089059,,26.729942155499018,24.82504602948107,26.270693983698347,28.184343683645494,29.86055796892045,29.497683184606366,31.507972719810706,36.47370131316199,36.84574243829816,35.60880603381602,37.97182111098615,38.3018039531268,37.26730746139001,36.42184516041151,37.0887524895305,37.03503252758765,38.33879303801424,37.94126666796787,41.90400227555694,41.83419200591257,39.33920574105859,38.305331970925096,38.45529399248671,41.275061975892434,47.75513958043786,53.47166756700617,51.06554294671438,,,52.50332845783933,,,,
datastructure,WB.DATA360:DS_DATA360(1.3),I,A,TJK,WB_WDI_FS_AST_PRVT_GD_ZS,_T,_T,_T,PT_GDP,_Z,_Z,_Z,_Z,RATIO,2,WB_WDI,P1Y,0,A,PU,Annual,Tajikistan,Domestic credit to private sector (% of GDP),Total,All age ranges or no breakdown by age,Total,Percentage of GDP,Not Applicable,Not Applicable,Not Applicable,Not Applicable,Ratio,Two,World Development Indicators (WDI),Annual,Units,Normal value,Public,,,,,,,,,,,,,,,,,,,,,,,,,,,,,,,,,,,,,,,,,,,,,,,,,26.825902000847123,22.83990141994328,14.170539451550365,16.037043393049576,14.648306280447112,18.541423991831095,21.7753617742993,21.573907764144394,19.096228729300623,13.014585712469911,11.942252436334774,11.582367305732033,13.032002965591252,10.344198416048075,10.417079294535448,12.222910692924202,
datastructure,WB.DATA360:DS_DATA360(1.3),I,A,CAN,WB_WDI_FS_AST_PRVT_GD_ZS,_T,_T,_T,PT_GDP,_Z,_Z,_Z,_Z,RATIO,2,WB_WDI,P1Y,0,A,PU,Annual,Canada,Domestic credit to private sector (% of GDP),Total,All age ranges or no breakdown by age,Total,Percentage of GDP,Not Applicable,Not Applicable,Not Applicable,Not Applicable,Ratio,Two,World Development Indicators (WDI),Annual,Units,Normal value,Public,18.498627370300387,18.246788524080333,18.75902931602981,19.121186903912175,19.968143254498585,22.153705978146586,28.3883794237876,31.045717150785247,32.27842022484968,33.60532627874368,33.39153783706913,35.68708774056522,38.90209308111486,40.84839356515437,41.76717332819781,43.159788212336665,44.97924620079649,48.1931925964036,53.032184323719875,55.67599071878509,56.416627447945366,69.87034352450605,68.06386711353724,63.0073389095121,62.61878065569086,63.228585656374555,63.30478704213584,64.08670186093158,66.22028604516872,69.80072336984927,73.06804735003976,74.98892091887262,76.52859823282797,75.53200176162626,74.75150636638669,73.95051351517097,78.6330849908238,81.53126877973746,79.86253981316383,77.2501108722246,73.98773849229204,121.35283176137033,117.83945640691404,113.2409803768424,115.44331313954079,121.6610929582934,134.12080712347,123.53364806105245,124.09777168927727,,,,,,,,,,,,,,,,
datastructure,WB.DATA360:DS_DATA360(1.3),I,A,ESP,WB_WDI_FS_AST_PRVT_GD_ZS,_T,_T,_T,PT_GDP,_Z,_Z,_Z,_Z,RATIO,2,WB_WDI,P1Y,0,A,PU,Annual,Spain,Domestic credit to private sector (% of GDP),Total,All age ranges or no breakdown by age,Total,Percentage of GDP,Not Applicable,Not Applicable,Not Applicable,Not Applicable,Ratio,Two,World Development Indicators (WDI),Annual,Units,Normal value,Public,,,,,,,,,,,,,,,,,,,,,,,,,,,,,,,,,,,,,,,,,,94.93944097729577,99.2929603794007,106.54405288264483,115.9283258474128,135.8712539946257,156.5802566429447,167.63594146301625,170.74302069699542,173.38232415959143,171.3251233585079,167.02710795459862,157.43433169492377,145.7595753725435,129.35899644737134,118.21689025601778,110.9018341589735,105.15698823272001,98.82988692343989,94.4116262931619,107.57252389715323,98.42562449715656,88.11240654047677,78.34968329393007,74.21920179636588
datastructure,WB.DATA360:DS_DATA360(1.3),I,A,BTN,WB_WDI_FS_AST_PRVT_GD_ZS,_T,_T,_T,PT_GDP,_Z,_Z,_Z,_Z,RATIO,2,WB_WDI,P1Y,0,A,PU,Annual,Bhutan,Domestic credit to private sector (% of GDP),Total,All age ranges or no breakdown by age,Total,Percentage of GDP,Not Applicable,Not Applicable,Not Applicable,Not Applicable,Ratio,Two,World Development Indicators (WDI),Annual,Units,Normal value,Public,,,,,,,,,,,,,,,,,,,,,,,,2.7234687634941244,3.1709018472486443,2.7430107831492103,2.7908870203686953,2.6157622874513327,3.0583744788251823,4.473418886671991,4.286371037851984,5.601224269158717,6.8370247003056,7.093637671674231,8.910220353848127,7.969406058436543,6.960742835428964,11.511583135708962,9.817910862198357,8.667144013941975,8.439542256034676,9.392923404641138,10.666218424764615,12.387474374848228,15.113747683924503,17.197861615946707,20.384561838409283,22.307836712653728,28.615467916983583,30.80098577428061,38.4589220348196,43.08341595517125,42.250039035105225,42.22463229717425,41.08529995023778,42.52914215096874,44.128934139162205,48.3130245523484,54.84782853652883,59.37341911590537,67.55249883994566,64.88887855903617,67.87143654426468,71.44366828929148,68.39427125322904
datastructure,WB.DATA360:DS_DATA360(1.3),I,A,SST,WB_WDI_FS_AST_PRVT_GD_ZS,_T,_T,_T,PT_GDP,_Z,_Z,_Z,_Z,RATIO,2,WB_WDI,P1Y,0,A,PU,Annual,Small states,Domestic credit to private sector (% of GDP),Total,All age ranges or no breakdown by age,Total,Percentage of GDP,Not Applicable,Not Applicable,Not Applicable,Not Applicable,Ratio,Two,World Development Indicators (WDI),Annual,Units,Normal value,Public,,,,,,,,,,,,,,31.17103065718041,,,,,,,,,,,,,,,,,,,,,,,,,,,,70.02272393218134,71.54151102084559,76.35204793694108,77.49949403332154,94.45611381169685,98.48532819681846,98.62279570383717,94.17774436255351,99.86607447638345,94.94784043930902,89.44655065574634,83.7756596749241,81.94959250285083,78.63222428939824,76.60842470736226,75.56446728077336,74.37499900006836,66.62399971906736,62.931441814241346,69.53822298679668,63.094864634770715,56.08705155016674,55.63009048674181,54.85132611601931
datastructure,WB.DATA360:DS_DATA360(1.3),I,A,LSO,WB_WDI_FS_AST_PRVT_GD_ZS,_T,_T,_T,PT_GDP,_Z,_Z,_Z,_Z,RATIO,2,WB_WDI,P1Y,0,A,PU,Annual,Lesotho,Domestic credit to private sector (% of GDP),Total,All age ranges or no breakdown by age,Total,Percentage of GDP,Not Applicable,Not Applicable,Not Applicable,Not Applicable,Ratio,Two,World Development Indicators (WDI),Annual,Units,Normal value,Public,,,,,,,,,,,,,,6.826397146254459,8.39609756097561,7.625678119349005,9.0101246105919,8.114217727543128,7.954270923209664,9.763814981580024,7.057720916393931,10.901837270341206,13.588109730574939,11.799080686975609,14.469326789129063,15.359899834438192,12.976362805631664,14.72703602318689,14.942168247041558,14.849552650876813,15.595959522645513,16.16359640945625,15.594473975203163,17.97905163901291,22.02083783003174,18.251053046973865,16.344009213338413,21.370277681248254,16.241773123437316,14.749049784346171,13.771483697267255,12.471608660492036,12.496955586017224,5.349780265444294,5.255960102291908,7.233122641397181,7.360804435651752,9.992370076212497,10.023787922009333,12.607234204010847,13.411378871640188,14.348858286376775,18.56873269805658,19.94730037776656,19.331501843702533,18.273636699677827,18.212893461314835,20.003840317769892,20.131404545409197,21.322467785894826,21.934113698336926,22.328779446588857,21.69606394541127,24.866731552787343,25.58056800176297
datastructure,WB.DATA360:DS_DATA360(1.3),I,A,LMC,WB_WDI_FS_AST_PRVT_GD_ZS,_T,_T,_T,PT_GDP,_Z,_Z,_Z,_Z,RATIO,2,WB_WDI,P1Y,0,A,PU,Annual,Lower middle income,Domestic credit to private sector (% of GDP),Total,All age ranges or no breakdown by age,Total,Percentage of GDP,Not Applicable,Not Applicable,Not Applicable,Not Applicable,Ratio,Two,World Development Indicators (WDI),Annual,Units,Normal value,Public,8.636266476427616,9.344684683319956,9.843776668516833,10.309185130460785,10.267911791941655,10.758318064481072,11.456560556586725,11.591069228883367,12.118432247993663,12.338670060069008,12.430567761405934,13.524460621710189,13.922955054450753,13.540017220805474,12.695519834772375,14.026547130654187,16.226140185241114,17.468468939542834,18.98715384027719,19.571189125759872,19.552088955306875,16.95793756822461,18.47749223079187,20.13941843330318,20.537284416845036,20.890499372599336,22.591838405023477,22.69910829799923,22.767218167784602,23.56531101905679,22.454311158961037,20.786870649993446,21.825330562436303,21.694019353029606,22.254849165921538,22.356660613052238,23.058207224899963,24.284091370825802,24.088941456757837,28.351199369317936,28.87601874517531,29.445193475117353,30.53972598397753,29.742348738990813,31.885132589477966,33.39013107201898,34.82059701068298,37.435053732339,38.95888161229588,39.38953571787092,41.33554234121454,41.054384633926645,40.45317269255637,40.01153723510366,40.75973251888504,41.872251394703284,38.540247676766135,38.81374174016337,38.77341499117556,37.84459084145756,40.769497077183466,39.47644939252477,39.63661135747832,38.36209008237812,38.8159638135862
datastructure,WB.DATA360:DS_DATA360(1.3),I,A,MNG,WB_WDI_FS_AST_PRVT_GD_ZS,_T,_T,_T,PT_GDP,_Z,_Z,_Z,_Z,RATIO,2,WB_WDI,P1Y,0,A,PU,Annual,Mongolia,Domestic credit to private sector (% of GDP),Total,All age ranges or no breakdown by age,Total,Percentage of GDP,Not Applicable,Not Applicable,Not Applicable,Not Applicable,Ratio,Two,World Development Indicators (WDI),Annual,Units,Normal value,Public,,,,,,,,,,,,,,,,,,,,,,,,,,,,,,,,14.839121546379008,13.0786091027462,6.449568437235372,10.669865305244974,7.957424668831265,8.845108550838116,5.162680546142644,9.122807107354296,7.439511279843497,6.932842913624973,9.143142626839653,14.410405057705006,22.305628618637062,25.552927222226113,27.55066504824703,30.119033226789853,41.576491123176815,39.902011248235816,40.29972801977341,34.191265820963004,43.49346733048142,43.72176098700526,59.874857925990334,59.2943187125602,54.46042070321314,56.94315938154658,52.81772293314585,55.40684002524925,48.90102214660823,45.785164527552,47.48638080959925,40.97748577982161,38.61348239603494,44.905883550905514
datastructure,WB.DATA360:DS_DATA360(1.3),I,A,QAT,WB_WDI_FS_AST_PRVT_GD_ZS,_T,_T,_T,PT_GDP,_Z,_Z,_Z,_Z,RATIO,2,WB_WDI,P1Y,0,A,PU,Annual,Qatar,Domestic credit to private sector (% of GDP),Total,All age ranges or no breakdown by age,Total,Percentage of GDP,Not Applicable,Not Applicable,Not Applicable,Not Applicable,Ratio,Two,World Development Indicators (WDI),Annual,Units,Normal value,Public,,,,,,,,,,,14.939809338250642,14.254671881790525,14.866844733384955,15.86774204539677,7.93813964578879,11.395666469663531,11.97756788797394,17.202136693214193,18.392024587069372,15.42446475923564,12.899375254073393,14.29666630413085,20.164292132550543,25.72546981098411,22.289378059682736,28.774891771470784,43.66503584877419,44.1021428680526,42.153690626372786,44.686695460704605,36.97189528538175,53.255108556832695,65.07976313093269,42.06065113801973,35.59140079450432,34.69617223274825,31.127184350048044,30.55004399292416,38.75595838102542,34.76291813526634,26.84899297713702,34.89328477443609,28.678248964303954,29.988158248018397,28.984866507375855,33.72158663960368,35.99745815866541,41.576840759326146,40.801185462709405,51.73510868404937,45.24240549507448,39.75302487956483,37.128439552166384,40.00531900039952,46.096780291424324,70.84253286294467,79.76060908374902,80.08167414448475,80.43674723529234,100.63605496641703,138.85767457167967,123.31652688295311,101.08397786899958,115.7362534655368,119.38284316429166
datastructure,WB.DATA360:DS_DATA360(1.3),I,A,TCD,WB_WDI_FS_AST_PRVT_GD_ZS,_T,_T,_T,PT_GDP,_Z,_Z,_Z,_Z,RATIO,2,WB_WDI,P1Y,0,A,PU,Annual,Chad,Domestic credit to private sector (% of GDP),Total,All age ranges or no breakdown by age,Total,Percentage of GDP,Not Applicable,Not Applicable,Not Applicable,Not Applicable,Ratio,Two,World Development Indicators (WDI),Annual,Units,Normal value,Public,3.4985521918054263,5.20077779707383,4.599107161061602,5.390332869225674,6.357212628703396,6.361799493241172,7.119453909783497,8.810955078495022,9.605884373290019,10.173998131907458,8.454452781685003,6.809354620751738,6.385895327812345,7.823712662360754,9.448792440315119,12.095822069489174,9.351418279794576,10.267665743891522,12.413938893658857,17.868388735603354,17.172328551101074,13.118805237669791,10.938468388266946,10.231541099136708,11.436510825057015,13.994226879602243,20.282576606329688,21.213645288059123,7.035728354558675,6.4306322011977475,6.481099040671095,5.948406425487655,6.087816220176818,5.034537344926479,3.625668696713987,3.850477655875259,3.6424825090051356,3.2342932860698883,3.306278479041179,3.5861046056881722,3.479363696729459,4.338486053348002,4.212367311979824,4.194897442484411,3.1337626589605287,1.9525222500322557,1.6949043136796877,1.908859580948995,2.377798715405224,2.9650297987864063,3.21497699838003,3.537082989393751,4.02102215723731,4.414952674164359,5.994118020174642,6.281996001683769,9.668962922793847,9.10617708639334,8.24873656929464,7.5414731212357475,7.229155640605936,8.322909548913335,,,
datastructure,WB.DATA360:DS_DATA360(1.3),I,A,FJI,WB_WDI_FS_AST_PRVT_GD_ZS,_T,_T,_T,PT_GDP,_Z,_Z,_Z,_Z,RATIO,2,WB_WDI,P1Y,0,A,PU,Annual,Fiji,Domestic credit to private sector (% of GDP),Total,All age ranges or no breakdown by age,Total,Percentage of GDP,Not Applicable,Not Applicable,Not Applicable,Not Applicable,Ratio,Two,World Development Indicators (WDI),Annual,Units,Normal value,Public,,,,,,,,,,,,,,,,,,,,,,,,,,,,,,,,,,,,,,,,,,35.433731039074964,55.29912124752494,54.74255601842864,61.1134716967659,69.19158479439406,79.06668897075745,78.7496782773846,85.91135088812655,89.60556722023301,83.46154954948877,75.38807326341984,76.80125559422693,74.88874653510464,72.59697598259595,78.76592893768297,84.42514493771817,86.20668121691305,92.79632474040466,104.1138811666886,130.05082425971688,139.16395769699471,118.38185167336906,113.60055328190244,115.34632880879632
datastructure,WB.DATA360:DS_DATA360(1.3),I,A,DJI,WB_WDI_FS_AST_PRVT_GD_ZS,_T,_T,_T,PT_GDP,_Z,_Z,_Z,_Z,RATIO,2,WB_WDI,P1Y,0,A,PU,Annual,Djibouti,Domestic credit to private sector (% of GDP),Total,All age ranges or no breakdown by age,Total,Percentage of GDP,Not Applicable,Not Applicable,Not Applicable,Not Applicable,Ratio,Two,World Development Indicators (WDI),Annual,Units,Normal value,Public,,,,,,,,,,,,,,,,,,,,,,,,,,55.94297133041199,,54.8480931837742,52.70610222704649,52.94457128537997,45.444480657608956,43.13834764504679,41.17771683478302,39.60684128045821,38.30929179993935,42.84729130867324,44.34762799703856,43.176323094832995,46.06099597138612,28.855065511946233,32.06543541437632,26.440422055900587,24.39621987762577,22.58445016933453,21.111890179514255,20.075115730631495,20.18291192506129,22.521782697271934,24.33560795327829,29.347130332691513,33.11016513641576,30.908833958864236,28.93089884315934,22.146387405735673,22.137701885702413,21.70284609751006,20.43712656198807,21.172754258492144,21.633237394169218,22.35148331578464,21.153639250122968,18.59685814866688,19.834329252977476,21.82313010469885,23.102527660018566
datastructure,WB.DATA360:DS_DATA360(1.3),I,A,PST,WB_WDI_FS_AST_PRVT_GD_ZS,_T,_T,_T,PT_GDP,_Z,_Z,_Z,_Z,RATIO,2,WB_WDI,P1Y,0,A,PU,Annual,Post-demographic dividend,Domestic credit to private sector (% of GDP),Total,All age ranges or no breakdown by age,Total,Percentage of GDP,Not Applicable,Not Applicable,Not Applicable,Not Applicable,Ratio,Two,World Development Indicators (WDI),Annual,Units,Normal value,Public,59.997438025034974,63.230519626563805,63.94831628612346,,,,,,,,78.24010927267763,81.98125740633748,87.6144258375831,88.09512812650561,,,,,,,,86.8920371702147,89.74454214471967,93.93274868183076,95.78502008272476,101.35889872999236,111.17486731417773,117.66621402349159,122.215689293487,126.6403765727041,,129.02279656622125,,134.73357848646185,135.45502014188548,138.8592856671756,139.9689915421723,146.9610162909963,154.4685453176953,163.75062014532372,158.94329553148464,141.64789323032596,136.84568273568453,140.67700602704085,141.69614380391675,145.2822103175209,150.7900638578974,153.2729443061823,146.55136471884177,151.4516618295894,147.64430259762364,142.8772925863352,143.48278702063803,145.4877177966477,144.47958571822258,146.34502973017928,148.30824507693112,151.38603209388168,145.7177828322998,153.1353076754883,170.84799406875376,169.5356930237394,154.35547579857632,153.5194541639228,161.90330444462577
datastructure,WB.DATA360:DS_DATA360(1.3),I,A,PSS,WB_WDI_FS_AST_PRVT_GD_ZS,_T,_T,_T,PT_GDP,_Z,_Z,_Z,_Z,RATIO,2,WB_WDI,P1Y,0,A,PU,Annual,Pacific island small states,Domestic credit to private sector (% of GDP),Total,All age ranges or no breakdown by age,Total,Percentage of GDP,Not Applicable,Not Applicable,Not Applicable,Not Applicable,Ratio,Two,World Development Indicators (WDI),Annual,Units,Normal value,Public,,,,,,,,,,,,,,,,,,,,,,,,,,,,,,,,,,,,,,,,,,32.76316538974734,45.650744281184735,45.290944897978676,50.01376913778053,56.522117509331274,62.61722988969402,63.12819969009151,67.60813419699764,67.74851750462102,64.29612791987233,60.09923155868052,60.84472046114766,61.65637464519093,62.45487649001619,65.67585817436301,69.45626438979842,70.3331776409663,73.18843521178331,78.8524662138998,90.05128334207735,94.51021563521284,89.16158704502807,85.55504803562451,86.6762048227289
datastructure,WB.DATA360:DS_DATA360(1.3),I,A,IDN,WB_WDI_FS_AST_PRVT_GD_ZS,_T,_T,_T,PT_GDP,_Z,_Z,_Z,_Z,RATIO,2,WB_WDI,P1Y,0,A,PU,Annual,Indonesia,Domestic credit to private sector (% of GDP),Total,All age ranges or no breakdown by age,Total,Percentage of GDP,Not Applicable,Not Applicable,Not Applicable,Not Applicable,Ratio,Two,World Development Indicators (WDI),Annual,Units,Normal value,Public,,,,,,,,,,,,,,,,,,,,,,,,,,,,,,,,,,,,,,,,,,,,,,,,,,27.658710487844075,27.253041134939533,30.082199357766154,33.43417143484216,36.0581396070456,36.423545155209595,39.11879829551194,39.402424693941356,38.73234956130407,38.80544966656386,38.372693951660935,38.6795390891453,36.99082705562535,35.28843296326886,36.01288885952533,36.39245076381127
datastructure,WB.DATA360:DS_DATA360(1.3),I,A,CIV,WB_WDI_FS_AST_PRVT_GD_ZS,_T,_T,_T,PT_GDP,_Z,_Z,_Z,_Z,RATIO,2,WB_WDI,P1Y,0,A,PU,Annual,Côte d’Ivoire,Domestic credit to private sector (% of GDP),Total,All age ranges or no breakdown by age,Total,Percentage of GDP,Not Applicable,Not Applicable,Not Applicable,Not Applicable,Ratio,Two,World Development Indicators (WDI),Annual,Units,Normal value,Public,,,18.709247390676197,19.595749722428135,20.971656948753246,19.84472081384647,19.145469386494014,20.559308838544354,20.65258465101321,22.33681810197372,23.037533577195866,25.527280256129142,28.515340386146406,31.366481716789647,32.98240900401157,35.0533266466784,34.91741270002413,39.05600332657174,38.74018275685871,40.40927669636268,40.761896654843156,41.763115755119465,41.11196106345313,42.26379671959169,36.4147866000749,34.05086764528592,33.86367684630898,37.93906681758772,37.6578524090097,35.54779410803793,36.495014539895635,36.01034154457637,32.05944863007663,28.655824627045668,18.522067135136787,18.504632309481558,11.235645369763306,11.101281947502152,10.25233579267229,9.471890153657663,9.761974871572754,9.855996938032128,9.650183034727256,8.826843810967313,9.469117106397453,9.384668664965595,9.76765137157879,11.127341675476158,11.211470466794744,11.821120015109374,11.830092079651898,11.867290189135375,12.435371681253043,13.39488710146176,14.279921035879498,16.48257701005085,,,,,,,,,
datastructure,WB.DATA360:DS_DATA360(1.3),I,A,LAO,WB_WDI_FS_AST_PRVT_GD_ZS,_T,_T,_T,PT_GDP,_Z,_Z,_Z,_Z,RATIO,2,WB_WDI,P1Y,0,A,PU,Annual,Lao PDR,Domestic credit to private sector (% of GDP),Total,All age ranges or no breakdown by age,Total,Percentage of GDP,Not Applicable,Not Applicable,Not Applicable,Not Applicable,Ratio,Two,World Development Indicators (WDI),Annual,Units,Normal value,Public,,,,,,,,,,,,,,,,,,,,,,,,,,,,,,1.0576507138443063,0.962944843883038,2.9512330138203953,4.666047566202016,6.930809864241995,8.92282027988151,9.080050551466803,9.021903865023559,12.97360530619662,12.618766680963075,8.44134971360577,8.931729257865832,9.5868626526895,8.512054524926407,6.919117654507047,6.713329194129386,7.354783144117101,5.873850551486586,6.543260116081316,9.566283244538612,17.241818646168127,20.919261560749327,,,,,,,,,,,,,,
datastructure,WB.DATA360:DS_DATA360(1.3),I,A,TZA,WB_WDI_FS_AST_PRVT_GD_ZS,_T,_T,_T,PT_GDP,_Z,_Z,_Z,_Z,RATIO,2,WB_WDI,P1Y,0,A,PU,Annual,Tanzania,Domestic credit to private sector (% of GDP),Total,All age ranges or no breakdown by age,Total,Percentage of GDP,Not Applicable,Not Applicable,Not Applicable,Not Applicable,Ratio,Two,World Development Indicators (WDI),Annual,Units,Normal value,Public,,1.6892058279569657,1.6159447273996135,1.6808518430384038,1.7664119346671565,2.1932145105380543,2.5102783356044744,2.3184424144170777,2.1329231260800716,2.0871754686452104,3.113325416949556,2.3891108121653986,2.5361032741337444,1.7017680542503992,1.7219380621617246,1.5228217306366536,1.0018669435080343,1.0530894129403514,1.367419537278608,1.2765477378940322,1.2155036848660825,1.1168211321786317,1.320289866312081,1.2040511835027312,0.7017224180532837,0.8975395145515106,0.8280420014220441,1.163060832528522,1.0904269544638496,9.681925781745372,9.573309254044657,9.661539373837906,6.710456923138029,7.4351479816203225,6.679333488717887,4.582838829809403,2.1303451077719884,2.4414276323893875,2.96457636286491,3.1929393140034747,3.113873130714534,4.115703692623424,5.224054334348492,6.192303920959482,7.109675707246578,7.825384462834593,9.790020028176531,11.468948674539199,11.911025536116837,11.267388357068645,11.718262274740724,12.35496320836539,12.818448890964278,12.537333296671058,13.303734807897813,14.61353808442337,13.67030679767803,13.07651277555339,12.70003939909138,12.638308153020644,12.435180814412272,12.977612667888607,15.157677270518752,16.386679568119,16.754789704492346
datastructure,WB.DATA360:DS_DATA360(1.3),I,A,SLE,WB_WDI_FS_AST_PRVT_GD_ZS,_T,_T,_T,PT_GDP,_Z,_Z,_Z,_Z,RATIO,2,WB_WDI,P1Y,0,A,PU,Annual,Sierra Leone,Domestic credit to private sector (% of GDP),Total,All age ranges or no breakdown by age,Total,Percentage of GDP,Not Applicable,Not Applicable,Not Applicable,Not Applicable,Ratio,Two,World Development Indicators (WDI),Annual,Units,Normal value,Public,2.769366545443479,3.4973570542488903,4.756049905164937,6.560296150511938,6.737792692086388,5.921308920919361,5.544369873228933,5.898653998416468,5.216764950906386,4.674447625339499,5.328596802841918,5.622473831113508,5.809444842474153,6.0053025543831255,7.162373568065979,6.6988528580849485,6.603990187666914,5.8994632610578694,6.452793012572557,6.0550446197090855,7.8675897879705765,7.6806995821080335,7.088189467123715,7.051329886466606,4.0773035354460525,3.097823596792669,5.414807302231237,2.7438590245639016,3.496429193890954,4.827736449497105,3.2474843981867343,3.522636013595933,3.0533759728614713,3.4316905072415604,3.128157001658439,2.676426443551293,2.506822118833486,3.2454112636595567,2.7245156246819495,2.071827299855759,2.1080336090541163,1.0316241276931848,1.2966126450078994,1.8515288146820224,2.2392943555062104,2.169530306648708,1.9544537893804688,2.571022638102537,3.3592677748860607,5.104992150211435,4.731628284991644,4.64030943290693,3.414082210652435,3.1277307371204315,3.1901473548461916,3.3473681726432907,3.5180812198078235,3.3276766219805687,3.6406032253703526,3.8596499447201005,3.6198914064713232,4.226149230627419,3.5378733952563675,3.236421460066543,3.967826411518828
datastructure,WB.DATA360:DS_DATA360(1.3),I,A,SSD,WB_WDI_FS_AST_PRVT_GD_ZS,_T,_T,_T,PT_GDP,_Z,_Z,_Z,_Z,RATIO,2,WB_WDI,P1Y,0,A,PU,Annual,South Sudan,Domestic credit to private sector (% of GDP),Total,All age ranges or no breakdown by age,Total,Percentage of GDP,Not Applicable,Not Applicable,Not Applicable,Not Applicable,Ratio,Two,World Development Indicators (WDI),Annual,Units,Normal value,Public,,,,,,,,,,,,,,,,,,,,,,,,,,,,,,,,,,,,,,,,,,,,,,,,,,,,0.4976013938335363,1.123485295344619,1.1338280453470584,1.8101094308835448,2.3046060068698035,4.424748747055637,1.7050712207929026,1.5268096100214723,1.7035048061062108,1.925004554436953,2.750154239438108,3.0171613167990423,3.0476988015343296,6.74583971309722
datastructure,WB.DATA360:DS_DATA360(1.3),I,A,XKX,WB_WDI_FS_AST_PRVT_GD_ZS,_T,_T,_T,PT_GDP,_Z,_Z,_Z,_Z,RATIO,2,WB_WDI,P1Y,0,A,PU,Annual,Kosovo,Domestic credit to private sector (% of GDP),Total,All age ranges or no breakdown by age,Total,Percentage of GDP,Not Applicable,Not Applicable,Not Applicable,Not Applicable,Ratio,Two,World Development Indicators (WDI),Annual,Units,Normal value,Public,,,,,,,,,,,,,,,,,,,,,,,,,,,,,,,,,,,,,,,,,,,,,,,,,36.08842579387884,38.709896491869,38.68985680936941,38.47633464181862,37.89658120424224,36.69831350027961,37.011862774279145,37.29575218484769,38.95386536400304,41.66074258296755,44.460620500850965,46.67218235326463,51.62434241793815,50.789055097427614,52.78238542364346,55.04573481710581,60.712830712094615
datastructure,WB.DATA360:DS_DATA360(1.3),I,A,TMN,WB_WDI_FS_AST_PRVT_GD_ZS,_T,_T,_T,PT_GDP,_Z,_Z,_Z,_Z,RATIO,2,WB_WDI,P1Y,0,A,PU,Annual,"Middle East, North Africa, Afghanistan & Pakistan (IDA & IBRD)",Domestic credit to private sector (% of GDP),Total,All age ranges or no breakdown by age,Total,Percentage of GDP,Not Applicable,Not Applicable,Not Applicable,Not Applicable,Ratio,Two,World Development Indicators (WDI),Annual,Units,Normal value,Public,13.992285658874586,14.625871103398813,15.172803761025325,16.064806211618645,16.60585290853728,17.246274580099325,17.790789975330874,17.595889065894486,18.29738002890232,19.207460328744933,18.93091394367615,18.84657301835519,21.135558809939678,20.607047310259972,17.126599852855524,21.413204117363705,21.88788223937219,23.620105923840786,,26.893096907908188,26.827255169530083,29.083106984105967,27.54769778120671,28.514033854893178,28.518635931427237,29.53576341552568,32.33837594039186,33.93717446422109,34.197440962614415,33.22907488014206,,26.88012753439766,22.326789596412933,22.030311848842757,22.90143348705344,24.268649895408853,23.816402116604525,25.299765459447666,28.431089852001513,30.097393955510455,29.95022509101808,31.07250474053573,30.797221328306634,30.527485504458618,29.291747408140434,29.331376818987472,30.71981606661245,31.484420127435182,30.105038034266258,32.30302061816995,35.85488800557158,35.035145267128094,33.59900357624885,31.255570455675024,33.205758652477996,35.911932165978925,39.055472363097216,30.540132664013075,26.46064986257266,26.479263824411216,30.45744802593002,30.084625728531027,28.246963358207942,28.043479266149372,27.422753109159913
datastructure,WB.DATA360:DS_DATA360(1.3),I,A,MDV,WB_WDI_FS_AST_PRVT_GD_ZS,_T,_T,_T,PT_GDP,_Z,_Z,_Z,_Z,RATIO,2,WB_WDI,P1Y,0,A,PU,Annual,Maldives,Domestic credit to private sector (% of GDP),Total,All age ranges or no breakdown by age,Total,Percentage of GDP,Not Applicable,Not Applicable,Not Applicable,Not Applicable,Ratio,Two,World Development Indicators (WDI),Annual,Units,Normal value,Public,,,,,,,,,,,,,,,,,,,,,,,,,,,,,,,,,,,,,,,,,,,,,23.08144899215065,38.84257808595387,42.636707661996375,54.63022876698604,57.73434068555707,53.78100731383244,47.684492790707594,42.42816361336404,35.11874636142011,31.216162090485106,28.95489977563601,29.101478636881144,30.347622537234248,31.19896331442305,31.037866378616158,31.539334008470952,53.35516269123348,39.308982825231254,35.21696975937964,35.8362090976748,35.729904988231866
datastructure,WB.DATA360:DS_DATA360(1.3),I,A,SYC,WB_WDI_FS_AST_PRVT_GD_ZS,_T,_T,_T,PT_GDP,_Z,_Z,_Z,_Z,RATIO,2,WB_WDI,P1Y,0,A,PU,Annual,Seychelles,Domestic credit to private sector (% of GDP),Total,All age ranges or no breakdown by age,Total,Percentage of GDP,Not Applicable,Not Applicable,Not Applicable,Not Applicable,Ratio,Two,World Development Indicators (WDI),Annual,Units,Normal value,Public,,,,,,,,,,,,15.767634854771783,20.599022004889974,23.954183266932272,20.609756097560975,19.0211732037487,22.839480846291664,23.722627737226276,23.0497646267653,19.28278942796873,15.975582221637286,15.076296791174046,14.00784753012259,13.138751266858891,10.761794079138435,8.36987270948595,6.903471609384059,6.2281397345161515,6.1940269100317185,7.2033424343368955,6.827723512925497,7.433182171393897,7.053717592674086,7.065521342850174,8.701697885838998,10.68384076269341,11.8267804405985,12.87302661859982,13.501753579154332,14.215430504889099,15.55773773913505,16.988079771977215,19.109715086593443,24.581326205328832,23.788694524631545,23.379953873112733,21.39595124511017,23.789106442607682,27.52360662930845,19.992067319216776,24.155255735905946,22.390617845598275,20.86008850563718,21.367211242803457,24.35044379741923,24.349733770483443,24.51661065242435,,,,,,,,
datastructure,WB.DATA360:DS_DATA360(1.3),I,A,AFE,WB_WDI_FS_AST_PRVT_GD_ZS,_T,_T,_T,PT_GDP,_Z,_Z,_Z,_Z,RATIO,2,WB_WDI,P1Y,0,A,PU,Annual,Eastern & Southern Africa,Domestic credit to private sector (% of GDP),Total,All age ranges or no breakdown by age,Total,Percentage of GDP,Not Applicable,Not Applicable,Not Applicable,Not Applicable,Ratio,Two,World Development Indicators (WDI),Annual,Units,Normal value,Public,,,,,,30.719142818333125,29.946851031218664,31.821595338658188,30.62792025679862,31.27223598584282,35.08040807972121,35.498479489024554,34.266947958482,35.98327943408464,34.89925584548199,35.034720718944214,32.597181487072305,31.146131469268443,30.99692299777238,30.250303767273337,32.91628440451699,33.628813825671244,33.11137726644545,37.07179383696121,38.382150610199105,36.10224545829088,37.72918904161062,42.062577799828,42.5838999408348,43.35942291259971,43.92434672746864,,65.06702370808935,68.12919886064104,73.82614635936504,76.72681426839725,76.2219200356547,73.34122739654075,72.98227745219681,82.00911139570911,74.6303568903146,76.64447537160375,61.911804720302555,70.91253759938233,79.85964558993022,85.31112801404002,94.38514891719652,93.35022014624425,78.14582678751168,79.59477906106234,84.6104728025506,76.3874705547756,79.27227834774204,75.46377416280693,73.98575314877785,65.7969298973195,66.03938764450702,65.74370536022839,61.946952893428396,60.429688332773424,55.66429200152881,49.435200698800415,44.231510030310936,45.51306473909056,51.04576194786914
datastructure,WB.DATA360:DS_DATA360(1.3),I,A,CYP,WB_WDI_FS_AST_PRVT_GD_ZS,_T,_T,_T,PT_GDP,_Z,_Z,_Z,_Z,RATIO,2,WB_WDI,P1Y,0,A,PU,Annual,Cyprus,Domestic credit to private sector (% of GDP),Total,All age ranges or no breakdown by age,Total,Percentage of GDP,Not Applicable,Not Applicable,Not Applicable,Not Applicable,Ratio,Two,World Development Indicators (WDI),Annual,Units,Normal value,Public,,,,,,,,,,,,,,,,,,,,,,,,,,,,,,,,,,,,,,,,,,144.41925535641485,149.49301284046126,147.19522862150106,147.33850915131066,156.67601541379491,162.93757128518743,180.68073006892823,212.2092380983443,226.3559793013834,234.25159293189955,242.54112029785767,249.21812212662573,254.66806457038018,251.83038482567923,243.4163373439805,216.24275737179747,191.7839322322742,135.31859918149442,106.68414067281475,106.47352030992903,87.39524437938532,70.80694039570862,60.57186138171602,56.65776315323633
datastructure,WB.DATA360:DS_DATA360(1.3),I,A,ZAF,WB_WDI_FS_AST_PRVT_GD_ZS,_T,_T,_T,PT_GDP,_Z,_Z,_Z,_Z,RATIO,2,WB_WDI,P1Y,0,A,PU,Annual,South Africa,Domestic credit to private sector (% of GDP),Total,All age ranges or no breakdown by age,Total,Percentage of GDP,Not Applicable,Not Applicable,Not Applicable,Not Applicable,Ratio,Two,World Development Indicators (WDI),Annual,Units,Normal value,Public,,,,,,58.71665773968934,57.402718943946404,56.83656313600566,54.80134074558535,56.189022173755,57.63822908419108,58.12410415671285,57.208691499522445,57.943724819130956,55.01493439533478,56.69019855026789,54.73269429617416,53.87482240714431,53.40694357785899,52.068010550113044,50.085299481597424,53.92211796082653,55.29482396329174,58.84009292691802,61.75956615844163,65.19769036398694,64.85738405183214,65.22541338081913,66.75334619354621,69.14079288625416,71.93819892250565,,90.98307672485988,95.82825572459589,101.05860317314679,105.00708438773701,105.54386860321085,102.3654612317434,103.71894319511208,118.17440047519125,117.09536648150166,121.06974562622727,97.31737283408954,102.76770118382797,112.82091342021107,122.28316803326177,139.0073677443215,142.42204551118488,125.9558802555063,121.09454632471655,124.09389990564648,118.97067599270268,125.1677854502373,127.02927247972455,128.83837477965338,127.20324424273075,124.36049611176378,127.03028385845417,118.38085796348712,117.18555686148919,109.05469137272534,93.19638973973869,91.56972876348726,89.71179958638707,89.44763601734431
datastructure,WB.DATA360:DS_DATA360(1.3),I,A,PAN,WB_WDI_FS_AST_PRVT_GD_ZS,_T,_T,_T,PT_GDP,_Z,_Z,_Z,_Z,RATIO,2,WB_WDI,P1Y,0,A,PU,Annual,Panama,Domestic credit to private sector (% of GDP),Total,All age ranges or no breakdown by age,Total,Percentage of GDP,Not Applicable,Not Applicable,Not Applicable,Not Applicable,Ratio,Two,World Development Indicators (WDI),Annual,Units,Normal value,Public,,,,,,,,,,,,,,,,,,,,,,,,,,,,,,,,,,,,,,,,,,,,,,,,,,,82.06996380070395,80.31740153164075,79.59230094099033,65.43741360674568,80.87282294186662,82.93242777449703,84.19087183460066,84.4380104002795,83.9514799603357,83.32655675401372,100.1538915125791,,,,
datastructure,WB.DATA360:DS_DATA360(1.3),I,A,ABW,WB_WDI_FS_AST_PRVT_GD_ZS,_T,_T,_T,PT_GDP,_Z,_Z,_Z,_Z,RATIO,2,WB_WDI,P1Y,0,A,PU,Annual,Aruba,Domestic credit to private sector (% of GDP),Total,All age ranges or no breakdown by age,Total,Percentage of GDP,Not Applicable,Not Applicable,Not Applicable,Not Applicable,Ratio,Two,World Development Indicators (WDI),Annual,Units,Normal value,Public,,,,,,,,,,,,,,,,,,,,,,,,,,,39.46432506887053,39.441924398625424,43.775655430711616,43.356385542168674,44.48882395909423,44.22594490711083,43.28292540792541,40.90216606498195,42.444887892376684,43.06184433164128,45.416113360323884,43.233770970094824,41.87011070110701,44.62052529182879,44.79970060951609,46.59285265260889,50.791212233391235,55.012517218007304,51.785229824384494,54.060700719221124,53.88412026390036,51.727255998254115,50.658457610845645,55.89304113280934,58.8006572951036,56.250434159408094,58.68590323511612,59.1636851428981,60.240538663761726,56.6268817632089,57.22193168662375,57.246534425591,55.965101828395724,59.649353749755264,82.0939664354264,68.6460015848153,60.53162845069985,56.711929646070956,
datastructure,WB.DATA360:DS_DATA360(1.3),I,A,RUS,WB_WDI_FS_AST_PRVT_GD_ZS,_T,_T,_T,PT_GDP,_Z,_Z,_Z,_Z,RATIO,2,WB_WDI,P1Y,0,A,PU,Annual,Russian Federation,Domestic credit to private sector (% of GDP),Total,All age ranges or no breakdown by age,Total,Percentage of GDP,Not Applicable,Not Applicable,Not Applicable,Not Applicable,Ratio,Two,World Development Indicators (WDI),Annual,Units,Normal value,Public,,,,,,,,,,,,,,,,,,,,,,,,,,,,,,,,,,,,,,,,,,16.83777185303285,17.97239277965006,21.243567057854086,24.31640094976888,25.922539524325146,30.941924028311057,37.78357771745395,41.55404382319479,45.26090929720799,42.84004524911272,41.698605981967596,43.913960242807256,48.02475005377766,54.832279893711245,55.95202268936084,53.102473833776585,52.0765975053134,51.243310671787576,52.561428924634356,59.583626499074384,54.642244776247885,,,
datastructure,WB.DATA360:DS_DATA360(1.3),I,A,TLS,WB_WDI_FS_AST_PRVT_GD_ZS,_T,_T,_T,PT_GDP,_Z,_Z,_Z,_Z,RATIO,2,WB_WDI,P1Y,0,A,PU,Annual,Timor-Leste,Domestic credit to private sector (% of GDP),Total,All age ranges or no breakdown by age,Total,Percentage of GDP,Not Applicable,Not Applicable,Not Applicable,Not Applicable,Ratio,Two,World Development Indicators (WDI),Annual,Units,Normal value,Public,,,,,,,,,,,,,,,,,,,,,,,,,,,,,,,,,,,,,,,,,,,1.3615024992987335,5.375329846270414,20.05172565242926,22.910891262646103,24.561874219285123,18.515657678537934,15.79726781063606,14.243349966662446,12.43415728510236,12.736475412430684,13.791651359171247,13.02339930795261,13.247480933134218,13.322336267545975,12.676530689450022,16.380780418748728,16.05770193508614,12.970603818639729,13.424647105854085,8.3759768535983,12.7236024114007,23.682988755970246,34.793207276323024
datastructure,WB.DATA360:DS_DATA360(1.3),I,A,ZWE,WB_WDI_FS_AST_PRVT_GD_ZS,_T,_T,_T,PT_GDP,_Z,_Z,_Z,_Z,RATIO,2,WB_WDI,P1Y,0,A,PU,Annual,Zimbabwe,Domestic credit to private sector (% of GDP),Total,All age ranges or no breakdown by age,Total,Percentage of GDP,Not Applicable,Not Applicable,Not Applicable,Not Applicable,Ratio,Two,World Development Indicators (WDI),Annual,Units,Normal value,Public,,,,,,,,,,,,,,,,,,,,0.007725796942029121,,1.6314305543950551,0.6908907240742054,3.9920560610072617,10.48467883799344,11.99341673000567,12.136664633863795,15.706367239342352,19.424720895360373,25.07505530770603,12.3778730678535,15.280169414095765,18.70296437879347,21.804523245126383,21.221535606531365,24.78966635755894,21.544125326021753,26.58076803221143,24.815368478938414,16.161617833315198,21.56289645174357,27.724546060426274,84.81336966798521,53.1683069517072,17.047968587140318,14.94854881594734,,,,7.15909146090231,13.543689022532693,18.983397971085164,20.140724208460465,18.731929766625406,19.210345414346218,18.315743783502363,17.098495703397752,5.81005418078355,5.830267429670827,3.4280217644863704,3.6421320354534688,4.759521822070406,5.826323073872185,6.477697264945327,
datastructure,WB.DATA360:DS_DATA360(1.3),I,A,KAZ,WB_WDI_FS_AST_PRVT_GD_ZS,_T,_T,_T,PT_GDP,_Z,_Z,_Z,_Z,RATIO,2,WB_WDI,P1Y,0,A,PU,Annual,Kazakhstan,Domestic credit to private sector (% of GDP),Total,All age ranges or no breakdown by age,Total,Percentage of GDP,Not Applicable,Not Applicable,Not Applicable,Not Applicable,Ratio,Two,World Development Indicators (WDI),Annual,Units,Normal value,Public,,,,,,,,,,,,,,,,,,,,,,,,,,,,,,,,,,,,,,,,,,,,,,,,,,,,,,,,37.72910693270054,33.030229820443274,29.187597742989574,25.932533976381066,24.26647860237112,25.635231095202233,26.010222362402057,25.021893690886554,26.0459503517965,27.279679577965325
datastructure,WB.DATA360:DS_DATA360(1.3),I,A,ECU,WB_WDI_FS_AST_PRVT_GD_ZS,_T,_T,_T,PT_GDP,_Z,_Z,_Z,_Z,RATIO,2,WB_WDI,P1Y,0,A,PU,Annual,Ecuador,Domestic credit to private sector (% of GDP),Total,All age ranges or no breakdown by age,Total,Percentage of GDP,Not Applicable,Not Applicable,Not Applicable,Not Applicable,Ratio,Two,World Development Indicators (WDI),Annual,Units,Normal value,Public,,,,,,,,,,,,,,,,,,,,,,,,,,,,,,,,,,,,,,,,,,,19.071939631814246,18.05512023365062,20.54139802202288,21.984301048125776,22.331216549047703,23.38045985938457,23.96487556184275,24.889633221115414,27.084333685891878,27.591548690393854,28.444372783439974,28.552233205541157,29.208430980273974,29.93626136821855,31.50465580003316,34.220846104021305,38.33749474866993,42.69158201941469,49.055705065274125,49.753398123275446,52.37994877031677,54.49472516746321,56.180515915777384
datastructure,WB.DATA360:DS_DATA360(1.3),I,A,KWT,WB_WDI_FS_AST_PRVT_GD_ZS,_T,_T,_T,PT_GDP,_Z,_Z,_Z,_Z,RATIO,2,WB_WDI,P1Y,0,A,PU,Annual,Kuwait,Domestic credit to private sector (% of GDP),Total,All age ranges or no breakdown by age,Total,Percentage of GDP,Not Applicable,Not Applicable,Not Applicable,Not Applicable,Ratio,Two,World Development Indicators (WDI),Annual,Units,Normal value,Public,,,6.370597243491577,8.394698085419734,8.175675675675675,9.919893190921227,10.09367681498829,11.089449541284404,14.121976866456363,13.65015166835187,13.358667056416252,10.631061704375576,12.001366120218579,15.435446667913471,9.223708608017535,14.361915274966583,24.007083886761986,30.15081504329931,36.195858640339566,30.531595383829803,33.96331135606998,52.43923237312169,72.18743692955707,71.78504149321697,72.43130781408418,73.42703963137642,93.5456050393077,83.02143210703005,90.84563311240964,73.70815568723752,,26.730143355171045,17.724190891200706,17.16249624047422,23.078591724061994,30.026251247858614,33.65220434611999,46.96796897911304,60.72977929551635,54.692083710481256,45.38948860444414,56.63054205607476,58.337066436583264,59.46456908152966,56.36454354986955,50.9326670396555,49.95414241843262,59.57938773380478,57.264928141989614,79.07192699418289,74.63938306575284,60.806258189383776,55.74336827294552,59.75188735411096,67.64071573778145,98.5107903934076,105.18681283456168,98.69910721837203,90.62807133154155,91.95705812829831,,,,,
datastructure,WB.DATA360:DS_DATA360(1.3),I,A,DZA,WB_WDI_FS_AST_PRVT_GD_ZS,_T,_T,_T,PT_GDP,_Z,_Z,_Z,_Z,RATIO,2,WB_WDI,P1Y,0,A,PU,Annual,Algeria,Domestic credit to private sector (% of GDP),Total,All age ranges or no breakdown by age,Total,Percentage of GDP,Not Applicable,Not Applicable,Not Applicable,Not Applicable,Ratio,Two,World Development Indicators (WDI),Annual,Units,Normal value,Public,,,,,14.947641690310792,18.108987923410453,15.545076617704762,17.239318387034576,23.524733912597043,32.18621504327264,28.440510363105187,35.00871244651058,47.729937332185365,49.13802343029634,42.006497280139506,49.965411390664684,53.55384693815268,49.90439961349525,53.82227679342273,51.98721524507155,48.508307154984905,52.571054969401345,62.16137017129992,65.06718022901221,66.49738338512,68.72982798987219,69.31185042709089,67.53259217730111,68.14677826911884,63.193715159832465,56.14321672189211,46.28916649103868,7.254817644441563,6.617753019309634,6.48910489572955,5.199387035094845,5.364902708705331,3.9074168571315493,4.563822481552279,5.3880893015189315,5.965639985701516,7.384503885528991,11.25663890370625,10.364272501840462,10.210328391616335,11.500288629842679,11.520815373144458,12.305815626595784,12.13019175816515,14.84757686154575,13.790133198986052,12.565106412338467,12.908643865172234,15.065274898980721,16.42166363601384,19.220345135103376,20.252454823048463,21.860385583363833,22.387148870126026,22.91286953689939,26.117213419446127,22.659990400839,18.239784601283336,18.846702518083028,19.034141321898513
datastructure,WB.DATA360:DS_DATA360(1.3),I,A,ERI,WB_WDI_FS_AST_PRVT_GD_ZS,_T,_T,_T,PT_GDP,_Z,_Z,_Z,_Z,RATIO,2,WB_WDI,P1Y,0,A,PU,Annual,Eritrea,Domestic credit to private sector (% of GDP),Total,All age ranges or no breakdown by age,Total,Percentage of GDP,Not Applicable,Not Applicable,Not Applicable,Not Applicable,Ratio,Two,World Development Indicators (WDI),Annual,Units,Normal value,Public,,,,,,,,,,,,,,,,,,,,,,,,,,,,,,,,,,,,17.095910037574676,34.64970713083518,35.21082607543307,46.476651476207756,33.286286139054575,29.19470753222424,29.030116606454303,28.612579801293975,30.209468588549743,26.942489327488474,27.5632390071943,25.988269237501484,20.735749041330127,22.060976369261002,16.7680727471697,21.280537677586462,17.56470221270323,16.159717748294554,33.986805892802856,53.241077381172985,,,,,,,,,,
datastructure,WB.DATA360:DS_DATA360(1.3),I,A,JOR,WB_WDI_FS_AST_PRVT_GD_ZS,_T,_T,_T,PT_GDP,_Z,_Z,_Z,_Z,RATIO,2,WB_WDI,P1Y,0,A,PU,Annual,Jordan,Domestic credit to private sector (% of GDP),Total,All age ranges or no breakdown by age,Total,Percentage of GDP,Not Applicable,Not Applicable,Not Applicable,Not Applicable,Ratio,Two,World Development Indicators (WDI),Annual,Units,Normal value,Public,,,,,,14.772175536881418,15.828085106382977,16.34618794326241,19.12125748502994,17.415064102564102,19.095446584938706,18.546242774566473,17.022017045454547,19.126410835214447,20.814363494944256,26.524202798807067,31.248942172073342,28.57213209733488,39.4514019866717,45.29241730279898,46.49703837239248,47.70923650421096,51.08690382401066,55.595880443300125,59.35644342043253,60.74835075611489,57.853380941754075,59.240565006341015,62.45288559754852,64.66101834673263,62.27525261671073,62.36193373901284,55.895690228229554,60.65799093811142,64.50129667454615,68.86251511230832,69.36318104080136,69.99102641465362,69.12631466362437,71.38786494297631,72.08740227049194,75.70839291607085,72.73962319693848,70.80223276661087,74.69885921220137,88.09189298198442,91.76859883470408,91.63205921871523,78.43456367272356,73.3197634332712,71.25475882404574,71.82594793408055,71.28902891679517,70.52722512409478,66.66394155222393,66.71117103170657,70.95308035614669,74.49296984376426,75.62121457285573,76.89981395798091,83.13653179795826,81.96296220692528,84.23330035043342,81.8151952854052,80.15705125556131
datastructure,WB.DATA360:DS_DATA360(1.3),I,A,BRA,WB_WDI_FS_AST_PRVT_GD_ZS,_T,_T,_T,PT_GDP,_Z,_Z,_Z,_Z,RATIO,2,WB_WDI,P1Y,0,A,PU,Annual,Brazil,Domestic credit to private sector (% of GDP),Total,All age ranges or no breakdown by age,Total,Percentage of GDP,Not Applicable,Not Applicable,Not Applicable,Not Applicable,Ratio,Two,World Development Indicators (WDI),Annual,Units,Normal value,Public,17.972726560259485,17.022007978711613,17.028528545357492,14.705662382592088,13.523514485756422,13.086587633862075,11.896988344928205,14.209439131763352,16.650893034401808,26.723249647685492,30.89205986504026,37.55379742875881,41.83728618880328,41.81041020365918,46.166059480889025,52.59559388627905,54.46879497674162,54.3927809648232,50.42510735047995,51.012910632825104,42.05373828160195,44.691433818360046,45.652572338875984,50.47614083123234,50.39323009292652,44.245833386532,,,105.39100764608978,127.74705013615586,42.082789592995,45.159316349642545,84.46590270133369,134.11358913572397,69.52319942263402,43.49452481688978,40.77849367785523,40.85223717187457,29.532260565113123,29.826910204096396,31.14098577657196,29.004038020322493,29.645141942643242,27.68566994403988,29.372770255976704,31.839784155346283,35.425166675967226,40.6909379439314,45.78225599444436,47.49428984688556,52.76465762994273,58.078491106815356,62.51929320137577,64.23057382805133,66.02851039395772,66.82970064727972,62.1940069637572,59.48430929701488,60.21834793823464,62.79050507934291,68.69615484727922,68.80522468314375,70.60609737846517,71.07554055087878,75.6308730939542
datastructure,WB.DATA360:DS_DATA360(1.3),I,A,EAS,WB_WDI_FS_AST_PRVT_GD_ZS,_T,_T,_T,PT_GDP,_Z,_Z,_Z,_Z,RATIO,2,WB_WDI,P1Y,0,A,PU,Annual,East Asia & Pacific,Domestic credit to private sector (% of GDP),Total,All age ranges or no breakdown by age,Total,Percentage of GDP,Not Applicable,Not Applicable,Not Applicable,Not Applicable,Ratio,Two,World Development Indicators (WDI),Annual,Units,Normal value,Public,,,,,,,,,,,87.30370665804048,96.63908879606376,106.57705428438942,107.37692697528794,99.69620255905895,102.25199203265082,102.54777544483177,94.42419186039422,99.27707852838762,98.2187236833478,99.59219082717478,102.215429271038,103.27706865771691,108.27288757620981,109.93032046619598,114.41906656629384,126.88549742000173,141.66091535186385,148.15252486909895,152.15241086989886,155.62832667043574,156.04656427179629,158.934940263073,164.2197572861699,164.13790027813062,160.3918469043343,156.2110039751533,163.8582446992455,171.77724308482897,175.2933021998018,168.98899032457714,150.4832672949431,148.78627735278465,149.83072808017633,142.72943925781343,139.19852593062194,135.6873335508276,129.5966456938008,127.31069376545754,134.00522634732877,129.89173551629636,128.0585539522896,130.13543701920747,132.49464531531507,135.97701975515344,142.3648442668743,145.31344860963287,145.56580085371803,147.3780960454087,153.39649121210215,169.150672548586,166.7900836849438,169.69565608020233,173.87045223669963,176.26298486050868
datastructure,WB.DATA360:DS_DATA360(1.3),I,A,HTI,WB_WDI_FS_AST_PRVT_GD_ZS,_T,_T,_T,PT_GDP,_Z,_Z,_Z,_Z,RATIO,2,WB_WDI,P1Y,0,A,PU,Annual,Haiti,Domestic credit to private sector (% of GDP),Total,All age ranges or no breakdown by age,Total,Percentage of GDP,Not Applicable,Not Applicable,Not Applicable,Not Applicable,Ratio,Two,World Development Indicators (WDI),Annual,Units,Normal value,Public,3.6751355846833236,4.131835051242133,4.093696700352753,4.293222338049548,4.0518788051691885,4.041989311873287,4.010097883553427,4.538851692736483,4.3721098093099195,4.581180561297982,5.955676328502416,6.034564498346196,7.900430107526882,10.87266495287061,13.913901662539796,15.0162899911946,14.476678043230946,16.146652587117213,20.808766167111475,19.26966500092541,16.537375343257697,17.667500337974854,17.656640889974224,14.810803153486079,14.366765774694418,13.606977207126505,11.560198446937015,12.652989449003519,11.796053355434436,13.350352771927707,11.630694258657572,10.301488078774133,10.147854657904908,10.863915033244107,10.17929221815451,12.454132138460212,12.7900707440993,15.688766248194645,14.135657253520009,14.462428162994195,9.017971344174775,8.343350618351387,9.826980465406352,9.673964256037488,8.281373807239433,8.862702922071632,8.470203520880785,8.062165110980695,8.68209202650164,8.211085237275057,7.797039674636526,8.518780035474059,10.814964045335024,10.761527608902513,11.415231554939407,10.767926773068622,10.455275707121709,9.82631897315958,11.206330653387385,10.368700865904753,8.609335969429573,8.312279013240557,8.239050489636657,5.168111916012161,4.114252057742591
datastructure,WB.DATA360:DS_DATA360(1.3),I,A,MAC,WB_WDI_FS_AST_PRVT_GD_ZS,_T,_T,_T,PT_GDP,_Z,_Z,_Z,_Z,RATIO,2,WB_WDI,P1Y,0,A,PU,Annual,"Macao SAR, China",Domestic credit to private sector (% of GDP),Total,All age ranges or no breakdown by age,Total,Percentage of GDP,Not Applicable,Not Applicable,Not Applicable,Not Applicable,Ratio,Two,World Development Indicators (WDI),Annual,Units,Normal value,Public,,,,,,,,,,,,,,,,,,,,,,,,,52.42820341570461,63.188618632400186,61.091471857945756,56.016835660991006,59.63647231429658,63.597552560150895,62.642857142857146,65.5942663746765,66.06166568825135,79.74369198732859,79.03680407651427,74.26614655694489,77.81946339245111,84.35068408067494,78.93658608544928,80.48180567234921,71.96939319807973,63.40378864857018,54.57937521107734,48.21940224046442,40.720756131268885,43.90168967818098,40.91515704034819,47.311519020657165,53.282047450471126,57.45580500878887,56.86602674146963,56.12532169957558,57.57093179256408,62.515084761809966,77.34735912403103,108.51170408723448,117.673690461951,113.62845988446408,113.85829727127961,119.79155578174155,269.83732496880634,232.52391565847472,287.359828906794,146.66925312037924,129.630265117215
datastructure,WB.DATA360:DS_DATA360(1.3),I,A,ECA,WB_WDI_FS_AST_PRVT_GD_ZS,_T,_T,_T,PT_GDP,_Z,_Z,_Z,_Z,RATIO,2,WB_WDI,P1Y,0,A,PU,Annual,Europe & Central Asia (excluding high income),Domestic credit to private sector (% of GDP),Total,All age ranges or no breakdown by age,Total,Percentage of GDP,Not Applicable,Not Applicable,Not Applicable,Not Applicable,Ratio,Two,World Development Indicators (WDI),Annual,Units,Normal value,Public,,,,,,,,,,,,,,,,,,,,,,,,,,,,,,,,,,,,,,,,,,,,,,,,,42.2562780064031,43.7402307124839,47.723949486868314,49.96778769781552,51.09981229184112,54.8241866171632,56.5991612339538,54.69596687923667,55.63843575040153,54.31956702098505,50.748605887691866,48.57930465842632,55.27592837697014,51.448010656662326,42.58946876446423,40.40756353357888,38.00730968062846
datastructure,WB.DATA360:DS_DATA360(1.3),I,A,SYR,WB_WDI_FS_AST_PRVT_GD_ZS,_T,_T,_T,PT_GDP,_Z,_Z,_Z,_Z,RATIO,2,WB_WDI,P1Y,0,A,PU,Annual,Syrian Arab Republic,Domestic credit to private sector (% of GDP),Total,All age ranges or no breakdown by age,Total,Percentage of GDP,Not Applicable,Not Applicable,Not Applicable,Not Applicable,Ratio,Two,World Development Indicators (WDI),Annual,Units,Normal value,Public,25.26882690439968,21.696364957563247,20.53202643511825,20.24768644831832,18.036423491158583,18.38583364824487,20.72715972407536,10.536714220593211,9.78887547084248,8.687162795070295,8.104411764705882,7.115936603020093,6.266796705678371,6.624074637460704,4.37866834963711,4.181676943244162,4.634984833164813,4.958353385407026,5.098644601562259,6.253399702365679,5.741174175931344,5.304893807865971,6.501424667093097,8.102222646709691,8.733375806323167,8.200060078101531,7.605895950286692,7.024085442245051,6.486586722709853,7.694454550676904,7.457067469663993,8.597719890616375,9.567688292118506,10.744764413723097,10.342461287371494,11.150575769517054,9.644962705740841,9.83828458533013,9.186849416277434,9.198600401420109,8.468831767487671,8.064820822826917,8.217750971698512,10.104239300739273,11.654514871445135,14.764627286353637,14.698558390735888,15.084988074705642,17.538173965512282,19.637455233429456,21.936455550138067,20.742524788574606,,,,,,,,,,,,,
datastructure,WB.DATA360:DS_DATA360(1.3),I,A,PNG,WB_WDI_FS_AST_PRVT_GD_ZS,_T,_T,_T,PT_GDP,_Z,_Z,_Z,_Z,RATIO,2,WB_WDI,P1Y,0,A,PU,Annual,Papua New Guinea,Domestic credit to private sector (% of GDP),Total,All age ranges or no breakdown by age,Total,Percentage of GDP,Not Applicable,Not Applicable,Not Applicable,Not Applicable,Ratio,Two,World Development Indicators (WDI),Annual,Units,Normal value,Public,,,,,,,,,,,,,,,,,,,,,,,,,,,,,,,,,,,,,,,,,,,,,,,,,,21.787034697908233,21.09151997296599,20.93251288455348,22.856553909475448,25.099603908389234,22.625642910155566,22.55345090618153,22.1193452819282,19.35275516633923,18.74321341668381,18.054669417934047,18.814981250617212,17.409571816552972,15.042690050505882,16.51367907818664,15.782944538973931
datastructure,WB.DATA360:DS_DATA360(1.3),I,A,NZL,WB_WDI_FS_AST_PRVT_GD_ZS,_T,_T,_T,PT_GDP,_Z,_Z,_Z,_Z,RATIO,2,WB_WDI,P1Y,0,A,PU,Annual,New Zealand,Domestic credit to private sector (% of GDP),Total,All age ranges or no breakdown by age,Total,Percentage of GDP,Not Applicable,Not Applicable,Not Applicable,Not Applicable,Ratio,Two,World Development Indicators (WDI),Annual,Units,Normal value,Public,,,,,,,,,,,,,,,,,,,,,,,,,,,,,,,,,,,,,,,,,,,,,,,,,,,,,,,148.8262447135038,152.13807194122214,154.78032905020117,153.08250664556527,153.1523612310444,155.39058201393678,159.51856118464312,155.54635025259418,146.1186129857721,141.22283260501288,142.62104516324132
datastructure,WB.DATA360:DS_DATA360(1.3),I,A,POL,WB_WDI_FS_AST_PRVT_GD_ZS,_T,_T,_T,PT_GDP,_Z,_Z,_Z,_Z,RATIO,2,WB_WDI,P1Y,0,A,PU,Annual,Poland,Domestic credit to private sector (% of GDP),Total,All age ranges or no breakdown by age,Total,Percentage of GDP,Not Applicable,Not Applicable,Not Applicable,Not Applicable,Ratio,Two,World Development Indicators (WDI),Annual,Units,Normal value,Public,,,,,,,,,,,,,,,,,,,,,,,,,,,,,,,18.864653647310707,21.414337007428266,19.36491059598371,19.10798097273522,16.651228043614857,16.44662957841221,18.74049745368662,20.475312093893454,22.25260253358635,25.088282442635368,26.318406043085453,23.44738358854203,12.829165398399528,13.289229777376732,26.15958580620245,27.041064419058625,31.099103295679516,37.05716183381956,47.10555253758663,46.91511757402351,48.87212568931433,51.48378928791798,50.32510562542457,51.66427723584781,52.62354982388197,53.31488690093305,54.34569872880448,52.27429793934003,51.89698950496534,50.22772954572072,49.26651851594793,45.727889121922146,39.315929503200735,34.70752273463271,33.58579001880971
datastructure,WB.DATA360:DS_DATA360(1.3),I,A,ROU,WB_WDI_FS_AST_PRVT_GD_ZS,_T,_T,_T,PT_GDP,_Z,_Z,_Z,_Z,RATIO,2,WB_WDI,P1Y,0,A,PU,Annual,Romania,Domestic credit to private sector (% of GDP),Total,All age ranges or no breakdown by age,Total,Percentage of GDP,Not Applicable,Not Applicable,Not Applicable,Not Applicable,Ratio,Two,World Development Indicators (WDI),Annual,Units,Normal value,Public,,,,,,,,,,,,,,,,,,,,,,,,,,,,,,,,,,,,,10.990981497580723,8.292438068870318,11.66792316193657,7.987189440993789,7.125224580237434,8.653376567619093,10.089858509307389,14.132268119234503,15.78192827364447,20.058254860614113,26.005425621115023,33.99995466900764,35.91491713894375,37.0085626096682,38.28600737111375,37.43260739499519,35.96056979479075,34.16965053037044,31.08576027044199,29.903814568016834,28.558624305056142,26.66846046302778,25.691739171492927,24.715563111960016,25.854721816758076,26.489032098571403,25.222036981497443,23.250230442142552,22.728119541209832
datastructure,WB.DATA360:DS_DATA360(1.3),I,A,NAM,WB_WDI_FS_AST_PRVT_GD_ZS,_T,_T,_T,PT_GDP,_Z,_Z,_Z,_Z,RATIO,2,WB_WDI,P1Y,0,A,PU,Annual,Namibia,Domestic credit to private sector (% of GDP),Total,All age ranges or no breakdown by age,Total,Percentage of GDP,Not Applicable,Not Applicable,Not Applicable,Not Applicable,Ratio,Two,World Development Indicators (WDI),Annual,Units,Normal value,Public,,,,,,,,,,,,,,,,,,,,,,,,,,,,,,,,,,,,,,,,,,,,,,,,,,,,,,,,65.62596883578905,68.57186389701928,65.08508986405414,65.84154868007488,70.95057935235695,72.76766771664647,68.84732486968109,61.39684174696125,56.58073100414776,57.48769973844813
datastructure,WB.DATA360:DS_DATA360(1.3),I,A,BGD,WB_WDI_FS_AST_PRVT_GD_ZS,_T,_T,_T,PT_GDP,_Z,_Z,_Z,_Z,RATIO,2,WB_WDI,P1Y,0,A,PU,Annual,Bangladesh,Domestic credit to private sector (% of GDP),Total,All age ranges or no breakdown by age,Total,Percentage of GDP,Not Applicable,Not Applicable,Not Applicable,Not Applicable,Ratio,Two,World Development Indicators (WDI),Annual,Units,Normal value,Public,,,,,,,,,,,,,,,2.611807689308114,1.917119790225594,2.9654058240604995,4.989642568447879,4.53405314575359,5.339445772873442,5.77134166972366,6.776746856866538,7.155709510328648,9.034443857539957,12.55462231063737,13.039522545961166,12.74331351870194,13.214530846119226,14.414933706354422,15.970031161617202,16.074099153044457,15.919909283879086,14.54554340304366,15.294316924438064,16.2711918310691,20.881760737261615,18.911997573886424,19.98663127563067,20.496637948547107,20.98723413231733,21.77938901332348,24.179592705354967,26.20812497374956,26.038627676488474,27.913403288337413,29.343830496862257,31.165701696138893,32.04283305356478,34.04219174648177,36.19103756525222,40.96132262923417,42.47024116297718,43.00066937509142,41.79475480533917,43.73612387048529,44.40697180628371,37.798642667231775,40.4489561448676,40.024736590697934,39.03447093500655,39.161059242521,39.08201632957006,38.955568428803225,37.64138023391027,35.81117157879627
datastructure,WB.DATA360:DS_DATA360(1.3),I,A,ISL,WB_WDI_FS_AST_PRVT_GD_ZS,_T,_T,_T,PT_GDP,_Z,_Z,_Z,_Z,RATIO,2,WB_WDI,P1Y,0,A,PU,Annual,Iceland,Domestic credit to private sector (% of GDP),Total,All age ranges or no breakdown by age,Total,Percentage of GDP,Not Applicable,Not Applicable,Not Applicable,Not Applicable,Ratio,Two,World Development Indicators (WDI),Annual,Units,Normal value,Public,44.60485709908191,42.72882372159407,40.022291422244926,38.48617877768578,29.777939343257103,31.356719010032613,30.6601440828919,34.88360491337604,37.104799392006704,32.724672965271736,31.16309708944303,29.96422241079356,28.25998524085311,27.36268512018186,29.798324581942996,27.535430815571193,25.025606681374096,24.33129098618066,23.41792510026818,25.00466546213534,25.66534449180069,28.11721842193694,34.908114200399595,36.736720062734825,38.07719500246753,36.645804287906365,31.92184250560388,34.27703514120577,38.22011229045245,44.287156989567734,40.43930743184533,41.61359102715954,44.59190573458784,44.58225381385881,42.52057297592651,43.90311630754127,46.40601503594654,63.789220262941726,61.405869678169786,69.98892692900532,92.35794974827,94.08891206570836,99.51121681305953,123.68039991882367,156.23107602551997,235.4619086315303,301.0189435836656,243.15494776409022,190.99158496316795,171.82627024193047,157.61794192499303,134.86019154976734,116.32024487075061,106.38845695579131,93.2716453077666,86.33044925441492,83.02890193585642,85.67512707183916,89.49217567215587,87.71155478108612,98.409254247691,99.52282079037582,93.06377834571218,88.35422343132034,90.89190124600178
datastructure,WB.DATA360:DS_DATA360(1.3),I,A,LBY,WB_WDI_FS_AST_PRVT_GD_ZS,_T,_T,_T,PT_GDP,_Z,_Z,_Z,_Z,RATIO,2,WB_WDI,P1Y,0,A,PU,Annual,Libya,Domestic credit to private sector (% of GDP),Total,All age ranges or no breakdown by age,Total,Percentage of GDP,Not Applicable,Not Applicable,Not Applicable,Not Applicable,Ratio,Two,World Development Indicators (WDI),Annual,Units,Normal value,Public,10.108443944342154,9.650696387312898,7.997082158398559,5.281016158632337,4.573444525020702,4.191513652968402,4.568508788699356,4.662580100541224,4.573803387378277,5.309850985615077,5.214041325059187,5.138340042203373,6.416953022169785,8.396087599840596,9.220882520462826,13.776697004674027,12.486935304933128,12.075748287951418,13.458741833380202,11.143385597320945,8.98886102791017,19.062096251325535,14.001490860521336,21.85222482731042,23.578092359825757,20.8584752441827,24.888670495754834,25.76219193638701,32.45432263978193,31.80827915616293,30.433720219914477,28.42445162008685,28.756524473325644,32.22728246892414,32.409952844386474,32.53464419475656,23.68472906403941,22.01922397342568,24.562862972845707,23.949418674337767,20.46729925517804,19.614825581395348,17.206673842841766,12.784057108863772,10.339998606563087,7.384389330233159,6.007618627760233,6.153676012642387,7.299144171316543,11.178265569572426,9.26018623627628,14.181919472921065,9.338085155950228,13.736936906851563,19.318718861599958,21.51997871869292,18.88292583023278,14.789628314384643,12.84654233469375,14.6289531807933,21.833739154637673,11.039173849762625,10.718570677358372,12.218007541562228,13.041851907924029
datastructure,WB.DATA360:DS_DATA360(1.3),I,A,BRN,WB_WDI_FS_AST_PRVT_GD_ZS,_T,_T,_T,PT_GDP,_Z,_Z,_Z,_Z,RATIO,2,WB_WDI,P1Y,0,A,PU,Annual,Brunei Darussalam,Domestic credit to private sector (% of GDP),Total,All age ranges or no breakdown by age,Total,Percentage of GDP,Not Applicable,Not Applicable,Not Applicable,Not Applicable,Ratio,Two,World Development Indicators (WDI),Annual,Units,Normal value,Public,,,,,,,,,,,,,,,,,,,,,,,,,,,,,,,,,,,,,,,,,,,,,,,31.704559456771463,34.20035173234034,31.768527517614338,40.101786431327405,36.90827107108879,28.12094840053624,27.992142333278615,31.192415547932573,33.20797848998817,41.43626781669278,44.3021638754597,39.461861120497645,35.04046879705719,35.70555074521545,39.689883172074936,36.26937708654543,31.55563456644222,37.08384978857385,37.70964824750392
datastructure,WB.DATA360:DS_DATA360(1.3),I,A,PRY,WB_WDI_FS_AST_PRVT_GD_ZS,_T,_T,_T,PT_GDP,_Z,_Z,_Z,_Z,RATIO,2,WB_WDI,P1Y,0,A,PU,Annual,Paraguay,Domestic credit to private sector (% of GDP),Total,All age ranges or no breakdown by age,Total,Percentage of GDP,Not Applicable,Not Applicable,Not Applicable,Not Applicable,Ratio,Two,World Development Indicators (WDI),Annual,Units,Normal value,Public,8.153242771057817,8.487197078166147,8.627442351698644,9.156123377160341,10.22700769649382,11.41129320833035,13.404994719089638,16.933646922370606,18.807187538329448,21.25133750873839,22.86635255802779,22.674835196331326,21.87710915489324,20.345432368439933,17.78012937907211,18.07502664895321,18.85102466961587,18.94940291033792,19.417533220479815,18.6338191092508,18.905129545604584,17.620606500171444,18.572791164658632,17.416261050962227,15.456948847994367,12.905459529685778,12.854002041751764,11.463755006200383,13.569528528883568,13.307213211578194,14.315758872994477,16.943490864554963,19.967474738084796,23.105389287680143,26.879101163663897,23.964444650783705,25.785659171081925,32.774101187726785,24.521930995265677,25.05516054422531,23.76039842641331,24.16866754133566,20.85562796719768,12.686170751137752,12.296811185952853,12.280888461823604,11.668286059212939,13.71766496649433,18.759698013857406,21.581430649678648,25.424139058165085,28.95225031820211,31.546302086161198,34.37789427880166,38.13814903695872,43.349646470293116,41.355719130797915,41.07534411983119,44.512192418115774,47.65227983877562,50.64453391954763,49.412828615541734,50.95835137850302,52.23315418846772,57.38921169017899
datastructure,WB.DATA360:DS_DATA360(1.3),I,A,IRL,WB_WDI_FS_AST_PRVT_GD_ZS,_T,_T,_T,PT_GDP,_Z,_Z,_Z,_Z,RATIO,2,WB_WDI,P1Y,0,A,PU,Annual,Ireland,Domestic credit to private sector (% of GDP),Total,All age ranges or no breakdown by age,Total,Percentage of GDP,Not Applicable,Not Applicable,Not Applicable,Not Applicable,Ratio,Two,World Development Indicators (WDI),Annual,Units,Normal value,Public,,,,,,,,,,,,,,,,,,,,,,,,,,,,,,,,,,,,,,,,,,71.776397881,75.40688794642658,85.71898387088376,104.89955932470502,124.6403805509429,144.5708584940264,158.0991297096176,166.32263914762612,169.25229220981515,133.426753126152,114.74152254082802,110.63633107940194,102.40468374629855,78.3674079003117,51.26579725988742,47.38684143779598,42.62273403445418,39.71791066274634,36.05527225511969,32.34024642732319,26.483062008904934,25.44196667160939,25.22255536704419,23.78453755553835
datastructure,WB.DATA360:DS_DATA360(1.3),I,A,ARM,WB_WDI_FS_AST_PRVT_GD_ZS,_T,_T,_T,PT_GDP,_Z,_Z,_Z,_Z,RATIO,2,WB_WDI,P1Y,0,A,PU,Annual,Armenia,Domestic credit to private sector (% of GDP),Total,All age ranges or no breakdown by age,Total,Percentage of GDP,Not Applicable,Not Applicable,Not Applicable,Not Applicable,Ratio,Two,World Development Indicators (WDI),Annual,Units,Normal value,Public,,,,,,,,,,,,,,,,,,,,,,,,,,,,,,,,,,,,,,,,,,,,,,,,,,24.854921969358752,28.44516459979593,35.367887872035006,40.0600551046665,42.3802404869208,48.9171731063839,45.63078260994396,48.875644374277115,51.5425858055791,55.50200273335945,60.15523791517911,72.19291408585167,61.673812545880814,52.55384267553942,55.404960257375855,64.37994331739236
datastructure,WB.DATA360:DS_DATA360(1.3),I,A,MAR,WB_WDI_FS_AST_PRVT_GD_ZS,_T,_T,_T,PT_GDP,_Z,_Z,_Z,_Z,RATIO,2,WB_WDI,P1Y,0,A,PU,Annual,Morocco,Domestic credit to private sector (% of GDP),Total,All age ranges or no breakdown by age,Total,Percentage of GDP,Not Applicable,Not Applicable,Not Applicable,Not Applicable,Ratio,Two,World Development Indicators (WDI),Annual,Units,Normal value,Public,,,,,,,,,,,,,,,,,,,,,,,,,,,,,,,,,,,,,,,,,,,,,,,,,,,83.29228907686289,86.804176959607,87.76184019330559,83.5655425605352,83.51030761434615,78.39339799669341,80.22994967738806,80.1940481650889,78.95681017921677,81.47485954891421,90.93144497529616,86.0589211866219,87.53621775554056,80.50480857948699,77.76355338174712
datastructure,WB.DATA360:DS_DATA360(1.3),I,A,GHA,WB_WDI_FS_AST_PRVT_GD_ZS,_T,_T,_T,PT_GDP,_Z,_Z,_Z,_Z,RATIO,2,WB_WDI,P1Y,0,A,PU,Annual,Ghana,Domestic credit to private sector (% of GDP),Total,All age ranges or no breakdown by age,Total,Percentage of GDP,Not Applicable,Not Applicable,Not Applicable,Not Applicable,Ratio,Two,World Development Indicators (WDI),Annual,Units,Normal value,Public,4.568469505178366,5.827956989247312,6.180344478216818,7.581818181818181,6.957928802588997,8.519781718963165,8.451910408432148,7.566489361702128,8.658823529411764,9.210394802598701,8.2514386896857,12.584000000000001,10.060390763765541,5.343330477006569,5.676824034334764,5.784402801438577,5.902696904688937,5.018364239003852,3.5211569617840466,2.8188647154702005,2.19261644730701,1.8473824801035443,1.8023504644249344,1.5422684445603625,2.2094093383747104,3.1083988246542757,3.628109888089982,3.1541554959785523,3.1392813519077314,5.844565464354712,4.92869864550594,3.65734044783811,4.941929269054096,4.83817566695075,5.250032660902978,5.073564508430409,6.005079065501336,8.195094024118923,9.358847165659402,12.56208323977614,13.97149132403602,11.884391260895466,12.149537304832343,12.493048761649044,13.17248936717412,15.54406881362739,10.857587016057163,14.488430226033715,12.61349047034922,17.736973258453833,16.66077480867122,17.195282647350265,18.071712863712285,15.292371647932212,16.504890626902583,17.93356704721863,17.43563865604135,16.099520144414083,13.71414321922028,13.937211385640078,13.058528858536988,13.054431123137162,13.288523788086454,9.446194973728833,9.030663144227539
datastructure,WB.DATA360:DS_DATA360(1.3),I,A,STP,WB_WDI_FS_AST_PRVT_GD_ZS,_T,_T,_T,PT_GDP,_Z,_Z,_Z,_Z,RATIO,2,WB_WDI,P1Y,0,A,PU,Annual,São Tomé and Príncipe,Domestic credit to private sector (% of GDP),Total,All age ranges or no breakdown by age,Total,Percentage of GDP,Not Applicable,Not Applicable,Not Applicable,Not Applicable,Ratio,Two,World Development Indicators (WDI),Annual,Units,Normal value,Public,,,,,,,,,,,,,,,,,,,,,,,,,,,,,,,,,,,,4.545068904901934,2.9555472816600226,2.8548325844103584,4.5167272961142215,4.544083420435564,4.376403033340193,4.357666131302822,5.678818658547424,10.036874831806,15.520716913315159,22.229377388691987,26.119880325118462,30.79286821156874,27.625801863226773,32.696225778476695,39.18594162881329,39.74666235321116,41.64889353290205,36.325899113117394,32.74417003818671,33.2568293234458,31.49940560218724,29.438708652203104,24.771090762313236,22.490035335269816,19.891604854639354,17.688068697072044,12.851755632454815,7.816315128653509,
datastructure,WB.DATA360:DS_DATA360(1.3),I,A,TSS,WB_WDI_FS_AST_PRVT_GD_ZS,_T,_T,_T,PT_GDP,_Z,_Z,_Z,_Z,RATIO,2,WB_WDI,P1Y,0,A,PU,Annual,Sub-Saharan Africa (IDA & IBRD),Domestic credit to private sector (% of GDP),Total,All age ranges or no breakdown by age,Total,Percentage of GDP,Not Applicable,Not Applicable,Not Applicable,Not Applicable,Ratio,Two,World Development Indicators (WDI),Annual,Units,Normal value,Public,,,,,,23.193369724009163,22.84802344174863,24.81769656497013,24.348252788115246,24.675322373272532,24.876444945748247,27.0092349186678,25.65766207327148,27.092212215843965,25.247616047347055,25.81047024250135,23.50582080863391,24.12249205042814,25.187430520674095,24.464826513077057,26.113990525142246,20.122930904387346,20.73528667031844,25.316508203405654,26.63431065946118,24.261351618014103,27.602892273229575,31.173039821017877,31.689995795246073,32.94008188069725,33.13352344553045,,45.7556063893634,46.53849296190829,49.16841226299671,45.18918313655345,39.943952627764126,38.952133130994746,36.65997045143434,55.38496973137756,51.124709445260436,50.26671919641732,38.63278572245442,46.26440867250831,51.543183670274125,53.33956113674962,55.09748083374674,55.71146845083789,46.356931876025335,48.928819172723166,50.355141614761834,46.16217205409866,45.77111361349783,42.466454319899505,41.56328628406413,41.04298797248122,43.77073680147608,45.38812222778207,41.5146349484272,35.50430702681247,33.9867890282897,32.40000117769847,30.002645224330454,,
datastructure,WB.DATA360:DS_DATA360(1.3),I,A,IND,WB_WDI_FS_AST_PRVT_GD_ZS,_T,_T,_T,PT_GDP,_Z,_Z,_Z,_Z,RATIO,2,WB_WDI,P1Y,0,A,PU,Annual,India,Domestic credit to private sector (% of GDP),Total,All age ranges or no breakdown by age,Total,Percentage of GDP,Not Applicable,Not Applicable,Not Applicable,Not Applicable,Ratio,Two,World Development Indicators (WDI),Annual,Units,Normal value,Public,7.8431326277283695,8.516176154586052,8.98048080721811,9.107454010428194,8.536791908544357,9.270091621466054,9.515407717954066,9.116728704041464,9.82064342827666,10.400128635488656,11.236549701476447,12.493437925829802,12.922357680101198,13.093863834112723,12.91379979380569,14.933733329920596,17.887701698518196,18.041785188055854,19.695420697328863,20.956736238373406,20.54345895388712,21.225462447398733,22.68789891754308,22.892668764796788,24.282574644533756,24.563665159554333,25.801001096331845,25.382359512824188,25.275117440762617,26.589814009750746,24.91645656971862,23.821744452682765,24.698240250739467,23.832055386716185,23.647341404645513,22.510774702358244,23.402442036857753,23.55532534622629,23.677746857874478,25.422862207347148,28.339551157518265,28.61941542541017,32.30648907355375,31.62626561864905,36.19180385459677,40.067980478057265,43.62775243342684,45.62776474571382,49.55936668711599,48.12444791120459,50.555374978522416,51.28923313254473,51.888507647346394,52.38570951697198,51.882187358962774,51.86752407720488,38.20365079122308,38.17071386241474,38.897525401036155,38.737944976159966,40.78678485518212,36.892088510289675,37.08849231185367,39.34773834530034,40.02152248188802
datastructure,WB.DATA360:DS_DATA360(1.3),I,A,CMR,WB_WDI_FS_AST_PRVT_GD_ZS,_T,_T,_T,PT_GDP,_Z,_Z,_Z,_Z,RATIO,2,WB_WDI,P1Y,0,A,PU,Annual,Cameroon,Domestic credit to private sector (% of GDP),Total,All age ranges or no breakdown by age,Total,Percentage of GDP,Not Applicable,Not Applicable,Not Applicable,Not Applicable,Ratio,Two,World Development Indicators (WDI),Annual,Units,Normal value,Public,9.701174670154582,9.81259855556001,11.587278235632104,13.30110973874454,14.067232220268867,13.699247749494045,14.3137256818672,14.841511581623715,13.44440109279425,13.82243986583031,14.205845907067824,14.139174488146603,15.273534789360141,15.312882973088952,17.195263201521787,18.746530568963724,20.806497065235682,24.53117520996282,25.35829666795716,25.71280981273109,29.54283126488604,31.15564538568715,31.242346808288556,30.89243834005161,25.23095412697366,22.87880843123039,24.017815737378463,25.868992426355998,24.39344089213579,25.072784652246888,26.377386049643647,26.418657164413535,12.520264315453314,8.048956956236191,7.4764096119770445,6.84825406635548,6.799911553297207,5.528166782399152,6.433485295997758,6.763599693877256,7.248347709787044,7.840749159026242,8.063339602144875,8.238549709599042,7.795419523615725,8.402862425801546,8.123532984188047,8.285086704142225,9.239715279032469,9.64395738517045,10.77793742422167,12.32636507049153,12.412020010814343,12.96113749287811,13.72783642726316,14.190393085648658,14.370664048515247,14.063346145304594,14.682077628989779,14.091092875124412,,,,,
datastructure,WB.DATA360:DS_DATA360(1.3),I,A,VUT,WB_WDI_FS_AST_PRVT_GD_ZS,_T,_T,_T,PT_GDP,_Z,_Z,_Z,_Z,RATIO,2,WB_WDI,P1Y,0,A,PU,Annual,Vanuatu,Domestic credit to private sector (% of GDP),Total,All age ranges or no breakdown by age,Total,Percentage of GDP,Not Applicable,Not Applicable,Not Applicable,Not Applicable,Ratio,Two,World Development Indicators (WDI),Annual,Units,Normal value,Public,,,,,,,,,,,,,,,,,,,,30.243906127305625,31.9719671338811,31.375262683878713,29.526143790849673,29.938276896699527,28.053288693590012,27.34568342750876,29.525286083425616,30.20541775456919,30.94206579583938,31.280998209489702,33.974809044463555,30.373893706915723,35.88219663418955,35.365523465703966,33.888214968387004,32.91310413909061,34.17061643835616,30.969214706068467,32.46386820940593,35.959876275547074,31.546112550412648,33.433188367129134,37.09012666538998,38.54497072218608,39.79175305737323,43.59995364790952,42.44131575157886,43.79495633105221,55.05525115680805,64.83207944891475,67.58730771278233,69.35414009578406,73.70882012615839,72.62001207945097,75.55648062471707,69.75227794028841,67.11983279235292,64.48522327294572,61.49913524128966,59.087294783620294,60.211453968874196,60.94282903107967,55.24484397380487,53.551817090879,56.33322990279602
datastructure,WB.DATA360:DS_DATA360(1.3),I,A,HIC,WB_WDI_FS_AST_PRVT_GD_ZS,_T,_T,_T,PT_GDP,_Z,_Z,_Z,_Z,RATIO,2,WB_WDI,P1Y,0,A,PU,Annual,High income,Domestic credit to private sector (% of GDP),Total,All age ranges or no breakdown by age,Total,Percentage of GDP,Not Applicable,Not Applicable,Not Applicable,Not Applicable,Ratio,Two,World Development Indicators (WDI),Annual,Units,Normal value,Public,59.56619814217466,62.70950874630399,63.35252477537911,,,,,,,,77.51048374214425,81.130872964307,86.6296801303709,,,,,,,,,83.77760615409981,87.16882446818202,91.74168393244591,93.85690991873018,99.52545276758694,109.62072207629608,116.05563728406611,,124.96646869378988,,,,131.9675964633175,132.6800203545458,135.8750200279021,136.40346062751175,143.163845869384,150.5821042675161,159.76671270936666,154.91394833345154,137.18144407898887,132.49251129233642,136.03873678397085,136.68017808662674,139.33739572241507,143.69624945428873,145.62631842684107,138.80804225823874,144.5342497215912,139.71812465431822,133.9153467134228,134.06718668682328,135.7968713362229,135.5827017126858,138.72546621377614,140.388533728014,142.22598417421932,138.18604077369014,145.05638268627365,161.9033111888827,159.63091817798622,147.93988713986133,147.83709785365306,154.9950979144506
datastructure,WB.DATA360:DS_DATA360(1.3),I,A,DNK,WB_WDI_FS_AST_PRVT_GD_ZS,_T,_T,_T,PT_GDP,_Z,_Z,_Z,_Z,RATIO,2,WB_WDI,P1Y,0,A,PU,Annual,Denmark,Domestic credit to private sector (% of GDP),Total,All age ranges or no breakdown by age,Total,Percentage of GDP,Not Applicable,Not Applicable,Not Applicable,Not Applicable,Ratio,Two,World Development Indicators (WDI),Annual,Units,Normal value,Public,43.73488401085406,43.45160693633206,43.910570856228304,45.6408249202447,45.479594779862296,45.71737209682243,48.72825432336307,47.975730515090866,48.384960181280604,48.550420082661134,47.04061305671353,46.36877097739235,46.781752060393536,46.32737862838413,44.9491510054954,47.81846431588747,47.72988784243946,45.43889762043668,42.79115617813314,39.74480224043278,39.44995854357836,37.76555160441694,36.45032717255711,38.49683704187344,40.884457781534344,43.672520025263005,54.8422364682793,49.72032256629495,47.898526667497485,50.79713501902775,50.34135289847552,41.88210185911656,39.331497710369554,34.261036144715916,30.29179176820284,30.37174711317926,31.01624831799424,31.56600061913736,34.342844281039184,34.09555853100252,132.06093562108555,138.75410333293655,141.4818503626661,139.8868147899134,145.29299879291776,157.13814784274675,168.74550256399388,184.03742470059993,190.31686614058046,200.39918231773544,192.82994675065706,187.07112826147798,182.29482500660802,176.47778714250967,173.40626422347074,170.4826084106843,167.0593462826272,162.0560896534546,161.96022377506227,161.89867891429242,163.53675512979032,155.22932109043273,143.40600056611916,147.4820984972066,144.062236896793
datastructure,WB.DATA360:DS_DATA360(1.3),I,A,YEM,WB_WDI_FS_AST_PRVT_GD_ZS,_T,_T,_T,PT_GDP,_Z,_Z,_Z,_Z,RATIO,2,WB_WDI,P1Y,0,A,PU,Annual,"Yemen, Rep.",Domestic credit to private sector (% of GDP),Total,All age ranges or no breakdown by age,Total,Percentage of GDP,Not Applicable,Not Applicable,Not Applicable,Not Applicable,Ratio,Two,World Development Indicators (WDI),Annual,Units,Normal value,Public,,,,,,,,,,,,,,,,,,,,,,,,,,,,,,,5.219792103164411,4.94373538028297,4.654831889917104,4.846797084184035,4.2027671954212895,4.60480615607851,3.014533476614168,3.8882618254858676,5.349375628561851,5.2465128162459855,4.860630017261626,5.7347658174804055,5.801288280608112,6.366397791732697,7.1625362299053235,6.939312158543818,6.913219608237073,8.184084965625383,7.704922009326588,7.735476025059105,6.289340649637129,5.068725811203098,4.645404088247402,5.636719541374874,,,,,,,,,,,
datastructure,WB.DATA360:DS_DATA360(1.3),I,A,MKD,WB_WDI_FS_AST_PRVT_GD_ZS,_T,_T,_T,PT_GDP,_Z,_Z,_Z,_Z,RATIO,2,WB_WDI,P1Y,0,A,PU,Annual,North Macedonia,Domestic credit to private sector (% of GDP),Total,All age ranges or no breakdown by age,Total,Percentage of GDP,Not Applicable,Not Applicable,Not Applicable,Not Applicable,Ratio,Two,World Development Indicators (WDI),Annual,Units,Normal value,Public,,,,,,,,,,,,,,,,,,,,,,,,,,,,,,,,,,,,,,,,,,,,,,,,,,,,,48.11219660849215,47.6490949146214,50.513553958547,52.03203646946674,48.97800584680492,49.88447924228584,50.244452558277175,51.267965653273414,55.74662868822643,55.50101334112302,54.295322035002656,52.035930656831496,53.92352566353793
datastructure,WB.DATA360:DS_DATA360(1.3),I,A,SUR,WB_WDI_FS_AST_PRVT_GD_ZS,_T,_T,_T,PT_GDP,_Z,_Z,_Z,_Z,RATIO,2,WB_WDI,P1Y,0,A,PU,Annual,Suriname,Domestic credit to private sector (% of GDP),Total,All age ranges or no breakdown by age,Total,Percentage of GDP,Not Applicable,Not Applicable,Not Applicable,Not Applicable,Ratio,Two,World Development Indicators (WDI),Annual,Units,Normal value,Public,,,,,,,,12.233801540552786,13.173813963124093,14.939341421143848,16.775190978537648,17.524916943521596,19.007853822728002,18.01001620268081,18.272538733683056,16.908700322234154,22.785361028684473,22.17381137957911,24.5356900067981,26.907987220447282,28.985534591194966,30.7289088863892,33.62185792349727,35.093378607809846,36.31018518518518,39.5057273768614,40.829966329966325,39.43622448979592,40.43023255813954,42.779948396608916,37.82312049433574,40.722606561035484,40.61921239083869,21.50322403621896,8.20109445868665,6.592384921634503,13.188208183518322,17.170351540468847,18.178093424404736,14.526209504204878,7.911978621374388,8.787978271899222,15.96538389130939,17.22718317716598,18.75587186276112,19.31981872014697,17.488411134818207,21.358459496517554,23.864639724690907,24.40769772248261,24.01853926881264,23.657266068108083,24.194789615843618,27.815281395088626,29.73024355290297,33.73302060675274,36.32938764117733,28.286886647443808,24.278077806331506,23.09408338092366,24.220907558957645,18.10475437641741,19.378477970678357,16.59840678412514,17.02071422828332
datastructure,WB.DATA360:DS_DATA360(1.3),I,A,IRN,WB_WDI_FS_AST_PRVT_GD_ZS,_T,_T,_T,PT_GDP,_Z,_Z,_Z,_Z,RATIO,2,WB_WDI,P1Y,0,A,PU,Annual,"Iran, Islamic Rep.",Domestic credit to private sector (% of GDP),Total,All age ranges or no breakdown by age,Total,Percentage of GDP,Not Applicable,Not Applicable,Not Applicable,Not Applicable,Ratio,Two,World Development Indicators (WDI),Annual,Units,Normal value,Public,12.936816805351208,14.218346098174313,12.977528319444753,14.833521746485303,16.465315900588337,15.967724248971257,17.206588868672217,17.830923944028285,19.00933598821683,19.345860136590602,20.980200893885122,19.671520250310213,20.465226150889595,19.797457723231002,15.371101793816266,20.91926695611691,21.684775643863752,21.490237571392274,,25.7346218403114,29.695084042678776,26.160504012744028,20.669151430938904,19.81902473482272,18.304822912905642,19.259174456363894,22.78181312517613,21.545477593242072,21.330458447763533,22.70842969544281,22.978664127357142,22.420380517757298,23.19095225792602,20.852018065324973,19.705701306940345,16.688237380044793,15.176984893865583,16.60541303884341,18.021920328798142,18.043279668209777,26.24978118344502,30.07958278221138,29.10088062939683,32.43325476239766,35.071095896487954,38.34815322696205,44.79480279774278,47.04727613898447,45.31506944252744,49.21222940861035,52.022949817044825,49.24750789711027,49.617323483095674,44.59649913356566,48.98447929763578,56.371959355197674,57.831338370399685,,,,,,,,
datastructure,WB.DATA360:DS_DATA360(1.3),I,A,TTO,WB_WDI_FS_AST_PRVT_GD_ZS,_T,_T,_T,PT_GDP,_Z,_Z,_Z,_Z,RATIO,2,WB_WDI,P1Y,0,A,PU,Annual,Trinidad and Tobago,Domestic credit to private sector (% of GDP),Total,All age ranges or no breakdown by age,Total,Percentage of GDP,Not Applicable,Not Applicable,Not Applicable,Not Applicable,Ratio,Two,World Development Indicators (WDI),Annual,Units,Normal value,Public,8.472183306684434,7.927810059643059,8.797221133034986,8.196447076710918,9.603418161342015,11.380375386077453,12.799226243249779,13.923286016309271,13.368033559627984,17.440965092402465,20.100991665145706,20.41219534657282,24.15085275042037,22.833633212449623,15.877597154043869,16.756287301064372,20.48436055357753,23.387053950722176,27.381396999342765,24.85560144901774,22.118802619270348,24.18449436863119,25.048881609254238,30.437932700048304,32.63254015147446,32.33689336506004,34.283893395133255,35.49559981472904,34.13653456754411,33.64665541827682,29.84493244811737,33.72771359924818,33.350491606144104,31.997166515253994,26.015550104565754,27.571607497215833,28.316383764232388,33.12909421895865,35.40840957041902,33.900403599049646,31.90454270235757,47.41287954954988,47.15027389365785,39.33872634366086,37.9611653638537,33.49220255347048,32.69499241888483,32.052822767244116,26.708252412463658,35.95344206931495,30.845460844111905,28.125639787384404,26.973679641935515,26.63228499313211,27.687460729094663,32.56882990214416,36.655528139884936,37.48848106432553,38.93717246676012,41.44843385072191,46.45598241269418,40.78295832731032,37.12719984678269,45.529190336265,48.37663266876651
datastructure,WB.DATA360:DS_DATA360(1.3),I,A,PSE,WB_WDI_FS_AST_PRVT_GD_ZS,_T,_T,_T,PT_GDP,_Z,_Z,_Z,_Z,RATIO,2,WB_WDI,P1Y,0,A,PU,Annual,West Bank and Gaza,Domestic credit to private sector (% of GDP),Total,All age ranges or no breakdown by age,Total,Percentage of GDP,Not Applicable,Not Applicable,Not Applicable,Not Applicable,Ratio,Two,World Development Indicators (WDI),Annual,Units,Normal value,Public,,,,,,,,,,,,,,,,,,,,,,,,,,,,,,,,,,,,,,,18.029518289984757,21.372015826933882,21.488655044510384,21.410607956367535,24.19652143248709,21.693137535178984,23.117606716899047,26.446226204337357,26.217354827141335,22.867427964131572,17.57291999439155,19.53363220723005,21.35953044404276,22.95771736369244,24.047572877936503,24.119968568606414,27.32467960470918,32.60104707136927,36.52793214113233,41.742377900111606,44.840287817050246,44.926735358741645,52.24382115756807,47.32951604163675,47.71061748073361,55.058396607640034,68.48430252560613
datastructure,WB.DATA360:DS_DATA360(1.3),I,A,BHS,WB_WDI_FS_AST_PRVT_GD_ZS,_T,_T,_T,PT_GDP,_Z,_Z,_Z,_Z,RATIO,2,WB_WDI,P1Y,0,A,PU,Annual,"Bahamas, The",Domestic credit to private sector (% of GDP),Total,All age ranges or no breakdown by age,Total,Percentage of GDP,Not Applicable,Not Applicable,Not Applicable,Not Applicable,Ratio,Two,World Development Indicators (WDI),Annual,Units,Normal value,Public,,,,,,,,,,,,,,62.75152779847966,51.344086021505376,60.248238846024826,51.3938638841302,49.53716690042076,46.19173474291206,38.74363583579261,38.6430015726803,39.9018576936558,39.64392067414306,39.05817174515235,36.09818235265298,36.20890404657664,39.664307381193126,42.74502736717123,44.029241633840805,43.491182233834095,46.31080227416298,48.70530605947621,50.813766484400126,53.94890038809832,57.02669530530837,60.07874015748031,62.34968135217511,40.28458584161355,41.51483488018825,41.108191575338985,44.80670391891507,46.91367820693618,45.82396894099419,46.160749214495006,47.92115989659083,50.36396169252354,56.61019449703706,58.56282620447264,62.101463043891314,66.07920688922817,65.14814139797302,66.01393185011594,61.841908883996865,62.19105896728495,58.06752789722689,54.08359802662702,51.94219293151192,,,,,,,,
datastructure,WB.DATA360:DS_DATA360(1.3),I,A,WLD,WB_WDI_FS_AST_PRVT_GD_ZS,_T,_T,_T,PT_GDP,_Z,_Z,_Z,_Z,RATIO,2,WB_WDI,P1Y,0,A,PU,Annual,World,Domestic credit to private sector (% of GDP),Total,All age ranges or no breakdown by age,Total,Percentage of GDP,Not Applicable,Not Applicable,Not Applicable,Not Applicable,Ratio,Two,World Development Indicators (WDI),Annual,Units,Normal value,Public,,,,,,,,,,,68.98483310934292,72.4326967221465,77.5397620018348,,,,,72.32989584599912,,,,73.08017355371419,75.7839493765257,80.42463126032354,82.95882150583367,87.85364569621503,99.02702379820703,105.53996648245682,110.17970238577037,115.63909792027432,,,,122.06700791967751,120.62854036594594,121.30106690053968,120.75389287744268,123.56642022281557,129.09036259827604,139.33554480820246,134.80176237398072,123.70252040974384,120.83854803310615,124.58516139688778,124.42673609307906,125.26404315636336,127.83618146517095,128.04047776742487,120.02432994527213,124.62758089521928,119.34403027697196,114.71495163819047,115.55770414192665,117.70261215321442,119.09997868483707,123.48012956795489,125.1422962041749,126.01728081296699,125.32995012181549,129.94824135274473,145.92842513316157,143.16494674868903,135.60143207595678,137.27257598861678,141.92434077049467
datastructure,WB.DATA360:DS_DATA360(1.3),I,A,ARE,WB_WDI_FS_AST_PRVT_GD_ZS,_T,_T,_T,PT_GDP,_Z,_Z,_Z,_Z,RATIO,2,WB_WDI,P1Y,0,A,PU,Annual,United Arab Emirates,Domestic credit to private sector (% of GDP),Total,All age ranges or no breakdown by age,Total,Percentage of GDP,Not Applicable,Not Applicable,Not Applicable,Not Applicable,Ratio,Two,World Development Indicators (WDI),Annual,Units,Normal value,Public,,,,,,,,,,,,,,,,,,,,,,,,,,,,,,,,,,,,,,,,,,,,,,,,,,,,,,,,,81.93987114225713,78.14890121091594,73.98429006456908,75.28849882717932,88.83566609767496,76.16764297905914,65.45743130530437,,
datastructure,WB.DATA360:DS_DATA360(1.3),I,A,PAK,WB_WDI_FS_AST_PRVT_GD_ZS,_T,_T,_T,PT_GDP,_Z,_Z,_Z,_Z,RATIO,2,WB_WDI,P1Y,0,A,PU,Annual,Pakistan,Domestic credit to private sector (% of GDP),Total,All age ranges or no breakdown by age,Total,Percentage of GDP,Not Applicable,Not Applicable,Not Applicable,Not Applicable,Ratio,Two,World Development Indicators (WDI),Annual,Units,Normal value,Public,11.022740002240393,12.009891398562178,15.048964677222898,17.421095592236533,21.735657225853306,22.911280325836728,25.860645243886825,26.06791200135036,25.608679757677045,25.55225035671963,25.44847228330297,25.112323049359137,28.77288606807748,26.290078824156936,20.286145603959046,19.34252538607521,22.215412230370347,23.406656516280684,22.27040729524652,24.837903701613524,23.442025117538293,24.03952608951962,24.7028464426408,26.376270284066116,24.218059942544343,27.78217838557937,29.786077445134605,27.64354675018647,26.36859646810949,24.912860752586894,24.157332906513634,22.237017440721143,23.496823883406183,24.39504512797502,23.823006464318475,24.207121197992198,24.693975444456655,24.646215148629995,25.113942941139566,25.474317642482468,16.603618282266023,16.208460295716588,16.00410078412298,18.221599782045175,21.294700336471852,21.60168149429806,22.76831340718522,23.041639089253245,24.16858518106711,20.395776810760644,19.285438336383297,16.790043101425873,15.197766209004651,14.405959137138813,14.036343426981565,13.877672060483315,14.682249129127353,15.313812931357146,16.632351114514208,15.687985806879116,15.03312012912005,15.340139775110154,14.838324238190456,12.020395511175442,11.466081613642674
datastructure,WB.DATA360:DS_DATA360(1.3),I,A,COD,WB_WDI_FS_AST_PRVT_GD_ZS,_T,_T,_T,PT_GDP,_Z,_Z,_Z,_Z,RATIO,2,WB_WDI,P1Y,0,A,PU,Annual,"Congo, Dem. Rep.",Domestic credit to private sector (% of GDP),Total,All age ranges or no breakdown by age,Total,Percentage of GDP,Not Applicable,Not Applicable,Not Applicable,Not Applicable,Ratio,Two,World Development Indicators (WDI),Annual,Units,Normal value,Public,,,,1.3385776681645563,1.9560211979695996,1.4987025731823944,1.698113114202665,1.541383170321843,1.0516642574110604,1.0556668654252255,1.6839080435781855,1.9256648624975,2.7739464755034495,3.2747737372509698,4.582185304205969,5.518386149235056,4.659599732659351,4.796283071152349,4.909831426382047,3.2056177582328176,2.742176394929412,2.315371146363592,2.4218825787599,1.9865176814016658,1.5891428315255574,1.5624300819374417,2.2331638789427406,2.832732167682007,2.3774979036097608,1.9978247151979907,1.8096797876619366,0.683666,0.9261818832391753,1.210995542347697,1.056857111203514,1.063120141223313,,,,,0.7762527244485647,0.5439040711067741,0.49138751193179503,0.7959868094364352,1.0952359404733418,1.1396070479690854,1.9443972975503463,2.410954213555255,4.344586411705053,5.311928942009425,3.3238216350459404,3.938737052371137,4.6954741955690995,4.913971987594422,5.353617632642402,5.931674715930225,7.1121281512558046,5.535986341328978,5.917385648659619,6.635405229705947,7.773517859366027,6.764036323464165,8.540463114118726,11.28631369490083,
datastructure,WB.DATA360:DS_DATA360(1.3),I,A,IBD,WB_WDI_FS_AST_PRVT_GD_ZS,_T,_T,_T,PT_GDP,_Z,_Z,_Z,_Z,RATIO,2,WB_WDI,P1Y,0,A,PU,Annual,IBRD only,Domestic credit to private sector (% of GDP),Total,All age ranges or no breakdown by age,Total,Percentage of GDP,Not Applicable,Not Applicable,Not Applicable,Not Applicable,Ratio,Two,World Development Indicators (WDI),Annual,Units,Normal value,Public,,,,,,,,,,,,,,,,,,36.563377987532625,37.07831041872711,36.636244123763596,35.1823674631394,37.8764405202017,38.54075162264065,39.194099380191986,39.83374931613653,40.605522783468636,,,,,,,,,,,,49.542606670669024,48.98215831528261,52.217992148491575,52.643576791457626,50.78213188403228,54.539584726848545,58.13882473389024,57.33396756473922,55.95934167252055,57.808062161479775,60.852693120303115,60.5438683983914,70.36172469572881,71.63034337869144,72.73135724387723,77.13352552330805,82.25849045390316,87.9753658731692,97.01571195798222,97.61180588578364,97.13708326596942,102.40446426622532,104.74077722522432,118.76772215608834,115.64595842162315,119.56829248868202,120.30161616223022,121.47521304431221
datastructure,WB.DATA360:DS_DATA360(1.3),I,A,ECS,WB_WDI_FS_AST_PRVT_GD_ZS,_T,_T,_T,PT_GDP,_Z,_Z,_Z,_Z,RATIO,2,WB_WDI,P1Y,0,A,PU,Annual,Europe & Central Asia,Domestic credit to private sector (% of GDP),Total,All age ranges or no breakdown by age,Total,Percentage of GDP,Not Applicable,Not Applicable,Not Applicable,Not Applicable,Ratio,Two,World Development Indicators (WDI),Annual,Units,Normal value,Public,,,,,,,,,,,,,,,,,,,,,,,,,,,,,,,,,,,,,,,,,,91.12820288895998,91.78780230581425,93.1443051980231,95.20890198980862,99.04568041130689,102.82255340456216,107.47714673445172,107.02851750998585,110.20113866424032,106.43263520099444,102.51920282715128,100.20630688019195,97.48835170083144,95.07377128776783,93.91238434406372,93.29386505291555,89.05923846173233,88.11311689103077,87.15393749594422,95.86384234631696,90.58909435969579,87.47269141091016,81.8205103698824,79.17392277602225
datastructure,WB.DATA360:DS_DATA360(1.3),I,A,NGA,WB_WDI_FS_AST_PRVT_GD_ZS,_T,_T,_T,PT_GDP,_Z,_Z,_Z,_Z,RATIO,2,WB_WDI,P1Y,0,A,PU,Annual,Nigeria,Domestic credit to private sector (% of GDP),Total,All age ranges or no breakdown by age,Total,Percentage of GDP,Not Applicable,Not Applicable,Not Applicable,Not Applicable,Ratio,Two,World Development Indicators (WDI),Annual,Units,Normal value,Public,3.6966989312636533,3.7042594470838077,5.572166384431972,6.439532572326575,6.3281866686990815,6.69907771502109,7.203483002770571,7.810902437711888,7.865410497981158,6.649362707858529,4.921051163309714,5.390635541762245,6.140629106364468,6.048189624212347,4.699551112017955,6.814001935028371,7.61934054258093,9.244900997469108,10.992427814606275,10.389634601043998,12.226974314249105,5.802075118005428,6.4506015470240845,6.208622851056132,6.266045740831318,6.039750502857464,7.5749852875300245,6.602985866751371,6.06602353784634,5.090333176617954,4.957522442653775,5.241096469174742,8.234513856675472,7.007718164838413,8.037288168458426,6.5087114958490995,6.174443942216613,7.030590146977082,7.619452393559991,8.168807855474315,8.248988697517607,9.88080739655231,8.084342998000004,8.909484725703482,8.46166405532793,8.435095263032268,8.120360452791472,13.797016933261585,18.633014700918732,19.625601660817185,13.490742840586002,11.043629611410557,10.604703771234403,11.533214941528424,13.297005376739236,13.078684477369803,14.608038856310209,12.852029807619815,10.246581301239935,7.9232226593171475,8.75958559532731,9.73322136915709,9.561691766684238,,
datastructure,WB.DATA360:DS_DATA360(1.3),I,A,BGR,WB_WDI_FS_AST_PRVT_GD_ZS,_T,_T,_T,PT_GDP,_Z,_Z,_Z,_Z,RATIO,2,WB_WDI,P1Y,0,A,PU,Annual,Bulgaria,Domestic credit to private sector (% of GDP),Total,All age ranges or no breakdown by age,Total,Percentage of GDP,Not Applicable,Not Applicable,Not Applicable,Not Applicable,Ratio,Two,World Development Indicators (WDI),Annual,Units,Normal value,Public,,,,,,,,,,,,,,,,,,,,,,,,,,,,,,,,82.80324244657332,74.86454183266932,66.44764135162262,49.247907153729074,27.53863242811464,50.708665521487205,8.546145913509294,8.94489267173388,11.478150964407687,11.955574566007037,14.337998949742548,18.777284565380693,25.89516907773481,33.14463900213093,39.06344566376078,42.4504456723938,58.458507453434386,66.92029487701005,68.95856758265224,68.20166580584323,65.27895337932021,65.78328853896433,66.18685036366206,59.22654702051945,54.79459701561389,52.01975021583504,49.80388811710125,50.54061195399663,49.832484840066854,51.303204357346324,48.153464739788106,44.72881378251961,45.324940218943674,47.06790248852504
datastructure,WB.DATA360:DS_DATA360(1.3),I,A,GTM,WB_WDI_FS_AST_PRVT_GD_ZS,_T,_T,_T,PT_GDP,_Z,_Z,_Z,_Z,RATIO,2,WB_WDI,P1Y,0,A,PU,Annual,Guatemala,Domestic credit to private sector (% of GDP),Total,All age ranges or no breakdown by age,Total,Percentage of GDP,Not Applicable,Not Applicable,Not Applicable,Not Applicable,Ratio,Two,World Development Indicators (WDI),Annual,Units,Normal value,Public,,,,,,,,,,,,,,,,,,,,,,,,,,,,,,,,,,,,,,,,,,22.76671319178674,21.56157222042786,26.654408129856165,26.630845251031538,25.766444051519805,28.828493127966905,28.641025951501696,27.7613592965688,25.756360064817475,24.21806010374728,23.963937661401832,32.172083037967944,33.13095853215845,33.496148619357754,35.262205320577465,35.702846750568504,35.16762327310985,35.04890704484643,34.077226637507444,35.850727668634015,35.661489322919714,36.59484076871301,37.13209966004773,36.78348609461819
datastructure,WB.DATA360:DS_DATA360(1.3),I,A,ETH,WB_WDI_FS_AST_PRVT_GD_ZS,_T,_T,_T,PT_GDP,_Z,_Z,_Z,_Z,RATIO,2,WB_WDI,P1Y,0,A,PU,Annual,Ethiopia,Domestic credit to private sector (% of GDP),Total,All age ranges or no breakdown by age,Total,Percentage of GDP,Not Applicable,Not Applicable,Not Applicable,Not Applicable,Ratio,Two,World Development Indicators (WDI),Annual,Units,Normal value,Public,0.5448272913831135,0.4669489870733882,0.4537313697009988,2.807487160963136,3.17519647698488,3.153705760620683,3.5650332235215223,3.5680134757176214,3.9628254350653385,4.306845210126873,5.081575964206214,5.209245298753012,5.48540128753925,5.5314898367715495,5.757151412310626,4.9009503009338955,4.560530163680644,4.856354772327295,5.87512450847033,3.017504389661295,1.9895216839156669,2.3741280401148477,2.3633617436345795,2.1265212637523043,2.1019937855416195,1.8570715727099758,1.7954310465407932,2.309885810829416,1.665678846063957,1.5990623616766113,1.5821433629902584,1.4384757243861903,2.0715769139882814,3.490877551898052,4.841146853899724,7.544823359443965,11.649261822770603,13.996200855524005,15.76436060675169,18.91973189492415,17.623864030973476,17.778546785567045,17.978117689975974,17.500623462847443,16.529186525911665,18.865789260497507,20.44932506575579,18.52507603064516,17.710148348632057,,,,,,,,,,,,,,,,
datastructure,WB.DATA360:DS_DATA360(1.3),I,A,EAR,WB_WDI_FS_AST_PRVT_GD_ZS,_T,_T,_T,PT_GDP,_Z,_Z,_Z,_Z,RATIO,2,WB_WDI,P1Y,0,A,PU,Annual,Early-demographic dividend,Domestic credit to private sector (% of GDP),Total,All age ranges or no breakdown by age,Total,Percentage of GDP,Not Applicable,Not Applicable,Not Applicable,Not Applicable,Ratio,Two,World Development Indicators (WDI),Annual,Units,Normal value,Public,10.545162677160267,11.264852964849347,11.007123702348357,11.188576052140547,11.134410985506923,15.387842644211714,16.532049282788627,16.78839970560077,17.52972823776407,18.528394144320544,19.219226746975277,19.733112678128148,20.33101206422553,20.52877895783482,18.47554227198096,20.13223289649234,20.69439975269455,21.436960065404985,,23.998766496604187,23.79990168353021,24.94205281015874,26.230188618286057,27.90136824208656,27.61995023712418,26.62481120341176,28.29205910657983,29.253202198845784,29.985890467199262,31.44536235677851,27.94306796401297,,,,,,,30.27781085341897,30.308660072612724,30.50378875055492,29.56633541204442,28.850467067155993,29.067849220498218,30.584536264094194,32.904179204403086,34.92994008552863,37.314740243911274,39.047407157954034,36.95872475983696,38.30660529643369,39.48200817115956,39.83170201396554,40.72272970132575,42.102103785108525,43.69013069641842,45.68171662323201,43.56497809253896,42.90804501988731,43.836756812826,42.29129465149341,44.86275077951384,41.915899353460404,39.75351923899982,39.74422677727492,39.672832139755926
datastructure,WB.DATA360:DS_DATA360(1.3),I,A,KNA,WB_WDI_FS_AST_PRVT_GD_ZS,_T,_T,_T,PT_GDP,_Z,_Z,_Z,_Z,RATIO,2,WB_WDI,P1Y,0,A,PU,Annual,St. Kitts and Nevis,Domestic credit to private sector (% of GDP),Total,All age ranges or no breakdown by age,Total,Percentage of GDP,Not Applicable,Not Applicable,Not Applicable,Not Applicable,Ratio,Two,World Development Indicators (WDI),Annual,Units,Normal value,Public,,,,,,,,,,,,,,,,,,,,27.217221627745957,28.546851330880763,30.85989010989011,32.59622836476363,36.15322305593451,30.446981932915147,31.597490991592153,29.08941476548108,31.77905344429961,36.476290561262786,43.08907272027703,39.51602454824412,44.08155039801162,51.132967251479876,52.76743336984301,52.24599400198261,52.085750404650234,51.56302334608773,51.563749356766806,54.52638910385389,55.63649460659609,59.83040863693909,54.6134508123838,50.80517258652446,54.23756095251622,54.69023768293842,54.45903414667163,51.698066577773695,54.739424094741196,55.08169942422265,58.84465257780287,60.216642727367855,58.43318788898979,59.183427806573896,55.358026155305595,52.36134126891508,53.87850648094409,51.4686526315015,49.27459142769041,49.17011848569502,48.517288990074256,61.50599809770425,68.18093586624566,63.095974881691866,61.707598605039536,64.33252487254369
datastructure,WB.DATA360:DS_DATA360(1.3),I,A,EST,WB_WDI_FS_AST_PRVT_GD_ZS,_T,_T,_T,PT_GDP,_Z,_Z,_Z,_Z,RATIO,2,WB_WDI,P1Y,0,A,PU,Annual,Estonia,Domestic credit to private sector (% of GDP),Total,All age ranges or no breakdown by age,Total,Percentage of GDP,Not Applicable,Not Applicable,Not Applicable,Not Applicable,Ratio,Two,World Development Indicators (WDI),Annual,Units,Normal value,Public,,,,,,,,,,,,,,,,,,,,,,,,,,,,,,,,,,,,,,,,,,,,,40.2980800105181,56.57390871153367,76.22456527859846,83.74761304347481,89.66887262603436,101.3830349840814,92.80434922111775,77.72733932681423,72.23596262838056,68.56881284789606,66.22448268107267,67.7220402662715,68.4124027630138,62.85953774119957,60.763723410339296,58.23954519909569,62.46749513241346,59.2942307857999,57.22718871614491,57.661097453773024,60.535422030416576
datastructure,WB.DATA360:DS_DATA360(1.3),I,A,VNM,WB_WDI_FS_AST_PRVT_GD_ZS,_T,_T,_T,PT_GDP,_Z,_Z,_Z,_Z,RATIO,2,WB_WDI,P1Y,0,A,PU,Annual,Vietnam,Domestic credit to private sector (% of GDP),Total,All age ranges or no breakdown by age,Total,Percentage of GDP,Not Applicable,Not Applicable,Not Applicable,Not Applicable,Ratio,Two,World Development Indicators (WDI),Annual,Units,Normal value,Public,,,,,,,,,,,,,,,,,,,,,,,,,,,,,,,,,13.65691021604603,16.529464272982647,,18.48467224717334,18.670035951124117,19.84884112453487,20.123863142178898,28.186587055122992,35.25907400950082,39.29039362553112,43.130774485685805,48.37235081336001,58.72243078845866,60.46678778250789,65.3595423737595,85.63968738395003,82.87277096520089,103.32235376964529,90.35317010498817,79.94308182044668,75.54939137109054,77.55811082104755,80.00103149024153,90.39922732770896,98.85896076551393,103.9720322574714,105.27598468354691,108.03190093336073,115.52534993774137,124.28289874766531,124.96147882254591,,
datastructure,WB.DATA360:DS_DATA360(1.3),I,A,ZMB,WB_WDI_FS_AST_PRVT_GD_ZS,_T,_T,_T,PT_GDP,_Z,_Z,_Z,_Z,RATIO,2,WB_WDI,P1Y,0,A,PU,Annual,Zambia,Domestic credit to private sector (% of GDP),Total,All age ranges or no breakdown by age,Total,Percentage of GDP,Not Applicable,Not Applicable,Not Applicable,Not Applicable,Ratio,Two,World Development Indicators (WDI),Annual,Units,Normal value,Public,,,,,,,,,,,,,,,,,,,,,,,,,,,,,,,,,,,,,,,,,,,,,,,,,,,,13.692959115362147,15.859019046956698,15.816973642666394,17.088124693980138,19.764834060403906,15.442120506954454,14.906010543813695,14.973719234617,15.626189907947847,15.163554563396096,11.359504464816846,12.975088826020656,15.62630606494331,17.007379972257226
datastructure,WB.DATA360:DS_DATA360(1.3),I,A,AFG,WB_WDI_FS_AST_PRVT_GD_ZS,_T,_T,_T,PT_GDP,_Z,_Z,_Z,_Z,RATIO,2,WB_WDI,P1Y,0,A,PU,Annual,Afghanistan,Domestic credit to private sector (% of GDP),Total,All age ranges or no breakdown by age,Total,Percentage of GDP,Not Applicable,Not Applicable,Not Applicable,Not Applicable,Ratio,Two,World Development Indicators (WDI),Annual,Units,Normal value,Public,,,,,,,,,,,,,,,,,,,,,,,,,,,,,,,,,,,,,,,,,,,,,,,4.8428568656625295,6.8399822365672085,9.388327720839786,10.584130684229999,11.575044239012204,4.959180376060273,4.472103629737208,4.321685416930196,3.9410570999634507,3.98149379462535,3.8883217461248765,3.8418812049259614,3.5123170333913314,3.229957230262148,3.0965980896605854,,,,
datastructure,WB.DATA360:DS_DATA360(1.3),I,A,NAC,WB_WDI_FS_AST_PRVT_GD_ZS,_T,_T,_T,PT_GDP,_Z,_Z,_Z,_Z,RATIO,2,WB_WDI,P1Y,0,A,PU,Annual,North America,Domestic credit to private sector (% of GDP),Total,All age ranges or no breakdown by age,Total,Percentage of GDP,Not Applicable,Not Applicable,Not Applicable,Not Applicable,Ratio,Two,World Development Indicators (WDI),Annual,Units,Normal value,Public,67.38736775785848,71.38139234289274,71.9997120103172,76.42804527872042,79.06754182085892,81.94142212751076,79.83251439997547,83.23089214295354,84.09266169820575,83.10618723194989,83.55481677800111,86.7506296278457,91.15609587557911,90.27022610104956,87.52105285450187,86.03618085445453,85.41133737576841,86.29087373439845,88.33775419986803,89.77973609758445,91.0265579501048,87.54473427014845,90.49972999433511,93.26301843279627,94.02166008959576,100.5360664116984,106.58026438055948,108.64408612663989,109.48248600984918,113.17867524529107,110.9997722860264,115.18000529226788,114.7581875352179,117.45505766896024,116.83396264348508,126.03724243199954,133.3886429962945,141.9650610350661,152.7086047316798,165.40468305259796,156.61695407681495,167.61849165613907,159.50445170347842,172.74858223741697,179.42845833878098,183.1050609589142,192.69092450422932,198.72142292906221,179.31932567975218,187.47998997582877,181.9207457802066,174.47460248769474,175.44381950904634,184.5728581437229,185.39900430800867,184.52983037555214,187.42140734266414,195.43392979223063,184.1546467574203,196.18346461364777,220.89299777295878,223.84171668947812,190.9215830991184,195.61346104482013,201.21830587606436
datastructure,WB.DATA360:DS_DATA360(1.3),I,A,CHL,WB_WDI_FS_AST_PRVT_GD_ZS,_T,_T,_T,PT_GDP,_Z,_Z,_Z,_Z,RATIO,2,WB_WDI,P1Y,0,A,PU,Annual,Chile,Domestic credit to private sector (% of GDP),Total,All age ranges or no breakdown by age,Total,Percentage of GDP,Not Applicable,Not Applicable,Not Applicable,Not Applicable,Ratio,Two,World Development Indicators (WDI),Annual,Units,Normal value,Public,,,,,,,,,,,,,,,,,,,,,,,,,,,,,,,,,,,,,,,,,,73.08169596225373,74.34609827911716,75.83206213800672,76.74998578222045,77.63456540821099,78.1133233692663,84.07524731620288,100.17256809054523,102.68707590839227,99.47559065924513,101.86348535098169,104.26668651793133,104.14934455083194,107.29402770779049,108.68315792888437,109.65898621772263,111.85973105887392,116.09827461116282,123.24908355595218,123.56250097516369,109.32188975271511,112.62195826329314,109.48641477618457,104.04383547392868
datastructure,WB.DATA360:DS_DATA360(1.3),I,A,COG,WB_WDI_FS_AST_PRVT_GD_ZS,_T,_T,_T,PT_GDP,_Z,_Z,_Z,_Z,RATIO,2,WB_WDI,P1Y,0,A,PU,Annual,"Congo, Rep.",Domestic credit to private sector (% of GDP),Total,All age ranges or no breakdown by age,Total,Percentage of GDP,Not Applicable,Not Applicable,Not Applicable,Not Applicable,Ratio,Two,World Development Indicators (WDI),Annual,Units,Normal value,Public,22.229097074448347,22.822576227888472,19.852936213236536,22.32227133745929,22.61537939645091,20.12345264949534,19.464944649446494,19.280825219319386,18.053054662379424,16.924538127453197,16.285526315789472,16.068765703912387,15.514975845410628,15.31539735099338,15.091554293825407,17.17396593673966,19.87132556849695,20.70691489361702,19.879475542107915,17.877254901960786,15.537180910030521,17.390068303489016,18.47239436605634,19.01288788788789,18.83735002608242,20.729707457766793,31.679581519723616,27.067057934427012,16.240364188163888,14.733962882989161,15.692257217847768,15.996747755951606,15.756311179804225,8.685699250098672,7.698094384950527,8.112384018178375,7.5472032007386325,7.8577118831599915,9.73915311712025,10.901745670323605,4.780545256270448,4.897427134697066,2.8660743978336263,3.6358401417462347,2.93264923853734,2.2103552237435293,2.0104197616463515,2.1700179223150666,3.213301676784703,4.872240314695317,5.9797400792006945,7.169385399923931,7.412754333223958,8.878672805256478,11.159852525891793,15.227252169824556,17.93956499275978,15.784514445444165,13.003578111748789,12.639976280567284,15.556436874660667,13.902630970771046,12.766426928126887,13.790047850658684,
datastructure,WB.DATA360:DS_DATA360(1.3),I,A,BWA,WB_WDI_FS_AST_PRVT_GD_ZS,_T,_T,_T,PT_GDP,_Z,_Z,_Z,_Z,RATIO,2,WB_WDI,P1Y,0,A,PU,Annual,Botswana,Domestic credit to private sector (% of GDP),Total,All age ranges or no breakdown by age,Total,Percentage of GDP,Not Applicable,Not Applicable,Not Applicable,Not Applicable,Ratio,Two,World Development Indicators (WDI),Annual,Units,Normal value,Public,,,,,,,,,,,,,9.140833988985051,12.36293892003541,17.115652801154123,19.323434228060158,20.49242658423493,17.855095332018408,14.213518764699867,12.640826099970068,11.289551876781275,15.116416249304395,12.88072341036314,12.02550841855582,12.666273548307005,8.558429005870012,8.297221903779281,7.922109410516745,6.640473137846891,7.0043694828238285,9.384531397335639,11.85936078788069,14.687296379702557,14.228140914387016,13.990257639095377,11.893443747998353,10.090040893831175,9.6855105359072,12.155947441217151,13.873169462253662,14.711133084328617,16.58616021069111,19.280159024872155,19.97736212429872,21.935704704551025,19.76342857292605,20.936231035362965,23.46175582179702,26.302258810867094,29.356438624473117,27.514927743841632,27.8535285319926,32.910460856068376,33.19446227705283,32.58369282140034,35.99436797689342,32.690644779712756,33.95222130587535,34.73966331714226,35.93715490104725,39.728531956867705,34.53202846105257,29.889215835741467,30.059603446318732,32.927920818892744
datastructure,WB.DATA360:DS_DATA360(1.3),I,A,IDA,WB_WDI_FS_AST_PRVT_GD_ZS,_T,_T,_T,PT_GDP,_Z,_Z,_Z,_Z,RATIO,2,WB_WDI,P1Y,0,A,PU,Annual,IDA total,Domestic credit to private sector (% of GDP),Total,All age ranges or no breakdown by age,Total,Percentage of GDP,Not Applicable,Not Applicable,Not Applicable,Not Applicable,Ratio,Two,World Development Indicators (WDI),Annual,Units,Normal value,Public,,,8.327621465465633,8.014549266485533,9.489938492005525,9.519537710148812,10.14686317833791,10.75099658259256,10.757233372955668,10.480619263129867,10.617844748342558,11.284935288697875,11.500570687080563,10.243323119988915,8.689285029503692,9.274529667425654,10.460541670538829,11.967213214315414,12.905049625391241,13.019356612947933,13.709637540704223,9.9289738337209,10.558233801385104,11.438781954727716,11.97569860752742,12.305340631054564,14.080675047975845,14.50420999358547,14.290522124577436,14.199160282960413,12.805260721545258,11.752452610635855,13.015528820840156,12.400033948048808,11.870728611356641,12.607191268993027,12.077375305803763,12.630796677098083,12.860930166561023,15.33494286195753,13.445091068136842,14.570913254709284,14.828827291987068,15.014784537942798,15.472622938052384,15.717191230785515,15.809604637717577,17.563836856555707,19.3501164230532,19.713178852197917,18.428032267940875,17.771181319118543,17.817990025270404,17.900209836332234,19.599620675465722,20.97497911119165,22.675510768645502,23.028868753500955,23.242259444619314,21.709067824867898,22.579765215777638,23.203394862384418,23.400849810891927,,
datastructure,WB.DATA360:DS_DATA360(1.3),I,A,SVN,WB_WDI_FS_AST_PRVT_GD_ZS,_T,_T,_T,PT_GDP,_Z,_Z,_Z,_Z,RATIO,2,WB_WDI,P1Y,0,A,PU,Annual,Slovenia,Domestic credit to private sector (% of GDP),Total,All age ranges or no breakdown by age,Total,Percentage of GDP,Not Applicable,Not Applicable,Not Applicable,Not Applicable,Ratio,Two,World Development Indicators (WDI),Annual,Units,Normal value,Public,,,,,,,,,,,,,,,,,,,,,,,,,,,,,,,,,,,,,,,,,,,,,44.9510356724133,52.664495379048645,60.34762085533405,71.3390529196501,76.77499481082826,84.05793088981633,85.79526355852848,82.46151475442764,79.97747955964752,66.0950404435005,55.032399911620146,50.34383247980829,47.142321069158385,45.47052821319681,43.70311445042484,42.7155413062598,43.570575210063076,41.101181634972534,41.18377419773081,36.34191583551403,35.41650739930573
datastructure,WB.DATA360:DS_DATA360(1.3),I,A,AUS,WB_WDI_FS_AST_PRVT_GD_ZS,_T,_T,_T,PT_GDP,_Z,_Z,_Z,_Z,RATIO,2,WB_WDI,P1Y,0,A,PU,Annual,Australia,Domestic credit to private sector (% of GDP),Total,All age ranges or no breakdown by age,Total,Percentage of GDP,Not Applicable,Not Applicable,Not Applicable,Not Applicable,Ratio,Two,World Development Indicators (WDI),Annual,Units,Normal value,Public,19.086483562714104,17.6024089540367,18.618096093399192,19.253452393313257,20.082229113805095,21.095707581693716,22.34694295425693,23.061974211087026,23.96130311421051,24.785378940308515,23.24296536796537,23.580579738820738,24.632954519982963,28.324581095165556,27.818678137149476,27.30001681708616,27.812309056273737,27.34466150428699,28.00775606417763,28.610277238212962,27.801565223841845,27.88420576611767,27.006955682366634,28.745729830036694,30.278441252494847,36.97871383918537,40.24081348249221,42.72186666201629,46.65409207554601,59.17745290258897,60.475371445633584,60.03337412898478,61.77330911235623,63.192071898715966,66.67342398445491,69.66794967368037,71.38637677028693,75.20146983227899,78.97489612081598,83.90469940618091,87.38103286469843,88.18928303356265,91.06854013350008,98.9700701383552,102.44769376009941,108.25901070505432,113.4059167598743,120.2872496472599,121.44481928397117,122.1130741201307,124.7913392902539,121.79080624167736,120.774756172135,124.18327563608365,127.88384873161942,135.80029270560402,142.10425573118627,140.10806700412112,139.49806282253238,135.666714386567,141.70474932442463,138.3395671398549,133.64388313074645,126.96212089801445,129.31734965158907
datastructure,WB.DATA360:DS_DATA360(1.3),I,A,TUR,WB_WDI_FS_AST_PRVT_GD_ZS,_T,_T,_T,PT_GDP,_Z,_Z,_Z,_Z,RATIO,2,WB_WDI,P1Y,0,A,PU,Annual,Türkiye,Domestic credit to private sector (% of GDP),Total,All age ranges or no breakdown by age,Total,Percentage of GDP,Not Applicable,Not Applicable,Not Applicable,Not Applicable,Ratio,Two,World Development Indicators (WDI),Annual,Units,Normal value,Public,,,,,,,,,,,,,,,,,,,,,,,,,,,,,,,,,,,,,,,,,,,,,,,,,33.16285584430279,36.81907831645537,44.04597075634171,48.74220840508228,51.55867659501045,59.97929142441433,63.23763272042163,66.38985210516044,69.28263646766668,70.08440272882083,66.69766681874383,64.25575193862667,75.26760192367644,70.99836085414853,53.42622214779125,48.78339818859893,42.95466584780323
datastructure,WB.DATA360:DS_DATA360(1.3),I,A,FRA,WB_WDI_FS_AST_PRVT_GD_ZS,_T,_T,_T,PT_GDP,_Z,_Z,_Z,_Z,RATIO,2,WB_WDI,P1Y,0,A,PU,Annual,France,Domestic credit to private sector (% of GDP),Total,All age ranges or no breakdown by age,Total,Percentage of GDP,Not Applicable,Not Applicable,Not Applicable,Not Applicable,Ratio,Two,World Development Indicators (WDI),Annual,Units,Normal value,Public,,,,,,,,,,,,,,,,,,,,,,,,,,,,,,,,,,,,,,,,,,77.38838614865166,76.52843930689924,75.96124495843219,76.97441618831162,80.32432947189795,84.35728351489864,88.97430656435604,92.6357426084034,95.0966407247871,95.84714523015691,96.64919195162854,96.5785492959372,95.87696268718415,93.91590815036459,94.94542022682276,97.49046876198574,101.6178302341884,104.62405197195099,106.91303058605051,125.39743970110204,120.72190994761259,119.29036699812644,112.56735483982811,107.58266062477004
datastructure,WB.DATA360:DS_DATA360(1.3),I,A,LVA,WB_WDI_FS_AST_PRVT_GD_ZS,_T,_T,_T,PT_GDP,_Z,_Z,_Z,_Z,RATIO,2,WB_WDI,P1Y,0,A,PU,Annual,Latvia,Domestic credit to private sector (% of GDP),Total,All age ranges or no breakdown by age,Total,Percentage of GDP,Not Applicable,Not Applicable,Not Applicable,Not Applicable,Ratio,Two,World Development Indicators (WDI),Annual,Units,Normal value,Public,,,,,,,,,,,,,,,,,,,,,,,,,,,,,,,,,,,,,,,,,,,,,,,,,,,96.64417561530595,82.88844740302743,67.20423101879682,60.33377462112853,53.219531554917275,49.99102309471555,48.366870118564755,43.68660522406624,37.906553738382904,35.71887456560102,34.73132327368214,32.45283025881202,30.998588479398283,28.563686367033487,29.539567782752908
datastructure,WB.DATA360:DS_DATA360(1.3),I,A,BDI,WB_WDI_FS_AST_PRVT_GD_ZS,_T,_T,_T,PT_GDP,_Z,_Z,_Z,_Z,RATIO,2,WB_WDI,P1Y,0,A,PU,Annual,Burundi,Domestic credit to private sector (% of GDP),Total,All age ranges or no breakdown by age,Total,Percentage of GDP,Not Applicable,Not Applicable,Not Applicable,Not Applicable,Ratio,Two,World Development Indicators (WDI),Annual,Units,Normal value,Public,,,,,2.6692233121618925,2.594072395491681,2.5420684700616176,3.5234920838407797,3.795383655645664,3.0727633239199665,3.9653280977065886,4.855878537495988,5.053390999935171,5.330711021510895,9.197668217510437,2.9318879005329883,3.8460941782415783,3.220491008194293,6.193156264623464,7.415154058164251,6.888882445750791,9.77501370189717,8.260664546551157,7.027161278785591,3.9711096631153158,3.573358503072966,4.454778026399224,4.34157820949329,5.956344923797741,7.005425957463663,8.614541103167973,10.748473322070053,10.721010833138939,14.031198004634298,14.736116741993802,12.265663713531112,14.233409350057013,11.871703617269546,13.535207396301848,15.390206411945542,17.080014445038298,16.302832343421493,20.31026273327474,20.13272615790254,17.350747747931692,14.543668331893228,15.830880219864113,14.7745242569166,13.662915151645173,14.679382669078558,18.36191802872957,21.559986721162865,20.256483575597112,19.389678528440268,19.293103143415184,18.099306634506387,17.34300794332274,14.875109564551279,16.508601128781912,18.57722612182635,19.40375431771319,28.3775482102837,34.9352492275533,37.05653484608605,
datastructure,WB.DATA360:DS_DATA360(1.3),I,A,GEO,WB_WDI_FS_AST_PRVT_GD_ZS,_T,_T,_T,PT_GDP,_Z,_Z,_Z,_Z,RATIO,2,WB_WDI,P1Y,0,A,PU,Annual,Georgia,Domestic credit to private sector (% of GDP),Total,All age ranges or no breakdown by age,Total,Percentage of GDP,Not Applicable,Not Applicable,Not Applicable,Not Applicable,Ratio,Two,World Development Indicators (WDI),Annual,Units,Normal value,Public,,,,,,,,,,,,,,,,,,,,,,,,,,,,,,,,,,,,,,,,,,,,,,,,,34.436334562805776,32.71523661137664,31.85207692302663,32.87910262247096,35.536269338936904,39.904593008472474,44.94835107742072,48.23007443792729,54.01457007067103,55.071079573884994,59.52964265051164,65.02832583289346,79.06452490820473,72.90838974225092,63.07260827320656,66.40331602727022,68.28892758166505
datastructure,WB.DATA360:DS_DATA360(1.3),I,A,PER,WB_WDI_FS_AST_PRVT_GD_ZS,_T,_T,_T,PT_GDP,_Z,_Z,_Z,_Z,RATIO,2,WB_WDI,P1Y,0,A,PU,Annual,Peru,Domestic credit to private sector (% of GDP),Total,All age ranges or no breakdown by age,Total,Percentage of GDP,Not Applicable,Not Applicable,Not Applicable,Not Applicable,Ratio,Two,World Development Indicators (WDI),Annual,Units,Normal value,Public,9.827227359832952,10.68063302656603,11.012025406647352,11.087431642249818,10.876519737092984,11.193608678689575,10.314646326404157,9.820222493855258,8.919463551809612,8.73277358785664,8.587509805329082,9.413763853700544,10.319705635436815,10.552723467715937,9.192244563293086,9.319335437801357,8.494072075391351,7.133596740272052,6.0877879869560765,6.133603110608568,8.950316244793633,11.634761271700913,11.57063349279742,13.417072220864085,12.053652069150358,9.808610593575304,8.478288173375999,7.490649767135935,8.862956146795655,8.282388048124337,8.017272736690526,6.977929931746029,9.079596178839507,11.116485923555572,13.283559378772356,15.873876420844315,21.02532336327301,24.4097995545657,28.191049659872313,28.97732825461118,26.34167755725867,23.447807884092107,22.202048294023747,19.9857411626907,17.9102399219746,19.06642160886305,20.81316402082481,24.607073691738947,29.763960750002127,30.014529032556197,30.261687153432042,32.30922750005031,34.04374682090838,37.719929176453206,40.89962681759733,43.86793145404778,42.809025345641906,42.41461430807557,43.90394244329953,44.72423689453364,55.31240990832068,47.13142777680009,45.66819298641331,43.12065891095056,39.96522749884275
datastructure,WB.DATA360:DS_DATA360(1.3),I,A,LDC,WB_WDI_FS_AST_PRVT_GD_ZS,_T,_T,_T,PT_GDP,_Z,_Z,_Z,_Z,RATIO,2,WB_WDI,P1Y,0,A,PU,Annual,Least developed countries: UN classification,Domestic credit to private sector (% of GDP),Total,All age ranges or no breakdown by age,Total,Percentage of GDP,Not Applicable,Not Applicable,Not Applicable,Not Applicable,Ratio,Two,World Development Indicators (WDI),Annual,Units,Normal value,Public,,,,4.285632818181515,5.007343069673034,4.479659673363497,4.548326474679655,,5.058690883627267,,,,,,6.307576455685035,6.406830988915594,7.098456958385097,7.643173394760213,8.34356189178401,8.555478341646522,8.77353394741439,8.574822093242517,8.379861598042936,8.411962050534,8.926124380216715,8.957100499065067,9.519271955548655,10.400075677027282,9.956051480199493,10.242416642668191,9.501920267884977,8.496739314671942,9.164813798396764,9.046790937149034,8.621683608026364,10.466396581878472,11.380343438282988,12.018205601467402,12.640693663211364,12.936136527261437,11.744713656076012,12.9029625982225,12.998879575940672,13.081438622834133,13.699172906583618,14.163480833881767,14.84587927065605,14.87009249737735,15.890604013401747,17.75683980767086,18.68975044083591,18.153191081290164,19.515256664335737,20.244312216196096,23.043640809159694,24.88313259873137,26.147412922262365,27.063138624495398,27.668399989248766,28.464410694176493,30.238872570300632,31.142825849773033,30.38526025293136,31.666865823840542,
datastructure,WB.DATA360:DS_DATA360(1.3),I,A,LTU,WB_WDI_FS_AST_PRVT_GD_ZS,_T,_T,_T,PT_GDP,_Z,_Z,_Z,_Z,RATIO,2,WB_WDI,P1Y,0,A,PU,Annual,Lithuania,Domestic credit to private sector (% of GDP),Total,All age ranges or no breakdown by age,Total,Percentage of GDP,Not Applicable,Not Applicable,Not Applicable,Not Applicable,Ratio,Two,World Development Indicators (WDI),Annual,Units,Normal value,Public,,,,,,,,,,,,,,,,,,,,,,,,,,,,,,,,,,,,,,,,,,,,,,,,,,,59.41055618763744,49.89951052320548,46.756313117600676,43.22127754273976,41.00781955482773,41.452200938262024,42.76584840209975,40.979737431155684,39.99355349883198,38.73943365446005,37.03401082992651,37.20205670951249,35.69910956360777,34.386807337053796,35.96872691176117
datastructure,WB.DATA360:DS_DATA360(1.3),I,A,OSS,WB_WDI_FS_AST_PRVT_GD_ZS,_T,_T,_T,PT_GDP,_Z,_Z,_Z,_Z,RATIO,2,WB_WDI,P1Y,0,A,PU,Annual,Other small states,Domestic credit to private sector (% of GDP),Total,All age ranges or no breakdown by age,Total,Percentage of GDP,Not Applicable,Not Applicable,Not Applicable,Not Applicable,Ratio,Two,World Development Indicators (WDI),Annual,Units,Normal value,Public,35.18457129298184,32.5478152724497,31.19410708982235,27.289761612496928,25.948223877675794,27.519248983146284,27.454075002288782,30.56288693338672,31.81332661839656,27.91821849282757,,,,,,,,,,,,,,,,,,,,,,,,,,,,,,,,,,,97.266167223441,122.63270784020565,126.03401801964122,124.36378017060099,120.15188301094362,124.42715641903649,118.9981372126154,110.79845914030729,105.54885998196606,102.58109728736683,97.58096912489752,94.7191107481072,89.92262265832511,85.24957283456911,73.62729188677397,67.94340034448092,74.1327366693428,67.44165155864899,61.56903326337166,59.718066887839456,60.2418325679838
datastructure,WB.DATA360:DS_DATA360(1.3),I,A,DOM,WB_WDI_FS_AST_PRVT_GD_ZS,_T,_T,_T,PT_GDP,_Z,_Z,_Z,_Z,RATIO,2,WB_WDI,P1Y,0,A,PU,Annual,Dominican Republic,Domestic credit to private sector (% of GDP),Total,All age ranges or no breakdown by age,Total,Percentage of GDP,Not Applicable,Not Applicable,Not Applicable,Not Applicable,Ratio,Two,World Development Indicators (WDI),Annual,Units,Normal value,Public,,,,,,,,,,,,,,,,,,,,,,,,,,,,,,,,,,,,,,,,,,,,,23.64075829822308,19.649436634244935,18.692621405301534,20.708266602406358,20.740112543988666,21.56646248185291,22.73509618590869,22.937437238872242,22.537408826704453,23.437140484568893,25.26616485169907,26.039272054265105,26.9063969746819,27.58276785142264,27.391153658012552,28.097807200507514,30.627628434611058,27.77002980323821,27.965795472560945,30.842195690075023,31.922086487632335
datastructure,WB.DATA360:DS_DATA360(1.3),I,A,MUS,WB_WDI_FS_AST_PRVT_GD_ZS,_T,_T,_T,PT_GDP,_Z,_Z,_Z,_Z,RATIO,2,WB_WDI,P1Y,0,A,PU,Annual,Mauritius,Domestic credit to private sector (% of GDP),Total,All age ranges or no breakdown by age,Total,Percentage of GDP,Not Applicable,Not Applicable,Not Applicable,Not Applicable,Ratio,Two,World Development Indicators (WDI),Annual,Units,Normal value,Public,20.01673129255144,18.387282408415356,17.831169626215313,11.532493008771509,17.967300887990344,18.341135162891238,18.144992020227527,18.737068474726193,19.047672158367888,18.466880491531715,18.33525643911317,23.794253413608455,22.11379094700806,25.715484871639333,16.623670519627172,19.672686492715343,25.389445828498918,25.72855987267929,25.104621646232907,22.956616043275098,21.900143489234132,22.332286200049957,21.23393307991039,22.24688835402698,23.639239203364042,27.582649495069678,27.544517860249083,29.026653213255777,31.217242470238876,32.609863785681284,32.62037929183491,33.78054540282601,37.220716688942666,41.46393446201754,44.77936154556632,46.39099757456955,42.827120845301906,48.44606485453887,55.659382992380856,55.687331898231626,55.75106297797058,56.09740917375539,56.92899928663727,69.70587714323752,69.96579452858931,71.93031425503976,67.6399087092862,70.64339587358943,80.68816539860843,78.90435708689347,84.16839928285249,88.08715106971594,97.48059701307764,103.69949226718423,95.58274241877459,98.74668428713774,92.30626817302318,97.67717637703639,74.1953036771568,76.96904687124564,90.56030735672181,85.41189173208276,72.3686561202455,69.89395047358448,69.86585658870078
datastructure,WB.DATA360:DS_DATA360(1.3),I,A,BLZ,WB_WDI_FS_AST_PRVT_GD_ZS,_T,_T,_T,PT_GDP,_Z,_Z,_Z,_Z,RATIO,2,WB_WDI,P1Y,0,A,PU,Annual,Belize,Domestic credit to private sector (% of GDP),Total,All age ranges or no breakdown by age,Total,Percentage of GDP,Not Applicable,Not Applicable,Not Applicable,Not Applicable,Ratio,Two,World Development Indicators (WDI),Annual,Units,Normal value,Public,,,,,,,,,,,,,,,,,26.683942619157797,22.388015299617507,20.294203961848865,23.297101449275363,15.018453768453771,17.409779482262707,21.657614162140415,22.34617585351898,20.00034441191665,20.966063348416288,19.224077046548956,19.752492589598493,23.484280460315578,23.52626756261454,24.540699792962577,27.745259996906224,26.734727419816984,25.655723327384333,26.253501382414445,26.65790363371662,28.108257047100388,30.932413260129653,32.868197195620894,32.06615138213911,29.860567887148314,32.8925041838192,35.538043063414335,38.62891761914162,40.169882631220354,40.10650082778358,42.22438900625862,45.550021882961545,49.40662647826781,52.875376389189,49.834593380950956,47.62180511850801,46.479954863468386,44.87032809100097,44.6944711868936,45.89121401207786,44.73528905667046,44.37636601860546,45.330849747675444,45.962648172003725,55.07824264393919,47.61783898377928,42.48679054431994,42.03925825245568,41.277586073249736
datastructure,WB.DATA360:DS_DATA360(1.3),I,A,PRT,WB_WDI_FS_AST_PRVT_GD_ZS,_T,_T,_T,PT_GDP,_Z,_Z,_Z,_Z,RATIO,2,WB_WDI,P1Y,0,A,PU,Annual,Portugal,Domestic credit to private sector (% of GDP),Total,All age ranges or no breakdown by age,Total,Percentage of GDP,Not Applicable,Not Applicable,Not Applicable,Not Applicable,Ratio,Two,World Development Indicators (WDI),Annual,Units,Normal value,Public,,,,,,,,,,,,,,,,,,,,,,,,,,,,,,,,,,,,,,,,,,115.00275429920981,119.05220961368232,120.67199616222209,121.1907741184097,124.77302184641393,133.41295217926998,142.23567504256428,151.48117660998238,159.86130193717253,155.38888834927272,156.06234101984856,152.7286751563068,142.93368821465563,129.6511737145208,120.04851323138222,111.32856859589077,102.85529060902812,97.09630519367037,93.35554945374001,104.07418534213126,98.84850945693604,89.45631118089351,80.2271063662543,77.21312065437435
datastructure,WB.DATA360:DS_DATA360(1.3),I,A,GRD,WB_WDI_FS_AST_PRVT_GD_ZS,_T,_T,_T,PT_GDP,_Z,_Z,_Z,_Z,RATIO,2,WB_WDI,P1Y,0,A,PU,Annual,Grenada,Domestic credit to private sector (% of GDP),Total,All age ranges or no breakdown by age,Total,Percentage of GDP,Not Applicable,Not Applicable,Not Applicable,Not Applicable,Ratio,Two,World Development Indicators (WDI),Annual,Units,Normal value,Public,,,,,,,,,,,,,,,,,,26.32836735832192,25.175866344157377,23.305459587814347,24.15780045177251,24.052378295393353,23.265887858225646,21.403065034573295,20.681277705395075,24.216832184898223,30.022406427891173,32.51173120049826,33.330548579454764,37.821531124476664,36.05753383696647,35.40709439843516,37.61732876126717,49.44943346201743,47.23172734075877,47.33219911376739,49.99329235664797,55.523929880653256,56.869708673947706,59.002157096531015,62.558123601704075,63.08051818699312,61.4322462863877,58.46474544222067,61.61798671900858,57.951064962726306,64.87666683735387,68.79352476855988,70.07704868848091,79.377116503493,83.9799398580034,84.87602087168291,82.80481367610017,74.25666023463015,65.20633553294543,57.32142857142857,53.722784090314434,51.06690575287479,50.6457030915135,49.54706523298366,59.39716954007689,57.31610561056105,53.63006154646849,50.9869662697148,54.851357115474954
datastructure,WB.DATA360:DS_DATA360(1.3),I,A,SAU,WB_WDI_FS_AST_PRVT_GD_ZS,_T,_T,_T,PT_GDP,_Z,_Z,_Z,_Z,RATIO,2,WB_WDI,P1Y,0,A,PU,Annual,Saudi Arabia,Domestic credit to private sector (% of GDP),Total,All age ranges or no breakdown by age,Total,Percentage of GDP,Not Applicable,Not Applicable,Not Applicable,Not Applicable,Ratio,Two,World Development Indicators (WDI),Annual,Units,Normal value,Public,6.978909709180536,7.311725290145482,7.655618654985124,6.986622238825784,7.795269824424087,8.660769727760878,9.427430088187787,8.405769413314717,7.352613542360523,7.988209887690773,7.0679394991321605,5.634209138567484,4.550878769722388,4.267020431737781,2.750595474394601,4.085455540023096,4.37478976719483,4.0846050603966795,5.276522605920014,7.111172586969127,6.804894579826483,6.938192108340672,9.548039913654932,12.736730541712973,14.14611986962648,15.894031111985077,18.403887957269735,18.322941691516245,21.336927680405633,20.52307002926635,14.822109982407355,14.871702182658266,16.75855366443706,20.46971815288223,22.359757422515457,22.568626355202863,20.792438794932945,21.508734839928305,29.18834755308789,26.744618997129145,24.235613446820725,27.090480162660967,28.94839765858159,28.233310143967653,32.354259427404166,35.4189179790554,33.72458676675941,37.071588765141996,37.68431884664674,45.629801313391134,39.16419361483216,33.628694468669266,35.56851099671774,39.01134119083318,42.55707813202955,52.760179809745324,54.37577184703601,50.13759358093611,,,,,,,
datastructure,WB.DATA360:DS_DATA360(1.3),I,A,BEL,WB_WDI_FS_AST_PRVT_GD_ZS,_T,_T,_T,PT_GDP,_Z,_Z,_Z,_Z,RATIO,2,WB_WDI,P1Y,0,A,PU,Annual,Belgium,Domestic credit to private sector (% of GDP),Total,All age ranges or no breakdown by age,Total,Percentage of GDP,Not Applicable,Not Applicable,Not Applicable,Not Applicable,Ratio,Two,World Development Indicators (WDI),Annual,Units,Normal value,Public,,,,,,,,,,,,,,,,,,,,,,,,,,,,,,,,,,,,,,,,,,66.29922874353707,64.1329244858025,62.5308943592501,61.8425933319116,63.5977700769197,65.83361909755914,68.44384869400373,62.75830286365248,58.46580254095864,56.785496406807134,55.01452954940179,54.49032814526355,56.159869726617984,57.61062311847911,60.802622142860585,63.61608627593577,65.33723403679508,68.16857232272697,69.36000362085404,76.12535091576103,74.75369886445375,72.60224357666746,69.27828999912514,68.09837235869823
datastructure,WB.DATA360:DS_DATA360(1.3),I,A,TSA,WB_WDI_FS_AST_PRVT_GD_ZS,_T,_T,_T,PT_GDP,_Z,_Z,_Z,_Z,RATIO,2,WB_WDI,P1Y,0,A,PU,Annual,South Asia (IDA & IBRD),Domestic credit to private sector (% of GDP),Total,All age ranges or no breakdown by age,Total,Percentage of GDP,Not Applicable,Not Applicable,Not Applicable,Not Applicable,Ratio,Two,World Development Indicators (WDI),Annual,Units,Normal value,Public,7.733728143574159,8.380528688991909,8.823237301612606,9.017625349818472,8.49555524144801,9.180096618353481,9.379615857067375,9.045327264917502,9.762961082479592,10.360032033469452,11.14238031308513,12.38062362019289,12.826799002018332,12.955236609644274,11.742033041863746,12.675845636750756,16.281516246754357,16.915138694554187,18.261593751849233,19.435325346899596,19.09492562642936,19.71202808010736,21.20374413858606,21.690959280024103,23.047870238856746,23.341735015346476,24.49131243970432,24.16906542515945,24.179025238851427,25.385911890194656,23.896400930788325,22.469022016905498,23.148833070077792,22.406942194151977,22.52737710905512,22.623448256400295,23.13130225659471,23.377917649648307,23.55521811622862,25.128317677248702,27.71810951871353,28.243435116208904,31.591298184689848,31.049618649474464,35.30222779660349,38.95481905073057,42.42406308446134,44.473960348442496,47.91195324636359,46.77231428763289,49.17210427341152,50.08231033529875,50.63522151963636,50.88341794627073,50.637274361937486,50.82799037040443,38.58573276265163,38.85329564233967,39.63713006272944,39.40994037304471,41.142199721432405,37.84755313584672,37.94413184297043,39.70400120943762,40.11326093711885
datastructure,WB.DATA360:DS_DATA360(1.3),I,A,CSS,WB_WDI_FS_AST_PRVT_GD_ZS,_T,_T,_T,PT_GDP,_Z,_Z,_Z,_Z,RATIO,2,WB_WDI,P1Y,0,A,PU,Annual,Caribbean small states,Domestic credit to private sector (% of GDP),Total,All age ranges or no breakdown by age,Total,Percentage of GDP,Not Applicable,Not Applicable,Not Applicable,Not Applicable,Ratio,Two,World Development Indicators (WDI),Annual,Units,Normal value,Public,,,,,,,,,,,,,,35.31177126504481,25.017480060700283,25.39372721416067,27.40249867706958,28.116150301048574,30.290850072889633,28.191974059648597,25.339758457249413,27.448537452413973,28.506659250402446,32.37651836708544,32.959475080974926,33.07948077268497,34.80036555108375,36.118593693760666,36.89471557439658,36.82800251727013,35.7043836459799,37.941977087332184,38.53991585769565,38.59762352268978,36.71220936418497,38.79545386107907,40.50367838175298,39.25560549490596,40.8155912907288,40.79853609622006,40.99916976410251,48.382840080320356,48.11898154766365,45.10334669971808,45.17880227046819,44.346722941063554,43.84825291104683,44.09006896190179,41.40704005263027,49.34008228795483,42.55777128788682,40.52842122280701,41.87499185595984,41.52037923410389,41.23176220750853,43.31149856571403,45.156545349002165,42.935657114553834,42.92571266006792,43.88096230177122,50.1972369038925,43.383722146896254,36.403746199816766,38.85783626622283,33.53964032718305
datastructure,WB.DATA360:DS_DATA360(1.3),I,A,LIC,WB_WDI_FS_AST_PRVT_GD_ZS,_T,_T,_T,PT_GDP,_Z,_Z,_Z,_Z,RATIO,2,WB_WDI,P1Y,0,A,PU,Annual,Low income,Domestic credit to private sector (% of GDP),Total,All age ranges or no breakdown by age,Total,Percentage of GDP,Not Applicable,Not Applicable,Not Applicable,Not Applicable,Ratio,Two,World Development Indicators (WDI),Annual,Units,Normal value,Public,,,,6.207327898823538,8.021545292069767,6.95857694530659,7.185623649820379,7.179517855191386,6.975612805973711,6.338667991295774,6.637414961840791,6.290346762374925,6.679191519057405,7.1920237485588,7.498865441797434,8.141304728604212,7.917597011874724,7.934428153620375,8.524978658267774,9.025334488040205,8.972284848972283,8.503944514923603,8.499832603785887,8.83428407248891,8.884423434929133,8.424079739721808,9.011699383918051,9.164908423010543,7.468399837143594,7.049319895318978,6.568201772124885,6.1395746482568425,7.048747515181402,6.676800484427552,5.594385409783928,5.889683053168236,6.742560953927276,6.906052470087692,7.48378973763371,7.229298370500955,5.825158848893651,6.1344196863488145,6.149176417144806,7.21925389735333,7.855912921765226,8.558432816485517,9.43071249784806,9.476526393252486,10.54254971934947,12.20147864457071,12.324873935403218,11.243473388095014,9.77564364634336,10.195169658886694,11.531611950767575,11.75775865680696,11.57052050489115,11.190357864693503,11.053204631537529,11.206444124493146,11.860529238062416,12.521715755736349,12.758215848248978,,
datastructure,WB.DATA360:DS_DATA360(1.3),I,A,WSM,WB_WDI_FS_AST_PRVT_GD_ZS,_T,_T,_T,PT_GDP,_Z,_Z,_Z,_Z,RATIO,2,WB_WDI,P1Y,0,A,PU,Annual,Samoa,Domestic credit to private sector (% of GDP),Total,All age ranges or no breakdown by age,Total,Percentage of GDP,Not Applicable,Not Applicable,Not Applicable,Not Applicable,Ratio,Two,World Development Indicators (WDI),Annual,Units,Normal value,Public,,,,,,,,,,,,,,,,,,,,,,,,,,,,,,,,,,,,,,,,,,,,,,,,59.37089058787994,57.19939745764891,57.04432210657385,61.985940541478634,63.558142049661356,65.12500353421879,67.81505831197617,72.85790154556982,72.12327574949083,75.65872640272332,77.64804711674466,81.54909289581806,83.25522043365083,87.01174257416788,94.89296626980806,88.93881052267282,74.14891231654798,69.94392917570968
datastructure,WB.DATA360:DS_DATA360(1.3),I,A,BRB,WB_WDI_FS_AST_PRVT_GD_ZS,_T,_T,_T,PT_GDP,_Z,_Z,_Z,_Z,RATIO,2,WB_WDI,P1Y,0,A,PU,Annual,Barbados,Domestic credit to private sector (% of GDP),Total,All age ranges or no breakdown by age,Total,Percentage of GDP,Not Applicable,Not Applicable,Not Applicable,Not Applicable,Ratio,Two,World Development Indicators (WDI),Annual,Units,Normal value,Public,,,,,,,34.372714224166586,33.085073542138424,33.16534107171144,46.784447296602266,49.87660113741634,51.25228257976085,53.01415278915058,49.86476814241196,40.344767775804094,35.08562467920747,36.99230319217749,35.49350719934941,35.74592069351583,36.72995624119261,29.12770137524558,32.26729138777332,33.002563007261855,34.631536604987936,32.61572535991141,32.40458553791888,31.838098297462253,32.97287047841307,34.24026330224904,35.76009913258984,36.20311341734618,37.621062992125985,38.52938170669392,36.92361445783133,38.956551883522074,42.50325185019063,41.630416491375684,44.19681592039801,45.38316272502647,47.56577395991242,47.90210818761235,59.2481420854477,60.45039433446,62.40247702134288,67.26832631731746,72.76447178950124,73.68245839517547,71.28230432468318,75.53214273927344,82.77161996461636,,,68.46865086875006,68.77425967850897,68.5146222791106,68.66785740285066,69.99021454291147,72.13981080786421,68.55292774844875,67.37432056794769,75.88418472662116,68.50581282223445,61.07371550398517,59.73077300972069,
datastructure,WB.DATA360:DS_DATA360(1.3),I,A,BFA,WB_WDI_FS_AST_PRVT_GD_ZS,_T,_T,_T,PT_GDP,_Z,_Z,_Z,_Z,RATIO,2,WB_WDI,P1Y,0,A,PU,Annual,Burkina Faso,Domestic credit to private sector (% of GDP),Total,All age ranges or no breakdown by age,Total,Percentage of GDP,Not Applicable,Not Applicable,Not Applicable,Not Applicable,Ratio,Two,World Development Indicators (WDI),Annual,Units,Normal value,Public,,,2.462386860595324,3.4284031104030817,3.988464001454737,3.9366894083328052,3.395956535493774,3.372836767109625,3.5582270409139567,4.573793891435509,4.443413947735424,4.5959261329833625,5.016387904950708,6.0891066880687355,8.509340387957227,10.75412529219163,13.887077502487472,16.58217117626521,16.805811804884893,15.507084703912122,14.781873874188383,13.827311856854433,13.160613570750407,12.795586581303034,11.948656466556656,13.344914236077274,13.904260074877028,14.470416950162814,14.9014930218623,16.451336910483263,16.906943025204374,12.464128680603874,10.926078058660943,9.773838344995504,7.02602949344018,6.785180138333017,6.912335600979666,11.55207850828068,11.019296830463658,8.9927658548168,10.336397053519647,9.70866810828925,8.858713851207684,11.353478138291461,12.953429460370353,13.296203712774544,14.677884433703273,12.78455817715281,15.09095690486204,16.08310179808881,15.634526298698326,15.370342137342123,16.642459171329328,20.82103798382003,23.405608156112717,25.037770562270357,25.80994560265245,27.421601890354264,27.14971371393487,28.347857887695753,28.673890525550412,29.481969653848346,31.649305666212697,31.91024333627801,27.1571923411989
datastructure,WB.DATA360:DS_DATA360(1.3),I,A,LBR,WB_WDI_FS_AST_PRVT_GD_ZS,_T,_T,_T,PT_GDP,_Z,_Z,_Z,_Z,RATIO,2,WB_WDI,P1Y,0,A,PU,Annual,Liberia,Domestic credit to private sector (% of GDP),Total,All age ranges or no breakdown by age,Total,Percentage of GDP,Not Applicable,Not Applicable,Not Applicable,Not Applicable,Ratio,Two,World Development Indicators (WDI),Annual,Units,Normal value,Public,,,,,,,,,,,,,,,0.6292151146742291,0.29324414472621607,0.30536080617761896,0.3541718288271837,0.3976374028753216,0.3878106089022494,0.22461110640156404,0.23405374425353462,0.18821803916190508,0.18832537471016508,0.19444319568270463,0.19803401183334982,0.19232169138110322,0.20129231419788476,0.15634834580342322,0.3406676080159007,,0.6660426261565979,1.5884489332316878,1.947354547479135,3.879707546152542,2.849718540987771,1.0159394768010142,0.6877794561398501,7.8628257608134255,4.999545037739179,1.991835526717901,2.029503292538139,2.0549174965898334,2.5581693730522805,3.3521157621189195,3.809670051631992,4.744132337940559,5.259374880937116,6.1266498558877585,7.946963176041404,9.36698515953382,10.374263636346214,10.046775620627818,11.820774149306805,11.440448183392558,12.744949427578561,13.020664595354875,16.752353794963085,16.976407905188484,14.30787156773205,13.418605423168023,12.899695135740938,14.787430409394037,,
datastructure,WB.DATA360:DS_DATA360(1.3),I,A,ITA,WB_WDI_FS_AST_PRVT_GD_ZS,_T,_T,_T,PT_GDP,_Z,_Z,_Z,_Z,RATIO,2,WB_WDI,P1Y,0,A,PU,Annual,Italy,Domestic credit to private sector (% of GDP),Total,All age ranges or no breakdown by age,Total,Percentage of GDP,Not Applicable,Not Applicable,Not Applicable,Not Applicable,Ratio,Two,World Development Indicators (WDI),Annual,Units,Normal value,Public,,,,,,,,,,,,,,,,,,,,,,,,,,,,,,,,,,,,,,,,,,60.1430295695027,61.8212741982326,65.11427154480607,67.49386320242094,70.59362215224861,75.42323235573969,81.4531164394226,83.38226708850686,87.18616699328607,92.66762949314646,93.57188187349755,93.2686875516145,90.36566420193866,88.187471051349,86.91585295708589,84.49173470122152,80.41671706335308,76.44822281538336,73.44040697384376,82.6528242104143,76.0051221503914,69.5868608578087,63.1270384971691,60.3701258499539
datastructure,WB.DATA360:DS_DATA360(1.3),I,A,LCN,WB_WDI_FS_AST_PRVT_GD_ZS,_T,_T,_T,PT_GDP,_Z,_Z,_Z,_Z,RATIO,2,WB_WDI,P1Y,0,A,PU,Annual,Latin America & Caribbean,Domestic credit to private sector (% of GDP),Total,All age ranges or no breakdown by age,Total,Percentage of GDP,Not Applicable,Not Applicable,Not Applicable,Not Applicable,Ratio,Two,World Development Indicators (WDI),Annual,Units,Normal value,Public,16.171443827329895,15.939081881523197,15.385207983947753,14.218113221473162,,,,,,,,,,,,,,39.688793445840595,37.593448544478015,,,,,,,,,,,,,,,,,34.40010480965302,33.61935776741436,30.611930155560437,25.370581640771746,23.597902759778005,22.465249677674894,22.12973643336756,22.661667521602165,22.214128046578235,22.813373769438005,24.75426333043936,28.030691137824316,31.912138647536008,34.318234174571536,36.35590763563381,39.160174564843864,42.855706111733575,45.053256688732766,46.98891602566992,48.9774866596346,48.56202896221237,48.12783661184164,48.09017246282608,52.53334015301402,50.76664784952093,54.742549761058584,51.37008167504984,50.71340762713261,50.5668986716593,51.67556766842625
datastructure,WB.DATA360:DS_DATA360(1.3),I,A,VCT,WB_WDI_FS_AST_PRVT_GD_ZS,_T,_T,_T,PT_GDP,_Z,_Z,_Z,_Z,RATIO,2,WB_WDI,P1Y,0,A,PU,Annual,St. Vincent and the Grenadines,Domestic credit to private sector (% of GDP),Total,All age ranges or no breakdown by age,Total,Percentage of GDP,Not Applicable,Not Applicable,Not Applicable,Not Applicable,Ratio,Two,World Development Indicators (WDI),Annual,Units,Normal value,Public,,,,,,,,,,,,,,,,36.527635264427744,30.965973700323644,26.92236229346768,29.21825054957855,28.313165026301213,30.6006348528587,31.883261745075135,27.33974972587403,29.550475415990583,25.023626148188367,27.299872621955835,24.909853581662883,27.865637465807946,29.41257201213567,32.73960555035968,31.483998212607283,34.6886808906459,34.43729346551541,34.40720282524611,36.483979116548085,40.671339162232485,44.56079193761033,47.62167458305821,48.21911833222637,51.721140538798416,51.24287477228654,48.52935883936081,48.09423564408521,46.376642051983154,43.31809712267648,43.31345652979276,44.61127612595701,46.26822600794826,46.40558433493877,48.552048373474236,49.00963613529917,50.19524709350141,51.49668609417743,49.75579073832489,49.25450291386211,49.46079954795876,48.05928264092931,46.70702221676152,44.43152167995007,43.6128218687711,47.51783166904423,46.22414490108067,41.18967654007586,39.70359649607605,36.66227124047035
datastructure,WB.DATA360:DS_DATA360(1.3),I,A,TON,WB_WDI_FS_AST_PRVT_GD_ZS,_T,_T,_T,PT_GDP,_Z,_Z,_Z,_Z,RATIO,2,WB_WDI,P1Y,0,A,PU,Annual,Tonga,Domestic credit to private sector (% of GDP),Total,All age ranges or no breakdown by age,Total,Percentage of GDP,Not Applicable,Not Applicable,Not Applicable,Not Applicable,Ratio,Two,World Development Indicators (WDI),Annual,Units,Normal value,Public,,,,,,,,,,,,,,,,2.6900881527390172,8.495125880840398,10.420016305636489,10.44675431954292,13.734043059027856,15.617984734782889,18.396322212580543,22.201885836615297,20.709305939993193,21.4844763765008,25.443614967789944,24.724321463228158,29.430626645061174,36.23588979418527,39.080957895916605,37.68653673652451,32.09110213987352,30.12315724483054,31.6851880836855,30.318770476059075,35.506583036672886,35.59282573425919,40.40727178485483,42.26962050612949,37.85605318160338,40.510291301460235,41.88081711319133,44.030409527589036,44.61535759037838,40.573962166032665,52.82953283204721,48.22974872468186,55.075220575038166,52.272954304467646,48.00634864704512,39.921204356453494,33.00585408530593,30.59281912544861,30.60487223137227,31.496059408978706,34.043233410112165,37.38933517387258,38.02349349517466,39.30035349606152,38.210337802380344,37.82251696657478,36.39906340967228,35.96550597446963,35.652195146771994,34.79873414887372
datastructure,WB.DATA360:DS_DATA360(1.3),I,A,LKA,WB_WDI_FS_AST_PRVT_GD_ZS,_T,_T,_T,PT_GDP,_Z,_Z,_Z,_Z,RATIO,2,WB_WDI,P1Y,0,A,PU,Annual,Sri Lanka,Domestic credit to private sector (% of GDP),Total,All age ranges or no breakdown by age,Total,Percentage of GDP,Not Applicable,Not Applicable,Not Applicable,Not Applicable,Ratio,Two,World Development Indicators (WDI),Annual,Units,Normal value,Public,7.271643570257785,7.330909090909091,7.2309899569583935,8.629097805472771,9.367380982933401,9.17862444334488,9.775698692575267,10.346353878499501,11.298749766747527,12.355707567336468,11.70228337236534,12.355871886120996,13.88666622942218,11.592588567702673,13.412140843885407,12.65417466230199,12.97487004602192,15.693685280303239,20.311496542833705,22.62584228911753,17.165211117290724,18.13634492088701,19.624236683528487,21.076224702099488,19.3025509606754,20.683664357197845,20.35565040061513,20.191589188859464,21.799560324711013,20.18055428737033,19.616295403127566,8.821200768104848,9.056628174650761,9.833355018866413,10.957408597025648,31.066846169051715,29.895993896850527,29.44191213471838,28.722615045786487,29.257750937418344,28.83454354042028,30.732678318428757,31.03446543811813,30.745490236316908,32.38635085116467,33.0761025922139,34.670492058144475,34.23950368168446,29.54200651648951,25.740030159443283,24.684261656875066,33.73879695233305,34.01804378243371,33.53936076351569,34.493628880873445,39.38185044269904,42.47566528769696,43.88275256412691,46.69840732639108,47.008492945045624,,,,,
datastructure,WB.DATA360:DS_DATA360(1.3),I,A,GNQ,WB_WDI_FS_AST_PRVT_GD_ZS,_T,_T,_T,PT_GDP,_Z,_Z,_Z,_Z,RATIO,2,WB_WDI,P1Y,0,A,PU,Annual,Equatorial Guinea,Domestic credit to private sector (% of GDP),Total,All age ranges or no breakdown by age,Total,Percentage of GDP,Not Applicable,Not Applicable,Not Applicable,Not Applicable,Ratio,Two,World Development Indicators (WDI),Annual,Units,Normal value,Public,,,,,,,,,,,,,,,,,,,,,,,,,,23.391500388740365,31.60580111081976,26.79133768753406,24.62591214016225,27.655076944915557,25.771331834191123,38.23269584015261,21.219497298666283,5.1656544925775,4.020116936732643,4.7976240301550765,5.21035574316028,4.654521425895058,6.461722234701477,5.56636788879989,3.6334161743582567,3.4700775720730195,4.169054370794681,3.5887917005606598,2.722154318128772,2.148532637999819,2.3729339309150714,2.8026729655997866,4.104054824302781,5.317521240025429,6.078285314965648,6.406482044011201,4.832049940724435,6.863157222793996,8.108476789296065,12.52625259447214,14.94685825961276,14.121433097378336,14.18824914714567,15.23950828213087,12.870890307688427,10.454277112293779,8.081929414454425,5.908424927136632,
datastructure,WB.DATA360:DS_DATA360(1.3),I,A,MIC,WB_WDI_FS_AST_PRVT_GD_ZS,_T,_T,_T,PT_GDP,_Z,_Z,_Z,_Z,RATIO,2,WB_WDI,P1Y,0,A,PU,Annual,Middle income,Domestic credit to private sector (% of GDP),Total,All age ranges or no breakdown by age,Total,Percentage of GDP,Not Applicable,Not Applicable,Not Applicable,Not Applicable,Ratio,Two,World Development Indicators (WDI),Annual,Units,Normal value,Public,,,,,,,,,,,,,,,,,,34.420924505964365,34.58350249366982,34.34701961874746,33.10732227119188,33.15393205013006,34.09421957061858,35.75562296236689,37.0462709359277,37.82560113264523,,,51.40968695343836,63.23991334734389,,,50.0578955602908,,52.21579430126219,47.91108492645956,49.16077657104521,48.3129868626664,47.63972305930096,52.275602602408306,52.33173160907765,52.44370432240029,56.7815369017484,60.570045813218044,59.49146166515738,58.22133405767169,59.68648450430429,62.33950587379551,61.35505957112032,71.0858520563209,72.67400113472848,73.87094126157058,78.43504760628133,82.90137173692757,87.31568040687641,95.74464667867025,96.6548199662342,96.77610295714476,102.38089715949398,103.97760409894464,118.33333430150718,116.27761547600495,116.79371519629254,120.2860030601432,122.02509491487196
datastructure,WB.DATA360:DS_DATA360(1.3),I,A,GUY,WB_WDI_FS_AST_PRVT_GD_ZS,_T,_T,_T,PT_GDP,_Z,_Z,_Z,_Z,RATIO,2,WB_WDI,P1Y,0,A,PU,Annual,Guyana,Domestic credit to private sector (% of GDP),Total,All age ranges or no breakdown by age,Total,Percentage of GDP,Not Applicable,Not Applicable,Not Applicable,Not Applicable,Ratio,Two,World Development Indicators (WDI),Annual,Units,Normal value,Public,,,,,,,,,,,,,,,,,,,,,17.94157824933687,21.81834826664673,29.38665283540802,33.666485013623976,34.780334649408616,33.59430769230769,38.042536315324256,34.24932275541517,45.35884594873963,28.29848179855654,29.60979366523308,18.730493250526102,21.47209954208927,20.89848284960422,21.852460806406604,28.007134836744964,42.04797797509322,48.24011434402413,56.069491764388225,57.075159433309786,57.12284980355244,60.72085952424145,62.11910155340079,57.54798039984313,53.201048862077904,57.12242742826297,22.658160578510813,22.35727946464279,21.839397499575508,23.34803987132088,24.51380230878003,26.437198890589254,28.767813232511084,31.97334078560982,36.65987405430251,36.50224106266895,34.952728405902924,34.06938662758313,36.57044240777518,37.0927471310292,39.175718039231846,30.828624719599024,20.187564075104017,19.928578405544084,14.951109417348302
datastructure,WB.DATA360:DS_DATA360(1.3),I,A,CHE,WB_WDI_FS_AST_PRVT_GD_ZS,_T,_T,_T,PT_GDP,_Z,_Z,_Z,_Z,RATIO,2,WB_WDI,P1Y,0,A,PU,Annual,Switzerland,Domestic credit to private sector (% of GDP),Total,All age ranges or no breakdown by age,Total,Percentage of GDP,Not Applicable,Not Applicable,Not Applicable,Not Applicable,Ratio,Two,World Development Indicators (WDI),Annual,Units,Normal value,Public,87.78847346684073,88.66521769562449,89.20113382548928,89.09803005466603,87.07419618478157,88.17634372444365,87.6291865842292,87.55361837612055,89.58410078779568,91.07487346495004,90.30197496360707,86.10835876769221,82.7760148420645,80.53840982665912,69.38639875638319,74.70666619396926,80.28210571315435,84.42567890949091,89.74478235931986,91.79132020263404,95.33029622572418,96.91104981140693,112.19469308775139,117.0320373129451,118.62878979718221,122.94155705827279,124.11086981460599,130.67395957826164,136.91508643529932,143.93505141304414,144.3070947283823,143.15762463772222,143.26383506816882,142.77049985087936,144.19686163536412,146.6098871744669,144.6754475372267,146.23815166700683,144.48618036578247,151.18250817240693,141.86366927340325,136.660989970166,137.50826716659657,140.88675463340147,142.70395699742016,146.37535569051616,150.1828468602808,153.60418998402872,145.8661545013597,155.19004277341074,153.93753337579602,156.32079596933926,162.2302331602773,164.06103915388346,165.1240272692833,166.7769660599425,170.3855503987735,,,,,,,,
datastructure,WB.DATA360:DS_DATA360(1.3),I,A,THA,WB_WDI_FS_AST_PRVT_GD_ZS,_T,_T,_T,PT_GDP,_Z,_Z,_Z,_Z,RATIO,2,WB_WDI,P1Y,0,A,PU,Annual,Thailand,Domestic credit to private sector (% of GDP),Total,All age ranges or no breakdown by age,Total,Percentage of GDP,Not Applicable,Not Applicable,Not Applicable,Not Applicable,Ratio,Two,World Development Indicators (WDI),Annual,Units,Normal value,Public,,,,,,,,,,,,,,,,,,,,,,,,,,,,,,,,,,,,,,,,,,,,,,,,106.36255106858508,105.75976393767039,108.98335274142448,115.74756860002553,130.67293796086216,136.23099863199198,142.36320268393712,145.56422576105612,149.37325347513695,146.22394944902473,144.64030726520596,144.08879167577103,143.36916338306793,160.1109201058277,164.0950422306883,156.45241660384838,154.14078014893798,147.09192702825186
datastructure,WB.DATA360:DS_DATA360(1.3),I,A,DMA,WB_WDI_FS_AST_PRVT_GD_ZS,_T,_T,_T,PT_GDP,_Z,_Z,_Z,_Z,RATIO,2,WB_WDI,P1Y,0,A,PU,Annual,Dominica,Domestic credit to private sector (% of GDP),Total,All age ranges or no breakdown by age,Total,Percentage of GDP,Not Applicable,Not Applicable,Not Applicable,Not Applicable,Ratio,Two,World Development Indicators (WDI),Annual,Units,Normal value,Public,,,,,,,,,,,,,,,,,,20.87730912945561,22.214358877693716,24.74419892529112,25.32398163153633,27.290816910081396,27.921874698843567,29.682125465111593,27.59122938477398,27.593680514350794,23.60898785437349,22.824776452870783,27.863356420412256,34.30748179534703,38.82083624462177,39.50872994472159,41.77321349452497,43.68143969106378,43.77663523906922,46.49599978413675,45.42532027319842,47.226520957864246,47.09538086868617,46.86285235835892,50.43326632384464,43.131825540891924,42.7761983732133,41.7298305488313,42.0733437896781,45.21018421276716,47.217738351318204,46.545704410111185,46.731661021134094,46.398284692243045,50.44335361422607,52.3689632609876,55.21267509395285,52.651693177033096,48.81372606126504,47.57243201361633,44.150648000386866,47.2243698473433,41.65387381651398,38.356021845357866,50.7542625074397,49.38020607161186,45.84894220309463,41.77300661745706,39.38622995946193
datastructure,WB.DATA360:DS_DATA360(1.3),I,A,SEN,WB_WDI_FS_AST_PRVT_GD_ZS,_T,_T,_T,PT_GDP,_Z,_Z,_Z,_Z,RATIO,2,WB_WDI,P1Y,0,A,PU,Annual,Senegal,Domestic credit to private sector (% of GDP),Total,All age ranges or no breakdown by age,Total,Percentage of GDP,Not Applicable,Not Applicable,Not Applicable,Not Applicable,Ratio,Two,World Development Indicators (WDI),Annual,Units,Normal value,Public,11.72691872277001,11.26578877648014,12.896840887999907,12.464419201520458,12.072621310518365,11.647748365388507,10.057503253861574,8.831334111054684,10.066712557291995,10.729908479434373,10.472451135200638,10.795072468478851,11.569623248614967,15.28682917203415,17.741325184391254,17.629736868209076,17.779466978543606,20.03495795515885,26.497257971426674,26.743329218985917,28.298330415739294,29.121471766445296,26.905112385369122,27.098054230804813,24.536166305226796,23.12703675079873,20.979002084597195,20.70358174523578,22.600201854577517,21.78219795564808,20.448604431521336,19.37478777562053,20.417269034706994,20.44777993030091,12.599699377418217,11.33181381781794,12.33924996030558,12.226856376164825,11.46281085916558,11.982950907169183,14.575522343576857,13.752032281005016,14.146640099390373,15.428954100835963,16.12543945208869,18.381316376043078,18.18399864819569,18.36719398490981,19.15090819024729,19.64880388189497,20.64739496798791,23.263977082158732,23.741854553574264,25.837778544029987,26.268302152042565,26.02709006389974,,,,,,,,,
datastructure,WB.DATA360:DS_DATA360(1.3),I,A,BEN,WB_WDI_FS_AST_PRVT_GD_ZS,_T,_T,_T,PT_GDP,_Z,_Z,_Z,_Z,RATIO,2,WB_WDI,P1Y,0,A,PU,Annual,Benin,Domestic credit to private sector (% of GDP),Total,All age ranges or no breakdown by age,Total,Percentage of GDP,Not Applicable,Not Applicable,Not Applicable,Not Applicable,Ratio,Two,World Development Indicators (WDI),Annual,Units,Normal value,Public,5.012436639623027,5.5363310496763605,6.680495049747989,7.136377711422109,7.351051452653075,6.362138676268654,5.724098585246978,6.066568627466207,6.358768761990069,7.627221824517176,8.023575444326555,9.250576324182038,10.071076348155811,11.328058418260882,12.324353793230454,22.3656087715105,19.234802501050677,20.40461982321547,21.517281116014864,25.169910398959082,28.629073109089937,24.797772398889485,30.220835442465805,31.83996194207921,25.443935760228108,30.955511264497993,28.660253804609898,26.57859881324971,28.5622867545904,21.581682113904815,19.12768903769605,15.383810263628625,11.674476617866235,10.514544707075855,8.452625140601434,7.4284051541475815,8.47764074613428,5.41528298944634,6.9132109867838505,7.142326952492292,7.7614297383202535,7.1816554338276735,7.637564521899555,9.472824329687,9.559347683240079,10.832172680834375,11.315472950908893,13.297299066849924,14.302469687285955,15.252099776157793,16.06215639819467,16.767697654375795,16.25162988321097,16.53978554834657,16.529881925494557,15.810432309581104,,,,,,,,,
datastructure,WB.DATA360:DS_DATA360(1.3),I,A,HUN,WB_WDI_FS_AST_PRVT_GD_ZS,_T,_T,_T,PT_GDP,_Z,_Z,_Z,_Z,RATIO,2,WB_WDI,P1Y,0,A,PU,Annual,Hungary,Domestic credit to private sector (% of GDP),Total,All age ranges or no breakdown by age,Total,Percentage of GDP,Not Applicable,Not Applicable,Not Applicable,Not Applicable,Ratio,Two,World Development Indicators (WDI),Annual,Units,Normal value,Public,,,,,,,,,,,,,,,,,,,,,,,46.34249520772561,46.796945567970646,46.9686221321545,49.26397264880347,52.339410557868206,50.91100257132811,44.8754764863239,45.125003316217324,44.672166927177024,37.55418354915271,32.04069197888403,27.241624904983304,25.41922524961529,21.635894899637677,21.28063706633916,23.466037313888005,23.339682608883958,25.465151547382874,31.845911288805993,32.612563833927574,34.34431074701076,36.510013854313456,38.949096651547144,43.25453180072025,47.2791787368685,53.19802284920734,59.36028567935985,59.902839903580954,60.3209175671504,58.44700532091949,50.41666169591939,46.09688240030499,42.532027671318254,35.097671257094696,33.31915431978987,32.390860274330876,32.26497879045922,33.172105269832834,37.62960632125634,38.41258530840976,36.04204659851769,32.87346943264117,32.384486423085136
datastructure,WB.DATA360:DS_DATA360(1.3),I,A,ARB,WB_WDI_FS_AST_PRVT_GD_ZS,_T,_T,_T,PT_GDP,_Z,_Z,_Z,_Z,RATIO,2,WB_WDI,P1Y,0,A,PU,Annual,Arab World,Domestic credit to private sector (% of GDP),Total,All age ranges or no breakdown by age,Total,Percentage of GDP,Not Applicable,Not Applicable,Not Applicable,Not Applicable,Ratio,Two,World Development Indicators (WDI),Annual,Units,Normal value,Public,13.806494504995849,14.04953645205882,13.33086545324146,13.618029836008743,13.357823867489756,14.232953630422832,13.745292107480125,13.21587893485341,14.174446083422461,15.318287755609438,14.28895139477234,13.813846455916082,15.681566553735308,16.391072761491053,11.836054042286406,14.989693051389262,15.236263595081702,16.510793600860083,19.084243156739653,18.655687473126843,16.741715801082425,19.878295686560747,24.742584368362895,29.39725329089565,31.95178462822963,34.52406043382224,39.678224185361245,44.25188002338825,49.0899760711809,64.12386405841576,,22.405395256253584,20.149848914322,21.133997778260905,22.949743591182905,25.44311901578906,25.5698146465896,27.54953491415278,33.70933265296136,33.90486373122696,31.644831358976738,33.73588418714071,34.42373791046368,33.0180725257664,31.78377783265569,31.794837266125533,30.929866412169005,32.784444053947276,32.352910590769916,37.86361824091743,37.113642474081445,34.55398613141774,34.07411282504019,35.99185199932399,39.100508942232956,47.46130490694101,55.45492922936375,53.3884708037798,,,,,,,
datastructure,WB.DATA360:DS_DATA360(1.3),I,A,FSM,WB_WDI_FS_AST_PRVT_GD_ZS,_T,_T,_T,PT_GDP,_Z,_Z,_Z,_Z,RATIO,2,WB_WDI,P1Y,0,A,PU,Annual,"Micronesia, Fed. Sts.",Domestic credit to private sector (% of GDP),Total,All age ranges or no breakdown by age,Total,Percentage of GDP,Not Applicable,Not Applicable,Not Applicable,Not Applicable,Ratio,Two,World Development Indicators (WDI),Annual,Units,Normal value,Public,,,,,,,,,,,,,,,,,,,,,,,,,,,,,,,,,,,,29.814940663352235,27.77285235550745,28.439239504345696,30.305661297434245,32.57337401580513,31.18020335257982,29.573026344551067,21.27375451503104,16.6208852830929,18.33079162587153,20.115894257811895,21.088283278514655,21.395076248509547,20.253773719535655,21.519391449282892,21.03538412522859,19.784590465669165,19.599298965735827,19.928481395426473,21.52333888196112,23.29490982028185,23.137538461538462,23.24874651810585,20.322704081632654,22.86725888324873,24.169843768897355,23.42736335038211,,,
datastructure,WB.DATA360:DS_DATA360(1.3),I,A,SVK,WB_WDI_FS_AST_PRVT_GD_ZS,_T,_T,_T,PT_GDP,_Z,_Z,_Z,_Z,RATIO,2,WB_WDI,P1Y,0,A,PU,Annual,Slovak Republic,Domestic credit to private sector (% of GDP),Total,All age ranges or no breakdown by age,Total,Percentage of GDP,Not Applicable,Not Applicable,Not Applicable,Not Applicable,Ratio,Two,World Development Indicators (WDI),Annual,Units,Normal value,Public,,,,,,,,,,,,,,,,,,,,,,,,,,,,,,,,,,,,,,,,,,,,,,,33.76175219249443,37.366289646942924,40.69768875066742,44.91945463050343,44.34350877377798,46.00616340748724,46.158856071376356,47.685056715079234,49.500772573446724,52.33328274213942,56.67163508353361,59.87799958969106,61.44194641820657,62.4645072522501,65.64759040982602,65.11248246653264,66.7389252233433,61.46226342777224,59.65090188339352
datastructure,WB.DATA360:DS_DATA360(1.3),I,A,ISR,WB_WDI_FS_AST_PRVT_GD_ZS,_T,_T,_T,PT_GDP,_Z,_Z,_Z,_Z,RATIO,2,WB_WDI,P1Y,0,A,PU,Annual,Israel,Domestic credit to private sector (% of GDP),Total,All age ranges or no breakdown by age,Total,Percentage of GDP,Not Applicable,Not Applicable,Not Applicable,Not Applicable,Ratio,Two,World Development Indicators (WDI),Annual,Units,Normal value,Public,11.398476445887942,11.594714139974425,12.361686641812886,12.537887910316694,15.074917505704382,16.63169226358903,19.489861321899543,21.697803653471492,22.900366488563144,24.02935398351054,25.337375675119585,24.636499963374334,27.82893995795126,29.913528977383468,32.81937596702239,32.75443684490546,33.371331163865435,40.41957583604196,50.88589813163375,58.47282534112386,61.01860784298011,53.54742626277085,57.55638061508669,59.73434251422323,69.40275240395025,50.03818619334442,43.641165034320046,46.175508468065516,48.36994608174354,49.216227884292834,48.75049071132161,46.63923143079981,48.15498416836113,53.89356920806551,56.467408645921005,58.27253921443256,59.83444676109969,61.85583053730211,66.23852171596631,69.11282289090323,70.23664105401436,74.31547929541584,77.15533324393616,73.84434591212741,72.01283294456732,74.59263398320964,72.61199127531293,65.73999332305506,69.01217161225634,65.0748073576816,66.93535459328348,67.37420507775828,66.26604688040811,64.67413870600835,64.94060903113126,65.71742136983684,64.72807708335279,64.64510895207934,65.4861679257107,64.45100081123665,67.9621912366011,69.18446191098114,70.14216057314671,69.55454966257626,69.75496891275851
datastructure,WB.DATA360:DS_DATA360(1.3),I,A,IDB,WB_WDI_FS_AST_PRVT_GD_ZS,_T,_T,_T,PT_GDP,_Z,_Z,_Z,_Z,RATIO,2,WB_WDI,P1Y,0,A,PU,Annual,IDA blend,Domestic credit to private sector (% of GDP),Total,All age ranges or no breakdown by age,Total,Percentage of GDP,Not Applicable,Not Applicable,Not Applicable,Not Applicable,Ratio,Two,World Development Indicators (WDI),Annual,Units,Normal value,Public,7.562203847230719,8.40956953023396,10.858513654072313,12.481887003090783,14.398197946003274,15.08973367098907,16.45058486411127,18.112516417571605,17.94516084506503,17.13032456154562,14.639165966410284,16.62216418716458,16.827492302763723,14.538805549849542,11.797261922713458,13.469680960630004,14.253664953543245,16.88189266104317,18.6551855787869,17.613885393270102,18.91032015796476,10.77280759386524,11.785620389474904,13.418172218820912,14.284201233087948,14.962637156170688,18.380044630662702,18.511873698231486,18.49536256192673,18.457444350203037,16.779701510245367,16.384226491478014,17.526765871493666,16.14480646834261,14.918035276370308,13.08159677183913,11.765145812103256,12.282012725717225,12.3759824529648,16.751746030622297,14.029923660203016,14.612294029463666,15.009427296181169,15.140139164252645,15.35125719633662,15.051770657121525,14.748433744260819,17.69773832518525,20.451358145565575,19.59367285482625,16.419951754970295,14.834748612191348,14.219444333090463,14.254987865080215,15.462967381785337,15.773207424119981,16.980002094936363,16.091962954738214,15.701795333742817,13.584116115569072,14.707476984034377,15.26120974277941,15.102669149762562,,
datastructure,WB.DATA360:DS_DATA360(1.3),I,A,SWE,WB_WDI_FS_AST_PRVT_GD_ZS,_T,_T,_T,PT_GDP,_Z,_Z,_Z,_Z,RATIO,2,WB_WDI,P1Y,0,A,PU,Annual,Sweden,Domestic credit to private sector (% of GDP),Total,All age ranges or no breakdown by age,Total,Percentage of GDP,Not Applicable,Not Applicable,Not Applicable,Not Applicable,Ratio,Two,World Development Indicators (WDI),Annual,Units,Normal value,Public,35.588074733209574,34.74967124566712,35.146072243604664,37.410869096139095,36.64636141092045,37.32042897377315,37.28295672711137,38.97500990229811,41.092164595620126,39.64147755552159,36.922526944731636,36.92157198764145,37.6475682204851,37.78923692140384,37.036613427181294,35.217009581092036,35.161885053793576,36.73502355962771,36.5532463202403,37.57172962019118,36.63009406653147,36.83364612152877,38.145648016364845,36.02763956207441,35.95769155385265,34.817805617507894,37.30419765961964,39.2024642078601,45.9534403310762,50.2687732031262,51.12258768461678,47.42771742156527,47.4348233415486,38.14928179479403,34.28905126365574,31.32474273616487,31.83213522837205,34.71877519153501,35.832938245027805,37.43218702791229,39.79993980342705,89.54743452224145,89.62876714610704,89.9115276836911,91.63502579276755,99.2700350890139,102.7244595748066,111.25228893145962,118.41722847524068,124.56332248840675,123.28009969832586,124.76745814975476,128.74148038861642,131.02300776667187,130.31789257722522,127.51740985918956,129.17236633300712,132.71590609545467,133.26678997211502,131.82247437060155,138.45918144450619,136.79786480021264,136.07765264342382,129.13676565600235,125.52042424868448
datastructure,WB.DATA360:DS_DATA360(1.3),I,A,CHN,WB_WDI_FS_AST_PRVT_GD_ZS,_T,_T,_T,PT_GDP,_Z,_Z,_Z,_Z,RATIO,2,WB_WDI,P1Y,0,A,PU,Annual,China,Domestic credit to private sector (% of GDP),Total,All age ranges or no breakdown by age,Total,Percentage of GDP,Not Applicable,Not Applicable,Not Applicable,Not Applicable,Ratio,Two,World Development Indicators (WDI),Annual,Units,Normal value,Public,,,,,,,,,,,,,,,,,,51.09356761073908,50.2062527138515,49.65913517724971,52.533890375786065,55.91239104495722,56.696262723827914,56.87691670120182,60.60556195491197,66.06917583562786,75.83500076958596,77.89949246070465,73.85706018518519,76.99767576990122,86.03302026483902,88.10107426520895,86.0530634974135,96.50639173415746,85.48755479695961,83.78329716104292,88.96380863751305,96.11097538173887,104.37436454668376,109.39959881329277,109.99487703906676,108.77479218918428,115.97939047245238,123.90844133155112,116.91116009450278,110.31841291154905,107.61848409369463,104.21046488853843,100.40796095681459,122.30114770830973,124.42560846398942,121.16709312787862,126.8197345099748,131.93904569746235,137.6237263084617,149.62883203870828,153.19276182731318,152.08974745844293,154.9915602247636,162.20756623275776,179.10410022195785,173.55451872048766,181.7851624297152,189.60670898930806,194.1659968448106
datastructure,WB.DATA360:DS_DATA360(1.3),I,A,OMN,WB_WDI_FS_AST_PRVT_GD_ZS,_T,_T,_T,PT_GDP,_Z,_Z,_Z,_Z,RATIO,2,WB_WDI,P1Y,0,A,PU,Annual,Oman,Domestic credit to private sector (% of GDP),Total,All age ranges or no breakdown by age,Total,Percentage of GDP,Not Applicable,Not Applicable,Not Applicable,Not Applicable,Ratio,Two,World Development Indicators (WDI),Annual,Units,Normal value,Public,,,,,,,,,,,,,4.703835227272727,11.134592680047225,11.580650835532103,11.86840815636677,13.593011421463306,17.649132060716934,20.959215957821876,17.26110895696006,13.70635496829776,13.351971708532218,14.45393521675729,17.114420858951817,18.591913091995142,19.536995270030825,24.11084018619437,22.923753843102944,23.719677469375096,22.863414363414364,18.095392551486967,18.824263654848906,18.885360129089044,19.884969661524966,21.6915164369035,22.456494408787137,23.387723991570894,31.297031558611938,41.54769006321932,40.60104715096183,32.82862083469646,35.1535938909125,33.97035642202352,32.177211596092576,29.865126423930278,26.83021300284199,26.86022930652186,30.976484441213685,30.645818352527392,40.74694490223759,38.21191088035214,36.103045640953354,36.82016903956416,37.81017636291078,40.996436379857926,58.172112756614226,66.67023304254509,65.94876211506173,61.072175889608914,65.13533649739807,76.58938994201957,68.18634950315999,55.78977045532027,59.752816940390964,63.20772255082823
datastructure,WB.DATA360:DS_DATA360(1.3),I,A,BLR,WB_WDI_FS_AST_PRVT_GD_ZS,_T,_T,_T,PT_GDP,_Z,_Z,_Z,_Z,RATIO,2,WB_WDI,P1Y,0,A,PU,Annual,Belarus,Domestic credit to private sector (% of GDP),Total,All age ranges or no breakdown by age,Total,Percentage of GDP,Not Applicable,Not Applicable,Not Applicable,Not Applicable,Ratio,Two,World Development Indicators (WDI),Annual,Units,Normal value,Public,,,,,,,,,,,,,,,,,,,,,,,,,,,,,,,,,,,,,,,,,,,,,,,,24.80387710427488,28.63419287037294,35.93563040101681,42.81137330772506,37.958618366450224,21.7775564368289,22.92620252173699,23.632662110242496,27.88282009493736,25.717029141960424,26.236114398164695,27.614094055986076,28.768881303713073,32.5082968438587,29.17298689612673,,,
datastructure,WB.DATA360:DS_DATA360(1.3),I,A,ARG,WB_WDI_FS_AST_PRVT_GD_ZS,_T,_T,_T,PT_GDP,_Z,_Z,_Z,_Z,RATIO,2,WB_WDI,P1Y,0,A,PU,Annual,Argentina,Domestic credit to private sector (% of GDP),Total,All age ranges or no breakdown by age,Total,Percentage of GDP,Not Applicable,Not Applicable,Not Applicable,Not Applicable,Ratio,Two,World Development Indicators (WDI),Annual,Units,Normal value,Public,13.611244364855486,14.088121774818275,12.011114340145935,11.520060198216594,10.626694095332507,10.10666973963661,11.06047539909494,10.94357072743468,13.86592328832919,15.978501184798233,17.53874410242784,18.02169837354118,17.634526041236747,16.70557572458904,19.173808278179308,16.441349837726488,13.562767294777222,18.382909855152775,20.557117414511143,24.05622762780082,25.39579275105951,33.55230677826225,33.90637226861915,28.118275641611106,25.00099883679765,17.364141376060317,16.907229494896885,21.297314881087594,20.335835479281844,39.71749501914886,15.601694814211495,12.58720349071843,15.445335447407722,18.284604926741302,20.28057799875699,19.960607560891248,20.187001825281854,21.93345876343223,24.153298773282668,24.89334374988978,23.894733619806214,20.833574652466027,15.331858404248514,10.762705917248699,9.682518196332225,10.653492918935887,11.91026166075606,13.098541349354445,12.313946714342004,12.416207541680489,12.690106245474947,14.008715116812443,15.212815015692444,15.729092013356382,13.823769245515058,14.414233041706447,13.667633427351367,15.958497342058303,,14.477629244732308,15.746489768327965,13.264428981453438,12.889100933525535,15.357082337610423,15.117677838107465
datastructure,WB.DATA360:DS_DATA360(1.3),I,A,NIC,WB_WDI_FS_AST_PRVT_GD_ZS,_T,_T,_T,PT_GDP,_Z,_Z,_Z,_Z,RATIO,2,WB_WDI,P1Y,0,A,PU,Annual,Nicaragua,Domestic credit to private sector (% of GDP),Total,All age ranges or no breakdown by age,Total,Percentage of GDP,Not Applicable,Not Applicable,Not Applicable,Not Applicable,Ratio,Two,World Development Indicators (WDI),Annual,Units,Normal value,Public,,,,,,,,,,,,,,,,,,,,,,,,,,,,,,,,,,,,,,,,,,13.71783659471417,15.13039661977191,17.680001449054352,19.639504173725832,22.61956370920883,26.46173006434493,32.96267308704525,31.39029390829158,28.463981656581115,26.790277194402734,26.20214526179679,28.725684908924258,31.87194622811792,33.861104476683586,36.85121624651095,38.58003242146764,42.71415951542331,39.857058477086724,32.217313446534675,29.79282044693164,28.013075432324236,29.69976242130144,30.009003514577447,32.33727956964053
datastructure,WB.DATA360:DS_DATA360(1.3),I,A,VEN,WB_WDI_FS_AST_PRVT_GD_ZS,_T,_T,_T,PT_GDP,_Z,_Z,_Z,_Z,RATIO,2,WB_WDI,P1Y,0,A,PU,Annual,"Venezuela, RB",Domestic credit to private sector (% of GDP),Total,All age ranges or no breakdown by age,Total,Percentage of GDP,Not Applicable,Not Applicable,Not Applicable,Not Applicable,Ratio,Two,World Development Indicators (WDI),Annual,Units,Normal value,Public,15.675275602820305,14.809058614564833,14.225232853513969,13.882122662026969,14.754889581053398,15.594199077125909,15.262678408745826,15.790270270270272,16.271952164765807,17.087915649374498,16.726381547333013,16.792845767487442,18.222659425709733,19.389240031125006,16.912789350820606,24.300665548950867,29.15857413548082,29.995761242341334,33.45971844315628,28.47793123035377,27.465588254963595,26.696516226753808,29.24231292143318,30.661154179805294,24.672698965891563,24.880223608418454,30.61324033264373,28.897419807846113,29.99233925314016,20.185902575609408,16.5877887613573,18.41384273604671,18.58833740814134,15.765150205275011,9.198434336518053,8.655919769019981,8.126613469100047,12.606896451611133,12.04051443984917,11.21428578789713,10.483842323388515,12.370066744505596,10.12716637381567,8.906126214638732,11.081772129297994,13.214871769626019,17.037132868210175,23.481172466982475,21.46967380759155,23.61362867879775,18.85433542003425,20.47422564851025,23.87297589317568,27.47279941579297,,,,,,,,,,,
datastructure,WB.DATA360:DS_DATA360(1.3),I,A,IBT,WB_WDI_FS_AST_PRVT_GD_ZS,_T,_T,_T,PT_GDP,_Z,_Z,_Z,_Z,RATIO,2,WB_WDI,P1Y,0,A,PU,Annual,IDA & IBRD total,Domestic credit to private sector (% of GDP),Total,All age ranges or no breakdown by age,Total,Percentage of GDP,Not Applicable,Not Applicable,Not Applicable,Not Applicable,Ratio,Two,World Development Indicators (WDI),Annual,Units,Normal value,Public,,,,,,,,,,,,,,,,,,32.97307453049064,33.103822499348645,32.89033089852156,31.700040828651424,31.837798272029143,32.997847488846375,34.4733684672186,35.49938038614736,36.287917602372985,,,,,,,,,,,46.038517186947416,45.63356762323451,45.042061737182436,49.211889007323215,49.12342308016161,47.76317385742708,50.97325806027603,54.215313051863994,53.6086846632156,52.47067848568063,54.1534443014832,57.36595903900554,57.418800186524706,66.69541100303671,67.9966871839758,69.01560108611024,73.28319020364303,77.73797291019535,83.03357027325939,91.48065396729373,92.5055104482282,92.23147178237828,97.10072515149302,98.74290601967132,112.19317952286463,109.96901803407624,113.14514127197474,115.99732004197504,117.49922945211542
datastructure,WB.DATA360:DS_DATA360(1.3),I,A,UZB,WB_WDI_FS_AST_PRVT_GD_ZS,_T,_T,_T,PT_GDP,_Z,_Z,_Z,_Z,RATIO,2,WB_WDI,P1Y,0,A,PU,Annual,Uzbekistan,Domestic credit to private sector (% of GDP),Total,All age ranges or no breakdown by age,Total,Percentage of GDP,Not Applicable,Not Applicable,Not Applicable,Not Applicable,Ratio,Two,World Development Indicators (WDI),Annual,Units,Normal value,Public,,,,,,,,,,,,,,,,,,,,,,,,,,,,,,,,,,,,,,,,,,,,,,,,,,,,,,9.327726663277963,10.02973160845893,10.309625869419174,11.75377345250249,14.06332691276643,20.42563357575781,25.85805921565278,32.17429132374349,32.0554536910014,32.70925162164283,34.35565411845443,33.19943553667318
datastructure,WB.DATA360:DS_DATA360(1.3),I,A,FIN,WB_WDI_FS_AST_PRVT_GD_ZS,_T,_T,_T,PT_GDP,_Z,_Z,_Z,_Z,RATIO,2,WB_WDI,P1Y,0,A,PU,Annual,Finland,Domestic credit to private sector (% of GDP),Total,All age ranges or no breakdown by age,Total,Percentage of GDP,Not Applicable,Not Applicable,Not Applicable,Not Applicable,Ratio,Two,World Development Indicators (WDI),Annual,Units,Normal value,Public,,,,,,,,,,,,,,,,,,,,,,,,,,,,,,,,,,,,,,,,,,52.65456618347493,55.43637825255491,60.284482644976734,63.73274705337626,69.25473382483331,73.41389902869936,76.28288400985785,80.10532655866318,86.30863620106199,88.13321498615444,89.5337836128608,92.07547734781262,93.31341493977799,93.36620436715164,94.98506127730838,94.78437026289073,94.03175705143609,94.8815247622949,95.91938553903688,101.73825125747187,100.14029361161583,96.19779435249028,93.26658066029438,92.03443939948471
datastructure,WB.DATA360:DS_DATA360(1.3),I,A,MYS,WB_WDI_FS_AST_PRVT_GD_ZS,_T,_T,_T,PT_GDP,_Z,_Z,_Z,_Z,RATIO,2,WB_WDI,P1Y,0,A,PU,Annual,Malaysia,Domestic credit to private sector (% of GDP),Total,All age ranges or no breakdown by age,Total,Percentage of GDP,Not Applicable,Not Applicable,Not Applicable,Not Applicable,Ratio,Two,World Development Indicators (WDI),Annual,Units,Normal value,Public,8.915785884759632,11.868773617313638,12.632609760078342,11.95991671004685,11.18846952485648,12.3646408839779,13.197547542346461,14.392542511780373,16.576753310446296,18.37225886967374,21.286668357426663,22.562717097645695,24.240506329113924,27.789349997329488,28.236503631113834,34.31578004656994,33.98255296421577,35.82374768089054,39.192841682943566,41.47746855074961,49.909394462369626,57.761442729939425,62.73292818461269,69.92689228323206,74.89013199245758,88.17464825093585,101.46604464061235,89.57661713017204,86.46248782072101,95.65288455142398,69.41266868769998,73.7605458689796,108.52922047756202,106.45980696191506,109.21718399066822,124.41415362763122,141.6337391420869,158.3850475806881,158.5053787701726,149.15298107486268,134.99985392577463,129.10137557823919,121.8273449344046,118.97414888010334,111.93760514821072,106.52443190737853,103.66383037431635,101.5800751601482,96.74825350652057,111.60688998793728,107.12275257388544,108.42593670537866,114.1245298171319,119.89969391041151,120.578651022847,123.10362963113977,121.97982060196304,117.16756837428225,120.27631188390681,120.70694629911432,133.8169955207508,127.26089460956749,113.0704705580946,117.09943002932512,116.10741080739186
datastructure,WB.DATA360:DS_DATA360(1.3),I,A,GBR,WB_WDI_FS_AST_PRVT_GD_ZS,_T,_T,_T,PT_GDP,_Z,_Z,_Z,_Z,RATIO,2,WB_WDI,P1Y,0,A,PU,Annual,United Kingdom,Domestic credit to private sector (% of GDP),Total,All age ranges or no breakdown by age,Total,Percentage of GDP,Not Applicable,Not Applicable,Not Applicable,Not Applicable,Ratio,Two,World Development Indicators (WDI),Annual,Units,Normal value,Public,17.338940929076657,17.493246893571044,17.438053554812697,19.343360828076985,20.672064537177093,20.62365946213496,19.496595832473695,19.82421875,19.71046770601336,19.350052548066024,19.815981341022205,20.75254682878738,28.55085667264231,33.564903173270224,35.19952825374506,28.314146091476474,27.361915797605253,26.084765542117548,25.5990134902919,25.86194420457999,26.215872676339075,30.86013713138971,34.04858656644528,37.07233104541472,42.235679327618705,43.906245491815106,77.61064168399092,82.77104602326934,91.57544594084871,102.93003502132348,104.8059603068512,102.33376442591124,101.6779981254742,99.87622468328496,100.0308643632011,96.98381487880167,99.81195456699747,101.51251018477079,102.08136385574849,105.11174355873116,114.29424879091276,119.33688644134676,124.53346012124094,129.21611213289168,136.66703588083575,142.66448791340667,153.47139532366313,169.58334863884093,190.14665304387609,191.12982894317895,183.7628192282771,169.6158736449404,160.01070551487246,148.9062486026275,134.60505543271543,130.08273790259003,131.4801060478712,132.33324845915214,132.7833597889811,131.44306537041697,145.5720753793441,136.1615945910106,126.1263976932516,117.97836175460475,112.66183218758907
datastructure,WB.DATA360:DS_DATA360(1.3),I,A,MNA,WB_WDI_FS_AST_PRVT_GD_ZS,_T,_T,_T,PT_GDP,_Z,_Z,_Z,_Z,RATIO,2,WB_WDI,P1Y,0,A,PU,Annual,"Middle East, North Africa, Afghanistan & Pakistan (excluding high income)",Domestic credit to private sector (% of GDP),Total,All age ranges or no breakdown by age,Total,Percentage of GDP,Not Applicable,Not Applicable,Not Applicable,Not Applicable,Ratio,Two,World Development Indicators (WDI),Annual,Units,Normal value,Public,13.992285658874588,14.625871103398815,15.172803761025325,16.064806211618645,16.605852908537283,17.24627458009932,17.790789975330874,17.59588906589449,18.29738002890232,19.20746032874494,18.930913943676142,18.846573018355194,21.13555880993968,20.60704731025997,17.126599852855524,21.4132041173637,21.88788223937219,23.620105923840782,,26.893096907908188,26.827255169530083,29.08310698410597,27.547697781206708,28.514033854893174,28.518635931427237,29.53576341552568,32.338375940391856,33.93717446422109,34.197440962614415,33.22907488014206,,26.880127534397662,22.326789596412922,22.03031184884276,22.901433487053435,24.268649895408853,23.816402116604532,25.299765459447666,28.326824017593534,30.010513272567557,29.874601646726948,30.994763672052446,30.748433701971717,30.462599165255206,29.24922780117224,29.312467470741517,30.693658240449533,31.43979708714106,30.037887839078092,32.22465372156319,35.76858313701737,34.96426646002983,33.540981169439235,31.205052864226065,33.16140710429175,35.88506353548175,39.03390269065471,30.676506940792425,26.67933796439716,26.706604827177962,30.713205589765018,30.29834243859675,28.472290542108254,28.35245265318636,27.76578594423812
datastructure,WB.DATA360:DS_DATA360(1.3),I,A,HND,WB_WDI_FS_AST_PRVT_GD_ZS,_T,_T,_T,PT_GDP,_Z,_Z,_Z,_Z,RATIO,2,WB_WDI,P1Y,0,A,PU,Annual,Honduras,Domestic credit to private sector (% of GDP),Total,All age ranges or no breakdown by age,Total,Percentage of GDP,Not Applicable,Not Applicable,Not Applicable,Not Applicable,Ratio,Two,World Development Indicators (WDI),Annual,Units,Normal value,Public,,,,,,,,,,,,,,,,,,,,,,,,,,,,,,,,,,,,,,,,,,36.683566205737925,36.03206560031494,37.19104638184407,37.81436818520831,38.841758065535345,44.72935315802344,52.270420067944045,51.291832674053,50.33822017489793,47.4622470777193,47.30923103066969,51.27564823074455,54.722686817914415,55.08693720491614,54.59360022381523,57.83540236422671,57.79019749797554,62.81495971493012,64.46303283252053,71.2304636812084,67.72704718619856,70.08416262394839,75.63082477568341,78.22344042274
datastructure,WB.DATA360:DS_DATA360(1.3),I,A,GAB,WB_WDI_FS_AST_PRVT_GD_ZS,_T,_T,_T,PT_GDP,_Z,_Z,_Z,_Z,RATIO,2,WB_WDI,P1Y,0,A,PU,Annual,Gabon,Domestic credit to private sector (% of GDP),Total,All age ranges or no breakdown by age,Total,Percentage of GDP,Not Applicable,Not Applicable,Not Applicable,Not Applicable,Ratio,Two,World Development Indicators (WDI),Annual,Units,Normal value,Public,8.21621614515705,10.726041048748806,12.57042022533012,20.26410137269155,15.970502980546208,13.945945945945946,14.470201071225345,14.191616766467066,14.746223663587472,15.642102503655387,17.763124522206812,18.545195052331113,22.835944700460832,20.564245810055866,13.119989238633305,14.410250865051902,13.870810735641776,18.069255288322225,24.10645400593472,19.13651877133106,15.769298827582393,16.292520247641733,15.558583564555473,17.72854600325002,16.182431564066317,20.20633122292569,28.53423262916773,29.74003851275472,16.74835826830149,15.478771995507302,12.922312723682586,14.634027926762942,10.944361125748179,10.315251757205194,6.755996565837844,7.921784098254686,6.589329854435595,8.680582805313435,10.779508506616258,9.963671194705677,8.696552297544482,12.521323566985629,12.310953555709077,11.518347899866429,9.270946511216996,8.46361766400408,9.553023111160206,9.952229099035675,8.661172309383884,10.091112978372976,8.209996832041163,9.527671611793215,11.302095673966898,15.012821298492982,14.54172512491168,14.516147228623822,13.828989550755754,10.290362208163712,13.082693069164922,13.376477965793121,,,,,
datastructure,WB.DATA360:DS_DATA360(1.3),I,A,TEA,WB_WDI_FS_AST_PRVT_GD_ZS,_T,_T,_T,PT_GDP,_Z,_Z,_Z,_Z,RATIO,2,WB_WDI,P1Y,0,A,PU,Annual,East Asia & Pacific (IDA & IBRD),Domestic credit to private sector (% of GDP),Total,All age ranges or no breakdown by age,Total,Percentage of GDP,Not Applicable,Not Applicable,Not Applicable,Not Applicable,Ratio,Two,World Development Indicators (WDI),Annual,Units,Normal value,Public,,,,,,,,,,,,,,,,,,47.035569120299314,45.795567546740685,45.713585057130686,48.446612581573135,51.67853896220903,52.79498978729248,54.854407626611454,57.59476244355949,63.144843341891516,71.58665087206882,,68.1169831837407,71.31707190872054,76.24648709079294,78.08555359180988,79.12476123288313,86.96712949998326,80.7387857141929,80.55822888388609,87.24032609413699,95.0545197567454,100.89026494511496,104.12072042132593,104.56257519609187,103.90245050195294,109.78579228370207,116.64865086445464,110.75490178450724,104.65790945368937,102.32190138011451,100.24275270180344,96.90707362880313,109.5515470379965,109.86688448933297,108.7032242179313,114.55312905951652,120.3560659215145,126.03772213381066,137.35391292211654,139.94630081488927,139.20429529760438,142.60845902741156,148.2074388638584,164.3151904163341,161.2400249171145,166.77531104761184,173.87510479067706,177.61688672583637
datastructure,WB.DATA360:DS_DATA360(1.3),I,A,EUU,WB_WDI_FS_AST_PRVT_GD_ZS,_T,_T,_T,PT_GDP,_Z,_Z,_Z,_Z,RATIO,2,WB_WDI,P1Y,0,A,PU,Annual,European Union,Domestic credit to private sector (% of GDP),Total,All age ranges or no breakdown by age,Total,Percentage of GDP,Not Applicable,Not Applicable,Not Applicable,Not Applicable,Ratio,Two,World Development Indicators (WDI),Annual,Units,Normal value,Public,,,,,,,,,,,,,,,,,,,,,,,,,,,,,,,,,,,,,,,,,,86.07456341166852,85.80063446978029,86.81761267531178,88.21358463731819,92.48734166507482,96.09011610157373,99.34300149599692,101.35336478154915,104.28997362876734,101.65954871659011,99.9052286099855,98.18261596811999,95.58077145706494,91.71545516484794,89.03218108044244,88.22135825893734,87.00436772192576,85.69692948289462,84.75590223062879,92.67096653282961,88.30600741079228,83.91378813376235,78.47275636388626,75.5824132633303
datastructure,WB.DATA360:DS_DATA360(1.3),I,A,NLD,WB_WDI_FS_AST_PRVT_GD_ZS,_T,_T,_T,PT_GDP,_Z,_Z,_Z,_Z,RATIO,2,WB_WDI,P1Y,0,A,PU,Annual,Netherlands,Domestic credit to private sector (% of GDP),Total,All age ranges or no breakdown by age,Total,Percentage of GDP,Not Applicable,Not Applicable,Not Applicable,Not Applicable,Ratio,Two,World Development Indicators (WDI),Annual,Units,Normal value,Public,,,,,,,,,,,,,,,,,,,,,,,,,,,,,,,,,,,,,,,,,,110.22236670732,108.80306461908,108.372289041971,112.327939906654,115.890888447757,112.9576606451,112.717594636907,110.218655333418,116.241095699118,112.995200786287,113.516935353618,116.013958604261,112.969994005111,115.205849457802,110.135230807738,112.688166070747,109.26176749092,103.705449062777,98.6368462471995,100.352006153371,93.8807694464696,88.8195045380451,85.4757445009347,82.3320940898509
datastructure,WB.DATA360:DS_DATA360(1.3),I,A,SLV,WB_WDI_FS_AST_PRVT_GD_ZS,_T,_T,_T,PT_GDP,_Z,_Z,_Z,_Z,RATIO,2,WB_WDI,P1Y,0,A,PU,Annual,El Salvador,Domestic credit to private sector (% of GDP),Total,All age ranges or no breakdown by age,Total,Percentage of GDP,Not Applicable,Not Applicable,Not Applicable,Not Applicable,Ratio,Two,World Development Indicators (WDI),Annual,Units,Normal value,Public,,,,,,,,,,,,,,,,,,,,,,,,,,,,,,,,,,,,,,,,,,45.91287289502827,45.56045823756407,47.42865241463639,48.15518973508874,49.92391910509688,50.27641697624171,51.53429706038474,51.05486772988549,54.55257925793281,52.31042774589222,49.99771767905193,49.296079203456436,51.50418570380801,53.2701980017235,54.091895426789726,55.059798007806904,56.0486779897987,57.27701563561529,59.07431321283249,65.33322271111452,61.13956858091101,62.61340499684345,61.90071804534419,62.487565722794514
datastructure,WB.DATA360:DS_DATA360(1.3),I,A,AUT,WB_WDI_FS_AST_PRVT_GD_ZS,_T,_T,_T,PT_GDP,_Z,_Z,_Z,_Z,RATIO,2,WB_WDI,P1Y,0,A,PU,Annual,Austria,Domestic credit to private sector (% of GDP),Total,All age ranges or no breakdown by age,Total,Percentage of GDP,Not Applicable,Not Applicable,Not Applicable,Not Applicable,Ratio,Two,World Development Indicators (WDI),Annual,Units,Normal value,Public,,,,,,,,,,,,,,,,,,,,,,,,,,,,,,,,,,,,,,,,,,90.18438490566551,89.16936762490954,88.30933757664639,88.4249908125088,94.96703597230652,95.1090616207875,93.50258949041907,96.44189203311308,98.34385102620136,99.14687950005448,96.67256925541795,94.83797957739648,93.34113913880635,88.35991712583275,86.43999649910079,83.58975397114592,84.7370865911526,84.86296387700582,86.3027943646251,93.0516337886918,93.06245468008937,89.18355299468857,84.10247130840507,81.76526510212291
datastructure,WB.DATA360:DS_DATA360(1.3),I,A,TEC,WB_WDI_FS_AST_PRVT_GD_ZS,_T,_T,_T,PT_GDP,_Z,_Z,_Z,_Z,RATIO,2,WB_WDI,P1Y,0,A,PU,Annual,Europe & Central Asia (IDA & IBRD),Domestic credit to private sector (% of GDP),Total,All age ranges or no breakdown by age,Total,Percentage of GDP,Not Applicable,Not Applicable,Not Applicable,Not Applicable,Ratio,Two,World Development Indicators (WDI),Annual,Units,Normal value,Public,,,,,,,,,,,,,,,,,,,,,,,,,,,,,,,,,,,,,,,,,,,,,,,,,42.649995007258404,44.94078298219816,45.47941522717307,45.598972011448666,47.094875003525914,50.51199191540267,54.24931862935471,53.8714126617343,53.067218940390354,51.59546154820931,49.67617789758241,49.091118544613,54.081179605131005,50.27470849613309,,,
datastructure,WB.DATA360:DS_DATA360(1.3),I,A,MMR,WB_WDI_FS_AST_PRVT_GD_ZS,_T,_T,_T,PT_GDP,_Z,_Z,_Z,_Z,RATIO,2,WB_WDI,P1Y,0,A,PU,Annual,Myanmar,Domestic credit to private sector (% of GDP),Total,All age ranges or no breakdown by age,Total,Percentage of GDP,Not Applicable,Not Applicable,Not Applicable,Not Applicable,Ratio,Two,World Development Indicators (WDI),Annual,Units,Normal value,Public,6.191797208348993,6.988294702542435,7.178934074623841,4.588627964519551,3.1596042179357977,1.901889021758791,2.2896704711582725,1.8909354313623863,1.9162827044555617,2.1886033914598153,4.701754523443115,4.671840477688216,6.357222605566913,6.5828716950756565,2.9965372577752105,3.3654214476686,4.871112354200835,5.884934856792946,7.43081749322614,5.685902504087312,5.519438701626614,5.923507462686567,5.276537475780693,5.274672498886232,4.470399487678786,4.933112028664788,5.09758074002059,4.3640279759288605,3.673779430230912,2.616591459114192,4.743934174622585,6.760619777904353,7.769872415091419,6.465642967500895,5.99305038072094,7.581561327470652,9.564256673148313,10.31889873149747,9.699200385643717,8.097720880967165,9.517409285931839,11.00217158246301,10.344847140877016,4.095681213224004,4.740162894773321,4.657059701001534,3.8771399183105806,3.423736464899743,3.1211029015962897,3.4721769114853003,4.766953785122932,6.746762064036014,9.310266145082858,12.83852972850649,15.575243666397927,18.130551386113332,22.006366980659884,24.500546080910027,26.2093085820638,26.63790147648532,28.982899946700908,,,,
datastructure,WB.DATA360:DS_DATA360(1.3),I,A,USA,WB_WDI_FS_AST_PRVT_GD_ZS,_T,_T,_T,PT_GDP,_Z,_Z,_Z,_Z,RATIO,2,WB_WDI,P1Y,0,A,PU,Annual,United States,Domestic credit to private sector (% of GDP),Total,All age ranges or no breakdown by age,Total,Percentage of GDP,Not Applicable,Not Applicable,Not Applicable,Not Applicable,Ratio,Two,World Development Indicators (WDI),Annual,Units,Normal value,Public,71.04632224445965,75.26178333414225,75.73374387506642,80.48866253256791,83.3438843821895,86.34544157591851,83.70822234935994,87.22888542795056,88.0631534754449,86.96943565455672,87.67668434013413,91.11707884795037,95.7913033840131,94.83886996898572,92.28667856124893,90.47470672491667,89.8846858637993,90.1764515225629,91.63124373929058,92.94553228829577,94.35486598765657,89.23800767056767,92.61092632363795,96.109272798397,96.79606786739295,103.6846130196295,110.16171052443941,112.6190550404872,113.69086212605535,117.539952502031,114.79142571122634,119.17767292260166,118.24316376341355,120.99453219154461,120.18303527097612,130.16859950042732,137.66571109974308,146.57982022751966,157.80463602447864,171.61422032061577,162.62030549022987,170.8494222145278,162.40427084324028,177.40024250499275,184.80554642327084,188.63304209776405,198.28384611117082,206.35135293270173,185.12564450621613,187.47998997582877,181.9207457802066,174.47460248769474,175.44381950904634,184.5728581437229,185.39900430800867,184.52983037555214,187.42140734266414,195.43392979223063,184.1546467574203,196.18346461364777,220.89299777295875,223.84171668947812,190.9215830991184,195.6134610448201,201.21830587606436
datastructure,WB.DATA360:DS_DATA360(1.3),I,A,GRC,WB_WDI_FS_AST_PRVT_GD_ZS,_T,_T,_T,PT_GDP,_Z,_Z,_Z,_Z,RATIO,2,WB_WDI,P1Y,0,A,PU,Annual,Greece,Domestic credit to private sector (% of GDP),Total,All age ranges or no breakdown by age,Total,Percentage of GDP,Not Applicable,Not Applicable,Not Applicable,Not Applicable,Ratio,Two,World Development Indicators (WDI),Annual,Units,Normal value,Public,,,,,,,,,,,,,,,,,,,,,,,,,,,,,,,,,,,,,,,,,,51.696591000447064,54.87183274152032,58.73196093771455,63.877542809832654,73.65739571979807,77.5454374177186,85.79842374285374,90.50731365552849,89.22442515661997,112.81427733685314,119.20138253453842,120.14793138069196,119.79020368073807,117.8950571898086,113.43335731522382,108.62709749602726,100.64750986079443,91.2069328032117,80.21223967020629,81.27097512599983,56.19733616088044,52.456742124153244,49.215740821161525,48.54100044533582
datastructure,WB.DATA360:DS_DATA360(1.3),I,A,EAP,WB_WDI_FS_AST_PRVT_GD_ZS,_T,_T,_T,PT_GDP,_Z,_Z,_Z,_Z,RATIO,2,WB_WDI,P1Y,0,A,PU,Annual,East Asia & Pacific (excluding high income),Domestic credit to private sector (% of GDP),Total,All age ranges or no breakdown by age,Total,Percentage of GDP,Not Applicable,Not Applicable,Not Applicable,Not Applicable,Ratio,Two,World Development Indicators (WDI),Annual,Units,Normal value,Public,,,,,,,,,,,,,,,,,,47.03556912029931,45.795567546740685,45.71358505713067,48.44661258157314,51.67853896220903,52.79498978729248,54.854407626611454,57.59476244355949,63.144843341891516,71.58665087206882,,68.1169831837407,71.31707190872054,76.24648709079295,78.08555359180987,79.12476123288315,86.96712949998326,80.7387857141929,80.5582288838861,87.240326094137,95.05451975674544,100.89026494511496,104.12072042132588,104.5625751960918,103.9024505019529,109.78579228370207,116.64865086445462,110.75490178450724,104.65790945368937,102.32190138011447,100.24275270180344,96.90707362880313,109.55154703799651,109.86688448933293,108.7032242179313,114.55312905951652,120.3560659215145,126.0377221338107,137.35391292211656,139.94630081488924,139.20429529760438,142.60845902741153,148.2074388638584,164.31519041633405,161.2400249171145,166.77531104761192,173.87510479067709,177.61688672583637
datastructure,WB.DATA360:DS_DATA360(1.3),I,A,HKG,WB_WDI_FS_AST_PRVT_GD_ZS,_T,_T,_T,PT_GDP,_Z,_Z,_Z,_Z,RATIO,2,WB_WDI,P1Y,0,A,PU,Annual,"Hong Kong SAR, China",Domestic credit to private sector (% of GDP),Total,All age ranges or no breakdown by age,Total,Percentage of GDP,Not Applicable,Not Applicable,Not Applicable,Not Applicable,Ratio,Two,World Development Indicators (WDI),Annual,Units,Normal value,Public,,,,,,,,,,,,,,,,,,,,,,,,,,,,,,,160.53823407692204,137.25537845551213,129.52101891888543,134.90886241823398,143.5186402568573,149.41224622566813,156.6678890408087,169.28000710809178,166.80470676735416,152.7926522575598,150.3513642232791,148.97663127809122,145.707823001046,146.2314643712863,144.76196413072944,143.12769981410995,136.8003204175206,136.6797428572121,140.2857526880146,155.4261611154471,185.58191267173027,202.29274551159776,198.5315050766816,218.16039208625523,233.21100117035138,207.89932818519938,214.30017883255346,223.37186641204298,219.90812325048518,236.74007157062405,258.9028416996382,259.1839882035152,264.44211064629053,248.6079436671082,231.03777166912224
datastructure,WB.DATA360:DS_DATA360(1.3),I,A,AZE,WB_WDI_FS_AST_PRVT_GD_ZS,_T,_T,_T,PT_GDP,_Z,_Z,_Z,_Z,RATIO,2,WB_WDI,P1Y,0,A,PU,Annual,Azerbaijan,Domestic credit to private sector (% of GDP),Total,All age ranges or no breakdown by age,Total,Percentage of GDP,Not Applicable,Not Applicable,Not Applicable,Not Applicable,Ratio,Two,World Development Indicators (WDI),Annual,Units,Normal value,Public,,,,,,,,,,,,,,,,,,,,,,,,,,,,,,,,,,,,,,,,,,,,,,,,,,,,,,,,,32.86885402943391,22.099603808675987,20.76648582345203,23.001869012286285,26.03201510446264,22.925044075045918,18.29846878737616,23.127798053751288,26.394691931298908
datastructure,WB.DATA360:DS_DATA360(1.3),I,A,ALB,WB_WDI_FS_AST_PRVT_GD_ZS,_T,_T,_T,PT_GDP,_Z,_Z,_Z,_Z,RATIO,2,WB_WDI,P1Y,0,A,PU,Annual,Albania,Domestic credit to private sector (% of GDP),Total,All age ranges or no breakdown by age,Total,Percentage of GDP,Not Applicable,Not Applicable,Not Applicable,Not Applicable,Ratio,Two,World Development Indicators (WDI),Annual,Units,Normal value,Public,,,,,,,,,,,,,,,,,,,,,,,,,,,,,,,,,,,,,,,,,,,,,,,,,,37.310937301823124,38.566722207384416,40.890419108519765,41.04892897086798,39.72199576162122,39.06036961151932,36.88088021780507,36.209863534835804,34.13246523584718,32.50735868388697,33.72559551372797,37.71933342972097,36.4341686860283,33.79123815160247,32.46656720548773,34.12608986313296
datastructure,WB.DATA360:DS_DATA360(1.3),I,A,SRB,WB_WDI_FS_AST_PRVT_GD_ZS,_T,_T,_T,PT_GDP,_Z,_Z,_Z,_Z,RATIO,2,WB_WDI,P1Y,0,A,PU,Annual,Serbia,Domestic credit to private sector (% of GDP),Total,All age ranges or no breakdown by age,Total,Percentage of GDP,Not Applicable,Not Applicable,Not Applicable,Not Applicable,Ratio,Two,World Development Indicators (WDI),Annual,Units,Normal value,Public,,,,,,,,,,,,,,,,,,,,,,,,,,,,,,,,,,,,,,19.59771793911888,21.202946351400676,24.31031444872183,40.796971327442805,28.313128953227977,14.542489900615669,15.968167285667189,20.22698351851124,25.808963607039548,25.612070570648942,30.585815018348523,35.440970880733694,38.61746598256157,45.325640903575334,43.12302149098771,44.722507603864884,39.30384481956006,39.09043567745464,39.029124804909955,39.403843871739504,38.71334400677209,39.720977774217516,40.16657183318131,43.44905781038639,41.4324145562729,38.3866557415795,33.04428191787202,32.63652449026615
datastructure,WB.DATA360:DS_DATA360(1.3),I,A,FCS,WB_WDI_FS_AST_PRVT_GD_ZS,_T,_T,_T,PT_GDP,_Z,_Z,_Z,_Z,RATIO,2,WB_WDI,P1Y,0,A,PU,Annual,Fragile and conflict affected situations,Domestic credit to private sector (% of GDP),Total,All age ranges or no breakdown by age,Total,Percentage of GDP,Not Applicable,Not Applicable,Not Applicable,Not Applicable,Ratio,Two,World Development Indicators (WDI),Annual,Units,Normal value,Public,10.359033047589142,10.020347571809763,9.99006206958119,8.578587130328783,9.202528990521673,9.472007891933456,9.489157342207092,9.762842245677344,9.649155652915914,9.35791020210203,8.841092235653916,9.100493495477401,9.729836011361392,10.338351076859356,9.334404536899193,12.20851083866625,13.049540096827899,14.908048657487443,16.70652318509058,14.69654706282807,14.95182752523872,11.989892588452213,12.677753339255139,15.142084940070237,14.337343035063297,14.03562494806539,17.147080299085037,,,,,12.113782793926948,14.20338497723205,13.023317430417414,11.649180990591944,10.80139805140947,10.411020535837835,12.062589908207586,12.627957776492453,15.61900557694961,13.989042838900302,15.060589482510574,14.555992679274391,13.318916896420603,11.720547180689746,11.32836157227587,11.833142060731697,14.863376417296104,24.821801285096374,24.507462461135148,20.860786018610312,20.337957712540348,20.694820529510277,22.05355702753426,21.20025845564626,20.218416951151987,21.53889156528677,19.788846096647774,14.119310256974536,12.482033715803134,14.170671399238897,12.659062910166757,11.784281874228258,,
datastructure,WB.DATA360:DS_DATA360(1.3),I,A,MDG,WB_WDI_FS_AST_PRVT_GD_ZS,_T,_T,_T,PT_GDP,_Z,_Z,_Z,_Z,RATIO,2,WB_WDI,P1Y,0,A,PU,Annual,Madagascar,Domestic credit to private sector (% of GDP),Total,All age ranges or no breakdown by age,Total,Percentage of GDP,Not Applicable,Not Applicable,Not Applicable,Not Applicable,Ratio,Two,World Development Indicators (WDI),Annual,Units,Normal value,Public,,,13.09075590928859,14.00930790473945,14.891834710862117,13.578422465681728,14.052817584638477,15.55955310096904,15.346481984022153,15.038170100001281,15.795373136793813,16.544357138585674,16.464437259891927,15.154093059264842,14.206218049659006,13.687318202531381,13.597371540040776,14.917026987999973,15.108468483241335,16.33326166739661,14.112215400620276,13.293039139486096,12.436972279098246,12.17594064408093,13.450870096892551,14.397113944580386,14.44066624662601,14.535978559042631,11.687387883994854,11.433309812313176,12.891456828216388,14.25822377524737,13.264093839822538,13.651621539736885,12.389514676326488,9.469857843941336,7.8565252901951,8.28318409822561,7.563906979602825,7.207537902042772,7.35204250409011,6.97945716931924,6.658481085497732,7.538672415541072,8.607274484996356,8.495638303929399,8.781580280410996,8.775980820466167,9.702179478330084,10.141579288214329,10.868661613920425,10.180253780620749,10.116693850456302,11.0832879408739,11.667758860147453,12.310592390058757,11.887814025657566,12.706122619847015,12.966876898901297,14.211691553746327,16.41510920156424,17.85244467825845,18.63934396045505,17.10954506813921,16.640945144649454
datastructure,WB.DATA360:DS_DATA360(1.3),I,A,JPN,WB_WDI_FS_AST_PRVT_GD_ZS,_T,_T,_T,PT_GDP,_Z,_Z,_Z,_Z,RATIO,2,WB_WDI,P1Y,0,A,PU,Annual,Japan,Domestic credit to private sector (% of GDP),Total,All age ranges or no breakdown by age,Total,Percentage of GDP,Not Applicable,Not Applicable,Not Applicable,Not Applicable,Ratio,Two,World Development Indicators (WDI),Annual,Units,Normal value,Public,,,,,,,,,,,105.96989038020233,117.32758637112846,126.57063036777024,125.36684262399254,119.95454904670089,123.24323278833988,123.87745373125705,121.84347474581148,121.11040200913557,122.5490287274289,124.50644515942344,127.48715569637446,132.56090335501173,136.96706346090582,139.73126749495407,143.29369412562394,148.98309738602723,164.59802878858102,173.48537784824458,181.90693065475725,186.98767881991375,186.65684205471135,190.37363446453236,193.80738627601548,195.58690751769223,193.56189975911283,193.50361050567244,206.5826884010057,214.58381718159308,217.76088733707414,208.81500555547566,180.20153712781942,177.91803556560066,177.5363256500485,170.77186684042283,170.71086743749854,168.92242878994384,162.6650227515601,160.72611731414918,167.7682313597005,159.62986216858087,158.76814683880093,159.30209858760094,162.70281576235607,163.2867845901494,162.3871838177745,163.44690672391263,168.66193070354186,168.0351457817319,176.7903578851673,195.2014468744325,195.27208484015446,194.9224450764131,193.69492957151607,194.61139930369026
datastructure,WB.DATA360:DS_DATA360(1.3),I,A,TGO,WB_WDI_FS_AST_PRVT_GD_ZS,_T,_T,_T,PT_GDP,_Z,_Z,_Z,_Z,RATIO,2,WB_WDI,P1Y,0,A,PU,Annual,Togo,Domestic credit to private sector (% of GDP),Total,All age ranges or no breakdown by age,Total,Percentage of GDP,Not Applicable,Not Applicable,Not Applicable,Not Applicable,Ratio,Two,World Development Indicators (WDI),Annual,Units,Normal value,Public,,,7.846086054622024,8.009159915043275,7.672692701410598,4.844186408322985,4.920797928707597,5.366766002133331,7.0539612264490295,6.479872969039137,8.447961707051737,8.467765970483473,8.529183366035829,10.42320453267434,8.533074263241227,13.18817340037463,15.335474025386631,16.397866501286824,19.41872088104201,21.726849104143827,19.443227008900056,17.191082349841206,18.67377895888308,16.807417736260756,16.316882682136967,14.750561492418152,17.6159311852002,18.189274074760135,17.255989385876845,15.99819907616208,15.983889518179053,17.602855734142604,17.714884312805783,20.941160069618583,13.303159507794485,14.21930243024809,13.310353602119942,12.582695840314301,12.280101415158114,10.713033770443436,9.880506711504108,8.97413221259863,7.654467644906979,9.639087063417747,10.361420599806683,11.497862648345622,11.321558021157605,14.173084136037941,11.912018905417092,13.284720442856738,15.276107788638207,19.8029168201049,21.773446245510904,23.22077716844926,24.15708137430126,26.03700479678749,,,,,,,,,
datastructure,WB.DATA360:DS_DATA360(1.3),I,A,EGY,WB_WDI_FS_AST_PRVT_GD_ZS,_T,_T,_T,PT_GDP,_Z,_Z,_Z,_Z,RATIO,2,WB_WDI,P1Y,0,A,PU,Annual,"Egypt, Arab Rep.",Domestic credit to private sector (% of GDP),Total,All age ranges or no breakdown by age,Total,Percentage of GDP,Not Applicable,Not Applicable,Not Applicable,Not Applicable,Ratio,Two,World Development Indicators (WDI),Annual,Units,Normal value,Public,17.463134898962316,16.758241758241756,17.833731544446486,17.41829167811041,16.073260073260073,14.897373648201281,13.597513597513597,12.774183367524063,14.17093343836156,14.75172567356936,12.290729635182409,12.367805195959356,11.831753356870813,10.277708281210908,13.217316913933228,16.600082915614518,17.10169137607016,18.71764576913239,18.320743515732154,18.995750887874173,13.936376543074298,25.895108267656447,24.70876380477378,25.84812030075188,26.21582278481013,27.19865951742627,29.224263038548752,28.895145631067958,28.133279220779222,26.53012987012987,25.525678496868476,22.05863111111111,22.270452911574406,23.76578608247423,27.903657142857142,32.733823529411765,36.534394071490844,39.69360661902971,46.55501043841336,52.00182054616385,51.95327844751544,54.93114022860329,54.65539720242808,53.89762874251497,54.04291427982692,51.165434053110495,49.290979735308404,45.51522156659506,42.79751378034617,36.09271335070044,33.07229522141886,31.154923289938154,27.38844972950391,26.222439495804288,25.60668053929178,26.316393760304923,34.134862625263935,27.069824673725407,24.29527907076422,22.84873089727609,25.789474254786594,28.23075438942774,30.84700211667198,29.257821539346256,27.569227972914856
datastructure,WB.DATA360:DS_DATA360(1.3),I,A,LMY,WB_WDI_FS_AST_PRVT_GD_ZS,_T,_T,_T,PT_GDP,_Z,_Z,_Z,_Z,RATIO,2,WB_WDI,P1Y,0,A,PU,Annual,Low & middle income,Domestic credit to private sector (% of GDP),Total,All age ranges or no breakdown by age,Total,Percentage of GDP,Not Applicable,Not Applicable,Not Applicable,Not Applicable,Ratio,Two,World Development Indicators (WDI),Annual,Units,Normal value,Public,,,,,,,,,,,,,,,,,,33.31851688665047,33.301328597900344,33.26601364166412,32.052854378299045,32.185555789332035,33.12885081730985,34.77083941730756,36.064635681956474,36.90545385505092,,,49.99435501577267,61.30416302091679,,,48.58499809694411,,50.8525223557363,47.02940055837324,48.474738827274926,47.719071628376874,47.063182248760604,51.56649654770026,51.42430563537621,51.602151710832935,55.764393984564975,59.49120861949038,58.46101876934175,57.2017820914372,58.62151100963559,61.26337908649742,60.38589283550433,70.06896885119252,71.70926740752786,72.82180530840735,77.5784469028209,81.96392902377201,86.4573861786117,94.83137029161244,95.94248627266309,96.08756172920717,101.62238787315515,103.2211957395538,117.4393459868391,115.49531732836778,115.97509681799448,119.59854255145756,121.53451848326999
datastructure,WB.DATA360:DS_DATA360(1.3),I,A,SSF,WB_WDI_FS_AST_PRVT_GD_ZS,_T,_T,_T,PT_GDP,_Z,_Z,_Z,_Z,RATIO,2,WB_WDI,P1Y,0,A,PU,Annual,Sub-Saharan Africa,Domestic credit to private sector (% of GDP),Total,All age ranges or no breakdown by age,Total,Percentage of GDP,Not Applicable,Not Applicable,Not Applicable,Not Applicable,Ratio,Two,World Development Indicators (WDI),Annual,Units,Normal value,Public,,,,,,23.19336972400916,22.84802344174863,24.817696564970127,24.348252788115236,24.675322373272532,24.87644494574825,27.0092349186678,25.657662073271464,27.09221221584396,25.24761604734706,25.810470242501342,23.505820808633906,24.12249205042813,25.187430520674088,24.464826513077057,26.11399052514225,20.12293090438735,20.73528667031844,25.316508203405657,26.63431065946118,24.261351618014096,27.60289227322958,31.17303982101787,31.689995795246052,32.94008188069726,33.133523445530464,,45.75560638936339,46.538492961908304,49.16841226299671,45.189183136553446,39.94395262776411,38.952133130994724,36.65997045143433,55.3849697313776,51.124709445260436,50.26671919641733,38.63278572245443,46.26440867250831,51.543183670274125,53.339561136749644,55.097480833746715,55.711468450837884,46.35693187602533,48.92881917272316,50.35514161476185,46.16217205409866,45.77111361349782,42.4664543198995,41.563286284064134,41.042987972481214,43.77073680147606,45.388122227782084,41.5146349484272,35.504307026812455,33.98678902828969,32.40000117769846,30.00264522433047,,
datastructure,WB.DATA360:DS_DATA360(1.3),I,A,TLA,WB_WDI_FS_AST_PRVT_GD_ZS,_T,_T,_T,PT_GDP,_Z,_Z,_Z,_Z,RATIO,2,WB_WDI,P1Y,0,A,PU,Annual,Latin America & Caribbean (IDA & IBRD),Domestic credit to private sector (% of GDP),Total,All age ranges or no breakdown by age,Total,Percentage of GDP,Not Applicable,Not Applicable,Not Applicable,Not Applicable,Ratio,Two,World Development Indicators (WDI),Annual,Units,Normal value,Public,16.171443827329895,15.939081881523197,15.385207983947755,14.21811322147316,13.524986152336991,13.136626941384195,12.658452250186656,,,,,,,28.174067582903426,30.8688385029568,36.12540282886922,38.39804785924255,39.66696055507463,37.574835569528645,38.789053979781436,,,38.73334813256701,,,,,,66.59713034942924,,31.63947537203722,,,,,34.32400290268848,33.53408607343897,30.571986985516624,25.30289800426085,23.504003548238014,22.355422130812567,22.00857848318322,22.522212113218234,22.067682930613582,22.68219348533388,24.636888112054823,27.920492821095102,31.823827890751105,34.241906517613494,36.27237166855767,39.10053149506451,42.810469958667326,45.01731334598954,46.957076509245766,48.954572098963425,48.54397219019256,48.112771352725105,48.084896513994735,52.53095824999592,50.76088404196684,54.72699263572344,51.36011751979194,50.70766828763427,50.56321967279904,51.67556766842625
datastructure,WB.DATA360:DS_DATA360(1.3),I,A,MEX,WB_WDI_FS_AST_PRVT_GD_ZS,_T,_T,_T,PT_GDP,_Z,_Z,_Z,_Z,RATIO,2,WB_WDI,P1Y,0,A,PU,Annual,Mexico,Domestic credit to private sector (% of GDP),Total,All age ranges or no breakdown by age,Total,Percentage of GDP,Not Applicable,Not Applicable,Not Applicable,Not Applicable,Ratio,Two,World Development Indicators (WDI),Annual,Units,Normal value,Public,,,,,,,,,,,,,,,,,,,,,,,,,,,,,,,,,,,,,,20.312909076308546,17.93177764373418,15.538535001193859,14.347780951842731,12.24097723337798,14.178262536602606,14.641275462878166,14.105493264158373,15.313590813183254,18.351891672796857,20.43946980493443,19.75537532216192,21.611922564818205,22.32377502576339,23.584832838734528,24.92705638101714,27.859059328803998,28.183682107647368,30.830497867409708,32.95084238661665,34.3431256723362,33.61521781376409,35.585186487093274,36.9325897608776,35.05706055050083,34.24876961106693,33.15342009964809,34.58590401101011
datastructure,WB.DATA360:DS_DATA360(1.3),I,A,UMC,WB_WDI_FS_AST_PRVT_GD_ZS,_T,_T,_T,PT_GDP,_Z,_Z,_Z,_Z,RATIO,2,WB_WDI,P1Y,0,A,PU,Annual,Upper middle income,Domestic credit to private sector (% of GDP),Total,All age ranges or no breakdown by age,Total,Percentage of GDP,Not Applicable,Not Applicable,Not Applicable,Not Applicable,Ratio,Two,World Development Indicators (WDI),Annual,Units,Normal value,Public,,,,,,,,,,,,,,,,,,41.56102322303798,,,,,,44.106754159718456,45.12930687650994,46.33606335940222,,,,,,,,,,,,56.20257827126876,55.488991126323086,59.84338159831494,59.57033496239183,59.48740714964418,65.33361082814112,70.88925624780164,68.42385311582866,66.00428405848413,67.36143693255302,69.72080329731392,66.8227559989718,78.94700469979415,80.5630388005513,81.57077876342986,87.22114563798218,92.93610612224653,98.64467668340274,109.60244146070376,111.8661255013934,112.1400442510703,118.92822921418292,121.88037917321718,138.78192646744387,135.39598291515804,136.584134847046,138.19814364242106,140.31538176791696
datastructure,WB.DATA360:DS_DATA360(1.3),I,A,UGA,WB_WDI_FS_AST_PRVT_GD_ZS,_T,_T,_T,PT_GDP,_Z,_Z,_Z,_Z,RATIO,2,WB_WDI,P1Y,0,A,PU,Annual,Uganda,Domestic credit to private sector (% of GDP),Total,All age ranges or no breakdown by age,Total,Percentage of GDP,Not Applicable,Not Applicable,Not Applicable,Not Applicable,Ratio,Two,World Development Indicators (WDI),Annual,Units,Normal value,Public,,,,,,,,,,,,,,,,,,,,,,,,,,,,,,,,,,,,,,,,,,,,,,,,,,,,11.656402515296058,12.167649416180653,12.226230235828908,12.903559613723486,13.768611541974538,13.640088782026188,13.481916702735145,13.63922942146587,13.805063711622822,14.220401638566498,14.786966533872736,15.089172499329845,14.81255094624978,14.300176181171537
datastructure,WB.DATA360:DS_DATA360(1.3),I,A,HRV,WB_WDI_FS_AST_PRVT_GD_ZS,_T,_T,_T,PT_GDP,_Z,_Z,_Z,_Z,RATIO,2,WB_WDI,P1Y,0,A,PU,Annual,Croatia,Domestic credit to private sector (% of GDP),Total,All age ranges or no breakdown by age,Total,Percentage of GDP,Not Applicable,Not Applicable,Not Applicable,Not Applicable,Ratio,Two,World Development Indicators (WDI),Annual,Units,Normal value,Public,,,,,,,,,,,,,,,,,,,,,,,,,,,,,,,,,,,,,,,,,,,,,,,,,,,,,69.23414497558962,67.9137838519632,66.74709809368656,63.17977432004478,58.99181747751712,55.983519105069604,54.273825314005386,52.92546418490637,59.147859853404704,52.87515915253219,50.54350724212778,46.439833333507394,46.86094101197688
datastructure,WB.DATA360:DS_DATA360(1.3),I,A,MLT,WB_WDI_FS_AST_PRVT_GD_ZS,_T,_T,_T,PT_GDP,_Z,_Z,_Z,_Z,RATIO,2,WB_WDI,P1Y,0,A,PU,Annual,Malta,Domestic credit to private sector (% of GDP),Total,All age ranges or no breakdown by age,Total,Percentage of GDP,Not Applicable,Not Applicable,Not Applicable,Not Applicable,Ratio,Two,World Development Indicators (WDI),Annual,Units,Normal value,Public,,,,,,,,,,,,,,,,,,,,,,,,,,,,,,,,,,,,,,,,,,,,,,97.74557979696851,106.891026793591,108.64048686394052,114.42161908619074,121.56712623718653,115.00539749070296,116.94450353688073,108.60577728414191,99.87460916388098,94.49105798112242,83.4139059471266,79.32056829267087,70.8847611878873,69.08938649331895,69.52932403670404,75.1280023683776,68.4096864844468,68.9601981982727,64.2026808402786,61.9195849800298
datastructure,WB.DATA360:DS_DATA360(1.3),I,A,SLB,WB_WDI_FS_AST_PRVT_GD_ZS,_T,_T,_T,PT_GDP,_Z,_Z,_Z,_Z,RATIO,2,WB_WDI,P1Y,0,A,PU,Annual,Solomon Islands,Domestic credit to private sector (% of GDP),Total,All age ranges or no breakdown by age,Total,Percentage of GDP,Not Applicable,Not Applicable,Not Applicable,Not Applicable,Ratio,Two,World Development Indicators (WDI),Annual,Units,Normal value,Public,,,,,,,,,,,,,,,,,,,10.783505154639176,15.9793893129771,19.549793896442836,22.772899381383684,21.624646004454156,21.573718909461192,24.234545605145343,31.97664676650521,32.96401774646976,30.911185100766307,34.55151950832743,39.25302098600038,19.085942172541596,16.134450244489575,16.81996627907833,16.4927660827052,13.800184752656497,13.039530380268246,14.010337552047467,14.41253948876304,15.0433127290997,14.795022675353293,16.594080298784434,19.37375172343595,18.657183886818324,15.177785591395985,14.356177497303563,15.397419232815029,18.533202473487993,23.26787857303265,25.243626485440558,23.769092708051407,20.53577649622352,18.840365353219603,19.72029240151808,29.31463088588051,31.6209576595909,33.01390370723471,34.22091055361412,33.22628261388647,30.697065670072305,30.738068931140177,32.56712980127955,32.82655442422406,34.705848496155234,34.78436213252413,33.69441148493292
datastructure,WB.DATA360:DS_DATA360(1.3),I,A,IDX,WB_WDI_FS_AST_PRVT_GD_ZS,_T,_T,_T,PT_GDP,_Z,_Z,_Z,_Z,RATIO,2,WB_WDI,P1Y,0,A,PU,Annual,IDA only,Domestic credit to private sector (% of GDP),Total,All age ranges or no breakdown by age,Total,Percentage of GDP,Not Applicable,Not Applicable,Not Applicable,Not Applicable,Ratio,Two,World Development Indicators (WDI),Annual,Units,Normal value,Public,,,,5.586819632195806,6.279878731645466,6.038355485530414,6.101287458605557,5.921952209474321,6.024189346694932,5.990023433936718,,,,,6.526885171970885,6.493659635174302,7.084635553324182,7.69616159605037,8.178497324226655,8.597871498396128,8.547476653319514,8.360377053151272,8.46120382105675,8.807045523496004,9.29856272522869,9.325499280236635,9.73525197352935,10.40957381641134,10.173317547828491,10.469055826798591,9.737116049498018,8.413974335089305,9.103724017938704,9.15620862688041,8.874326597372528,11.958189530023638,12.593822075468132,13.212077352851331,13.692135678658168,14.066119799283335,12.88561227946562,14.531941558478538,14.65008565415857,14.889280480505207,15.602346660514655,16.437247671001852,16.995858321218364,17.41890979471822,18.2191363569476,19.834465754599165,20.45784009467776,20.561661624429675,21.838080436622025,22.176750907098878,24.805298620506655,27.25974984047009,28.836986387391754,30.152862105878558,30.839257801220565,31.19147023932797,31.397040926661198,32.61948482082618,33.027173001026625,33.574536276960046,
datastructure,WB.DATA360:DS_DATA360(1.3),I,A,PRE,WB_WDI_FS_AST_PRVT_GD_ZS,_T,_T,_T,PT_GDP,_Z,_Z,_Z,_Z,RATIO,2,WB_WDI,P1Y,0,A,PU,Annual,Pre-demographic dividend,Domestic credit to private sector (% of GDP),Total,All age ranges or no breakdown by age,Total,Percentage of GDP,Not Applicable,Not Applicable,Not Applicable,Not Applicable,Ratio,Two,World Development Indicators (WDI),Annual,Units,Normal value,Public,,,7.463264070665018,6.477270582230874,7.392805334563347,7.530686069477125,7.556824848859154,8.274382306913838,8.177592712877564,7.761397641410325,7.878075790489806,8.33510376983696,8.892163668146354,9.376697304767275,8.476156286152026,9.966581867910557,9.832810603194531,11.970118175535072,13.599832354836554,13.792582550882319,14.587201665502473,9.15945761837215,9.620803290199724,10.10809138189047,,,12.388964290957235,,,,,10.056829814822631,11.391165731566119,9.405677009149311,8.308615318736805,7.5046323562766615,7.149398960680739,7.703157632687455,8.18821456568261,9.03717742774168,8.085587537765928,8.927074269317163,8.25200334516656,8.912871321331657,8.15986206204475,8.2220313131812,8.394477751001679,10.72434651918585,12.790524008986054,13.757692027788071,11.751284718544223,10.703923973382576,10.825228885941321,11.602225745980169,13.118617184631537,14.874508319181208,14.948776879562883,13.730439276247852,12.306050093869864,11.039385187635649,12.180195879212748,12.199214781440876,11.7008382069358,,
datastructure,WB.DATA360:DS_DATA360(1.3),I,A,PHL,WB_WDI_FS_AST_PRVT_GD_ZS,_T,_T,_T,PT_GDP,_Z,_Z,_Z,_Z,RATIO,2,WB_WDI,P1Y,0,A,PU,Annual,Philippines,Domestic credit to private sector (% of GDP),Total,All age ranges or no breakdown by age,Total,Percentage of GDP,Not Applicable,Not Applicable,Not Applicable,Not Applicable,Ratio,Two,World Development Indicators (WDI),Annual,Units,Normal value,Public,10.67713533854224,13.746685985717521,14.70493511523937,16.496980692728755,18.04484207200311,17.084128838186263,17.44291610570589,19.358045554432692,19.050887883751564,18.19581006631294,18.04794921821281,17.673658274882868,19.240747138422453,20.271642516670333,22.027695410273097,22.0566490382948,22.44382008192824,23.405417631652192,25.944054606480364,27.49279290069157,27.688769581219873,28.91173433846647,29.40827743471262,32.46668285389909,21.511178051527523,17.68283903546734,13.056171208300446,14.033240409242104,14.15516992106407,15.234486016919444,16.902548477946926,15.645491716652513,18.103965294443782,23.149082803575663,25.4845333915397,32.865217535986204,42.872785909502284,49.40110696542971,41.992604467297845,37.327929910099584,35.60713960418545,36.265117304375394,33.66395998385548,31.948373355921834,31.009211653359582,27.896573638125076,27.470694916229217,27.63902331796324,27.876061060915667,27.896668415313787,28.3324788107778,30.497639750655008,31.905375984134515,34.3357279070115,37.57828380496234,39.90378357514244,42.86451799281994,45.60519778783582,47.562790796900615,47.97366866431373,52.035691400360065,49.941324910651055,48.8730299164324,48.311040710878345,49.85079064245696
datastructure,WB.DATA360:DS_DATA360(1.3),I,A,BOL,WB_WDI_FS_AST_PRVT_GD_ZS,_T,_T,_T,PT_GDP,_Z,_Z,_Z,_Z,RATIO,2,WB_WDI,P1Y,0,A,PU,Annual,Bolivia,Domestic credit to private sector (% of GDP),Total,All age ranges or no breakdown by age,Total,Percentage of GDP,Not Applicable,Not Applicable,Not Applicable,Not Applicable,Ratio,Two,World Development Indicators (WDI),Annual,Units,Normal value,Public,1.6789461933467291,2.22495894909688,2.5136099117702275,5.242329149232915,6.504719170663778,6.367688022284122,6.866666666666667,6.668894086201135,7.5323783359497645,7.883918869974647,8.78165866578381,9.11339889366933,10.131578947368421,10.9951725229503,10.531575691238757,11.67525666070909,13.66583130590667,15.874638051439277,17.314699077152206,17.881055315375235,17.08949388364087,16.665005330121417,27.08547115854084,17.139047012459695,14.295284644253027,19.04108106202407,12.825619564474259,15.398910900621196,17.13849406167899,20.7115138346236,24.025560723537005,28.660167410648192,36.304614435010144,45.49823773645278,49.93605901220957,48.2018453881021,52.73723045386676,58.2754233787146,64.05184308262587,64.44999269813266,58.721802694767646,53.55660002880667,51.001676850074006,47.88051985836184,42.65070129037779,39.795158899680814,35.17788766481127,34.34642796479957,31.494834365966355,34.021429779919885,36.02902219355499,36.75350592217767,38.96580384297728,40.93109503433449,43.7497193000006,51.448872459157215,57.40864576764238,47.87330073840102,52.11611244995219,54.88626548551893,69.39912456337849,62.84883823462609,62.9475276019569,60.221970837178105,59.242779466951134
datastructure,WB.DATA360:DS_DATA360(1.3),I,A,LCA,WB_WDI_FS_AST_PRVT_GD_ZS,_T,_T,_T,PT_GDP,_Z,_Z,_Z,_Z,RATIO,2,WB_WDI,P1Y,0,A,PU,Annual,St. Lucia,Domestic credit to private sector (% of GDP),Total,All age ranges or no breakdown by age,Total,Percentage of GDP,Not Applicable,Not Applicable,Not Applicable,Not Applicable,Ratio,Two,World Development Indicators (WDI),Annual,Units,Normal value,Public,,,,,,,,,,,,,,,,,,,,,35.54891304347826,35.23504761904762,39.78747474747475,39.10977443609023,35.07643593519882,32.859765625,30.099019607843136,30.834911242603553,34.61336206896552,39.529756468797565,36.963706070287536,37.64502112251056,37.370329670329674,43.61665765278529,44.650077841203945,45.94281553398058,50.293661971830986,53.85220588235294,53.11072182355424,56.01386098834873,58.843804606830815,63.9759336099585,63.928847736625514,56.19669917479369,57.3071875,62.53320287018917,69.69939042684021,85.67860231513774,88.87127712027747,93.51375065263701,90.88051288713885,88.17061824021158,92.844575867407,89.3881857481274,79.35694926738375,70.90519051843717,64.04541463250261,58.873712925966835,55.90314093786054,53.96003132164251,78.6029535281272,63.04599912722656,51.07124845660227,50.61833893422948,50.71581859419656
datastructure,WB.DATA360:DS_DATA360(1.3),I,A,CAF,WB_WDI_FS_AST_PRVT_GD_ZS,_T,_T,_T,PT_GDP,_Z,_Z,_Z,_Z,RATIO,2,WB_WDI,P1Y,0,A,PU,Annual,Central African Republic,Domestic credit to private sector (% of GDP),Total,All age ranges or no breakdown by age,Total,Percentage of GDP,Not Applicable,Not Applicable,Not Applicable,Not Applicable,Ratio,Two,World Development Indicators (WDI),Annual,Units,Normal value,Public,11.163635024000161,13.410595804460336,13.475408157162263,14.321766200081608,13.649423287009807,14.417344173441734,16.1340206185567,18.287841191067,17.55877133087398,20.2668502023238,19.648117746000302,14.654562672128355,15.472086522898543,16.263047604855448,21.581486232420236,16.426021508338536,11.170364868020705,11.817911560380821,13.236982471608568,10.478451376012927,13.935867918425224,12.939618781073822,12.340782374189367,12.28763362428559,10.986365519600787,9.016201469585248,8.225973698497608,8.161145003906444,7.309395139456614,7.539745042348985,7.28531185070936,6.772834543334868,4.5076166037412735,4.39930075144365,3.956823875947996,4.159714052214209,4.508881983481334,4.416705795944319,4.8979906533049,4.512677883282396,4.746257023236892,6.109479138773054,5.840497580430857,6.183484711910793,7.160591845395616,6.898907878471711,6.705660372417387,6.785260826438967,7.020111128607744,6.962529158387125,8.308981249681647,9.180465420716931,10.771941405832418,13.576825985423477,12.791023303241419,11.71543359611886,12.314843238565125,11.215017734209573,12.344331994471624,11.7050145625006,11.703907133652871,11.794688802057935,13.038582654452652,,
datastructure,WB.DATA360:DS_DATA360(1.3),I,A,LBN,WB_WDI_FS_AST_PRVT_GD_ZS,_T,_T,_T,PT_GDP,_Z,_Z,_Z,_Z,RATIO,2,WB_WDI,P1Y,0,A,PU,Annual,Lebanon,Domestic credit to private sector (% of GDP),Total,All age ranges or no breakdown by age,Total,Percentage of GDP,Not Applicable,Not Applicable,Not Applicable,Not Applicable,Ratio,Two,World Development Indicators (WDI),Annual,Units,Normal value,Public,,,,,,,,,,,,,,,,,,,,,,,,,,,,,54.55073738266852,65.54829385887085,79.37749836315733,45.73585724485593,48.94835820856372,42.9685919135774,48.81639586342072,54.944632552265446,60.54853597839921,66.14,73.89131515545527,82.26747511726347,87.90161414296695,86.02285112940203,82.57456705458576,78.64287035507844,78.12568719562056,69.66952644632138,71.8110942239205,74.10642012492406,76.27527271116094,72.04469361329771,82.52848001255502,89.98785656918203,89.95533027246962,93.31729293029424,98.22554758479674,100.56612386642887,103.99934817729586,106.5677250620942,,,,,,,
datastructure,WB.DATA360:DS_DATA360(1.3),I,A,MNE,WB_WDI_FS_AST_PRVT_GD_ZS,_T,_T,_T,PT_GDP,_Z,_Z,_Z,_Z,RATIO,2,WB_WDI,P1Y,0,A,PU,Annual,Montenegro,Domestic credit to private sector (% of GDP),Total,All age ranges or no breakdown by age,Total,Percentage of GDP,Not Applicable,Not Applicable,Not Applicable,Not Applicable,Ratio,Two,World Development Indicators (WDI),Annual,Units,Normal value,Public,,,,,,,,,,,,,,,,,,,,,,,,,,,,,,,,,,,,,,,,,,,8.054681395196688,11.293830721634194,14.628026516020345,17.95246706049717,36.01293184032912,80.06281599476488,86.6143101507871,76.51429735174794,66.56867827055689,55.75172164116607,55.2723355290933,54.25928114230301,52.151957418334135,50.91663528654462,49.494922246044354,49.45120578196899,50.23266782445129,49.543461353903254,60.55899628907523,52.609466649715756,47.155394860742845,42.383512515647716,45.27366330738036
datastructure,WB.DATA360:DS_DATA360(1.3),I,A,LTE,WB_WDI_FS_AST_PRVT_GD_ZS,_T,_T,_T,PT_GDP,_Z,_Z,_Z,_Z,RATIO,2,WB_WDI,P1Y,0,A,PU,Annual,Late-demographic dividend,Domestic credit to private sector (% of GDP),Total,All age ranges or no breakdown by age,Total,Percentage of GDP,Not Applicable,Not Applicable,Not Applicable,Not Applicable,Ratio,Two,World Development Indicators (WDI),Annual,Units,Normal value,Public,,,,,,,,,,,,,,,,,,48.380530277203924,46.56792016440873,45.989450450266126,43.31427337480538,46.8768939347566,49.287263216217404,52.43694878970377,54.61539723219954,56.18317374793751,,,,,,,,,,,60.54844739348469,64.60443977649516,64.57458761252647,72.63941939977944,73.4108993648886,69.40269223543751,73.73678468555013,77.7284715491526,75.40878872860239,72.0806750913272,72.43358816346601,75.20259638215187,75.5340920209491,90.79598241876809,90.69779958142982,89.81770898801788,95.24421707289085,100.34180617673304,106.53037163944593,119.22327739439879,120.8037209492098,118.60107358255833,121.82542478788396,127.42680125226623,143.723344638983,139.61555231941077,148.59353520872386,153.9102877223776,156.38548885834155
datastructure,WB.DATA360:DS_DATA360(1.3),I,A,JAM,WB_WDI_FS_AST_PRVT_GD_ZS,_T,_T,_T,PT_GDP,_Z,_Z,_Z,_Z,RATIO,2,WB_WDI,P1Y,0,A,PU,Annual,Jamaica,Domestic credit to private sector (% of GDP),Total,All age ranges or no breakdown by age,Total,Percentage of GDP,Not Applicable,Not Applicable,Not Applicable,Not Applicable,Ratio,Two,World Development Indicators (WDI),Annual,Units,Normal value,Public,15.741033168519778,16.301184502832587,14.940956221198157,12.988882397270132,16.277087162242644,18.303571428571427,17.2581056931325,17.58479672840991,19.20947741364039,24.71038581646016,23.876646495527634,25.41328758577667,28.913904523660623,31.573579859294142,30.854344201556135,28.927050797071637,27.518136312050746,22.217209566300294,20.63624389585691,20.995069747879526,21.89650332069305,25.561947653055455,31.512722417796784,33.74871255292695,29.115574699269644,25.37340053370564,24.207668193173202,28.069720604283916,31.75504448127503,35.619322048540134,31.55846411075622,28.883440711650323,23.185358786868175,20.858003860833175,19.57969823118241,21.334035336667416,19.9013557629947,18.46488454904018,23.367384765795272,23.858526667089357,25.564360134232693,12.95205935832291,14.723834195790078,18.352162311068668,20.00582612368528,20.978075644460183,23.439078150180535,27.306685734029486,30.19132402420587,28.60347586680772,26.405664822720016,26.795738299769,28.98832874473224,29.76976878645007,29.322951054638324,28.474864536579126,30.25177871338578,38.24605194757791,40.26192404228023,44.90808397918194,52.3597017235396,50.02269671956155,46.19045218818676,44.56634599703122,45.12887434224669
datastructure,WB.DATA360:DS_DATA360(1.3),I,A,AFW,WB_WDI_FS_AST_PRVT_GD_ZS,_T,_T,_T,PT_GDP,_Z,_Z,_Z,_Z,RATIO,2,WB_WDI,P1Y,0,A,PU,Annual,Western & Central Africa,Domestic credit to private sector (% of GDP),Total,All age ranges or no breakdown by age,Total,Percentage of GDP,Not Applicable,Not Applicable,Not Applicable,Not Applicable,Ratio,Two,World Development Indicators (WDI),Annual,Units,Normal value,Public,5.709637535015979,6.073111733704782,7.644584992319877,8.603105581843083,8.710084564195947,8.732643171280506,8.855069926969605,9.416850739997082,9.848943875500755,9.647320075806759,7.998427373273433,9.58450263896504,9.897915041175647,10.276053191370192,9.312462689585113,11.809141335900255,12.01156500511458,14.419768333791337,16.689752385563757,16.307313703001615,16.85598264374043,9.38384887964055,10.090571505221781,11.005074527893052,11.03614858002232,10.966360325932992,14.286519082683462,14.858291979042415,13.752926874728047,13.286462057827817,12.955676917469631,11.840129890799489,11.719428115415887,10.000786381675777,8.376880362267785,7.294365653296378,6.748355983919232,7.390673763083757,7.9002791660283895,8.810007647839173,8.586793442079832,9.375436534528918,8.468126027024535,9.122610662592459,8.843407771012355,8.875030400044336,8.601761051064852,12.322956852905378,15.240970676480506,16.288046976696762,12.883082076795064,11.74921153062475,11.511035815412432,12.458239657182146,13.891253838416779,14.321867115396794,15.05382109771884,13.648618249020016,11.723635552534,9.57994986712032,9.905567119555823,10.72645473970372,10.590537567656432,,
datastructure,WB.DATA360:DS_DATA360(1.3),I,A,LAC,WB_WDI_FS_AST_PRVT_GD_ZS,_T,_T,_T,PT_GDP,_Z,_Z,_Z,_Z,RATIO,2,WB_WDI,P1Y,0,A,PU,Annual,Latin America & Caribbean (excluding high income),Domestic credit to private sector (% of GDP),Total,All age ranges or no breakdown by age,Total,Percentage of GDP,Not Applicable,Not Applicable,Not Applicable,Not Applicable,Ratio,Two,World Development Indicators (WDI),Annual,Units,Normal value,Public,15.917793030032065,15.790813891507709,15.132405405366711,13.853839552333488,12.682227470667204,12.249867048106488,12.146198570596745,13.242415174192535,15.502560322586197,20.895344826154997,,,,29.494238812084856,32.92036688734775,,,41.32654107230215,38.28742009810685,,,,,,,,,,71.85515756531312,,,,,,,36.11317240580166,35.004635327425746,31.398574471054506,25.645182641270182,23.81221045913624,22.701188163390732,20.096278419716086,20.403722374221996,19.93502388352997,20.41618299409838,22.390648569051187,25.71734151889625,29.589313317546026,32.14117265405564,34.22843759706436,37.81771370923211,41.31029212700743,43.49708147627327,45.082578277748034,46.14076428889636,45.134508346744866,44.28788937820651,44.20029874615952,47.93204944644182,46.238926421820764,49.87621957970967,47.63659758328867,47.5663434677542,47.571254190177,49.23503793593321
datastructure,WB.DATA360:DS_DATA360(1.3),I,A,HPC,WB_WDI_FS_AST_PRVT_GD_ZS,_T,_T,_T,PT_GDP,_Z,_Z,_Z,_Z,RATIO,2,WB_WDI,P1Y,0,A,PU,Annual,Heavily indebted poor countries (HIPC),Domestic credit to private sector (% of GDP),Total,All age ranges or no breakdown by age,Total,Percentage of GDP,Not Applicable,Not Applicable,Not Applicable,Not Applicable,Ratio,Two,World Development Indicators (WDI),Annual,Units,Normal value,Public,,,6.330276581208264,5.601112887489231,6.61443293453832,6.174993742015117,6.218126914313813,6.672986291860298,6.822627407272556,6.792918183943716,7.7469706823855145,8.117699524598624,8.644766623967348,9.095722008999244,9.974493316236472,11.272317213776008,11.38127961098685,12.307736739874487,13.384335242153636,13.957436405544248,14.196240454497218,13.622650252484846,13.745272561043002,12.954124076282135,11.925713595056655,11.582329209163992,12.954596354191933,14.38662123470781,13.010443963850495,12.557200194608452,12.339299730728605,10.887028910468262,11.921709067925493,11.130098370079038,9.9186596300023,9.7378823882599,10.517798591767281,11.103493201512089,11.999956520410707,12.473860198371714,10.364171897424175,11.750399513820883,11.370686555500203,11.514479015957875,11.3964833840082,11.896750180495065,12.421536521701949,12.962058957780213,13.213290517127474,14.337790038828649,14.282673307527084,14.483335144132909,15.682166059324556,16.160147496223114,17.04412522663253,18.48924598279131,19.363378274168056,18.86430434124246,18.803071008774822,19.00881227860269,,,,,
datastructure,WB.DATA360:DS_DATA360(1.3),I,A,OED,WB_WDI_FS_AST_PRVT_GD_ZS,_T,_T,_T,PT_GDP,_Z,_Z,_Z,_Z,RATIO,2,WB_WDI,P1Y,0,A,PU,Annual,OECD members,Domestic credit to private sector (% of GDP),Total,All age ranges or no breakdown by age,Total,Percentage of GDP,Not Applicable,Not Applicable,Not Applicable,Not Applicable,Ratio,Two,World Development Indicators (WDI),Annual,Units,Normal value,Public,59.576268576955904,62.73037133267626,,,,,,,,,77.80086394334519,81.53796224123948,87.10199597374447,,,,,,,,,,89.23407664777923,93.42102948846588,95.3692812053089,100.87172887640536,110.93499653792205,117.0554958765412,121.59127839723746,126.4027013975655,,,,133.33033216174488,133.87355373576688,137.09256208010905,137.90107894475685,141.1177017235411,147.97159498624788,157.01735763985255,151.8528448544471,135.90532119894297,131.49651688824736,135.8366047449193,137.03179914757314,140.26450766071628,145.39535531047895,147.8681822158873,139.77282309483977,144.84847245662158,140.32814287919715,135.62837474050173,136.2042659414898,137.75205944180803,136.63035327543514,138.79531472898395,141.05899378314254,143.6735255429068,138.44273817221978,145.27521163803613,162.19456652668651,160.08126351094904,144.94419805904582,143.41906154568687,149.71654387703194
datastructure,WB.DATA360:DS_DATA360(1.3),I,A,GMB,WB_WDI_FS_AST_PRVT_GD_ZS,_T,_T,_T,PT_GDP,_Z,_Z,_Z,_Z,RATIO,2,WB_WDI,P1Y,0,A,PU,Annual,"Gambia, The",Domestic credit to private sector (% of GDP),Total,All age ranges or no breakdown by age,Total,Percentage of GDP,Not Applicable,Not Applicable,Not Applicable,Not Applicable,Ratio,Two,World Development Indicators (WDI),Annual,Units,Normal value,Public,,,,,,,16.16212792906903,16.639439906651106,17.81924198250729,17.22635494155154,16.383662230380907,17.397379912663755,13.065878378378379,16.359375,14.69188529591214,11.025210084033613,15.666793885945578,16.971414188721244,21.121651785714285,21.349230456121834,23.87081799730489,24.187787819975423,21.081577091191164,24.67861777723406,25.11799874134676,24.340406166448602,15.09178593652769,11.966940030753461,11.822577489588864,11.019886709215571,10.99267545901915,5.176671669499836,3.7272170083101264,5.477087415925212,5.626659601396339,4.836178453918538,4.373222081201264,5.445033796502787,5.709563807864222,6.606307187920088,6.741074286860384,8.321402009069507,10.689941557965307,11.757944164371773,5.032580386675374,5.8522388659816595,7.212918964249007,7.548512303754926,8.732708729522933,9.166452596989028,9.491080142305794,10.40755212135335,10.079653889150597,9.981000855890047,8.831185555886597,,,6.092216304851465,7.05226804537001,8.202172457856399,8.152222433507582,8.875449973633016,9.620220466230709,8.725313361822252,9.403974962777957
datastructure,WB.DATA360:DS_DATA360(1.3),I,A,SOM,WB_WDI_FS_AST_PRVT_GD_ZS,_T,_T,_T,PT_GDP,_Z,_Z,_Z,_Z,RATIO,2,WB_WDI,P1Y,0,A,PU,Annual,"Somalia, Federal Republic of",Domestic credit to private sector (% of GDP),Total,All age ranges or no breakdown by age,Total,Percentage of GDP,Not Applicable,Not Applicable,Not Applicable,Not Applicable,Ratio,Two,World Development Indicators (WDI),Annual,Units,Normal value,Public,2.4204808728388083,3.0679329410867116,4.918145333084811,5.524968661185967,8.752668325656977,9.954621355935368,9.578981723237598,9.560603876752344,10.361328125,10.906966276656307,12.208229954610246,10.259547359805733,10.086089711254639,20.501197477939726,25.40849415299383,10.809341991159576,6.306161087496171,5.453197674418605,4.9188990825688075,5.004897050639955,2.457182400092267,2.605322814653609,5.577822816117619,6.527370548549631,5.986860071000595,4.611066559743384,3.4475210681843054,10.97412857884062,10.307849271809458,14.840364890945128,,,,,,,,,,,,,,,,,,,,,,,,,,,,,2.2241770361996713,2.216477903073015,2.5422304713490984,3.369731440894234,3.8529370057826084,5.005662306447342,5.346256706916879
datastructure,WB.DATA360:DS_DATA360(1.3),I,A,KOR,WB_WDI_FS_AST_PRVT_GD_ZS,_T,_T,_T,PT_GDP,_Z,_Z,_Z,_Z,RATIO,2,WB_WDI,P1Y,0,A,PU,Annual,"Korea, Rep.",Domestic credit to private sector (% of GDP),Total,All age ranges or no breakdown by age,Total,Percentage of GDP,Not Applicable,Not Applicable,Not Applicable,Not Applicable,Ratio,Two,World Development Indicators (WDI),Annual,Units,Normal value,Public,5.721690590111643,11.987454605480357,12.658503401360544,10.495201535508638,8.782784129119031,10.167304015296368,11.065474527335383,16.68630116296632,25.305667897544105,31.65001120322653,32.58524136953286,34.58267353813376,33.88041036567009,33.9058428811079,35.62652492157547,33.179755345970676,30.29340934447196,29.608773377337734,32.29328984010763,34.85503420063971,39.674990228432044,40.04338647765053,43.36458483087223,42.80315289074917,42.28145002599638,44.73768512467184,43.98624987588007,44.535902513814804,42.63639527000279,47.23955001628508,49.261825355590325,48.855059250318746,47.397022874806154,47.18892619572434,47.735122855630415,46.97305606462457,50.14628716556604,54.80178482860008,59.60869409822681,64.48812556753371,69.18667236122691,99.6082410940777,108.70538205029013,107.1806258326992,101.9925411924441,106.12198883513511,117.53567448868813,124.02771595886372,136.19666070615554,132.5991060343478,124.6795680658275,127.0818138866898,125.13586018394282,122.7567880773413,125.48863022714644,125.85881084068255,128.0406881711373,129.53913562366992,133.5041395892175,142.6524784470877,154.7479020426128,159.9261202363063,162.76950173671665,163.51563150120685,160.34718267823618
datastructure,WB.DATA360:DS_DATA360(1.3),I,A,BHR,WB_WDI_FS_AST_PRVT_GD_ZS,_T,_T,_T,PT_GDP,_Z,_Z,_Z,_Z,RATIO,2,WB_WDI,P1Y,0,A,PU,Annual,Bahrain,Domestic credit to private sector (% of GDP),Total,All age ranges or no breakdown by age,Total,Percentage of GDP,Not Applicable,Not Applicable,Not Applicable,Not Applicable,Ratio,Two,World Development Indicators (WDI),Annual,Units,Normal value,Public,,,,,,,,,,,13.260381392830755,18.742817695636464,22.679058359008057,25.104266953120074,29.381200882805537,36.98276714347014,42.81369339604465,39.483342569558836,36.96880083689349,36.350365785541925,33.02539062233171,32.879602073205554,34.94216804808512,38.0037126516514,38.340696377483056,38.32917883595085,43.37851703698517,34.341055907932024,31.059178103561642,29.202629104761524,26.245314236722137,31.01453766551178,33.299866081762694,36.81483697751492,38.44027270159623,37.89920522831492,36.596061095450786,39.57638860057072,44.03556403233229,46.01328206505773,40.51178964975863,41.815676804788076,44.53830714467892,42.12548599587429,43.942919631340125,43.68435090500446,44.87775572415954,53.11805426364179,64.21337912343674,71.43726731263558,64.93766773654262,66.90659250777033,66.51722714806827,66.98763993435854,61.334799804504506,70.5500803025,,,,,,,,,
datastructure,WB.DATA360:DS_DATA360(1.3),I,A,TUN,WB_WDI_FS_AST_PRVT_GD_ZS,_T,_T,_T,PT_GDP,_Z,_Z,_Z,_Z,RATIO,2,WB_WDI,P1Y,0,A,PU,Annual,Tunisia,Domestic credit to private sector (% of GDP),Total,All age ranges or no breakdown by age,Total,Percentage of GDP,Not Applicable,Not Applicable,Not Applicable,Not Applicable,Ratio,Two,World Development Indicators (WDI),Annual,Units,Normal value,Public,,21.817815168332263,24.260599059908415,25.377189153016587,28.1598854133777,28.706323275033636,32.73302836230558,34.91543859649123,34.98651403481261,34.670259893679855,33.83562731604023,32.41307308216069,31.167400468384077,34.48770954573091,33.56654606538312,38.74612380843,39.49503362648733,40.53360098544642,40.47626716051371,37.87785763175907,38.23841265358,42.87054300816915,46.929231537757055,48.4630299394859,48.99405838687543,51.586652038242875,54.37887548181666,52.217515214117704,51.43084774726924,58.944118291118784,55.076333478184495,53.75733240223464,54.00472062922267,53.926236104480665,53.8139220174784,54.38617037497507,49.15762366059487,45.93822188516087,46.576473668311344,46.57341323789858,53.48235338085304,49.60032476794598,50.674424775600905,49.57880019542055,49.61648021831816,50.065558636162976,48.59958570048387,48.01155598138355,48.5083070989921,49.977069531827865,52.24710386560205,57.93479862712644,57.85204273594938,57.95988230651906,59.80855558907824,60.13655413991083,62.24695546754171,64.75372853730315,63.522438982530495,59.29035832244472,67.65671846485186,64.66753464618297,66.00676675177367,62.73056522649792,60.61172497351488
datastructure,WB.DATA360:DS_DATA360(1.3),I,A,NOR,WB_WDI_FS_AST_PRVT_GD_ZS,_T,_T,_T,PT_GDP,_Z,_Z,_Z,_Z,RATIO,2,WB_WDI,P1Y,0,A,PU,Annual,Norway,Domestic credit to private sector (% of GDP),Total,All age ranges or no breakdown by age,Total,Percentage of GDP,Not Applicable,Not Applicable,Not Applicable,Not Applicable,Ratio,Two,World Development Indicators (WDI),Annual,Units,Normal value,Public,,,,,,,,,,,,,,,,,,,,,,,,,,,,,,,,,,,,,,,,,,96.15939919882965,102.32635786366349,106.58970642150902,105.01909504319727,106.57721539370932,97.15466649527096,107.06401307700195,119.24771226500543,127.53431552576697,127.6374661226069,124.97817560514875,122.68382163145364,124.21009372770267,128.24498003653645,137.836062619981,144.9716065448559,145.264892481515,142.49164215769196,149.38813218024114,163.5359915645335,137.56505365141118,110.27616888819891,127.4320457726746,128.83789919805352
datastructure,WB.DATA360:DS_DATA360(1.3),I,A,ATG,WB_WDI_FS_AST_PRVT_GD_ZS,_T,_T,_T,PT_GDP,_Z,_Z,_Z,_Z,RATIO,2,WB_WDI,P1Y,0,A,PU,Annual,Antigua and Barbuda,Domestic credit to private sector (% of GDP),Total,All age ranges or no breakdown by age,Total,Percentage of GDP,Not Applicable,Not Applicable,Not Applicable,Not Applicable,Ratio,Two,World Development Indicators (WDI),Annual,Units,Normal value,Public,,,,,,,,,,,,,,,,,,40.01290199264108,38.08758571368474,29.02098611064175,28.722946143951685,32.56477005082435,30.65287049399199,36.08867251672878,32.12642675137003,33.134245339747444,32.1892658883274,38.195165182480196,37.131539382590454,38.13290804494821,38.92243180095007,40.20290663944599,42.817626563976695,40.941798872512756,36.3701324864314,42.496242500030064,46.37319488678504,51.79188477714908,51.739095773366536,53.01519967020838,53.77134964710139,56.9076662770729,60.08784048497845,58.2690527253337,54.42291661403996,53.930329089661065,56.974675560808194,56.8669025605526,58.65563542204141,65.79204509028742,69.96728036194139,67.71585243406687,61.878190497643004,61.27823540588571,56.03329473930224,48.63174113227576,47.01342390344934,44.22662525849942,41.65418746224474,41.94913127143933,53.770405780522744,45.43474642488915,38.16994164369917,38.01184351930157,38.55221004467859
datastructure,WB.DATA360:DS_DATA360(1.3),I,A,CEB,WB_WDI_FS_AST_PRVT_GD_ZS,_T,_T,_T,PT_GDP,_Z,_Z,_Z,_Z,RATIO,2,WB_WDI,P1Y,0,A,PU,Annual,Central Europe and the Baltics,Domestic credit to private sector (% of GDP),Total,All age ranges or no breakdown by age,Total,Percentage of GDP,Not Applicable,Not Applicable,Not Applicable,Not Applicable,Ratio,Two,World Development Indicators (WDI),Annual,Units,Normal value,Public,,,,,,,,,,,,,,,,,,,,,,,,,,,,,,,,,,32.762495180771054,30.989595915554435,28.96674365022067,28.67256054060043,27.760259420597922,27.168391040273217,27.855121676381774,27.81449274251278,25.307337170977082,18.435185266717983,20.314884780898495,28.52052754482889,31.307856914407257,35.73022831811618,42.084003290012724,48.37621708532994,49.91208115399915,51.865226929509056,51.96528923474015,50.9770542101872,50.25815171394765,48.79026792525998,47.84631144197065,47.882212158013324,46.33220942832067,45.8614558057992,44.750954972880265,45.91790054902819,44.26694995492526,40.727730907835586,37.590955347681906,36.97643040520042
datastructure,WB.DATA360:DS_DATA360(1.3),I,A,COM,WB_WDI_FS_AST_PRVT_GD_ZS,_T,_T,_T,PT_GDP,_Z,_Z,_Z,_Z,RATIO,2,WB_WDI,P1Y,0,A,PU,Annual,Comoros,Domestic credit to private sector (% of GDP),Total,All age ranges or no breakdown by age,Total,Percentage of GDP,Not Applicable,Not Applicable,Not Applicable,Not Applicable,Ratio,Two,World Development Indicators (WDI),Annual,Units,Normal value,Public,,,,,,,,,,,,,,,,,,,,,,,5.338110435358584,6.017763034696771,7.688583911217611,3.9752762863404962,4.476710367354244,5.048059051563911,6.8451727510428935,6.046964118802816,8.313363212293059,8.63117096868391,8.729478758297201,7.347137596803223,6.618196798852592,6.477917273085869,4.509835172862626,5.325458689602196,4.350256171401956,5.035983789826719,5.277622636710002,4.3062156640569675,4.488344268244966,5.07380354246118,4.164166573950753,5.163157961753948,4.985344696349071,5.350409305492828,6.3534353915268955,8.783337324129747,10.477598466733284,10.628193587517561,12.089419695225741,12.805075215818606,13.628865335144146,15.822026199257142,16.142957695540908,16.459220455740095,15.912272867013064,15.58022374669042,15.062938071210997,16.38874278304406,17.062199077436503,18.33466964746819,17.117035764236256
datastructure,WB.DATA360:DS_DATA360(1.3),I,A,NER,WB_WDI_FS_AST_PRVT_GD_ZS,_T,_T,_T,PT_GDP,_Z,_Z,_Z,_Z,RATIO,2,WB_WDI,P1Y,0,A,PU,Annual,Niger,Domestic credit to private sector (% of GDP),Total,All age ranges or no breakdown by age,Total,Percentage of GDP,Not Applicable,Not Applicable,Not Applicable,Not Applicable,Ratio,Two,World Development Indicators (WDI),Annual,Units,Normal value,Public,,,3.738021294884058,3.9400820226783906,4.6006515290040575,5.235729253195134,5.703058343105795,5.57608347902419,6.611986591674854,6.185579656364093,5.5928837263037225,5.0989633036318756,5.703495316832859,5.908817159768607,8.491230881613907,12.701336885029235,11.139023243457462,10.221409535154732,13.484900181434908,16.804289355401014,17.10754759906676,17.665874919254666,17.133484413540874,17.221365100238188,16.973061544750607,15.633807613816533,17.3787222303113,16.130681507546115,15.782463950939865,12.962347231142527,8.683549254358768,8.12808944641867,8.079064339490442,7.511901277529115,6.639018455993807,3.6547035259477876,3.5214990634916123,2.6609060966240743,3.165781422636212,3.0550430169622174,3.8594042752044295,3.6807062209739643,3.927527040834302,4.218327108591972,5.096002319688355,5.245939233451889,6.424143155810523,6.996072587506498,8.068349755586485,8.991372486413496,8.936231007342862,9.738353424485897,10.38830493437524,10.292286863972064,10.694138216866177,11.33712684377323,,,,,,,,,
datastructure,WB.DATA360:DS_DATA360(1.3),I,A,KEN,WB_WDI_FS_AST_PRVT_GD_ZS,_T,_T,_T,PT_GDP,_Z,_Z,_Z,_Z,RATIO,2,WB_WDI,P1Y,0,A,PU,Annual,Kenya,Domestic credit to private sector (% of GDP),Total,All age ranges or no breakdown by age,Total,Percentage of GDP,Not Applicable,Not Applicable,Not Applicable,Not Applicable,Ratio,Two,World Development Indicators (WDI),Annual,Units,Normal value,Public,,12.305794219401719,11.80493182313206,13.175194734515294,13.694985424792867,13.76263012419476,12.61120310036029,14.584279872785096,12.890010758917485,12.729192665834693,15.118918730136555,17.432534559309758,16.48604836566569,17.893316634407377,17.976430658998773,17.333166207069443,16.827084479911942,17.50860261304371,21.7120303649749,20.973264097502362,21.811778081551548,21.003079850361196,20.437024362328785,19.323011551383175,18.9864033544518,19.334084569632857,19.31198823090715,18.4164177260937,18.926142832344848,19.224478753738907,18.656532352075594,19.958072590222404,22.152450240505292,18.496196443499045,19.834155886068864,25.81411778087661,21.681626109378225,24.355177830310538,23.96341678418238,26.56944193000273,25.75838276805577,25.22268669512292,25.854601834826674,25.15567522279025,27.287516032727815,26.27687547004891,22.888310996038754,23.04496428158565,25.380611749054033,21.874821577017727,23.986636546331763,27.365952845287705,26.402234114029355,28.33217220434715,34.5220651778387,36.69932935083969,35.57107321343969,33.15059930311057,31.198689767300113,30.832028770159674,32.14980742089351,31.123124019926742,31.25841639155495,31.798084869651333,
datastructure,WB.DATA360:DS_DATA360(1.3),I,A,EMU,WB_WDI_FS_AST_PRVT_GD_ZS,_T,_T,_T,PT_GDP,_Z,_Z,_Z,_Z,RATIO,2,WB_WDI,P1Y,0,A,PU,Annual,Euro area,Domestic credit to private sector (% of GDP),Total,All age ranges or no breakdown by age,Total,Percentage of GDP,Not Applicable,Not Applicable,Not Applicable,Not Applicable,Ratio,Two,World Development Indicators (WDI),Annual,Units,Normal value,Public,,,,,,,,,,,,,,,,,,,,,,,,,,,,,,,,,,,,,,,,,,88.04414165015244,88.160224596593,89.04303088586668,90.16819974968335,94.71211271932549,98.31130862929301,101.28693030306259,103.11883144146583,105.60955242593607,102.83066398769681,100.87249947429707,98.88100626049774,95.86759362348653,91.71272096114907,89.01492306515604,88.05302827052745,86.99301557681497,85.77727987034338,85.06211513843724,93.7847754681115,89.12623963487836,85.10248343089317,79.81149552257885,77.44338523112904
datastructure,WB.DATA360:DS_DATA360(1.3),I,A,NPL,WB_WDI_FS_AST_PRVT_GD_ZS,_T,_T,_T,PT_GDP,_Z,_Z,_Z,_Z,RATIO,2,WB_WDI,P1Y,0,A,PU,Annual,Nepal,Domestic credit to private sector (% of GDP),Total,All age ranges or no breakdown by age,Total,Percentage of GDP,Not Applicable,Not Applicable,Not Applicable,Not Applicable,Ratio,Two,World Development Indicators (WDI),Annual,Units,Normal value,Public,1.0457010339711086,1.2262521891500664,1.2528577674243766,1.2348353552859619,1.4991040911984055,1.8939664743656992,1.7889708557252608,1.9204988009275323,2.2152515763208815,2.4145272688106107,2.8695255474452557,3.839785015001789,3.5152858128928224,4.7908514478542905,4.886008935275177,4.412527963460599,3.625962996584817,4.788194444444445,5.70393246689915,6.419986466711743,8.573937243541486,9.190317568318141,8.631728633838353,8.095971563981044,8.485910323364287,9.852316146481774,10.5816165386548,10.451584617311788,11.786206537851402,13.048650707412426,12.808656300765838,13.353850130451288,13.418315496115623,14.573097983857197,18.550122445702357,22.831436067069692,23.197763877338666,23.885074264030546,28.663082318137246,28.875948254060972,30.6706208188085,29.415910451395543,22.86890082121177,26.142574031824488,27.09733041113902,28.726150807923794,33.15138627867369,37.28150564724035,51.65264552927146,59.1784546318173,54.589987785603,46.42465312309527,48.75434965341406,50.462270838435096,54.46704760350983,56.90827406537036,69.84080011211601,69.18912434135328,76.32460800765782,78.94591089840553,88.44003946632681,103.65135137540142,94.4669915631767,91.55726414458155,92.11110969637213
