STRUCTURE,STRUCTURE_ID,ACTION,FREQ,REF_AREA,INDICATOR,SEX,AGE,URBANISATION,UNIT_MEASURE,COMP_BREAKDOWN_1,COMP_BREAKDOWN_2,COMP_BREAKDOWN_3,AGG_METHOD,UNIT_TYPE,DECIMALS,DATABASE_ID,TIME_FORMAT,UNIT_MULT,OBS_STATUS,OBS_CONF,FREQ_LABEL,REF_AREA_LABEL,INDICATOR_LABEL,SEX_LABEL,AGE_LABEL,URBANISATION_LABEL,UNIT_MEASURE_LABEL,COMP_BREAKDOWN_1_LABEL,COMP_BREAKDOWN_2_LABEL,COMP_BREAKDOWN_3_LABEL,AGG_METHOD_LABEL,UNIT_TYPE_LABEL,DECIMALS_LABEL,DATABASE_ID_LABEL,TIME_FORMAT_LABEL,UNIT_MULT_LABEL,OBS_STATUS_LABEL,OBS_CONF_LABEL,1960,1961,1962,1963,1964,1965,1966,1967,1968,1969,1970,1971,1972,1973,1974,1975,1976,1977,1978,1979,1980,1981,1982,1983,1984,1985,1986,1987,1988,1989,1990,1991,1992,1993,1994,1995,1996,1997,1998,1999,2000,2001,2002,2003,2004,2005,2006,2007,2008,2009,2010,2011,2012,2013,2014,2015,2016,2017,2018,2019,2020,2021,2022,2023
datastructure,WB.DATA360:DS_DATA360(1.3),I,A,MNE,WB_WDI_DT_ODA_ALLD_KD,_T,_T,_T,USD_K_2021,_Z,_Z,_Z,_Z,CUR,2,WB_WDI,P1Y,0,A,PU,Annual,Montenegro,Net official development assistance and official aid received (constant 2021 US$),Total,All age ranges or no breakdown by age,Total,"US dollars, 2021 constant prices",Not Applicable,Not Applicable,Not Applicable,Not Applicable,Currency,Two,World Development Indicators (WDI),Annual,Units,Normal value,Public,,,,,,,,,,,,,,,,,,,,,,,,,,,,,,,,,,,,,,,,,,,,1.11708526611328E7,2.55750503540039E7,4768301.96380615,1.18937339782715E8,1.16205406188965E8,1.07072456359863E8,8.10063781738281E7,7.81793365478516E7,1.26435531616211E8,1.0955920410156299E8,1.1743610382080099E8,1.0081902313232401E8,1.1764608001709E8,9.99996032714844E7,1.3457330322265598E8,1.6901625061035198E8,1.08712348937988E8,2.2276109313964802E8,1.3792533874511698E8,1.0897370147705099E8,9.23584136962891E7
datastructure,WB.DATA360:DS_DATA360(1.3),I,A,GEO,WB_WDI_DT_ODA_ALLD_KD,_T,_T,_T,USD_K_2021,_Z,_Z,_Z,_Z,CUR,2,WB_WDI,P1Y,0,A,PU,Annual,Georgia,Net official development assistance and official aid received (constant 2021 US$),Total,All age ranges or no breakdown by age,Total,"US dollars, 2021 constant prices",Not Applicable,Not Applicable,Not Applicable,Not Applicable,Currency,Two,World Development Indicators (WDI),Annual,Units,Normal value,Public,,,,,,,,,,,,,,,,,,,,,,,,,,,,,,,,370398.998260498,2.71558170318604E7,1.86732788085938E8,2.92223693847656E8,3.01798156738281E8,4.46471160888672E8,3.6434976196289104E8,3.185234375E8,3.7104946899414104E8,2.78684753417969E8,4.7766561889648396E8,5.00429504394531E8,3.27175048828125E8,4.2038720703125E8,3.7943359375E8,4.48159362792969E8,4.43636932373047E8,9.75417053222656E8,9.22926696777344E8,6.19763244628906E8,5.95814636230469E8,7.177373046875E8,6.89369873046875E8,5.96269958496094E8,5.22041442871094E8,5.4298583984375E8,5.14539184570313E8,6.44493103027344E8,5.57459411621094E8,1.13100744628906E9,7.89943176269531E8,4.08775634765625E8,3.6521694946289104E8
datastructure,WB.DATA360:DS_DATA360(1.3),I,A,WSM,WB_WDI_DT_ODA_ALLD_KD,_T,_T,_T,USD_K_2021,_Z,_Z,_Z,_Z,CUR,2,WB_WDI,P1Y,0,A,PU,Annual,Samoa,Net official development assistance and official aid received (constant 2021 US$),Total,All age ranges or no breakdown by age,Total,"US dollars, 2021 constant prices",Not Applicable,Not Applicable,Not Applicable,Not Applicable,Currency,Two,World Development Indicators (WDI),Annual,Units,Normal value,Public,,257764.011621475,747575.998306274,1375784.9931716898,1660851.95541382,1775689.95952606,3338161.94534302,5805294.03686523,7704477.7870178195,3819494.96269226,6794941.90216064,7250957.96585083,1.56080331802368E7,1.69660224914551E7,2.7024169921875E7,5.5432708740234405E7,4.37753486633301E7,7.07236633300781E7,5.43345260620117E7,7.75227890014648E7,5.75290603637695E7,5.8296604156494096E7,5.92934226989746E7,6.6837432861328095E7,5.0677661895752005E7,5.5500293731689505E7,4.68603935241699E7,6.6950569152832E7,5.01645317077637E7,4.92065963745117E7,5.97095375061035E7,6.6871681213378906E7,7.77624130249023E7,7.18212356567383E7,5.58044090270996E7,5.01059646606445E7,4.1824104309082E7,4.07281646728516E7,5.00503807067871E7,3.93647384643555E7,5.05972328186035E7,6.87789306640625E7,6.02221832275391E7,4.67155952453613E7,4.25965957641602E7,5.19828910827637E7,5.74407958984375E7,4.4174407958984405E7,4.42154922485352E7,7.35954895019531E7,9.71899871826172E7,7.90131683349609E7,1.06509292602539E8,1.0982417297363299E8,9.05621032714844E7,1.0595046234130901E8,9.70397796630859E7,1.4433074951171902E8,1.32679290771484E8,1.28945709228516E8,1.80785522460938E8,8.336273193359381E7,1.3135661315918E8,1.17172477722168E8
datastructure,WB.DATA360:DS_DATA360(1.3),I,A,GAB,WB_WDI_DT_ODA_ALLD_KD,_T,_T,_T,USD_K_2021,_Z,_Z,_Z,_Z,CUR,2,WB_WDI,P1Y,0,A,PU,Annual,Gabon,Net official development assistance and official aid received (constant 2021 US$),Total,All age ranges or no breakdown by age,Total,"US dollars, 2021 constant prices",Not Applicable,Not Applicable,Not Applicable,Not Applicable,Currency,Two,World Development Indicators (WDI),Annual,Units,Normal value,Public,206476.002931595,6154176.23519897,2.76627349853516E7,3.84040298461914E7,1.23010589599609E8,1.03892425537109E8,1.0366567230224599E8,1.10000061035156E8,9.85951232910156E7,1.3436434936523402E8,1.6973004150390598E8,1.5915533447265598E8,1.5985830688476598E8,2.1174267578125E8,1.09191215515137E8,2.2274522399902302E8,1.15012580871582E8,8.95748825073242E7,1.2620957946777299E8,9.43070373535156E7,1.2361355590820299E8,1.0700744628906299E8,1.63248031616211E8,1.7840931701660198E8,2.2415243530273402E8,1.79107192993164E8,1.7259722900390598E8,1.52287567138672E8,1.8614826965332E8,2.36327423095703E8,1.99357788085938E8,2.1695918273925802E8,9.74153366088867E7,1.48682403564453E8,2.60408294677734E8,1.9022650146484402E8,1.657119140625E8,5.92624359130859E7,6.64648361206055E7,7.35689468383789E7,2.36926116943359E7,1.50167989730835E7,1.14251457214355E8,-1.12874794006348E7,4.92128486633301E7,5.8671745300293E7,3.5396778106689505E7,5.54042129516602E7,6.16804847717285E7,7.79578323364258E7,9.75685119628906E7,6.2734767913818404E7,6.92079162597656E7,8.64373550415039E7,1.0957593536377E8,1.1383457183837901E8,4.71402931213379E7,1.1851091003418E8,1.2254895019531299E8,1.2599375152587901E8,5.7036159515380904E7,9.77508697509766E7,1.45028793334961E8,5.3148811340332E7
datastructure,WB.DATA360:DS_DATA360(1.3),I,A,DJI,WB_WDI_DT_ODA_ALLD_KD,_T,_T,_T,USD_K_2021,_Z,_Z,_Z,_Z,CUR,2,WB_WDI,P1Y,0,A,PU,Annual,Djibouti,Net official development assistance and official aid received (constant 2021 US$),Total,All age ranges or no breakdown by age,Total,"US dollars, 2021 constant prices",Not Applicable,Not Applicable,Not Applicable,Not Applicable,Currency,Two,World Development Indicators (WDI),Annual,Units,Normal value,Public,,,,,,,4.83722534179688E7,7.0847053527832E7,6.7998046875E7,7.23686828613281E7,8.24662551879883E7,6.952923583984381E7,7.46833953857422E7,8.89167938232422E7,1.28664642333984E8,1.1901091003418E8,9.77008361816406E7,1.56913070678711E8,3.1794934082031304E8,5.8180614471435495E7,1.75949981689453E8,1.6633134460449198E8,1.5660850524902302E8,1.79106918334961E8,2.88806396484375E8,2.3017974853515598E8,2.5443450927734402E8,1.96579833984375E8,1.6406112670898402E8,1.3512739562988302E8,3.23470458984375E8,1.57138259887695E8,1.56535766601563E8,2.05320816040039E8,1.7550013732910198E8,1.1806784057617201E8,1.17061820983887E8,1.1688032531738299E8,1.08979919433594E8,1.05805793762207E8,1.05182846069336E8,9.758123779296881E7,1.1319926452636701E8,1.0417419433593799E8,7.74386367797852E7,8.8123893737793E7,1.33361724853516E8,1.20664710998535E8,1.4359379577636698E8,1.6401025390625E8,1.17592468261719E8,1.3889533996582E8,1.46101333618164E8,1.5080619812011698E8,1.63400146484375E8,1.9486274719238302E8,2.1162467956543E8,1.56869995117188E8,1.92603302001953E8,2.8164639282226604E8,2.7791244506835896E8,1.8066450500488302E8,6.29091835021973E7,2.2237471008300802E8
datastructure,WB.DATA360:DS_DATA360(1.3),I,A,MDA,WB_WDI_DT_ODA_ALLD_KD,_T,_T,_T,USD_K_2021,_Z,_Z,_Z,_Z,CUR,2,WB_WDI,P1Y,0,A,PU,Annual,Moldova,Net official development assistance and official aid received (constant 2021 US$),Total,All age ranges or no breakdown by age,Total,"US dollars, 2021 constant prices",Not Applicable,Not Applicable,Not Applicable,Not Applicable,Currency,Two,World Development Indicators (WDI),Annual,Units,Normal value,Public,,,,,,,,,,,,,,,,,,,,,,,,,,,,,,,,,1.69799995422363E7,4.90900001525879E7,8.62399978637695E7,9.35800018310547E7,5.32599983215332E7,9.91976165771484E7,6.28877182006836E7,1.6687803649902302E8,2.0032171630859402E8,1.9601347351074198E8,2.27556655883789E8,1.730732421875E8,1.5928067016601598E8,2.14845291137695E8,2.70997375488281E8,2.96092010498047E8,3.10992706298828E8,2.65570739746094E8,4.42494689941406E8,4.68497497558594E8,5.07601623535156E8,3.7853067016601604E8,5.65800537109375E8,3.69838684082031E8,3.1705676269531304E8,2.8472058105468804E8,2.9309338378906304E8,3.93052429199219E8,5.79150695800781E8,6.20585021972656E8,9.46548645019531E8,1.05138586425781E9
datastructure,WB.DATA360:DS_DATA360(1.3),I,A,IDN,WB_WDI_DT_ODA_ALLD_KD,_T,_T,_T,USD_K_2021,_Z,_Z,_Z,_Z,CUR,2,WB_WDI,P1Y,0,A,PU,Annual,Indonesia,Net official development assistance and official aid received (constant 2021 US$),Total,All age ranges or no breakdown by age,Total,"US dollars, 2021 constant prices",Not Applicable,Not Applicable,Not Applicable,Not Applicable,Currency,Two,World Development Indicators (WDI),Annual,Units,Normal value,Public,8.77319274902344E8,1.15129187011719E9,1.51688256835938E9,8.46870239257813E8,5.0684506225585896E8,3.3179531860351604E8,6.3383447265625E8,1.70929870605469E9,2.4006416015625E9,2.32102368164063E9,3.16196435546875E9,3.75538818359375E9,2.84952661132813E9,2.89837548828125E9,2.7250439453125E9,2.56317431640625E9,2.36496069335938E9,1.66985888671875E9,1.74533276367188E9,1.89032971191406E9,2.20207861328125E9,2.364736328125E9,2.2499111328125E9,1.84049072265625E9,1.76531970214844E9,1.58728771972656E9,1.52669885253906E9,1.81303869628906E9,2.0674189453125E9,2.37158666992188E9,2.13113549804688E9,2.19170751953125E9,2.02707202148438E9,2.03651745605469E9,1.57388195800781E9,1.1371943359375E9,8.67834106445313E8,8.69413635253906E8,1.44488977050781E9,2.15118969726563E9,1.94865942382813E9,1.81580908203125E9,1.76910888671875E9,1.85127087402344E9,3.34823699951172E8,2.63233276367188E9,1.59294213867188E9,9.38932189941406E8,1.3492705078125E9,1.25183117675781E9,1.2814501953125E9,5.87980163574219E8,3.64551452636719E8,2.5314144897460902E8,-1.44350341796875E8,2.38111450195313E8,3.29778533935547E8,6.43603698730469E8,1.31411413574219E9,-4.95205780029297E8,1.38687414550781E9,6.96906555175781E8,7.22262512207031E8,1.15507946777344E9
datastructure,WB.DATA360:DS_DATA360(1.3),I,A,NER,WB_WDI_DT_ODA_ALLD_KD,_T,_T,_T,USD_K_2021,_Z,_Z,_Z,_Z,CUR,2,WB_WDI,P1Y,0,A,PU,Annual,Niger,Net official development assistance and official aid received (constant 2021 US$),Total,All age ranges or no breakdown by age,Total,"US dollars, 2021 constant prices",Not Applicable,Not Applicable,Not Applicable,Not Applicable,Currency,Two,World Development Indicators (WDI),Annual,Units,Normal value,Public,443345.010280609,2.0326244354248002E7,4.3429981231689505E7,4.11377601623535E7,1.20957458496094E8,1.15511878967285E8,1.74874984741211E8,1.6547792053222698E8,2.1915214538574198E8,2.3108897399902302E8,2.2137974548339802E8,2.65327026367188E8,2.5521495056152302E8,3.75365509033203E8,6.42236022949219E8,5.47042785644531E8,5.06878601074219E8,3.38289093017578E8,4.81002410888672E8,4.5576522827148396E8,3.9876953125E8,5.11806854248047E8,7.02210754394531E8,4.86600524902344E8,4.62507873535156E8,8.34918395996094E8,7.027900390625E8,6.88180603027344E8,6.55328186035156E8,5.67907043457031E8,6.17200256347656E8,5.79691101074219E8,5.25873596191406E8,5.16337890625E8,5.25147155761719E8,3.6863980102539104E8,3.4457775878906304E8,4.9245495605468804E8,4.3724450683593804E8,2.80723876953125E8,3.3465170288085896E8,4.36547607421875E8,4.71096374511719E8,6.56325439453125E8,6.79099731445313E8,6.42398010253906E8,6.49283325195313E8,6.34800231933594E8,6.38567565917969E8,4.9618692016601604E8,7.24974792480469E8,6.68688110351563E8,9.48829772949219E8,8.21279663085938E8,9.46685607910156E8,1.01474237060547E9,1.11605212402344E9,1.39563525390625E9,1.43795947265625E9,1.61591491699219E9,2.10156005859375E9,1.853529296875E9,2.15800659179688E9,1.28257019042969E9
datastructure,WB.DATA360:DS_DATA360(1.3),I,A,SYC,WB_WDI_DT_ODA_ALLD_KD,_T,_T,_T,USD_K_2021,_Z,_Z,_Z,_Z,CUR,2,WB_WDI,P1Y,0,A,PU,Annual,Seychelles,Net official development assistance and official aid received (constant 2021 US$),Total,All age ranges or no breakdown by age,Total,"US dollars, 2021 constant prices",Not Applicable,Not Applicable,Not Applicable,Not Applicable,Currency,Two,World Development Indicators (WDI),Annual,Units,Normal value,Public,1.25918684005737E7,1.10741500854492E7,5215129.85229492,6735589.9810791,9590497.01690674,1.48343658447266E7,8430212.02087402,2.0150707244873002E7,2.43940734863281E7,1.19265823364258E7,3.41750564575195E7,5.96576309204102E7,6.11536865234375E7,5.24433403015137E7,5.0366237640380904E7,3.69145965576172E7,3.84127616882324E7,4.92880897521973E7,5.66532669067383E7,6.941064453125E7,5.08179054260254E7,4.26891021728516E7,4.83971748352051E7,4.2424407958984405E7,4.2291046142578095E7,6.78949432373047E7,6.69624786376953E7,4.71911964416504E7,3.62526054382324E7,3.7705413818359405E7,6.0324981689453095E7,3.44229965209961E7,3.02834796905518E7,3.10042858123779E7,2.00215396881104E7,1.40699262619019E7,2.6328170776367202E7,2.5365470886230502E7,3.6277126312255904E7,1.91002101898193E7,3.73522872924805E7,1.90011596679688E7,8.96938705444336E7,1.22986450195313E7,1.24188537597656E7,2.04296627044678E7,1.56445655822754E7,6667788.02871704,7008252.14385986,2.05045585632324E7,3.3153598785400398E7,2.22101955413818E7,3.58116226196289E7,2.76555118560791E7,1.21035051345825E7,7506967.0677185105,6662364.959716801,1.6778724670410197E7,,,,50000.0007450581,,
datastructure,WB.DATA360:DS_DATA360(1.3),I,A,LAC,WB_WDI_DT_ODA_ALLD_KD,_T,_T,_T,USD_K_2021,_Z,_Z,_Z,_Z,CUR,2,WB_WDI,P1Y,0,A,PU,Annual,Latin America & Caribbean (excluding high income),Net official development assistance and official aid received (constant 2021 US$),Total,All age ranges or no breakdown by age,Total,"US dollars, 2021 constant prices",Not Applicable,Not Applicable,Not Applicable,Not Applicable,Currency,Two,World Development Indicators (WDI),Annual,Units,Normal value,Public,1.48250001144409E9,4.42903998672962E9,3.75762005537748E9,4.29658995676041E9,4.41878000074625E9,5.52017997455597E9,5.05667994832993E9,3.96433001995087E9,4.28116998291016E9,3.47196002483368E9,3.87623003578186E9,3.30272994995117E9,3.10258002185822E9,2.97351995134354E9,3.28500998592377E9,3.26732000160217E9,3.48877997875214E9,2.9875800104141197E9,3.36662002944946E9,3.7272899916172E9,4.0823000173568697E9,4.63936998128891E9,5.20972998905182E9,5.55414999437332E9,5.89954001522064E9,6.75345003509521E9,6.34605010509491E9,6.82703004598618E9,6.48801998996735E9,7.005359998703E9,6.95104005336761E9,7.60789998817444E9,6.414869972229E9,6.42114999866486E9,7.14856001186371E9,6.86701004886627E9,8.59785996818542E9,6.552279918819664E9,6.866179957538844E9,7.466689913392065E9,6.373469916194676E9,7.973070065855975E9,6.721069996714595E9,7.109550037264821E9,7.6017500640153885E9,7.03905001163483E9,7.59338003635406E9,6.55296005630493E9,8.341929962158199E9,8.36927008056641E9,9.34239005661011E9,9.19071989154816E9,9.48780996608734E9,9.53874998188019E9,9.08135008716583E9,1.07279199447632E10,1.18061099939346E10,8.64833002567291E9,1.00963399410248E10,8.516919954299931E9,1.1721510034561201E10,1.08057300071716E10,,
datastructure,WB.DATA360:DS_DATA360(1.3),I,A,SXM,WB_WDI_DT_ODA_ALLD_KD,_T,_T,_T,USD_K_2021,_Z,_Z,_Z,_Z,CUR,2,WB_WDI,P1Y,0,A,PU,Annual,Sint Maarten (Dutch part),Net official development assistance and official aid received (constant 2021 US$),Total,All age ranges or no breakdown by age,Total,"US dollars, 2021 constant prices",Not Applicable,Not Applicable,Not Applicable,Not Applicable,Currency,Two,World Development Indicators (WDI),Annual,Units,Normal value,Public,1612467.05055237,8121812.82043457,8516336.44104004,3.70973434448242E7,1.6458706665039098E8,6.87987442016602E7,1.39698143005371E7,1.6713096618652302E8,1.93904174804688E8,1.8559294128418E8,2.4972785949707E8,2.0432530212402302E8,2.40816528320313E8,1.25483703613281E8,1.4230577087402302E8,1.4296475219726598E8,2.0147346496582E8,1.46493667602539E8,1.42627685546875E8,1.4963623046875E8,2.3966813659668E8,2.1545796203613302E8,1.9262811279296902E8,2.01949737548828E8,2.1695674133300802E8,2.2630230712890598E8,1.4809062194824198E8,1.3823197937011698E8,1.1016316986084E8,1.33119995117188E8,1.0651569366455099E8,1.50593383789063E8,1.5577201843261698E8,1.4012216186523402E8,6.27965202331543E7,1.43122314453125E8,1.82059799194336E8,1.88285171508789E8,2.18664276123047E8,2.21698745727539E8,,,,,,,,,,,,,,,,,,,,,,,,
datastructure,WB.DATA360:DS_DATA360(1.3),I,A,IDB,WB_WDI_DT_ODA_ALLD_KD,_T,_T,_T,USD_K_2021,_Z,_Z,_Z,_Z,CUR,2,WB_WDI,P1Y,0,A,PU,Annual,IDA blend,Net official development assistance and official aid received (constant 2021 US$),Total,All age ranges or no breakdown by age,Total,"US dollars, 2021 constant prices",Not Applicable,Not Applicable,Not Applicable,Not Applicable,Currency,Two,World Development Indicators (WDI),Annual,Units,Normal value,Public,,,,,,,,,,,5.296230093479164E9,4.96677995538712E9,4.190909980773929E9,3.547589961871504E9,4.349499924696982E9,5.454610034346582E9,6.262159979581838E9,4.539240012168883E9,4.580360011138021E9,4.697849956512449E9,6.002630001187325E9,5.295949973702429E9,5.787430008232599E9,4.972960040092474E9,5.437159948349E9,5.177410035133362E9,4.999210032582283E9,4.472280046463014E9,5.557859999923044E9,6.593789939880371E9,5.962589935451744E9,5.747529993414877E9,5.9576800993234005E9,5.321620101153852E9,5.808489955037833E9,3.906409999389203E9,4.277499972455204E9,4.2786200193762784E9,4.1793299262523675E9,3.709260053634644E9,3.9039699945449824E9,5.846519977569581E9,6.316960044384008E9,4.949569917678839E9,5.364509940147397E9,1.3045799872398375E10,1.902082006549836E10,9.16671995735169E9,6.45708996582032E9,9.129110084533699E9,1.084636010360719E10,1.0561089980125431E10,9.694589953422554E9,1.1014920037269596E10,1.1615679737091064E10,1.2477379981994644E10,1.141181004238129E10,1.2596239812850964E10,1.176059029769898E10,1.3635449771881119E10,1.5985200050354023E10,1.440123023986817E10,,
datastructure,WB.DATA360:DS_DATA360(1.3),I,A,GMB,WB_WDI_DT_ODA_ALLD_KD,_T,_T,_T,USD_K_2021,_Z,_Z,_Z,_Z,CUR,2,WB_WDI,P1Y,0,A,PU,Annual,"Gambia, The",Net official development assistance and official aid received (constant 2021 US$),Total,All age ranges or no breakdown by age,Total,"US dollars, 2021 constant prices",Not Applicable,Not Applicable,Not Applicable,Not Applicable,Currency,Two,World Development Indicators (WDI),Annual,Units,Normal value,Public,6207891.94107056,1.58718872070313E7,2.70792350769043E7,5.39341163635254E7,2.5854944229126003E7,4.00888862609863E7,3.05236911773682E7,2.5797359466552697E7,4.9538665771484405E7,2.9963138580322303E7,1.06138801574707E7,2.37062072753906E7,3.07328224182129E7,3.57822456359863E7,5.07495269775391E7,3.5531299591064505E7,4.71226654052734E7,8.25641250610352E7,1.1370545959472701E8,9.81897506713867E7,1.3597509765625E8,1.85158569335938E8,1.2591300201416E8,1.12293296813965E8,1.46809341430664E8,1.3660868835449198E8,2.39020385742188E8,2.0357655334472698E8,1.57350311279297E8,1.88612716674805E8,1.60140869140625E8,1.5972334289550802E8,1.6325424194335902E8,1.2741095733642599E8,9.785723876953131E7,6.1864288330078095E7,5.12975273132324E7,5.90304069519043E7,5.95680618286133E7,5.0107967376709E7,7.67330856323242E7,8.35600509643555E7,9.57165145874023E7,8.30151062011719E7,7.74328918457031E7,7.35965728759766E7,8.63900604248047E7,1.0470207977294901E8,1.02300216674805E8,1.32886245727539E8,1.09205383300781E8,1.33505187988281E8,1.43403884887695E8,1.14264419555664E8,1.02603141784668E8,1.26291732788086E8,1.06272895812988E8,3.2673693847656304E8,2.5470501708984402E8,2.1244805908203098E8,3.2594741821289104E8,2.5322088623046902E8,2.87251251220703E8,3.43857177734375E8
datastructure,WB.DATA360:DS_DATA360(1.3),I,A,SVK,WB_WDI_DT_ODA_ALLD_KD,_T,_T,_T,USD_K_2021,_Z,_Z,_Z,_Z,CUR,2,WB_WDI,P1Y,0,A,PU,Annual,Slovak Republic,Net official development assistance and official aid received (constant 2021 US$),Total,All age ranges or no breakdown by age,Total,"US dollars, 2021 constant prices",Not Applicable,Not Applicable,Not Applicable,Not Applicable,Currency,Two,World Development Indicators (WDI),Annual,Units,Normal value,Public,,,,,,,,,,,,,,,,,,,,,,,,,,,,,,,1.15100002288818E7,1.8760000610351598E8,9.89800033569336E7,8.05299987792969E7,1.20040000915527E8,1.33149993896484E8,1.3511000061035198E8,1.05E8,2.3385000610351598E8,5.00010009765625E8,1.9919999694824198E8,2.93010009765625E8,2.5217999267578098E8,2.1891000366210902E8,2.82019989013672E8,,,,,,,,,,,,,,,,,,,
datastructure,WB.DATA360:DS_DATA360(1.3),I,A,CMR,WB_WDI_DT_ODA_ALLD_KD,_T,_T,_T,USD_K_2021,_Z,_Z,_Z,_Z,CUR,2,WB_WDI,P1Y,0,A,PU,Annual,Cameroon,Net official development assistance and official aid received (constant 2021 US$),Total,All age ranges or no breakdown by age,Total,"US dollars, 2021 constant prices",Not Applicable,Not Applicable,Not Applicable,Not Applicable,Currency,Two,World Development Indicators (WDI),Annual,Units,Normal value,Public,4172480.1063537598,7.4933952331543E7,9.27091293334961E7,8.01173934936523E7,2.3315693664550802E8,2.6896789550781304E8,3.86811828613281E8,2.9240390014648396E8,3.7404916381835896E8,2.7184579467773396E8,4.30505859375E8,3.2878869628906304E8,3.76374237060547E8,3.08288513183594E8,2.8299719238281304E8,4.31703430175781E8,5.2869970703125E8,6.63311889648438E8,5.50605102539063E8,7.439501953125E8,6.41239440917969E8,5.20043212890625E8,5.84234741210938E8,3.5942712402343804E8,5.45119445800781E8,4.51946533203125E8,5.0722671508789104E8,3.93389099121094E8,5.17528625488281E8,8.84583557128906E8,7.28870727539063E8,8.33673767089844E8,1.04094445800781E9,8.06218566894531E8,1.06312194824219E9,5.78107055664063E8,5.48744079589844E8,7.36748962402344E8,7.56483581542969E8,6.44198547363281E8,6.19396728515625E8,7.90073547363281E8,1.00155206298828E9,1.218869140625E9,9.81053649902344E8,5.16659729003906E8,2.0477890625E9,2.0812890625E9,5.63429504394531E8,6.932861328125E8,4.74250793457031E8,6.11498779296875E8,6.30508972167969E8,7.65834411621094E8,8.68483520507813E8,7.67705078125E8,8.76557495117188E8,1.37610485839844E9,1.2632353515625E9,1.43603210449219E9,1.51929150390625E9,1.16231945800781E9,1.2544375E9,9.40268859863281E8
datastructure,WB.DATA360:DS_DATA360(1.3),I,A,FCS,WB_WDI_DT_ODA_ALLD_KD,_T,_T,_T,USD_K_2021,_Z,_Z,_Z,_Z,CUR,2,WB_WDI,P1Y,0,A,PU,Annual,Fragile and conflict affected situations,Net official development assistance and official aid received (constant 2021 US$),Total,All age ranges or no breakdown by age,Total,"US dollars, 2021 constant prices",Not Applicable,Not Applicable,Not Applicable,Not Applicable,Currency,Two,World Development Indicators (WDI),Annual,Units,Normal value,Public,,,,,,,,,,,5.266690068960191E9,5.429919967949392E9,6.208219964146616E9,7.808389914073058E9,1.1922489978350704E10,1.2590870072185993E10,1.1888270020246511E10,1.3367289940834059E10,1.3188750041998924E10,1.6397800274372105E10,1.6661480181813248E10,1.7399029879212383E10,1.6152309863388556E10,1.5038460075378428E10,1.4947680061459547E10,1.7165269931793217E10,1.5121840178608902E10,1.5161740083694471E10,1.3872359858779234E10,1.3621809946060177E10,1.606767006507517E10,1.517291999575496E10,1.4381860193565496E10,1.3985359946906572E10,1.5897949919313196E10,1.2229910066623243E10,1.1563650054089727E10,1.1254089987695223E10,1.1646629931211475E10,1.0950750007152563E10,1.1283640073776257E10,1.4285929984092718E10,1.8675520099639893E10,2.6273590144157417E10,2.5273040073394794E10,5.509043959426882E10,4.676592992973328E10,3.786041971969606E10,3.9270570262908936E10,3.7161510057449356E10,3.9311749898910545E10,3.858736019897461E10,3.651500031852724E10,4.244675998497012E10,3.982520989799502E10,4.2647369998931915E10,4.881155023765565E10,5.419754975700381E10,5.882891017341617E10,5.700788965606694E10,6.413647975158696E10,5.7701180786132835E10,,
datastructure,WB.DATA360:DS_DATA360(1.3),I,A,TGO,WB_WDI_DT_ODA_ALLD_KD,_T,_T,_T,USD_K_2021,_Z,_Z,_Z,_Z,CUR,2,WB_WDI,P1Y,0,A,PU,Annual,Togo,Net official development assistance and official aid received (constant 2021 US$),Total,All age ranges or no breakdown by age,Total,"US dollars, 2021 constant prices",Not Applicable,Not Applicable,Not Applicable,Not Applicable,Currency,Two,World Development Indicators (WDI),Annual,Units,Normal value,Public,1014696.0020065301,2.23904819488525E7,3.95433807373047E7,5.62500228881836E7,1.1263447570800799E8,1.00867416381836E8,8.51134033203125E7,9.81182556152344E7,1.39852951049805E8,1.2060190582275401E8,1.2613171386718799E8,1.2722275543212901E8,1.28948120117188E8,1.3242057800293E8,1.8137388610839802E8,1.66404174804688E8,1.74599594116211E8,2.2983773803710902E8,3.1400695800781304E8,3.0108215332031304E8,2.2078558349609402E8,1.66976104736328E8,2.10597427368164E8,3.1131359863281304E8,3.20858093261719E8,3.15579528808594E8,3.6967294311523396E8,2.33509490966797E8,3.62191955566406E8,3.54929626464844E8,4.0829891967773396E8,3.0692236328125E8,3.306103515625E8,1.43326889038086E8,1.8070327758789098E8,2.5035078430175802E8,1.91814712524414E8,1.65248306274414E8,1.8361714172363302E8,1.0164775085449201E8,1.09155944824219E8,7.71412582397461E7,8.36359939575195E7,7.01616516113281E7,8.23033065795898E7,1.0081769561767599E8,9.38106842041016E7,1.3296955871582E8,3.29786865234375E8,5.40048828125E8,4.09580017089844E8,5.4534765625E8,2.49872589111328E8,2.27049682617188E8,2.1396279907226598E8,2.32757400512695E8,1.9609541320800802E8,3.89277648925781E8,3.5980627441406304E8,4.4556704711914104E8,6.05833862304688E8,3.58850891113281E8,4.5447937011718804E8,6.15510925292969E8
datastructure,WB.DATA360:DS_DATA360(1.3),I,A,MRT,WB_WDI_DT_ODA_ALLD_KD,_T,_T,_T,USD_K_2021,_Z,_Z,_Z,_Z,CUR,2,WB_WDI,P1Y,0,A,PU,Annual,Mauritania,Net official development assistance and official aid received (constant 2021 US$),Total,All age ranges or no breakdown by age,Total,"US dollars, 2021 constant prices",Not Applicable,Not Applicable,Not Applicable,Not Applicable,Currency,Two,World Development Indicators (WDI),Annual,Units,Normal value,Public,382560.014724731,1.12980966567993E7,2.39513034820557E7,1.73398723602295E7,1.0092507934570299E8,7.54101333618164E7,1.6700360107421902E8,9.6530891418457E7,1.70162384033203E8,8.62175064086914E7,5.3986541748046905E7,9.62023086547852E7,7.93264923095703E7,1.57673904418945E8,4.5613388061523396E8,3.4140444946289104E8,8.10012451171875E8,6.42611267089844E8,7.6261083984375E8,4.8446377563476604E8,4.44471893310547E8,5.92140380859375E8,5.05851593017578E8,4.9065829467773396E8,4.8857775878906304E8,5.80009033203125E8,5.13388427734375E8,3.73460876464844E8,3.337109375E8,4.69783752441406E8,3.81450897216797E8,3.35045166015625E8,2.8755093383789104E8,4.70736511230469E8,3.66048614501953E8,2.7031259155273396E8,3.54259063720703E8,3.35574523925781E8,2.3741123962402302E8,3.2125253295898396E8,3.4884799194335896E8,4.66894287109375E8,5.89533325195313E8,3.5087924194335896E8,2.4085981750488302E8,2.29279571533203E8,2.54522247314453E8,3.7231289672851604E8,4.7227529907226604E8,3.97008605957031E8,3.31220184326172E8,3.80640380859375E8,4.27363708496094E8,2.9906362915039104E8,2.63822967529297E8,3.76669891357422E8,3.5387515258789104E8,3.29784851074219E8,4.8616955566406304E8,4.41107482910156E8,6.95330261230469E8,4.6153384399414104E8,3.46586181640625E8,4.19490051269531E8
datastructure,WB.DATA360:DS_DATA360(1.3),I,A,BDI,WB_WDI_DT_ODA_ALLD_KD,_T,_T,_T,USD_K_2021,_Z,_Z,_Z,_Z,CUR,2,WB_WDI,P1Y,0,A,PU,Annual,Burundi,Net official development assistance and official aid received (constant 2021 US$),Total,All age ranges or no breakdown by age,Total,"US dollars, 2021 constant prices",Not Applicable,Not Applicable,Not Applicable,Not Applicable,Currency,Two,World Development Indicators (WDI),Annual,Units,Normal value,Public,8.36405410766602E7,7.91571197509766E7,1.1424787902832E8,6.2694549560546905E7,7.8442008972168E7,4.56275444030762E7,7.660162353515631E7,8.78822479248047E7,1.0570432281494099E8,1.1793666076660201E8,1.3554736328125E8,1.5256744384765598E8,1.6263911437988302E8,1.4635122680664098E8,1.78440887451172E8,1.9223106384277302E8,1.7776646423339802E8,1.68332260131836E8,2.25479232788086E8,2.5297055053710902E8,2.85712097167969E8,3.34246765136719E8,3.5325402832031304E8,3.95199920654297E8,4.05632080078125E8,4.12388458251953E8,4.43134979248047E8,3.7566760253906304E8,3.6372961425781304E8,3.810234375E8,4.3193783569335896E8,4.05308532714844E8,4.6295227050781304E8,3.36688659667969E8,4.56884246826172E8,3.85161346435547E8,1.5582870483398402E8,8.8020393371582E7,1.09094482421875E8,1.22169319152832E8,1.56953140258789E8,2.524990234375E8,2.85159118652344E8,3.2962631225585896E8,4.64540832519531E8,4.63815704345703E8,5.18756958007813E8,5.53369323730469E8,5.37529602050781E8,6.18823913574219E8,5.54440307617188E8,5.861103515625E8,5.51657165527344E8,5.76269836425781E8,5.37108459472656E8,4.3545471191406304E8,9.02652587890625E8,5.05135314941406E8,4.96251251220703E8,6.2222314453125E8,5.26583251953125E8,6.24820678710938E8,6.08059020996094E8,6.21667724609375E8
datastructure,WB.DATA360:DS_DATA360(1.3),I,A,BHS,WB_WDI_DT_ODA_ALLD_KD,_T,_T,_T,USD_K_2021,_Z,_Z,_Z,_Z,CUR,2,WB_WDI,P1Y,0,A,PU,Annual,"Bahamas, The",Net official development assistance and official aid received (constant 2021 US$),Total,All age ranges or no breakdown by age,Total,"US dollars, 2021 constant prices",Not Applicable,Not Applicable,Not Applicable,Not Applicable,Currency,Two,World Development Indicators (WDI),Annual,Units,Normal value,Public,-459843.99318695103,,,161856.99403286,590453.98235321,655582.010746002,441756.993532181,5087798.11859131,470036.000013351,605679.988861084,581073.999404907,1785171.98562622,8209820.74737549,2486819.02885437,2447139.0247345003,2764332.05604553,2393198.96697998,1724555.9692382799,2617260.93292236,2516908.88404846,3578830.95741272,3645262.95661926,3622368.0973053,2444523.09608459,2.61259632110596E7,1970330.9535980201,3881619.93026733,1280887.96138763,2625852.10800171,7664475.91781616,5158782.00531006,4358270.16830444,4212996.95968628,1717030.04837036,1399106.97937012,6347339.153289789,2200000.04768372,5280000.20980835,3.42900009155273E7,1.79400005340576E7,8329999.923706049,1.1079999923706101E7,6199999.80926514,5719999.79019165,6619999.88555908,,,,,,,,,,,,,,,,,,,
datastructure,WB.DATA360:DS_DATA360(1.3),I,A,BRN,WB_WDI_DT_ODA_ALLD_KD,_T,_T,_T,USD_K_2021,_Z,_Z,_Z,_Z,CUR,2,WB_WDI,P1Y,0,A,PU,Annual,Brunei Darussalam,Net official development assistance and official aid received (constant 2021 US$),Total,All age ranges or no breakdown by age,Total,"US dollars, 2021 constant prices",Not Applicable,Not Applicable,Not Applicable,Not Applicable,Currency,Two,World Development Indicators (WDI),Annual,Units,Normal value,Public,79672.9996800423,4124217.0333862295,6063670.15838623,323713.98806572,580363.988876343,657903.015613556,651587.009429932,548784.971237183,240737.00606823,231169.00026798202,85179.0010929108,333631.992340088,128290.995955467,788968.980312347,821565.985679626,695688.009262085,485002.011060715,276611.000299454,276459.991931915,240366.99533462498,77303.9981722832,339284.00278091396,527330.994606018,857509.016990662,1640862.94174194,2923724.88975525,3636181.11610413,3979274.0345001197,4907014.84680176,4954418.182373051,4474240.77987671,3875711.9178772,5302050.11367798,4265933.0368042,4106563.09127808,2840229.98809814,2920000.07629395,439999.997615814,409999.99642372096,2099999.90463257,1070000.05245209,560000.002384186,-1000000.0,540000.021457672,850000.023841858,,,,,,,,,,,,,,,,,,,
datastructure,WB.DATA360:DS_DATA360(1.3),I,A,LBR,WB_WDI_DT_ODA_ALLD_KD,_T,_T,_T,USD_K_2021,_Z,_Z,_Z,_Z,CUR,2,WB_WDI,P1Y,0,A,PU,Annual,Liberia,Net official development assistance and official aid received (constant 2021 US$),Total,All age ranges or no breakdown by age,Total,"US dollars, 2021 constant prices",Not Applicable,Not Applicable,Not Applicable,Not Applicable,Currency,Two,World Development Indicators (WDI),Annual,Units,Normal value,Public,7.60121231079102E7,1.95489501953125E8,5.57665222167969E8,2.3014173889160198E8,1.1475892639160201E8,2.4816401672363302E8,2.6985977172851604E8,1.7462118530273402E8,1.0859888458252E8,1.03811187744141E8,8.14498977661133E7,7.53774032592773E7,7.21949768066406E7,5.3308746337890595E7,6.82740936279297E7,8.36263885498047E7,1.06890830993652E8,1.15110710144043E8,1.4990274047851598E8,2.2734017944335902E8,2.53114776611328E8,2.9963388061523396E8,2.88793273925781E8,3.12512176513672E8,3.43707824707031E8,2.34977508544922E8,2.1856915283203098E8,1.52881866455078E8,1.1969999694824201E8,1.09249519348145E8,1.8966802978515598E8,2.64848846435547E8,1.8019999694824198E8,1.91707244873047E8,1.03698883056641E8,1.69105346679688E8,2.39832504272461E8,1.1699375152587901E8,1.1386900329589799E8,1.4841618347168E8,1.09426139831543E8,6.45620040893555E7,8.90011367797852E7,1.55096939086914E8,2.9575573730468804E8,2.93832214355469E8,3.2448815917968804E8,1.26799890136719E9,1.38483178710938E9,5.61468200683594E8,1.44384350585938E9,7.91847290039063E8,6.16779541015625E8,5.72213684082031E8,8.01246215820313E8,1.30693408203125E9,9.75923950195313E8,7.33400939941406E8,6.62271240234375E8,6.51632873535156E8,7.13258911132813E8,6.23482421875E8,5.0633837890625E8,5.62641967773438E8
datastructure,WB.DATA360:DS_DATA360(1.3),I,A,THA,WB_WDI_DT_ODA_ALLD_KD,_T,_T,_T,USD_K_2021,_Z,_Z,_Z,_Z,CUR,2,WB_WDI,P1Y,0,A,PU,Annual,Thailand,Net official development assistance and official aid received (constant 2021 US$),Total,All age ranges or no breakdown by age,Total,"US dollars, 2021 constant prices",Not Applicable,Not Applicable,Not Applicable,Not Applicable,Currency,Two,World Development Indicators (WDI),Annual,Units,Normal value,Public,3.4671249389648396E8,2.31659301757813E8,2.99736083984375E8,2.81708251953125E8,2.34352020263672E8,3.87141845703125E8,3.2925698852539104E8,4.1973867797851604E8,4.40364501953125E8,4.41694610595703E8,4.96541961669922E8,3.7823080444335896E8,2.9891641235351604E8,2.92903045654297E8,3.13450134277344E8,3.1111050415039104E8,6.17538452148438E8,4.22052429199219E8,6.82483093261719E8,9.12879089355469E8,9.30131164550781E8,8.89038208007813E8,9.10286743164063E8,9.18761657714844E8,1.03327526855469E9,1.00932666015625E9,7.95979309082031E8,6.63126281738281E8,6.74635925292969E8,8.65169372558594E8,1.04409008789063E9,8.85236694335938E8,8.50540283203125E8,6.48524597167969E8,5.78855529785156E8,6.77334228515625E8,7.23513977050781E8,6.24420715332031E8,7.14207641601563E8,8.95900146484375E8,5.88825927734375E8,3.1637927246093804E8,3.2452111816406304E8,-7.21848022460938E8,9.89953231811523E7,-6.11196174621582E7,-9.84406051635742E7,-2.155078125E8,-4.25183319091797E8,3.20503120422363E7,4.87740936279297E7,-6.93064498901367E7,-2.51777458190918E7,9.30973281860352E7,3.40767150878906E8,9.05580215454102E7,2.2817106628418E8,2.61098602294922E8,-3.1384536743164104E8,-2.3603897094726598E8,2.1529902648925802E8,1.54157730102539E8,5.57884704589844E8,8.49687957763672E7
datastructure,WB.DATA360:DS_DATA360(1.3),I,A,COG,WB_WDI_DT_ODA_ALLD_KD,_T,_T,_T,USD_K_2021,_Z,_Z,_Z,_Z,CUR,2,WB_WDI,P1Y,0,A,PU,Annual,"Congo, Rep.",Net official development assistance and official aid received (constant 2021 US$),Total,All age ranges or no breakdown by age,Total,"US dollars, 2021 constant prices",Not Applicable,Not Applicable,Not Applicable,Not Applicable,Currency,Two,World Development Indicators (WDI),Annual,Units,Normal value,Public,236867.99407005298,1946725.9645462001,3.3005527496337898E7,5.54503364562988E7,1.5306207275390598E8,1.28742599487305E8,1.91757064819336E8,1.4424653625488302E8,1.5909759521484402E8,1.2059858703613299E8,1.1008018493652299E8,1.16774078369141E8,1.36201431274414E8,1.32287170410156E8,1.7613227844238302E8,2.1253970336914098E8,2.78158386230469E8,1.6827604675293E8,2.43785568237305E8,2.34836303710938E8,2.10891326904297E8,2.0526751708984402E8,2.4414080810546902E8,2.96239807128906E8,2.90580047607422E8,2.11258087158203E8,2.31529327392578E8,2.51315643310547E8,1.5530360412597698E8,1.64814697265625E8,3.28998077392578E8,2.01630142211914E8,1.64283706665039E8,1.80881118774414E8,5.20758972167969E8,1.6542198181152302E8,5.96142028808594E8,3.8861483764648396E8,9.5111213684082E7,2.2331439208984402E8,5.47355422973633E7,1.22010406494141E8,9.28424987792969E7,9.46490783691406E7,1.42126876831055E8,1.67815600585938E9,2.9975009155273396E8,1.26383117675781E8,4.61091278076172E8,2.8906063842773396E8,1.32694421386719E9,2.62315032958984E8,1.4846240234375E8,1.53267349243164E8,1.0627841949462901E8,1.02735534667969E8,9.99228744506836E7,1.20324058532715E8,1.57793045043945E8,1.9590336608886698E8,2.32258422851563E8,2.08147247314453E8,7.41545471191406E8,3.77500213623047E8
datastructure,WB.DATA360:DS_DATA360(1.3),I,A,NRU,WB_WDI_DT_ODA_ALLD_KD,_T,_T,_T,USD_K_2021,_Z,_Z,_Z,_Z,CUR,2,WB_WDI,P1Y,0,A,PU,Annual,Nauru,Net official development assistance and official aid received (constant 2021 US$),Total,All age ranges or no breakdown by age,Total,"US dollars, 2021 constant prices",Not Applicable,Not Applicable,Not Applicable,Not Applicable,Currency,Two,World Development Indicators (WDI),Annual,Units,Normal value,Public,,,,,,,,,,,,,,,,41351.0017096996,,39505.0011575222,,60522.9996144772,88555.0007224083,51376.99842453,45986.9988262653,63922.0029115677,71937.0022416115,160970.002412796,125856.99558258102,151215.001940727,377148.00238609297,95086.9992375374,309345.990419388,697718.977928162,695647.001266479,738776.981830597,1.73646259307861E7,4341483.1161499,5264833.92715454,4581772.80426025,4455183.0291748,7943807.12509155,5667039.87121582,1.81056804656982E7,2.7004789352417E7,3.04129467010498E7,2.19935531616211E7,1.27936344146729E7,2.49029293060303E7,3.10610008239746E7,3.58257179260254E7,2.7813184738159202E7,2.777854347229E7,3.20066986083984E7,3.08893375396729E7,2.6386589050293002E7,2.1841890335083E7,3.57787284851074E7,2.56574878692627E7,2.82048397064209E7,4.1067626953125E7,5.84820365905762E7,3.07183723449707E7,3.34397621154785E7,3.5873748779296905E7,3.75815238952637E7
datastructure,WB.DATA360:DS_DATA360(1.3),I,A,MNP,WB_WDI_DT_ODA_ALLD_KD,_T,_T,_T,USD_K_2021,_Z,_Z,_Z,_Z,CUR,2,WB_WDI,P1Y,0,A,PU,Annual,Northern Mariana Islands,Net official development assistance and official aid received (constant 2021 US$),Total,All age ranges or no breakdown by age,Total,"US dollars, 2021 constant prices",Not Applicable,Not Applicable,Not Applicable,Not Applicable,Currency,Two,World Development Indicators (WDI),Annual,Units,Normal value,Public,3.94546508789063E7,4.6933502197265595E7,6.18796501159668E7,1.29737777709961E8,8.32688674926758E7,1.3435679626464802E8,1.29787719726563E8,1.4106181335449198E8,2.0007109069824198E8,2.94063201904297E8,2.92013702392578E8,3.0717660522460896E8,3.16162048339844E8,3.4016455078125E8,3.5857067871093804E8,3.54958679199219E8,3.7322738647460896E8,3.5929214477539104E8,3.6981185913085896E8,3.7768130493164104E8,3.3802526855468804E8,3.8328173828125E8,4.29178894042969E8,3.42384033203125E8,4.55679016113281E8,3.80706604003906E8,5.34470703125E8,4.14552917480469E8,3.34011749267578E8,3.3929406738281304E8,1.2059329223632799E8,3.42682571411133E7,8836769.10400391,1.6397357177734402E8,4312454.22363281,-760915.994644165,-1105659.96170044,996900.975704193,294079.98919487,173630.997538567,259999.990463257,,,,,,,,,,,,,,,,,,,,,,,
datastructure,WB.DATA360:DS_DATA360(1.3),I,A,IND,WB_WDI_DT_ODA_ALLD_KD,_T,_T,_T,USD_K_2021,_Z,_Z,_Z,_Z,CUR,2,WB_WDI,P1Y,0,A,PU,Annual,India,Net official development assistance and official aid received (constant 2021 US$),Total,All age ranges or no breakdown by age,Total,"US dollars, 2021 constant prices",Not Applicable,Not Applicable,Not Applicable,Not Applicable,Currency,Two,World Development Indicators (WDI),Annual,Units,Normal value,Public,6.07445947265625E9,4.96903466796875E9,5.36057080078125E9,7.67292724609375E9,9.43610546875E9,9.798166015625E9,9.2980517578125E9,9.9782314453125E9,6.45007421875E9,6.0706943359375E9,5.51378173828125E9,6.307537109375E9,3.678095703125E9,3.9827421875E9,5.69623828125E9,6.55370849609375E9,6.8938974609375E9,3.64837231445313E9,3.62256274414063E9,3.80079809570313E9,5.51147314453125E9,5.270181640625E9,4.4298994140625E9,4.9456142578125E9,4.74516015625E9,4.4869453125E9,4.3407041015625E9,3.08731274414063E9,3.46115747070313E9,3.02175756835938E9,2.21311596679688E9,3.72067431640625E9,3.31838354492188E9,2.04126806640625E9,2.72245532226563E9,1.96417297363281E9,2.26830444335938E9,2.11331713867188E9,2.0837998046875E9,1.75490710449219E9,1.83143701171875E9,2.43517944335938E9,2.34249755859375E9,7.10063415527344E8,9.90842590332031E8,2.215982421875E9,1.61520239257813E9,1.38261987304688E9,1.91542907714844E9,2.50557373046875E9,2.41121215820313E9,3.05729931640625E9,1.47690979003906E9,2.3768828125E9,2.92607592773438E9,3.48994604492188E9,2.78945751953125E9,3.21459887695313E9,2.32994750976563E9,2.3277490234375E9,1.74952587890625E9,2.7243837890625E9,2.746955078125E9,2.37656201171875E9
datastructure,WB.DATA360:DS_DATA360(1.3),I,A,GRD,WB_WDI_DT_ODA_ALLD_KD,_T,_T,_T,USD_K_2021,_Z,_Z,_Z,_Z,CUR,2,WB_WDI,P1Y,0,A,PU,Annual,Grenada,Net official development assistance and official aid received (constant 2021 US$),Total,All age ranges or no breakdown by age,Total,"US dollars, 2021 constant prices",Not Applicable,Not Applicable,Not Applicable,Not Applicable,Currency,Two,World Development Indicators (WDI),Annual,Units,Normal value,Public,,,,,,,,,,,,,,251161.009073257,9937248.22998047,1.1456597328186E7,1.02538051605225E7,1.26271276473999E7,8590505.59997559,8060853.958129879,9928776.74102783,1.68577270507813E7,1.6583297729492202E7,2.1084793090820298E7,7.18356857299805E7,8.76211471557617E7,5.64918594360352E7,4.00702972412109E7,3.82518997192383E7,2.6909275054931603E7,2.15957050323486E7,2.36087970733643E7,1.90811672210693E7,1.17493257522583E7,3.48586006164551E7,1.22339210510254E7,1.39836616516113E7,1.1379493713378899E7,8546251.29699707,1.43273010253906E7,2.15549297332764E7,1.6196496963501E7,1.49840784072876E7,1.10182991027832E7,1.8012264251709E7,6.504185485839839E7,3.2179412841796905E7,2.8962497711181603E7,3.29802856445313E7,4.91465492248535E7,3.0385206222534202E7,8643629.07409668,7904701.23291016,1.3039994239807101E7,4.05886344909668E7,2.76087970733643E7,8598502.15911865,6644734.85946655,3.47191619873047E7,1.6307439804077098E7,7.46635971069336E7,6.89572372436523E7,-9.82028656005859E7,3.84946250915527E7
datastructure,WB.DATA360:DS_DATA360(1.3),I,A,UMC,WB_WDI_DT_ODA_ALLD_KD,_T,_T,_T,USD_K_2021,_Z,_Z,_Z,_Z,CUR,2,WB_WDI,P1Y,0,A,PU,Annual,Upper middle income,Net official development assistance and official aid received (constant 2021 US$),Total,All age ranges or no breakdown by age,Total,"US dollars, 2021 constant prices",Not Applicable,Not Applicable,Not Applicable,Not Applicable,Currency,Two,World Development Indicators (WDI),Annual,Units,Normal value,Public,3.39131003765762E9,6.67589992907643E9,6.06403008419275E9,5.91553995025158E9,5.00757994621992E9,6.06188000655174E9,6.70164992761612E9,5.89297004294395E9,5.88517997360229E9,5.1623199685812E9,5.58091997134686E9,5.114409930706019E9,5.13750998696685E9,4.66375994740427E9,5.03852993392944E9,5.940959989011291E9,6.387179936409E9,5.06186000967026E9,5.67361996865273E9,9.57156997871399E9,1.02774399728775E10,1.16113599729538E10,1.05588198575974E10,9.948940054206179E9,1.03072799140215E10,1.04583298530579E10,9.4973200302124E9,1.0057700002670301E10,9.29453003501892E9,9.949279952544722E9,1.2932399858970146E10,1.555991998440958E10,1.352311989618276E10,1.602603004194236E10,1.497485011053085E10,1.58015799660683E10,1.3967800130844149E10,1.297808992528919E10,1.4500539957046482E10,1.765762984037403E10,1.614485001468662E10,1.589144991493221E10,1.774011988401414E10,1.754577006721499E10,1.998987012481693E10,3.7822569817543E10,2.2824120139121998E10,2.15158599967957E10,2.3265190320968597E10,1.7362249904632603E10,1.46551700181961E10,1.80884097909927E10,1.64744000482559E10,1.49543800401688E10,1.69556300480962E10,1.70546599254608E10,2.13649601409435E10,1.9073770153939697E10,1.6316669885635399E10,1.45433500547409E10,2.03894600291252E10,1.8286420124411602E10,,
datastructure,WB.DATA360:DS_DATA360(1.3),I,A,BGR,WB_WDI_DT_ODA_ALLD_KD,_T,_T,_T,USD_K_2021,_Z,_Z,_Z,_Z,CUR,2,WB_WDI,P1Y,0,A,PU,Annual,Bulgaria,Net official development assistance and official aid received (constant 2021 US$),Total,All age ranges or no breakdown by age,Total,"US dollars, 2021 constant prices",Not Applicable,Not Applicable,Not Applicable,Not Applicable,Currency,Two,World Development Indicators (WDI),Annual,Units,Normal value,Public,,,,,,,,,,,,,,,,,,,,,,,,,,,,,,,2.2709999084472697E7,5.1402001953125E8,2.2678999328613302E8,1.80380004882813E8,2.3455999755859402E8,1.47009994506836E8,2.40619995117188E8,3.2438000488281304E8,3.5292001342773396E8,3.9814999389648396E8,4.97549987792969E8,5.71820007324219E8,5.12299987792969E8,5.69190002441406E8,7.5272998046875E8,,,,,,,,,,,,,,,,,,,
datastructure,WB.DATA360:DS_DATA360(1.3),I,A,IDX,WB_WDI_DT_ODA_ALLD_KD,_T,_T,_T,USD_K_2021,_Z,_Z,_Z,_Z,CUR,2,WB_WDI,P1Y,0,A,PU,Annual,IDA only,Net official development assistance and official aid received (constant 2021 US$),Total,All age ranges or no breakdown by age,Total,"US dollars, 2021 constant prices",Not Applicable,Not Applicable,Not Applicable,Not Applicable,Currency,Two,World Development Indicators (WDI),Annual,Units,Normal value,Public,,,,,,,,,,,6.75160003733635E9,7.518629990160467E9,8.954019972085962E9,1.234893989304454E10,1.767079002213479E10,2.0013879964530468E10,1.7000830075025572E10,1.9119809938311592E10,2.049242002081872E10,2.5275780220031742E10,2.605013004302979E10,2.553661979675294E10,2.5682699917793293E10,2.3799460000991833E10,2.4863429968833935E10,2.6815129887580883E10,2.6437290231704727E10,2.632906008720399E10,2.528071989440918E10,2.5752929895401005E10,2.8453430335044884E10,2.76930200739801E10,2.604909013545514E10,2.4745249796390545E10,2.7201040001869225E10,2.4326060115814205E10,2.084064998817444E10,2.019104997158051E10,2.1062460050582897E10,2.037129984903337E10,2.0750750114440933E10,2.4836130079269405E10,2.9290729949951176E10,3.3643980199813854E10,3.283658996677401E10,3.263183970451358E10,3.503789974594117E10,3.785238955497742E10,4.1100190025329605E10,4.709939017677309E10,4.8921129872322105E10,4.814435017776492E10,5.0268050355911285E10,5.424429991722109E10,4.9993410028457664E10,5.5459260047912636E10,5.826942055130007E10,6.508030955314639E10,6.870520006752017E10,6.8695769989013725E10,8.25445398483277E10,7.160077089691165E10,,
datastructure,WB.DATA360:DS_DATA360(1.3),I,A,KIR,WB_WDI_DT_ODA_ALLD_KD,_T,_T,_T,USD_K_2021,_Z,_Z,_Z,_Z,CUR,2,WB_WDI,P1Y,0,A,PU,Annual,Kiribati,Net official development assistance and official aid received (constant 2021 US$),Total,All age ranges or no breakdown by age,Total,"US dollars, 2021 constant prices",Not Applicable,Not Applicable,Not Applicable,Not Applicable,Currency,Two,World Development Indicators (WDI),Annual,Units,Normal value,Public,229921.99659347502,2885797.97744751,3421376.94358826,4330811.02371216,2840465.06881714,4126505.85174561,5655385.01739502,1.29549245834351E7,1.27394647598267E7,1.2793031692504901E7,1.83973712921143E7,1.9441890716552697E7,2.9366989135742202E7,3.84275894165039E7,3.23339576721191E7,2.7902364730835E7,2.06330375671387E7,2.78062305450439E7,3.70936317443848E7,2.7994186401367202E7,4.57140693664551E7,3.8518405914306596E7,3.83590507507324E7,4.44020118713379E7,3.19936676025391E7,3.34375152587891E7,2.9582351684570298E7,3.23123931884766E7,2.6151496887206998E7,2.8770414352417E7,2.77965793609619E7,2.78930473327637E7,3.29120292663574E7,2.29382381439209E7,2.30094337463379E7,2.02465400695801E7,1.77301445007324E7,2.1674373626709E7,2.60467357635498E7,2.73655586242676E7,2.56396636962891E7,2.2375411987304702E7,3.2260772705078095E7,2.46152038574219E7,2.0599197387695298E7,3.00635662078857E7,2.9478809356689498E7,2.847190284729E7,2.7847852706909202E7,2.79114112854004E7,2.17188415527344E7,5.78174934387207E7,5.54704360961914E7,5.97026710510254E7,7.84938735961914E7,7.45691680908203E7,6.92771148681641E7,8.38700637817383E7,8.14090042114258E7,5.99432945251465E7,6.02650947570801E7,7.14053726196289E7,9.34485168457031E7,9.83239593505859E7
datastructure,WB.DATA360:DS_DATA360(1.3),I,A,PSS,WB_WDI_DT_ODA_ALLD_KD,_T,_T,_T,USD_K_2021,_Z,_Z,_Z,_Z,CUR,2,WB_WDI,P1Y,0,A,PU,Annual,Pacific island small states,Net official development assistance and official aid received (constant 2021 US$),Total,All age ranges or no breakdown by age,Total,"US dollars, 2021 constant prices",Not Applicable,Not Applicable,Not Applicable,Not Applicable,Currency,Two,World Development Indicators (WDI),Annual,Units,Normal value,Public,,,,,,,,,,,1.768199982643128E8,1.8502000284194952E8,2.2166000032424933E8,2.5402000713348392E8,2.8025E8,3.2962000510841656E8,4.12159997940064E8,3.512100050728769E8,3.6587999820709234E8,4.265000055320561E8,4.2694000442326075E8,3.848300014100966E8,3.690600011833012E8,3.8216000492125744E8,3.3179000694304717E8,3.2851999248564243E8,3.3423000465333456E8,4.5997000564634836E8,3.738200090825559E8,3.320599955022335E8,3.560600064098834E8,3.237499999701978E8,3.9834999979473674E8,4.948699988815932E8,8.664499959945681E8,6.616500051021575E8,6.330499887466426E8,5.205500006675724E8,5.680899946689603E8,5.376599993705752E8,5.835599946975709E8,6.882000074386603E8,5.824000034332279E8,6.179300041198733E8,6.140499982833867E8,7.483300046920774E8,7.732799854278574E8,7.466699810028079E8,7.386400051116939E8,8.332999973297117E8,8.376199903488163E8,9.133099975585933E8,9.37520011901855E8,9.709699878692627E8,8.445200042724613E8,9.937599859237669E8,8.144200172424326E8,1.0273199996948245E9,1.0541699848175048E9,1.0626899852752683E9,1.4415700111389165E9,1.5403399772644038E9,,
datastructure,WB.DATA360:DS_DATA360(1.3),I,A,CUB,WB_WDI_DT_ODA_ALLD_KD,_T,_T,_T,USD_K_2021,_Z,_Z,_Z,_Z,CUR,2,WB_WDI,P1Y,0,A,PU,Annual,Cuba,Net official development assistance and official aid received (constant 2021 US$),Total,All age ranges or no breakdown by age,Total,"US dollars, 2021 constant prices",Not Applicable,Not Applicable,Not Applicable,Not Applicable,Currency,Two,World Development Indicators (WDI),Annual,Units,Normal value,Public,2088496.9234466602,1632503.03268433,332255.989313126,-1375784.9931716898,3609337.09144592,4471512.79449463,5490785.12191772,5476461.88735962,4706677.91366577,9008922.5769043,1.2376217842102101E7,1.5398069381713899E7,1.98550453186035E7,2.38913993835449E7,5.74412803649902E7,6.6614799499511704E7,1.58895538330078E8,1.4600752258300802E8,1.4812580871582E8,1.2355783843994099E8,1.1181438446044901E8,7.11276779174805E7,9.33298645019531E7,9.73635787963867E7,9.88759460449219E7,1.1269486999511701E8,9.17017822265625E7,9.37476043701172E7,1.0843254852294901E8,1.0798580932617201E8,8.11746826171875E7,5.59123725891113E7,3.54292602539063E7,6.94938049316406E7,7.09584579467773E7,8.91091232299805E7,8.17106628417969E7,1.01212829589844E8,1.21738616943359E8,9.51434097290039E7,7.88474807739258E7,9.58731155395508E7,1.0314333343505901E8,1.0829865264892599E8,1.28509857177734E8,1.1158247375488299E8,1.0142529296875E8,1.0965510559082E8,1.28998733520508E8,1.2100094604492201E8,1.36791778564453E8,8.88191299438477E7,8.74309005737305E7,1.0135078430175799E8,2.3430406188964802E8,6.39596252441406E8,3.14951635742188E9,7.63296325683594E8,7.75502380371094E8,5.12874206542969E8,5.72250122070313E8,1.53885528564453E8,1.47014404296875E8,1.67148452758789E8
datastructure,WB.DATA360:DS_DATA360(1.3),I,A,IRQ,WB_WDI_DT_ODA_ALLD_KD,_T,_T,_T,USD_K_2021,_Z,_Z,_Z,_Z,CUR,2,WB_WDI,P1Y,0,A,PU,Annual,Iraq,Net official development assistance and official aid received (constant 2021 US$),Total,All age ranges or no breakdown by age,Total,"US dollars, 2021 constant prices",Not Applicable,Not Applicable,Not Applicable,Not Applicable,Currency,Two,World Development Indicators (WDI),Annual,Units,Normal value,Public,1.18290481567383E7,5806085.10971069,1.72713031768799E7,3.92905883789063E7,9.325457763671881E7,8.81273498535156E7,2.8058830261230502E7,2.56584663391113E7,1.59413776397705E7,2.8933443069458E7,5.7529369354247995E7,1.0705790710449201E8,1.34111312866211E8,6.9306640625E7,1.90847396850586E7,4.1686026000976604E8,7.3266716003418E7,2.13172775268555E8,1.7984916687011698E8,7.28209533691406E7,2.8202766418456998E7,6.81588928222656E8,9807470.32165527,1.7176395416259803E7,755582.988262177,4.27321815490723E7,4.77166366577148E7,1.0475153350830099E8,2.07212715148926E7,3.15431060791016E7,1.12074913024902E8,1.00176708984375E9,2.0472137451171902E8,2.63676696777344E8,4.21876495361328E8,5.07517028808594E8,5.16082153320313E8,3.32237731933594E8,1.8422637939453098E8,1.28312835693359E8,1.77285125732422E8,2.212294921875E8,1.9036592102050802E8,3.53912084960938E9,6.38497119140625E9,2.85456796875E10,1.15246865234375E10,1.10513427734375E10,1.0673685546875E10,3.69604370117188E9,2.65747900390625E9,2.18428686523438E9,1.34496484375E9,1.50616687011719E9,1.38433459472656E9,1.67269360351563E9,2.50302783203125E9,3.24536669921875E9,2.44842138671875E9,2.3240380859375E9,2.4126259765625E9,1.82803991699219E9,1.61074047851563E9,2.00746667480469E9
datastructure,WB.DATA360:DS_DATA360(1.3),I,A,POL,WB_WDI_DT_ODA_ALLD_KD,_T,_T,_T,USD_K_2021,_Z,_Z,_Z,_Z,CUR,2,WB_WDI,P1Y,0,A,PU,Annual,Poland,Net official development assistance and official aid received (constant 2021 US$),Total,All age ranges or no breakdown by age,Total,"US dollars, 2021 constant prices",Not Applicable,Not Applicable,Not Applicable,Not Applicable,Currency,Two,World Development Indicators (WDI),Annual,Units,Normal value,Public,,,,,,,,,,,,,,,,,,,,,,,,,,,,,,,2.14806005859375E9,4.3447099609375E9,2.12227001953125E9,1.6025400390625E9,2.815330078125E9,4.70727978515625E9,1.58802001953125E9,1.32703002929688E9,1.36881994628906E9,1.89097998046875E9,2.49480004882813E9,1.73609997558594E9,1.48502001953125E9,1.63916003417969E9,1.86933996582031E9,,,,,,,,,,,,,,,,,,,
datastructure,WB.DATA360:DS_DATA360(1.3),I,A,LAO,WB_WDI_DT_ODA_ALLD_KD,_T,_T,_T,USD_K_2021,_Z,_Z,_Z,_Z,CUR,2,WB_WDI,P1Y,0,A,PU,Annual,Lao PDR,Net official development assistance and official aid received (constant 2021 US$),Total,All age ranges or no breakdown by age,Total,"US dollars, 2021 constant prices",Not Applicable,Not Applicable,Not Applicable,Not Applicable,Currency,Two,World Development Indicators (WDI),Annual,Units,Normal value,Public,2.63879913330078E8,4.04379638671875E8,2.4269271850585902E8,2.8592611694335896E8,3.5475405883789104E8,5.15627014160156E8,5.12487060546875E8,5.3092919921875E8,4.15463684082031E8,4.3886068725585896E8,4.3647940063476604E8,4.28032257080078E8,3.7129257202148396E8,3.7721548461914104E8,2.66944519042969E8,1.43661209106445E8,9.57530746459961E7,9.86904220581055E7,1.98847930908203E8,1.31593536376953E8,1.03342613220215E8,1.00803382873535E8,1.0110533142089799E8,8.19667434692383E7,8.88208236694336E7,8.91916427612305E7,8.52837677001953E7,9.10830230712891E7,1.10493293762207E8,1.74107009887695E8,1.54113998413086E8,1.5426788330078098E8,1.97112274169922E8,2.1152577209472698E8,2.4071162414550802E8,2.65868774414063E8,3.0603482055664104E8,3.1460360717773396E8,2.7725765991210896E8,2.91338684082031E8,2.92491027832031E8,2.9589535522460896E8,3.20313934326172E8,3.09256134033203E8,2.61236083984375E8,2.78166961669922E8,3.45478546142578E8,3.5833117675781304E8,4.64789093017578E8,3.76952880859375E8,3.3118710327148396E8,3.51297424316406E8,3.8786364746093804E8,4.1223062133789104E8,4.64276062011719E8,5.08725341796875E8,4.436943359375E8,5.19498779296875E8,6.1751708984375E8,6.72017944335938E8,5.53043334960938E8,5.7691015625E8,5.66960693359375E8,5.14838562011719E8
datastructure,WB.DATA360:DS_DATA360(1.3),I,A,RWA,WB_WDI_DT_ODA_ALLD_KD,_T,_T,_T,USD_K_2021,_Z,_Z,_Z,_Z,CUR,2,WB_WDI,P1Y,0,A,PU,Annual,Rwanda,Net official development assistance and official aid received (constant 2021 US$),Total,All age ranges or no breakdown by age,Total,"US dollars, 2021 constant prices",Not Applicable,Not Applicable,Not Applicable,Not Applicable,Currency,Two,World Development Indicators (WDI),Annual,Units,Normal value,Public,8.36405410766602E7,7.90711975097656E7,1.1416481781005901E8,7.13458251953125E7,7.22767105102539E7,7.55112533569336E7,1.05953422546387E8,1.16967269897461E8,1.3563729858398402E8,1.4392021179199198E8,1.6930528259277302E8,1.82652130126953E8,1.9176152038574198E8,2.10491912841797E8,2.20292892456055E8,3.6491006469726604E8,3.06910095214844E8,3.3944763183593804E8,3.85985321044922E8,3.9743368530273396E8,3.8637060546875E8,4.2752893066406304E8,4.3976528930664104E8,4.28888916015625E8,4.90950225830078E8,5.32115173339844E8,4.7929458618164104E8,4.73777069091797E8,4.63784973144531E8,4.23749267578125E8,4.76874328613281E8,5.89577697753906E8,5.25123840332031E8,5.54730163574219E8,1.14957849121094E9,9.88261657714844E8,6.75627990722656E8,3.7034143066406304E8,5.41764831542969E8,5.73039245605469E8,5.29364318847656E8,5.15549926757813E8,5.7695849609375E8,4.78076477050781E8,6.28840454101563E8,7.08001708984375E8,7.24327819824219E8,8.64592834472656E8,1.00235406494141E9,1.04315600585938E9,9.85647338867188E8,1.33798022460938E9,9.55011657714844E8,1.14584936523438E9,1.09022399902344E9,1.25718347167969E9,1.34660205078125E9,1.40843859863281E9,1.22716381835938E9,1.29272741699219E9,1.754529296875E9,1.349166015625E9,1.12584777832031E9,1.38733312988281E9
datastructure,WB.DATA360:DS_DATA360(1.3),I,A,ALB,WB_WDI_DT_ODA_ALLD_KD,_T,_T,_T,USD_K_2021,_Z,_Z,_Z,_Z,CUR,2,WB_WDI,P1Y,0,A,PU,Annual,Albania,Net official development assistance and official aid received (constant 2021 US$),Total,All age ranges or no breakdown by age,Total,"US dollars, 2021 constant prices",Not Applicable,Not Applicable,Not Applicable,Not Applicable,Currency,Two,World Development Indicators (WDI),Annual,Units,Normal value,Public,,,,,,,,,,,,,,,,,,,,,,,,,,,,,1.0249691009521501E7,1.9298292160034202E7,1.74513721466064E7,4.8919808959960896E8,6.13052185058594E8,4.4153427124023396E8,2.42241729736328E8,2.45406326293945E8,3.2204602050781304E8,2.5103387451171902E8,4.10734313964844E8,7.5791650390625E8,5.3709765625E8,4.6455850219726604E8,4.98780822753906E8,4.8025061035156304E8,3.83958068847656E8,3.86108093261719E8,3.8920693969726604E8,3.3761975097656304E8,3.70793212890625E8,3.71581359863281E8,3.35735626220703E8,3.74737243652344E8,3.6505038452148396E8,2.78362030029297E8,2.8081201171875E8,3.69428955078125E8,1.9370391845703098E8,1.8828141784668E8,3.75079620361328E8,3.56411018371582E7,3.502041015625E8,6.50193420410156E8,3.4471716308593804E8,3.60629669189453E8
datastructure,WB.DATA360:DS_DATA360(1.3),I,A,MAR,WB_WDI_DT_ODA_ALLD_KD,_T,_T,_T,USD_K_2021,_Z,_Z,_Z,_Z,CUR,2,WB_WDI,P1Y,0,A,PU,Annual,Morocco,Net official development assistance and official aid received (constant 2021 US$),Total,All age ranges or no breakdown by age,Total,"US dollars, 2021 constant prices",Not Applicable,Not Applicable,Not Applicable,Not Applicable,Currency,Two,World Development Indicators (WDI),Annual,Units,Normal value,Public,4.7169958496093804E8,8.86692443847656E8,6.45436157226563E8,7.49891967773438E8,7.87429870605469E8,7.84099304199219E8,7.16688354492188E8,4.2154748535156304E8,5.99600952148438E8,5.25704223632813E8,5.80101440429688E8,8.35977233886719E8,5.76865966796875E8,4.6364566040039104E8,5.23486999511719E8,1.02594958496094E9,9.59327880859375E8,2.14063500976563E9,1.30742810058594E9,1.44243017578125E9,2.88791357421875E9,2.719150390625E9,2.27748120117188E9,1.22505297851563E9,9.25864624023438E8,2.36502685546875E9,9.53102661132813E8,8.14232360839844E8,8.80217163085938E8,9.1665576171875E8,1.93107275390625E9,2.366869140625E9,1.36034252929688E9,1.19237927246094E9,9.82384887695313E8,6.55346740722656E8,8.45501770019531E8,6.90738464355469E8,7.80956115722656E8,1.01465765380859E9,6.73996276855469E8,7.88253051757813E8,5.73645812988281E8,7.61013000488281E8,9.29096740722656E8,9.04113342285156E8,1.26816333007813E9,1.28608325195313E9,1.44509814453125E9,1.02874194335938E9,9.81044311523438E8,1.44863940429688E9,1.542205078125E9,2.07111767578125E9,2.26752172851563E9,1.78030944824219E9,2.40250659179688E9,2.75461547851563E9,8.89598937988281E8,8.59229064941406E8,1.98680493164063E9,9.96510620117188E8,1.52241247558594E9,7.7166943359375E8
datastructure,WB.DATA360:DS_DATA360(1.3),I,A,OMN,WB_WDI_DT_ODA_ALLD_KD,_T,_T,_T,USD_K_2021,_Z,_Z,_Z,_Z,CUR,2,WB_WDI,P1Y,0,A,PU,Annual,Oman,Net official development assistance and official aid received (constant 2021 US$),Total,All age ranges or no breakdown by age,Total,"US dollars, 2021 constant prices",Not Applicable,Not Applicable,Not Applicable,Not Applicable,Currency,Two,World Development Indicators (WDI),Annual,Units,Normal value,Public,2874023.91433716,3662743.09158325,4704393.86367798,3802663.08784485,4.15229263305664E7,1.7257286071777303E7,5681377.88772583,8523493.76678467,498421.996831894,374511.98697090097,596252.977848053,1.3081739425659198E7,5.73855743408203E7,1.13625473022461E8,7.75126586914063E8,5.64900817871094E8,6.65038940429688E8,1.30429223632813E9,1.9033897399902302E8,6.69354431152344E8,5.54321166992188E8,6.53141357421875E8,3.61427520751953E8,1.8709808349609402E8,2.8540737915039104E8,2.04397872924805E8,2.32397476196289E8,9.04290924072266E7,1.15987949371338E7,4.20552787780762E7,1.0919152832031299E8,1.9891361236572303E7,6.1254669189453095E7,1.9896620178222698E8,2.46610717773438E8,8.99389343261719E7,1.08188774108887E8,1.4417518615722698E8,8.14817260742188E8,7.04656982421875E7,1.10657287597656E8,4336925.983428961,1.1591286468505901E8,8.68506317138672E7,1.23530158996582E8,2.14731273651123E7,5.96785049438477E7,2.4017121887207E8,7.9625358581543E7,1.60359130859375E8,7877791.88156128,,,,,,,,,,,,,
datastructure,WB.DATA360:DS_DATA360(1.3),I,A,NCL,WB_WDI_DT_ODA_ALLD_KD,_T,_T,_T,USD_K_2021,_Z,_Z,_Z,_Z,CUR,2,WB_WDI,P1Y,0,A,PU,Annual,New Caledonia,Net official development assistance and official aid received (constant 2021 US$),Total,All age ranges or no breakdown by age,Total,"US dollars, 2021 constant prices",Not Applicable,Not Applicable,Not Applicable,Not Applicable,Currency,Two,World Development Indicators (WDI),Annual,Units,Normal value,Public,,,,,,,1.28650405883789E8,8.4414665222168E7,1.1073744964599599E8,1.13098052978516E8,1.59163604736328E8,2.4962240600585902E8,3.0701358032226604E8,3.40277862548828E8,2.7318701171875E8,2.2319683837890598E8,1.6140000915527302E8,2.57831085205078E8,3.1792431640625E8,3.50826416015625E8,4.1522470092773396E8,3.6512780761718804E8,4.14457580566406E8,5.0268493652343804E8,3.8651187133789104E8,4.1916152954101604E8,4.36786315917969E8,5.0555770874023396E8,4.4843344116210896E8,5.0221908569335896E8,4.48739501953125E8,4.66526397705078E8,4.94764465332031E8,5.74075927734375E8,5.77270751953125E8,5.67374694824219E8,5.03445098876953E8,4.8654931640625E8,4.86934295654297E8,4.7085702514648396E8,6.03630004882813E8,5.1142001342773396E8,5.24380004882813E8,6.01799987792969E8,6.22489990234375E8,,,,,,,,,,,,,,,,,,,
datastructure,WB.DATA360:DS_DATA360(1.3),I,A,AGO,WB_WDI_DT_ODA_ALLD_KD,_T,_T,_T,USD_K_2021,_Z,_Z,_Z,_Z,CUR,2,WB_WDI,P1Y,0,A,PU,Annual,Angola,Net official development assistance and official aid received (constant 2021 US$),Total,All age ranges or no breakdown by age,Total,"US dollars, 2021 constant prices",Not Applicable,Not Applicable,Not Applicable,Not Applicable,Currency,Two,World Development Indicators (WDI),Annual,Units,Normal value,Public,-440210.998058319,3.10571990966797E8,,224506.005644798,,1.4041374206543E7,3.3280220031738304E7,2.0353623962402302E8,54611.0011637211,-1194846.9877243,-464240.01455307,-83355.0021052361,743884.0270042421,1126214.9810791,1886402.01091766,1.95703678131104E7,6.4809959411621094E7,1.7071797180175802E8,1.3591249084472698E8,1.1445803070068401E8,1.22955513000488E8,1.4868217468261698E8,1.60032104492188E8,2.1158392333984402E8,2.81347839355469E8,2.64060333251953E8,3.0482775878906304E8,2.60056518554688E8,2.88588623046875E8,3.1038037109375E8,4.29524688720703E8,4.36605987548828E8,4.95060760498047E8,4.7093444824218804E8,6.96164855957031E8,5.98216674804688E8,6.63574951171875E8,5.57999694824219E8,5.26791381835938E8,6.10629699707031E8,4.96260437011719E8,4.8352133178710896E8,6.64048583984375E8,7.00910766601563E8,1.49167858886719E9,5.13884460449219E8,2.16365478515625E8,2.8394058227539104E8,3.85015838623047E8,2.67143707275391E8,2.47506576538086E8,2.09082504272461E8,2.67302917480469E8,3.05020751953125E8,2.50799392700195E8,3.9523300170898396E8,2.4128413391113302E8,2.54168533325195E8,1.75647689819336E8,2.5774894714355502E7,1.2297052764892599E8,2.5367620849609402E8,9.8861701965332E7,1.4716914367675802E8
datastructure,WB.DATA360:DS_DATA360(1.3),I,A,MMR,WB_WDI_DT_ODA_ALLD_KD,_T,_T,_T,USD_K_2021,_Z,_Z,_Z,_Z,CUR,2,WB_WDI,P1Y,0,A,PU,Annual,Myanmar,Net official development assistance and official aid received (constant 2021 US$),Total,All age ranges or no breakdown by age,Total,"US dollars, 2021 constant prices",Not Applicable,Not Applicable,Not Applicable,Not Applicable,Currency,Two,World Development Indicators (WDI),Annual,Units,Normal value,Public,3.4281802368164104E8,1.9720634460449198E8,2.64456756591797E8,3.54836456298828E8,1.8023808288574198E8,1.3940435791015598E8,1.27692512512207E8,9.12154083251953E7,1.0798701477050799E8,1.8599745178222698E8,1.5151020812988302E8,2.45458480834961E8,2.2860479736328098E8,2.7816552734375E8,2.44158325195313E8,2.01550323486328E8,2.28044174194336E8,3.1347900390625E8,5.40846618652344E8,7.78718811035156E8,6.38453063964844E8,5.75008850097656E8,6.9232470703125E8,6.84878051757813E8,5.87977905273438E8,7.47036315917969E8,6.04707153320313E8,4.6707507324218804E8,5.02819030761719E8,2.09637329101563E8,2.1242738342285198E8,2.17362518310547E8,1.2343251037597701E8,1.036240234375E8,1.5297132873535198E8,1.32396957397461E8,4.6160961151122995E7,7.68656158447266E7,1.0356967926025401E8,9.75273590087891E7,1.2529810333252E8,1.54211639404297E8,1.56021514892578E8,1.5219087219238302E8,1.4699566650390598E8,1.68395980834961E8,1.6386210632324198E8,2.0837385559082E8,5.57503234863281E8,3.7303799438476604E8,3.63148864746094E8,3.58970428466797E8,4.75683807373047E8,3.34616479492188E9,1.37623413085938E9,1.25274621582031E9,1.61545483398438E9,1.64232788085938E9,1.74268798828125E9,2.05807885742188E9,2.79679516601563E9,1.45317419433594E9,1.01307940673828E9,1.14074096679688E9
datastructure,WB.DATA360:DS_DATA360(1.3),I,A,UZB,WB_WDI_DT_ODA_ALLD_KD,_T,_T,_T,USD_K_2021,_Z,_Z,_Z,_Z,CUR,2,WB_WDI,P1Y,0,A,PU,Annual,Uzbekistan,Net official development assistance and official aid received (constant 2021 US$),Total,All age ranges or no breakdown by age,Total,"US dollars, 2021 constant prices",Not Applicable,Not Applicable,Not Applicable,Not Applicable,Currency,Two,World Development Indicators (WDI),Annual,Units,Normal value,Public,,,,,,,,,,,,,,,,,,,,,,,,,,,,,,,,,1392716.05014801,1.2291217803955099E7,4.2168212890625E7,9.61065902709961E7,1.0406160736084E8,1.53234130859375E8,1.7431294250488302E8,1.8231927490234402E8,2.288935546875E8,2.2472959899902302E8,2.7202401733398396E8,2.4918984985351598E8,2.80240203857422E8,1.9689289855957E8,1.85862823486328E8,1.7693856811523402E8,1.7942753601074198E8,1.79745376586914E8,1.5019935607910198E8,1.4837686157226598E8,2.74867370605469E8,3.02476287841797E8,3.31734313964844E8,4.8695840454101604E8,5.32570068359375E8,6.45872802734375E8,1.10280517578125E9,1.15846459960938E9,1.48998327636719E9,1.11305090332031E9,1.66475122070313E9,1.20007885742188E9
datastructure,WB.DATA360:DS_DATA360(1.3),I,A,BWA,WB_WDI_DT_ODA_ALLD_KD,_T,_T,_T,USD_K_2021,_Z,_Z,_Z,_Z,CUR,2,WB_WDI,P1Y,0,A,PU,Annual,Botswana,Net official development assistance and official aid received (constant 2021 US$),Total,All age ranges or no breakdown by age,Total,"US dollars, 2021 constant prices",Not Applicable,Not Applicable,Not Applicable,Not Applicable,Currency,Two,World Development Indicators (WDI),Annual,Units,Normal value,Public,3.9431610107421905E7,6.0551605224609405E7,5.59803276062012E7,5.62264404296875E7,9.05379867553711E7,9.7578239440918E7,1.54712326049805E8,1.5978453063964802E8,1.5799641418457E8,1.2058879852294901E8,1.0686809539794901E8,1.26066276550293E8,1.81928344726563E8,1.82652359008789E8,1.7211146545410198E8,2.0580215454101598E8,1.86449005126953E8,1.6888807678222698E8,2.2139056396484402E8,2.74377258300781E8,2.63057586669922E8,2.5203895568847698E8,2.72833435058594E8,2.85528564453125E8,2.92588928222656E8,2.7429208374023396E8,2.38262329101563E8,3.2017953491210896E8,2.65651947021484E8,2.9005990600585896E8,2.4081962585449198E8,2.1609120178222698E8,1.73012466430664E8,2.10250274658203E8,1.34435180664063E8,1.28717376708984E8,9.33115539550781E7,1.8305940246582E8,1.4231831359863302E8,8.566290283203131E7,4.69279403686523E7,4.44469757080078E7,6.11895637512207E7,4.11623611450195E7,6.57178115844727E7,6.4705757141113296E7,8.53451614379883E7,1.27310539245605E8,8.35515747070313E8,3.6855505371093804E8,1.80020004272461E8,1.4386505126953098E8,8.737835693359381E7,1.2732688140869099E8,1.1478860473632799E8,8.06396942138672E7,1.0805063629150401E8,1.18580810546875E8,9.69367370605469E7,7.76908874511719E7,8.9112419128418E7,1.0252413940429701E8,9.43674774169922E7,2.8458309936523396E8
datastructure,WB.DATA360:DS_DATA360(1.3),I,A,NPL,WB_WDI_DT_ODA_ALLD_KD,_T,_T,_T,USD_K_2021,_Z,_Z,_Z,_Z,CUR,2,WB_WDI,P1Y,0,A,PU,Annual,Nepal,Net official development assistance and official aid received (constant 2021 US$),Total,All age ranges or no breakdown by age,Total,"US dollars, 2021 constant prices",Not Applicable,Not Applicable,Not Applicable,Not Applicable,Currency,Two,World Development Indicators (WDI),Annual,Units,Normal value,Public,6.90623474121094E7,8.54945373535156E7,7.10792007446289E7,1.31177871704102E8,1.5246890258789098E8,1.35938949584961E8,1.1596372222900401E8,1.0431971740722701E8,7.931549072265631E7,7.8480094909668E7,1.5219844055175802E8,1.5003326416015598E8,1.7482279968261698E8,1.7402445983886698E8,1.4368931579589802E8,1.6950703430175802E8,1.77732177734375E8,2.68588195800781E8,2.1973506164550802E8,3.46313171386719E8,3.73840026855469E8,4.12926055908203E8,4.60745880126953E8,4.6183703613281304E8,4.20876770019531E8,4.81419616699219E8,5.37297058105469E8,5.75200500488281E8,6.28092102050781E8,7.04522399902344E8,5.52944641113281E8,5.1061340332031304E8,5.24050048828125E8,3.9853817749023396E8,4.94309783935547E8,4.34008270263672E8,4.16841094970703E8,4.26169647216797E8,4.43793151855469E8,4.0842764282226604E8,4.3268081665039104E8,5.28052062988281E8,4.7528549194335896E8,6.05335510253906E8,5.24188659667969E8,4.8582186889648396E8,5.33447570800781E8,6.0539453125E8,6.47791870117188E8,7.68337280273438E8,6.64012756347656E8,7.43855773925781E8,7.8867138671875E8,8.98571350097656E8,8.95501220703125E8,1.40123559570313E9,1.22978735351563E9,1.43752966308594E9,1.57815625E9,1.46208129882813E9,1.89389990234375E9,1.62007348632813E9,1.240583984375E9,1.17313684082031E9
datastructure,WB.DATA360:DS_DATA360(1.3),I,A,TLS,WB_WDI_DT_ODA_ALLD_KD,_T,_T,_T,USD_K_2021,_Z,_Z,_Z,_Z,CUR,2,WB_WDI,P1Y,0,A,PU,Annual,Timor-Leste,Net official development assistance and official aid received (constant 2021 US$),Total,All age ranges or no breakdown by age,Total,"US dollars, 2021 constant prices",Not Applicable,Not Applicable,Not Applicable,Not Applicable,Currency,Two,World Development Indicators (WDI),Annual,Units,Normal value,Public,,2.16536312103271E7,,,,,,3572042.94204712,,,,,,,32738.0001544952,965521.9912528989,1765140.05661011,,38483.9996695518,1126343.01185608,886241.972446442,712563.991546631,619175.0168800349,1092839.95628357,,,663434.0286254879,,40419.9995100498,,171136.006712914,1319022.05944061,227354.00497913398,722941.994667053,340945.00541687,27138.0003541708,130604.99727725999,754384.994506836,2709934.9498748803,2.99091766357422E8,4.37153289794922E8,3.78923797607422E8,3.95001037597656E8,2.62612609863281E8,2.19657745361328E8,2.29026824951172E8,2.58481140136719E8,3.1737515258789104E8,2.91262634277344E8,2.4087750244140598E8,2.9351480102539104E8,2.6190576171875E8,2.7465087890625E8,2.5092509460449198E8,2.52147216796875E8,2.4292582702636698E8,2.4845098876953098E8,2.53809600830078E8,2.1973968505859402E8,2.44370681762695E8,2.73338104248047E8,2.54549072265625E8,2.30234893798828E8,2.59935394287109E8
datastructure,WB.DATA360:DS_DATA360(1.3),I,A,ZWE,WB_WDI_DT_ODA_ALLD_KD,_T,_T,_T,USD_K_2021,_Z,_Z,_Z,_Z,CUR,2,WB_WDI,P1Y,0,A,PU,Annual,Zimbabwe,Net official development assistance and official aid received (constant 2021 US$),Total,All age ranges or no breakdown by age,Total,"US dollars, 2021 constant prices",Not Applicable,Not Applicable,Not Applicable,Not Applicable,Currency,Two,World Development Indicators (WDI),Annual,Units,Normal value,Public,,110991.99950695,,1.1442356109619099E8,4.5843170166015595E7,3.48124618530273E7,3218540.9069061303,3163400.88844299,1.29565372467041E7,5386400.22277832,4708150.86364746,4669133.18634033,5369995.1171875,5141296.86355591,8259362.22076416,1.85372180938721E7,3.0632682800293002E7,2.92706928253174E7,3.44604148864746E7,3.78443717956543E7,4.06947479248047E8,4.64298370361328E8,5.80163146972656E8,5.73692443847656E8,8.5600390625E8,6.63614318847656E8,5.29427307128906E8,5.84661376953125E8,4.88678466796875E8,4.8162191772460896E8,5.34890869140625E8,5.91125915527344E8,1.18497143554688E9,7.82682434082031E8,8.52430847167969E8,6.49400451660156E8,5.0110437011718804E8,4.87307312011719E8,3.9391687011718804E8,3.24900115966797E8,2.46777359008789E8,2.57716491699219E8,3.08320373535156E8,2.58354156494141E8,2.3626571655273402E8,4.61474792480469E8,3.25109649658203E8,5.42037231445313E8,6.98717895507813E8,8.64449279785156E8,7.98779357910156E8,7.682685546875E8,1.06718859863281E9,8.74222717285156E8,8.02102783203125E8,9.06806274414063E8,7.71702575683594E8,8.437978515625E8,8.85027465820313E8,9.53484008789063E8,1.07817700195313E9,1.02786572265625E9,8.24340881347656E8,7.91534362792969E8
datastructure,WB.DATA360:DS_DATA360(1.3),I,A,MLI,WB_WDI_DT_ODA_ALLD_KD,_T,_T,_T,USD_K_2021,_Z,_Z,_Z,_Z,CUR,2,WB_WDI,P1Y,0,A,PU,Annual,Mali,Net official development assistance and official aid received (constant 2021 US$),Total,All age ranges or no breakdown by age,Total,"US dollars, 2021 constant prices",Not Applicable,Not Applicable,Not Applicable,Not Applicable,Currency,Two,World Development Indicators (WDI),Annual,Units,Normal value,Public,734728.991985321,2.02533645629883E7,9.25974349975586E7,6.1740283966064505E7,1.5000456237793E8,1.8314469909668E8,2.0466400146484402E8,1.32494171142578E8,2.18168487548828E8,1.62987915039063E8,1.5838311767578098E8,1.9682135009765598E8,2.2401356506347698E8,3.78896240234375E8,5.53819458007813E8,5.88201843261719E8,3.4108602905273396E8,3.99479705810547E8,4.84903045654297E8,5.21021606445313E8,6.79942077636719E8,6.14962463378906E8,5.78683166503906E8,6.00608703613281E8,9.567626953125E8,1.09548083496094E9,8.69905334472656E8,7.16173217773438E8,8.09904113769531E8,8.27795654296875E8,7.86520263671875E8,7.26851379394531E8,6.55225769042969E8,5.89011169433594E8,6.57228149414063E8,7.05512145996094E8,6.57284240722656E8,6.44688354492188E8,5.26337646484375E8,5.44636047363281E8,4.8821981811523396E8,5.92238830566406E8,6.81286987304688E8,7.821748046875E8,7.53128356933594E8,9.01530578613281E8,1.04370666503906E9,1.11443322753906E9,1.00149810791016E9,1.07569348144531E9,1.03491284179688E9,1.336076171875E9,1.12163928222656E9,1.44336743164063E9,1.2823681640625E9,1.40707458496094E9,1.42413000488281E9,1.56152404785156E9,1.71588366699219E9,2.03962524414063E9,1.70872033691406E9,1.46925219726563E9,1.25999243164063E9,1.29247863769531E9
datastructure,WB.DATA360:DS_DATA360(1.3),I,A,COM,WB_WDI_DT_ODA_ALLD_KD,_T,_T,_T,USD_K_2021,_Z,_Z,_Z,_Z,CUR,2,WB_WDI,P1Y,0,A,PU,Annual,Comoros,Net official development assistance and official aid received (constant 2021 US$),Total,All age ranges or no breakdown by age,Total,"US dollars, 2021 constant prices",Not Applicable,Not Applicable,Not Applicable,Not Applicable,Currency,Two,World Development Indicators (WDI),Annual,Units,Normal value,Public,,,,,,,4.56260185241699E7,7.05122985839844E7,5.81016883850098E7,4.35957260131836E7,5.53839721679688E7,5.79014511108398E7,5.69830665588379E7,8.130316162109381E7,1.20505210876465E8,7.85295944213867E7,9.60285491943359E7,4.6201473236084E7,4.40230827331543E7,5.28515625E7,1.04845420837402E8,1.19641540527344E8,1.03024055480957E8,1.0147599029541E8,1.2039121246337901E8,1.34082336425781E8,1.0220692443847701E8,1.0056972503662099E8,8.99988861083984E7,7.814752197265631E7,6.78879623413086E7,9.76079025268555E7,6.83387145996094E7,6.965203857421881E7,5.56892700195313E7,5.11240158081055E7,5.18495254516602E7,4.3701545715332E7,5.76861763000488E7,3.26243286132813E7,3.24842109680176E7,4.62252731323242E7,4.35080986022949E7,3.32283744812012E7,3.1502689361572303E7,2.74564018249512E7,3.65400314331055E7,4.7572662353515595E7,4.0872974395752005E7,4.9313606262207E7,4.9336475372314505E7,5.32476692199707E7,1.01943412780762E8,8.12641448974609E7,7.48261184692383E7,7.48220138549805E7,6.2136524200439505E7,7.54294662475586E7,9.72971572875977E7,8.14942779541016E7,1.41625946044922E8,1.57696899414063E8,1.47386001586914E8,1.6635093688964802E8
datastructure,WB.DATA360:DS_DATA360(1.3),I,A,SSD,WB_WDI_DT_ODA_ALLD_KD,_T,_T,_T,USD_K_2021,_Z,_Z,_Z,_Z,CUR,2,WB_WDI,P1Y,0,A,PU,Annual,South Sudan,Net official development assistance and official aid received (constant 2021 US$),Total,All age ranges or no breakdown by age,Total,"US dollars, 2021 constant prices",Not Applicable,Not Applicable,Not Applicable,Not Applicable,Currency,Two,World Development Indicators (WDI),Annual,Units,Normal value,Public,,,,,,,,,,,,,,,,,,,,,,,,,,,,,,,,,,,,,,,,,,,,,,,,,,,,4.35125732421875E8,1.27594812011719E9,1.48657141113281E9,2.15334008789063E9,1.94543188476563E9,1.88563916015625E9,2.56632690429688E9,1.78793920898438E9,1.90657385253906E9,2.03885083007813E9,2.20958984375E9,2.15309326171875E9,1.79172399902344E9
datastructure,WB.DATA360:DS_DATA360(1.3),I,A,CYM,WB_WDI_DT_ODA_ALLD_KD,_T,_T,_T,USD_K_2021,_Z,_Z,_Z,_Z,CUR,2,WB_WDI,P1Y,0,A,PU,Annual,Cayman Islands,Net official development assistance and official aid received (constant 2021 US$),Total,All age ranges or no breakdown by age,Total,"US dollars, 2021 constant prices",Not Applicable,Not Applicable,Not Applicable,Not Applicable,Currency,Two,World Development Indicators (WDI),Annual,Units,Normal value,Public,,,,,,,,,,,,,,,9805168.15185547,6890772.81951904,9525056.83898926,6488786.22055054,1.19483528137207E7,2228764.0571594196,3621536.0164642297,2644696.9509124802,1504469.03705597,986099.0047454829,930803.000926971,168478.99556160002,4339346.88568115,4230065.82260132,2.27153511047363E7,2310714.9600982703,4724376.20162964,-422495.007514954,57955.9989273548,-549018.979072571,-1437914.96753693,-690478.026866913,-2637299.06082153,-5369999.88555908,419999.986886978,4750000.0,-6289999.96185303,-1370000.00476837,-2920000.07629395,-1950000.04768372,529999.971389771,,,,,,,,,,,,,,,,,,,
datastructure,WB.DATA360:DS_DATA360(1.3),I,A,PRK,WB_WDI_DT_ODA_ALLD_KD,_T,_T,_T,USD_K_2021,_Z,_Z,_Z,_Z,CUR,2,WB_WDI,P1Y,0,A,PU,Annual,"Korea, Dem. People's Rep.",Net official development assistance and official aid received (constant 2021 US$),Total,All age ranges or no breakdown by age,Total,"US dollars, 2021 constant prices",Not Applicable,Not Applicable,Not Applicable,Not Applicable,Currency,Two,World Development Indicators (WDI),Annual,Units,Normal value,Public,,,,,,,,,,,,,,,,,,,1.5686674499511698E8,,,,,,,1.49227380752563E7,1.2086915969848601E7,3.0146541595459E7,1.6038967132568398E7,1.49061412811279E7,1.25488147735596E7,1.34985971450806E7,1.5379075050354E7,2.09188117980957E7,8162023.54431152,1.7398889541626003E7,3.64526214599609E7,1.4295610046386698E8,1.67418579101563E8,3.39618713378906E8,1.30543563842773E8,2.14460220336914E8,4.38513000488281E8,1.94264419555664E8,2.2187678527832E8,1.1192829132080099E8,6.75263671875E7,1.1974594879150401E8,2.634453125E8,7.49853134155273E7,8.07219314575195E7,1.1376702117919901E8,9.64546432495117E7,1.0202205657959E8,1.4251202392578098E8,1.50321853637695E8,1.3899258422851598E8,1.4204754638671902E8,1.27438552856445E8,1.4256172180175802E8,1.3621490478515598E8,2.1423021316528298E7,1.42426977157593E7,1.44244070053101E7
datastructure,WB.DATA360:DS_DATA360(1.3),I,A,SSA,WB_WDI_DT_ODA_ALLD_KD,_T,_T,_T,USD_K_2021,_Z,_Z,_Z,_Z,CUR,2,WB_WDI,P1Y,0,A,PU,Annual,Sub-Saharan Africa (excluding high income),Net official development assistance and official aid received (constant 2021 US$),Total,All age ranges or no breakdown by age,Total,"US dollars, 2021 constant prices",Not Applicable,Not Applicable,Not Applicable,Not Applicable,Currency,Two,World Development Indicators (WDI),Annual,Units,Normal value,Public,5.63989990946651E9,7.40584010658413E9,7.65733988827467E9,7.45410987493396E9,8.09841000366211E9,8.35012992668152E9,8.588040027856831E9,9.36817005753517E9,8.292359943579881E9,7.6270699688457E9,7.79870001846552E9,8.281850020855671E9,7.91885994973779E9,8.56432996562868E9,1.10801499915123E10,1.2805830027818699E10,1.16177400474548E10,1.2674459942817701E10,1.49074899616241E10,1.6759690045356802E10,1.7675959980011E10,1.8411769982337997E10,1.9878729907035797E10,1.9518599891929E10,2.24576800751686E10,2.43009200124741E10,2.33486000084877E10,2.31315700752735E10,2.44331499109268E10,2.6362199848175003E10,2.65789101705551E10,2.58563300628662E10,2.6476460231304203E10,2.49317498664856E10,2.6651269901275597E10,2.3109350112915E10,2.08221200637817E10,2.07669598960876E10,2.03622799720764E10,1.8615519929885902E10,1.95065101108551E10,2.20261499700546E10,2.8113439970016502E10,3.20369001607895E10,3.08893199958801E10,3.70617796878815E10,4.5149809932708694E10,3.67627496299744E10,3.93005700035095E10,4.47763302307129E10,4.46432399215698E10,4.52329200401306E10,4.5798410099029495E10,4.62074598655701E10,4.4778219711303696E10,4.75521900596619E10,4.74864301948547E10,5.21756796913147E10,5.1352130264282196E10,5.44641099243164E10,6.6884599784851105E10,5.88023903656006E10,,
datastructure,WB.DATA360:DS_DATA360(1.3),I,A,FJI,WB_WDI_DT_ODA_ALLD_KD,_T,_T,_T,USD_K_2021,_Z,_Z,_Z,_Z,CUR,2,WB_WDI,P1Y,0,A,PU,Annual,Fiji,Net official development assistance and official aid received (constant 2021 US$),Total,All age ranges or no breakdown by age,Total,"US dollars, 2021 constant prices",Not Applicable,Not Applicable,Not Applicable,Not Applicable,Currency,Two,World Development Indicators (WDI),Annual,Units,Normal value,Public,1.24157838821411E7,1.11350011825562E7,1.1566444396972701E8,4.66950798034668E7,3.50660591125488E7,4.19174995422363E7,3.7556121826171905E7,2.5384883880615197E7,5.90488357543945E7,7.97718658447266E7,5.84362716674805E7,7.93642807006836E7,5.71932792663574E7,8.86408157348633E7,7.76370697021484E7,9.3903190612793E7,1.18284332275391E8,1.0275329589843799E8,9.75798187255859E7,1.00543151855469E8,9.71614761352539E7,1.09667533874512E8,9.57983856201172E7,9.21768112182617E7,8.90748596191406E7,9.07463073730469E7,9.96189117431641E7,7.23163909912109E7,9.84464569091797E7,7.51424102783203E7,8.61962814331055E7,7.60902938842773E7,1.0377671813964799E8,9.34723587036133E7,6.05188751220703E7,6.04648590087891E7,6.06588554382324E7,6.2413768768310495E7,5.46667404174805E7,4.71320152282715E7,4.26820030212402E7,4.16443405151367E7,4.90917129516602E7,6.505882263183589E7,8.22153778076172E7,8.19154891967773E7,7.09110107421875E7,5.75064582824707E7,4.8972240447997995E7,6.73986511230469E7,7.18319549560547E7,6.36194038391113E7,9.21780624389648E7,8.65864105224609E7,9.21364822387695E7,1.17330505371094E8,1.33171890258789E8,1.57180786132813E8,1.29433883666992E8,1.4244172668457E8,2.02924041748047E8,5.89152160644531E8,3.68968322753906E8,1.9019009399414098E8
datastructure,WB.DATA360:DS_DATA360(1.3),I,A,GNB,WB_WDI_DT_ODA_ALLD_KD,_T,_T,_T,USD_K_2021,_Z,_Z,_Z,_Z,CUR,2,WB_WDI,P1Y,0,A,PU,Annual,Guinea-Bissau,Net official development assistance and official aid received (constant 2021 US$),Total,All age ranges or no breakdown by age,Total,"US dollars, 2021 constant prices",Not Applicable,Not Applicable,Not Applicable,Not Applicable,Currency,Two,World Development Indicators (WDI),Annual,Units,Normal value,Public,,1.0694782257080099E7,,,,,2.5867801666259803E7,5716742.03872681,,886798.977851868,,1414155.00640869,,48742.998391389796,4.59174346923828E7,7.87458572387695E7,8.90287246704102E7,1.33873153686523E8,1.52478790283203E8,1.3620915222168E8,1.3941474914550802E8,1.6751275634765598E8,1.7258583068847698E8,1.7617642211914098E8,1.6406898498535198E8,1.60279312133789E8,1.5645547485351598E8,2.1544439697265598E8,1.8151478576660198E8,2.22850662231445E8,2.0747842407226598E8,1.77739013671875E8,1.59911346435547E8,1.4552803039550802E8,2.90466735839844E8,1.5699786376953098E8,2.5480220031738302E8,1.8880108642578098E8,1.43552764892578E8,8.46151580810547E7,1.44163558959961E8,1.10466537475586E8,1.0044370269775401E8,2.0175224304199198E8,9.82170562744141E7,8.29819412231445E7,1.05675910949707E8,1.3629756164550802E8,1.3454975891113302E8,1.5203817749023402E8,1.22037185668945E8,1.1796410369873E8,8.51607437133789E7,1.09235168457031E8,1.12106597900391E8,1.1111592102050799E8,2.27292709350586E8,1.2945719909668E8,1.6765840148925802E8,1.2532360839843799E8,1.5968046569824198E8,1.7315690612793E8,1.5874920654296902E8,1.88911605834961E8
datastructure,WB.DATA360:DS_DATA360(1.3),I,A,CSS,WB_WDI_DT_ODA_ALLD_KD,_T,_T,_T,USD_K_2021,_Z,_Z,_Z,_Z,CUR,2,WB_WDI,P1Y,0,A,PU,Annual,Caribbean small states,Net official development assistance and official aid received (constant 2021 US$),Total,All age ranges or no breakdown by age,Total,"US dollars, 2021 constant prices",Not Applicable,Not Applicable,Not Applicable,Not Applicable,Currency,Two,World Development Indicators (WDI),Annual,Units,Normal value,Public,,,,,,,,,,,4.7447999310493565E8,4.848800052404409E8,4.5150999832153326E8,3.2377000328153336E8,5.3504000449180585E8,5.046999876499175E8,7.067199926376348E8,5.481199918985364E8,7.881100151538854E8,7.57289991617202E8,6.878700115680696E8,8.997699806690221E8,8.98390007972718E8,6.28309989929199E8,6.525200071334841E8,6.813299869298937E8,6.966000177860256E8,6.463099923133852E8,6.333300046920782E8,8.319300055503848E8,9.626000027656558E8,6.578699998855593E8,5.760500102043152E8,5.76749997258186E8,5.83729990839958E8,5.725299924612051E8,5.580599927902224E8,6.927399830818174E8,4.0760000228881806E8,3.2369000339508057E8,2.903799993991852E8,3.7691000060737145E8,3.228900022506712E8,2.099600005708634E8,3.3892999967932796E8,3.4087000197172207E8,3.6619000619649935E8,4.5531999874115026E8,4.706599988937378E8,6.014100105762482E8,5.3073000335693365E8,3.2856999969482416E8,2.9705999934673303E8,3.3823000168800366E8,3.498400096893314E8,2.1228999829292294E8,2.0513000011444095E8,2.4149999618530285E8,3.5777000427246106E8,5.145399932861334E8,5.491100006103516E8,6.441499996185309E8,,
datastructure,WB.DATA360:DS_DATA360(1.3),I,A,SLV,WB_WDI_DT_ODA_ALLD_KD,_T,_T,_T,USD_K_2021,_Z,_Z,_Z,_Z,CUR,2,WB_WDI,P1Y,0,A,PU,Annual,El Salvador,Net official development assistance and official aid received (constant 2021 US$),Total,All age ranges or no breakdown by age,Total,"US dollars, 2021 constant prices",Not Applicable,Not Applicable,Not Applicable,Not Applicable,Currency,Two,World Development Indicators (WDI),Annual,Units,Normal value,Public,1.09030361175537E7,6.60853652954102E7,5.06678886413574E7,9.014630126953131E7,9.55956649780273E7,1.0793258666992201E8,1.51545394897461E8,1.0232536315918E8,7.34513702392578E7,8.24466781616211E7,8.82978439331055E7,6.43283767700195E7,9.08330917358398E7,6.4659080505371094E7,4.48053398132324E7,7.06395416259766E7,6.83548202514648E7,8.80377197265625E7,9.46405487060547E7,1.01941833496094E8,2.3787629699707E8,3.30489196777344E8,5.01147155761719E8,6.46698974609375E8,5.98455688476563E8,8.12659301757813E8,7.79267944335938E8,9.48148803710938E8,8.54709594726563E8,7.9961328125E8,6.38155456542969E8,5.02688751220703E8,6.45338745117188E8,5.98818969726563E8,4.5099789428710896E8,3.95007873535156E8,3.6448544311523396E8,3.8202767944335896E8,2.7489346313476604E8,2.81771179199219E8,2.71900573730469E8,4.0024279785156304E8,3.9346743774414104E8,2.99845733642578E8,3.32350372314453E8,2.7170034790039104E8,2.0611225891113302E8,1.3447431945800802E8,2.4773202514648402E8,3.24097473144531E8,3.5340515136718804E8,3.5312292480468804E8,2.7306787109375E8,1.84091232299805E8,1.10354286193848E8,1.0941967010498E8,1.5769172668457E8,1.7988070678710902E8,2.8703335571289104E8,3.5062753295898396E8,3.73298614501953E8,2.2032237243652302E8,7.42729797363281E8,4.9881039428710896E8
datastructure,WB.DATA360:DS_DATA360(1.3),I,A,TSA,WB_WDI_DT_ODA_ALLD_KD,_T,_T,_T,USD_K_2021,_Z,_Z,_Z,_Z,CUR,2,WB_WDI,P1Y,0,A,PU,Annual,South Asia (IDA & IBRD),Net official development assistance and official aid received (constant 2021 US$),Total,All age ranges or no breakdown by age,Total,"US dollars, 2021 constant prices",Not Applicable,Not Applicable,Not Applicable,Not Applicable,Currency,Two,World Development Indicators (WDI),Annual,Units,Normal value,Public,,,,,,,,,,,8.128329901695256E9,8.99074978280068E9,6.916929918885238E9,7.689699963331224E9,1.0101889952421192E10,1.3668469929695133E10,1.2794359873771679E10,9.024370101928715E9,9.245220048904428E9,9.56287979698182E9,1.2093539966583252E10,1.0682619935989384E10,1.0932170067787176E10,1.0287989795684818E10,1.0288019680023201E10,9.920459751129147E9,9.959900075435638E9,8.414480018615737E9,9.071660057067877E9,9.156519947052004E9,7.823819931030281E9,1.0147279895782473E10,8.027410121917739E9,6.277640014648439E9,7.613169891357433E9,4.977849956512451E9,5.326469884872444E9,5.330730110168461E9,5.618050031661997E9,4.91498999786378E9,4.827170019149782E9,7.95668997192383E9,8.887650051116951E9,6.960529991149905E9,7.826189971923836E9,1.0240690002441422E10,9.613499877929695E9,1.1128269958496094E10,1.0972919872283937E10,1.4132650207519547E10,1.5035679969787601E10,1.6010350009918222E10,1.3484630199432383E10,1.3471789958953861E10,1.5058520030975342E10,1.6644870159149174E10,1.4661570474624645E10,1.574913992309571E10,1.2339529953002941E10,1.5270480247497564E10,1.6458270339965822E10,1.6879930511474617E10,,
datastructure,WB.DATA360:DS_DATA360(1.3),I,A,TMN,WB_WDI_DT_ODA_ALLD_KD,_T,_T,_T,USD_K_2021,_Z,_Z,_Z,_Z,CUR,2,WB_WDI,P1Y,0,A,PU,Annual,"Middle East, North Africa, Afghanistan & Pakistan (IDA & IBRD)",Net official development assistance and official aid received (constant 2021 US$),Total,All age ranges or no breakdown by age,Total,"US dollars, 2021 constant prices",Not Applicable,Not Applicable,Not Applicable,Not Applicable,Currency,Two,World Development Indicators (WDI),Annual,Units,Normal value,Public,,,,,,,,,,,4.354419969558716E9,3.9368899822235107E9,3.9501800193786626E9,9.275120111465458E9,1.3709199743270878E10,1.833994972133637E10,1.785955948448182E10,1.9326180465698254E10,1.7516780183792118E10,1.6708060386657715E10,1.7731760259628304E10,1.7380360012054443E10,1.4058429813385027E10,1.1411270094871529E10,1.1203199740529058E10,1.1861519879341137E10,9.128239986419685E9,9.017440158843996E9,6.450620025634771E9,6.458630031585697E9,1.7093009848594666E10,1.546816971588135E10,9.687240119457243E9,7.620090064048767E9,7.970420114040375E9,5.921709951877596E9,6.507130001068115E9,6.46980987167359E9,6.684070055961609E9,6.03566989421845E9,5.561730136871338E9,5.898149968147282E9,5.024410051345831E9,9.032379990577705E9,1.1070220234870909E10,3.096368979263306E10,1.567173006057739E10,1.554398016738892E10,1.6464770500183107E10,8.379689895629883E9,7.207649977684031E9,7.809159919738765E9,9.693130020141611E9,1.5744989990234386E10,1.6058960166931158E10,1.6623559562683123E10,2.298426025390626E10,2.4600949554443363E10,2.8253610122680683E10,2.4221039688110367E10,2.4845969726562508E10,2.8951530029296894E10,,
datastructure,WB.DATA360:DS_DATA360(1.3),I,A,KHM,WB_WDI_DT_ODA_ALLD_KD,_T,_T,_T,USD_K_2021,_Z,_Z,_Z,_Z,CUR,2,WB_WDI,P1Y,0,A,PU,Annual,Cambodia,Net official development assistance and official aid received (constant 2021 US$),Total,All age ranges or no breakdown by age,Total,"US dollars, 2021 constant prices",Not Applicable,Not Applicable,Not Applicable,Not Applicable,Currency,Two,World Development Indicators (WDI),Annual,Units,Normal value,Public,2.1893853759765598E8,1.9801727294921902E8,1.73524536132813E8,1.8395524597168E8,9.84067916870117E7,7.42620544433594E7,8.80697937011719E7,1.01227844238281E8,7.13844985961914E7,8.71790771484375E7,1.32079345703125E8,2.4323129272460902E8,3.7119467163085896E8,7.44334655761719E8,1.46354992675781E9,3.56838806152344E8,2732597.11265564,1101539.0157699601,680853.009223938,3.07919677734375E8,6.79980346679688E8,2.92277282714844E8,9.60934600830078E7,1.04586555480957E8,6.04723968505859E7,3.95864410400391E7,3.4908721923828095E7,3.34802169799805E7,3.89591598510742E7,4.5187347412109405E7,7.1270866394043E7,1.4681822204589802E8,2.93683776855469E8,4.3016439819335896E8,4.0333068847656304E8,5.96461486816406E8,5.04513153076172E8,4.6131604003906304E8,4.407451171875E8,3.61144348144531E8,4.9861245727539104E8,5.34368347167969E8,5.9610400390625E8,5.60278381347656E8,4.88658935546875E8,5.33712585449219E8,5.47968811035156E8,6.90067138671875E8,6.28916931152344E8,6.63379699707031E8,6.496103515625E8,6.51445556640625E8,7.66222717285156E8,7.90479125976563E8,7.97194030761719E8,7.56306335449219E8,7.97708312988281E8,9.08426696777344E8,8.09774108886719E8,1.02519152832031E9,1.407501953125E9,1.29031311035156E9,1.5820244140625E9,1.58126062011719E9
datastructure,WB.DATA360:DS_DATA360(1.3),I,A,HRV,WB_WDI_DT_ODA_ALLD_KD,_T,_T,_T,USD_K_2021,_Z,_Z,_Z,_Z,CUR,2,WB_WDI,P1Y,0,A,PU,Annual,Croatia,Net official development assistance and official aid received (constant 2021 US$),Total,All age ranges or no breakdown by age,Total,"US dollars, 2021 constant prices",Not Applicable,Not Applicable,Not Applicable,Not Applicable,Currency,Two,World Development Indicators (WDI),Annual,Units,Normal value,Public,,,,,,,,,,,,,,,,,,,,,,,,,,,,,,,,,12543.9995899796,,1.64152465820313E8,7.57320785522461E7,1.8195796203613302E8,6.66340408325195E7,6.89179840087891E7,7.97373733520508E7,1.1288242340087901E8,1.92200653076172E8,2.1121844482421902E8,1.77481674194336E8,1.63962875366211E8,1.5573603820800802E8,2.4044979858398402E8,1.8028950500488302E8,2.4248736572265598E8,1.7364225769043E8,1.5951432800293E8,259999.990463257,,,,,,,,,,,,
datastructure,WB.DATA360:DS_DATA360(1.3),I,A,AZE,WB_WDI_DT_ODA_ALLD_KD,_T,_T,_T,USD_K_2021,_Z,_Z,_Z,_Z,CUR,2,WB_WDI,P1Y,0,A,PU,Annual,Azerbaijan,Net official development assistance and official aid received (constant 2021 US$),Total,All age ranges or no breakdown by age,Total,"US dollars, 2021 constant prices",Not Applicable,Not Applicable,Not Applicable,Not Applicable,Currency,Two,World Development Indicators (WDI),Annual,Units,Normal value,Public,,,,,,,,,,,,,,,,,,,,,,,,,,,,,,,,375014.990568161,1.07385931015015E7,3.68107299804688E7,2.3622297668457E8,1.6490739440918E8,1.3735459899902302E8,2.7008511352539104E8,1.80687240600586E8,2.52666915893555E8,1.98381713867188E8,3.01211883544922E8,4.6167959594726604E8,3.8489001464843804E8,2.28550415039063E8,2.60483154296875E8,2.46490310668945E8,2.36587387084961E8,2.3740376281738302E8,2.37326248168945E8,1.3742414855957E8,2.5181390380859402E8,2.36174346923828E8,-8.81091537475586E7,2.01146209716797E8,7.4457893371582E7,7.52373886108398E7,1.28525848388672E8,8.63003692626953E7,1.33125152587891E8,1.38112289428711E8,2.55781059265137E7,5.6823394775390595E7,1.23224662780762E8
datastructure,WB.DATA360:DS_DATA360(1.3),I,A,TUV,WB_WDI_DT_ODA_ALLD_KD,_T,_T,_T,USD_K_2021,_Z,_Z,_Z,_Z,CUR,2,WB_WDI,P1Y,0,A,PU,Annual,Tuvalu,Net official development assistance and official aid received (constant 2021 US$),Total,All age ranges or no breakdown by age,Total,"US dollars, 2021 constant prices",Not Applicable,Not Applicable,Not Applicable,Not Applicable,Currency,Two,World Development Indicators (WDI),Annual,Units,Normal value,Public,,,,,,,,,,,,,,,,201349.00510311098,1.54974279403687E7,1.1319991111755399E7,1.0697904586792E7,1.31111726760864E7,1.27270812988281E7,1.32234888076782E7,1.62242527008057E7,1.21150369644165E7,1.67196521759033E7,1.04560604095459E7,1.19504499435425E7,6.09982719421387E7,2.64895267486572E7,1.08252115249634E7,8833062.17193604,9071947.09777832,1.20543336868286E7,8150818.82476807,1.08185329437256E7,1.18454637527466E7,1.31522159576416E7,1.1246441841125501E7,9638684.27276611,7391410.82763672,8036210.060119631,1.23234300613403E7,1.51590232849121E7,8744537.35351563,1.1189517974853499E7,1.16861200332642E7,1.53000955581665E7,1.18725366592407E7,1.6327350616455099E7,1.51534585952759E7,1.21526641845703E7,3.01056118011475E7,2.21815204620361E7,2.51549682617188E7,3.26885566711426E7,5.3839508056640595E7,2.75403270721436E7,3.13369541168213E7,2.92934722900391E7,3.9716705322265595E7,4.6393604278564505E7,3.52575721740723E7,6.5802635192871094E7,6.83411102294922E7
datastructure,WB.DATA360:DS_DATA360(1.3),I,A,ABW,WB_WDI_DT_ODA_ALLD_KD,_T,_T,_T,USD_K_2021,_Z,_Z,_Z,_Z,CUR,2,WB_WDI,P1Y,0,A,PU,Annual,Aruba,Net official development assistance and official aid received (constant 2021 US$),Total,All age ranges or no breakdown by age,Total,"US dollars, 2021 constant prices",Not Applicable,Not Applicable,Not Applicable,Not Applicable,Currency,Two,World Development Indicators (WDI),Annual,Units,Normal value,Public,,,,,,,,,,,,,,,,,,,,,,,,,,4.2126495361328095E7,1.04198600769043E8,4.48600196838379E7,3.98699111938477E7,5.3181613922119096E7,5.52991600036621E7,4.59647674560547E7,5.0673095703125E7,4.34440383911133E7,3.05423240661621E7,3.71285629272461E7,2.9611976623535197E7,4.25112915039063E7,1.9023832321167E7,-1.28100624084473E7,2.11800003051758E7,-3079999.92370605,1.75300006866455E7,1.0411000061035201E8,-1.38800001144409E7,,,,,,,,,,,,,,,,,,,
datastructure,WB.DATA360:DS_DATA360(1.3),I,A,SDN,WB_WDI_DT_ODA_ALLD_KD,_T,_T,_T,USD_K_2021,_Z,_Z,_Z,_Z,CUR,2,WB_WDI,P1Y,0,A,PU,Annual,Sudan,Net official development assistance and official aid received (constant 2021 US$),Total,All age ranges or no breakdown by age,Total,"US dollars, 2021 constant prices",Not Applicable,Not Applicable,Not Applicable,Not Applicable,Currency,Two,World Development Indicators (WDI),Annual,Units,Normal value,Public,2.42948745727539E8,1.0003182220459E8,5.99182357788086E7,1.1876113128662099E8,1.6974165344238302E8,2.1005696105957E8,2.8407406616210896E8,1.11660415649414E8,2.5128065490722698E8,6.57869110107422E7,5.77912788391113E7,6.28305206298828E7,3.7530603027343804E8,1.9403890991210902E8,9.58867492675781E8,1.1904716796875E9,1.04731994628906E9,1.1045595703125E9,1.16852026367188E9,1.9105361328125E9,1.72062145996094E9,1.70193786621094E9,2.04858959960938E9,2.61484106445313E9,1.70944201660156E9,3.10104174804688E9,2.1625556640625E9,1.72328833007813E9,1.70176062011719E9,1.38868603515625E9,1.42606115722656E9,1.37877062988281E9,7.93944641113281E8,6.97876647949219E8,6.10745971679688E8,3.17999298095703E8,3.03806610107422E8,2.20865692138672E8,3.39069305419922E8,4.0060803222656304E8,3.6933068847656304E8,3.3404385375976604E8,4.98851104736328E8,9.00033874511719E8,1.35961755371094E9,2.42956713867188E9,2.58153295898438E9,2.4735263671875E9,2.87987133789063E9,2.772513671875E9,2.28123876953125E9,1.90620349121094E9,1.48040686035156E9,1.70326013183594E9,9.33295593261719E8,1.12064282226563E9,9.44531799316406E8,9.85312133789063E8,1.07163842773438E9,1.72394360351563E9,2.55766674804688E9,3.93560546875E9,1.61810778808594E9,1.39006323242188E9
datastructure,WB.DATA360:DS_DATA360(1.3),I,A,MEX,WB_WDI_DT_ODA_ALLD_KD,_T,_T,_T,USD_K_2021,_Z,_Z,_Z,_Z,CUR,2,WB_WDI,P1Y,0,A,PU,Annual,Mexico,Net official development assistance and official aid received (constant 2021 US$),Total,All age ranges or no breakdown by age,Total,"US dollars, 2021 constant prices",Not Applicable,Not Applicable,Not Applicable,Not Applicable,Currency,Two,World Development Indicators (WDI),Annual,Units,Normal value,Public,5.81633682250977E7,6.58551025390625E8,2.9986849975585896E8,3.66001434326172E7,-1.25954795837402E8,3.81479705810547E8,2.58999847412109E8,2.7167105102539104E8,1.91009399414063E8,1.4303428649902302E8,2.2142741394043E8,1.20142425537109E8,1.31194854736328E8,6.74062347412109E7,1.0471470642089799E8,8.53011932373047E7,7.8843620300293E7,5.8758575439453095E7,4.63004913330078E7,1.79254165649414E8,1.6119549560546902E8,2.83073486328125E8,3.9727841186523396E8,3.6910852050781304E8,2.33440414428711E8,3.87716491699219E8,5.21310424804688E8,3.29540496826172E8,3.0707284545898396E8,1.98768829345703E8,2.7947640991210896E8,4.30356475830078E8,4.5951504516601604E8,6.61887817382813E8,5.55212158203125E8,3.45617004394531E8,2.93596466064453E8,1.44086700439453E8,8.60326080322266E7,9.33249664306641E7,1.41141910552979E7,1.7567924499511698E8,2.2381695556640598E8,1.67543869018555E8,1.7882220458984402E8,2.79175994873047E8,3.2836972045898396E8,1.6160044860839802E8,2.05120147705078E8,2.5352230834960902E8,5.32893859863281E8,1.09260534667969E9,5.0616372680664104E8,6.36286010742188E8,8.88241027832031E8,4.323935546875E8,9.66145080566406E8,8.77911682128906E8,6.24031677246094E8,6.01272705078125E8,8.32834350585938E8,5.79057067871094E8,5.22471801757813E8,4.51662292480469E8
datastructure,WB.DATA360:DS_DATA360(1.3),I,A,SWZ,WB_WDI_DT_ODA_ALLD_KD,_T,_T,_T,USD_K_2021,_Z,_Z,_Z,_Z,CUR,2,WB_WDI,P1Y,0,A,PU,Annual,Eswatini,Net official development assistance and official aid received (constant 2021 US$),Total,All age ranges or no breakdown by age,Total,"US dollars, 2021 constant prices",Not Applicable,Not Applicable,Not Applicable,Not Applicable,Currency,Two,World Development Indicators (WDI),Annual,Units,Normal value,Public,9.76018600463867E7,1.2695001983642599E8,6.83751754760742E7,6.6132865905761704E7,1.29636810302734E8,1.4630557250976598E8,9.62924423217773E7,8.52100601196289E7,7.65619125366211E7,8.95790786743164E7,4.66034049987793E7,1.16288728713989E7,5.34973831176758E7,6.00126724243164E7,7.37910308837891E7,5.83299407958984E7,5.39699745178223E7,1.1498484039306599E8,1.44606689453125E8,1.39774185180664E8,1.2615541076660201E8,9.09270324707031E7,7.10686492919922E7,8.93751678466797E7,8.22305908203125E7,6.47053146362305E7,7.70134735107422E7,9.17555694580078E7,7.59427871704102E7,6.17941360473633E7,9.403045654296881E7,8.79646911621094E7,8.77635116577148E7,8.80170593261719E7,8.41453018188477E7,7.98591156005859E7,4.34065361022949E7,3.69209518432617E7,5.08265533447266E7,4.0933258056640595E7,1.75345306396484E7,4.69988403320313E7,3.2809410095214803E7,4.4621150970459E7,2.5388626098632798E7,4.87928924560547E7,3.78701248168945E7,5.44447708129883E7,7.47238311767578E7,6.37477912902832E7,1.0176050567627E8,1.3467611694335902E8,1.0567630004882799E8,1.30442199707031E8,9.85338592529297E7,1.11626449584961E8,1.7698408508300802E8,1.7332392883300802E8,1.3708457946777302E8,8.1011848449707E7,1.18572662353516E8,1.32511352539063E8,1.0155734252929701E8,1.10430183410645E8
datastructure,WB.DATA360:DS_DATA360(1.3),I,A,MIC,WB_WDI_DT_ODA_ALLD_KD,_T,_T,_T,USD_K_2021,_Z,_Z,_Z,_Z,CUR,2,WB_WDI,P1Y,0,A,PU,Annual,Middle income,Net official development assistance and official aid received (constant 2021 US$),Total,All age ranges or no breakdown by age,Total,"US dollars, 2021 constant prices",Not Applicable,Not Applicable,Not Applicable,Not Applicable,Currency,Two,World Development Indicators (WDI),Annual,Units,Normal value,Public,2.294958984375E10,2.8642689453125E10,2.69945703125E10,2.8602609375E10,2.9646970703125E10,3.1532859375E10,3.1673490234375E10,3.17859296875E10,2.81817890625E10,2.6621810546875E10,2.8302208984375E10,2.9090458984375E10,2.6634240234375E10,3.032805078125E10,3.70360390625E10,4.332548046875E10,4.1027078125E10,3.708055078125E10,3.899103125E10,3.890998828125E10,4.467023046875E10,4.469905078125E10,4.306846875E10,4.0240640625E10,4.15652578125E10,4.23744296875E10,4.055851953125E10,3.90748984375E10,3.9468359375E10,4.207028125E10,5.310962811279297E10,5.589774780273438E10,5.203495092773438E10,5.037260009765625E10,5.072390991210938E10,4.349785107421875E10,4.244942163085938E10,3.936121875E10,4.417725122070313E10,4.72086484375E10,4.448074951171875E10,4.912535180664063E10,5.144035864257813E10,4.801850927734375E10,5.0974630859375E10,7.72135E10,6.76906015625E10,5.674794140625E10,5.930891015625E10,5.9336328125E10,5.889533203125E10,5.944573828125E10,6.019816796875E10,6.7649171875E10,6.5489890625E10,6.827690625E10,7.02518203125E10,6.9897421875E10,6.390769921875E10,6.363596875E10,8.206465625E10,7.80081640625E10,,
datastructure,WB.DATA360:DS_DATA360(1.3),I,A,GHA,WB_WDI_DT_ODA_ALLD_KD,_T,_T,_T,USD_K_2021,_Z,_Z,_Z,_Z,CUR,2,WB_WDI,P1Y,0,A,PU,Annual,Ghana,Net official development assistance and official aid received (constant 2021 US$),Total,All age ranges or no breakdown by age,Total,"US dollars, 2021 constant prices",Not Applicable,Not Applicable,Not Applicable,Not Applicable,Currency,Two,World Development Indicators (WDI),Annual,Units,Normal value,Public,2.48371295928955E7,2.46844711303711E7,4.35389633178711E7,1.4482206726074198E8,1.67187286376953E8,3.55084259033203E8,4.40088409423828E8,3.5180166625976604E8,4.74690460205078E8,5.01891906738281E8,4.1345468139648396E8,3.74680908203125E8,3.3903701782226604E8,2.13761703491211E8,1.6192388916015598E8,5.07138885498047E8,2.49112380981445E8,3.29966827392578E8,3.60476104736328E8,4.8642907714843804E8,4.88929382324219E8,3.92494659423828E8,3.9595761108398396E8,3.02533935546875E8,6.08926635742188E8,5.35340270996094E8,8.02990600585938E8,7.87905151367188E8,9.99613586425781E8,1.23339099121094E9,8.73606506347656E8,1.32055322265625E9,8.86947814941406E8,9.23669738769531E8,7.3187841796875E8,8.11093872070313E8,8.47925415039063E8,6.99566040039063E8,9.69731750488281E8,8.45776977539063E8,8.77753295898438E8,1.05645068359375E9,1.0786552734375E9,1.35364477539063E9,1.72028955078125E9,1.39991040039063E9,1.46084802246094E9,1.26220520019531E9,1.36348876953125E9,1.73058215332031E9,1.50316369628906E9,1.91633361816406E9,1.89070385742188E9,1.37171447753906E9,1.16787524414063E9,2.05098803710938E9,1.54118005371094E9,1.44200744628906E9,1.17100073242188E9,1.01798266601563E9,2.38666040039063E9,1.27535131835938E9,1.09194616699219E9,1.571978515625E9
datastructure,WB.DATA360:DS_DATA360(1.3),I,A,VNM,WB_WDI_DT_ODA_ALLD_KD,_T,_T,_T,USD_K_2021,_Z,_Z,_Z,_Z,CUR,2,WB_WDI,P1Y,0,A,PU,Annual,Vietnam,Net official development assistance and official aid received (constant 2021 US$),Total,All age ranges or no breakdown by age,Total,"US dollars, 2021 constant prices",Not Applicable,Not Applicable,Not Applicable,Not Applicable,Currency,Two,World Development Indicators (WDI),Annual,Units,Normal value,Public,1.52478869628906E9,1.33778942871094E9,1.38892333984375E9,1.7387890625E9,1.84486853027344E9,2.31611767578125E9,3.70825732421875E9,3.222279296875E9,3.02984814453125E9,2.96274633789063E9,2.66817724609375E9,2.69958740234375E9,3.17870263671875E9,2.43209741210938E9,3.27398803710938E9,1.54557983398438E9,7.76909423828125E8,9.21751647949219E8,1.21700817871094E9,9.55236511230469E8,6.03118896484375E8,6.58606140136719E8,6.37315368652344E8,3.8975796508789104E8,4.00478057861328E8,4.00783752441406E8,3.94782440185547E8,2.28140853881836E8,2.67108734130859E8,2.06439666748047E8,2.62290405273438E8,3.2532666015625E8,6.39616271972656E8,3.9867764282226604E8,1.29267687988281E9,9.21727294921875E8,1.18116345214844E9,1.13982641601563E9,1.36971337890625E9,1.40086389160156E9,1.63331066894531E9,1.75569152832031E9,1.46430004882813E9,1.8785517578125E9,1.81431701660156E9,1.83016772460938E9,1.82882458496094E9,2.41717651367188E9,2.25194995117188E9,3.18414990234375E9,1.72589001464844E9,2.96646044921875E9,3.59793701171875E9,3.86365063476563E9,4.01596826171875E9,3.37558959960938E9,2.96512353515625E9,2.44348852539063E9,1.73114904785156E9,1.16722900390625E9,1.25035107421875E9,5.75741943359375E8,6.5107002258300796E7,8.3118798828125E8
datastructure,WB.DATA360:DS_DATA360(1.3),I,A,KAZ,WB_WDI_DT_ODA_ALLD_KD,_T,_T,_T,USD_K_2021,_Z,_Z,_Z,_Z,CUR,2,WB_WDI,P1Y,0,A,PU,Annual,Kazakhstan,Net official development assistance and official aid received (constant 2021 US$),Total,All age ranges or no breakdown by age,Total,"US dollars, 2021 constant prices",Not Applicable,Not Applicable,Not Applicable,Not Applicable,Currency,Two,World Development Indicators (WDI),Annual,Units,Normal value,Public,,,,,,,,,,,,,,,,,,,,,,,,,,,,,,,,1.8089326477050802E8,1.76522808074951E7,2.61912899017334E7,8.28192901611328E7,7.92334365844727E7,1.8320982360839802E8,1.6695088195800802E8,2.72464782714844E8,2.1804989624023402E8,2.33261688232422E8,2.1615234375E8,2.85808349609375E8,3.3627627563476604E8,2.91679443359375E8,2.4905166625976598E8,2.0528062438964802E8,2.87722625732422E8,3.7328091430664104E8,3.15683837890625E8,2.13994354248047E8,2.0469563293457E8,1.35164566040039E8,8.958087158203131E7,9.97825546264648E7,9.97499160766602E7,8.25508804321289E7,7.85651092529297E7,1.01895942687988E8,7.5778564453125E7,9.88453598022461E7,7.327581787109381E7,8.6156005859375E7,7.90822906494141E7
datastructure,WB.DATA360:DS_DATA360(1.3),I,A,WLD,WB_WDI_DT_ODA_ALLD_KD,_T,_T,_T,USD_K_2021,_Z,_Z,_Z,_Z,CUR,2,WB_WDI,P1Y,0,A,PU,Annual,World,Net official development assistance and official aid received (constant 2021 US$),Total,All age ranges or no breakdown by age,Total,"US dollars, 2021 constant prices",Not Applicable,Not Applicable,Not Applicable,Not Applicable,Currency,Two,World Development Indicators (WDI),Annual,Units,Normal value,Public,3.397283203125E10,4.088996875E10,4.016401953125E10,4.258421875E10,4.14928515625E10,4.488875E10,4.416955859375E10,4.440780859375E10,3.896651953125E10,3.7830609375E10,4.108269140625E10,4.380458984375E10,4.231476953125E10,4.9561640625E10,6.03873984375E10,6.83727578125E10,6.401698828125E10,6.148908984375E10,7.18252421875E10,7.2508796875E10,7.97375E10,7.9456140625E10,7.38735625E10,7.1055640625E10,7.5248E10,7.90629375E10,7.62605390625E10,7.30962734375E10,7.27301796875E10,7.51224765625E10,8.964330249023438E10,9.79020791015625E10,8.77213486328125E10,8.276024267578125E10,8.6941203125E10,7.847961328125E10,7.53305703125E10,7.268126953125E10,7.91549013671875E10,8.00499306640625E10,8.06006279296875E10,8.59795419921875E10,9.6348806640625E10,9.83116123046875E10,1.023798828125E11,1.231268359375E11,1.1763178125E11,1.09914671875E11,1.2250528125E11,1.2621884375E11,1.291796953125E11,1.32120984375E11,1.290784921875E11,1.44090296875E11,1.5343615625E11,1.55085421875E11,1.6805434375E11,1.71318375E11,1.67409671875E11,1.6635384375E11,1.932424375E11,1.90067796875E11,,
datastructure,WB.DATA360:DS_DATA360(1.3),I,A,ARG,WB_WDI_DT_ODA_ALLD_KD,_T,_T,_T,USD_K_2021,_Z,_Z,_Z,_Z,CUR,2,WB_WDI,P1Y,0,A,PU,Annual,Argentina,Net official development assistance and official aid received (constant 2021 US$),Total,All age ranges or no breakdown by age,Total,"US dollars, 2021 constant prices",Not Applicable,Not Applicable,Not Applicable,Not Applicable,Currency,Two,World Development Indicators (WDI),Annual,Units,Normal value,Public,2.64795318603516E8,3.81292022705078E8,4.26919494628906E8,2.60181182861328E8,-1921867.0129776,-4.4107333374023396E8,-1.2021276855468799E8,6.6357719421386704E7,-3.13536434173584E7,5.75738716125488E7,-2.64259243011475E7,3.66855621337891E7,1.32032518386841E7,6.74151229858398E7,7.22330627441406E7,4.65003662109375E7,5.4314113616943404E7,5.48460540771484E7,4.58936157226563E7,6.88549346923828E7,1.0159779357910201E8,9.40287017822266E7,8.22086639404297E7,9.514990234375E7,9.04362258911133E7,1.10254280090332E8,1.5437872314453098E8,1.4521903991699198E8,2.4231309509277302E8,3.50846435546875E8,2.59850067138672E8,4.0163879394531304E8,3.60497131347656E8,3.743310546875E8,2.4102520751953098E8,1.7309698486328098E8,1.6031553649902302E8,1.3620390319824198E8,9.84393692016602E7,9.64898986816406E7,8.67284622192383E7,2.69518524169922E8,1.5944345092773402E8,1.6268597412109402E8,1.17969955444336E8,1.1019430541992201E8,1.31892776489258E8,9.5790397644043E7,1.2582907104492201E8,1.17144836425781E8,1.15441986083984E8,9.78994293212891E7,1.8753018188476598E8,3.74727554321289E7,4.94900703430176E7,-2.44633102416992E7,6454796.79107666,1143874.04918671,8.54834213256836E7,1.6726140975952098E7,1.11248207092285E8,1.5801904296875E8,4.1153720092773396E8,2.59022705078125E8
datastructure,WB.DATA360:DS_DATA360(1.3),I,A,HUN,WB_WDI_DT_ODA_ALLD_KD,_T,_T,_T,USD_K_2021,_Z,_Z,_Z,_Z,CUR,2,WB_WDI,P1Y,0,A,PU,Annual,Hungary,Net official development assistance and official aid received (constant 2021 US$),Total,All age ranges or no breakdown by age,Total,"US dollars, 2021 constant prices",Not Applicable,Not Applicable,Not Applicable,Not Applicable,Currency,Two,World Development Indicators (WDI),Annual,Units,Normal value,Public,,,,,,,,,,,,,,,,,,,,,,,,,,,,,,,1.1106999969482401E8,1.02388000488281E9,3.38529998779297E8,2.5280999755859402E8,2.9841000366210896E8,-3.40450012207031E8,2.70029998779297E8,2.48779998779297E8,3.50989990234375E8,4.11779998779297E8,4.44820007324219E8,7.4652001953125E8,2.63579986572266E8,3.3767001342773396E8,3.68510009765625E8,,,,,,,,,,,,,,,,,,,
datastructure,WB.DATA360:DS_DATA360(1.3),I,A,KOR,WB_WDI_DT_ODA_ALLD_KD,_T,_T,_T,USD_K_2021,_Z,_Z,_Z,_Z,CUR,2,WB_WDI,P1Y,0,A,PU,Annual,"Korea, Rep.",Net official development assistance and official aid received (constant 2021 US$),Total,All age ranges or no breakdown by age,Total,"US dollars, 2021 constant prices",Not Applicable,Not Applicable,Not Applicable,Not Applicable,Currency,Two,World Development Indicators (WDI),Annual,Units,Normal value,Public,1.98649133300781E9,1.79632434082031E9,1.82568518066406E9,2.0117744140625E9,1.27907788085938E9,1.66113208007813E9,1.67368872070313E9,1.81912536621094E9,1.61403344726563E9,2.17559399414063E9,1.67975500488281E9,1.87443395996094E9,1.93760009765625E9,1.22504565429688E9,9.39514099121094E8,9.48300476074219E8,8.53648193359375E8,7.73036804199219E8,4.52553894042969E8,3.31589813232422E8,3.05813293457031E8,6.03908630371094E8,9.31972961425781E7,3.76454048156738E7,-3.64015312194824E7,-4699071.88415527,-2.61906604766846E7,7842778.20587158,-2992399.93095398,5.44062080383301E7,3.98281784057617E7,4.81985931396484E7,-3.47703399658203E7,-5.83235206604004E7,-1.0967374420166E8,8424202.91900635,-1.4609657287597698E8,-1.5333415222168E8,-5.49424057006836E7,-5.40088233947754E7,-1.79509994506836E8,-1.24839996337891E8,-9.925E7,-4.7435998535156304E8,-7.88300018310547E7,,,,,,,,,,,,,,,,,,,
datastructure,WB.DATA360:DS_DATA360(1.3),I,A,LVA,WB_WDI_DT_ODA_ALLD_KD,_T,_T,_T,USD_K_2021,_Z,_Z,_Z,_Z,CUR,2,WB_WDI,P1Y,0,A,PU,Annual,Latvia,Net official development assistance and official aid received (constant 2021 US$),Total,All age ranges or no breakdown by age,Total,"US dollars, 2021 constant prices",Not Applicable,Not Applicable,Not Applicable,Not Applicable,Currency,Two,World Development Indicators (WDI),Annual,Units,Normal value,Public,,,,,,,,,,,,,,,,,,,,,,,,,,,,,,,,5289999.96185303,1.2386000061035201E8,5.18899993896484E7,8.14100036621094E7,8.59100036621094E7,9.894000244140631E7,1.22059997558594E8,1.49970001220703E8,1.5655000305175802E8,1.5885000610351598E8,1.88619995117188E8,1.2598000335693401E8,1.55470001220703E8,1.9832000732421902E8,,,,,,,,,,,,,,,,,,,
datastructure,WB.DATA360:DS_DATA360(1.3),I,A,MHL,WB_WDI_DT_ODA_ALLD_KD,_T,_T,_T,USD_K_2021,_Z,_Z,_Z,_Z,CUR,2,WB_WDI,P1Y,0,A,PU,Annual,Marshall Islands,Net official development assistance and official aid received (constant 2021 US$),Total,All age ranges or no breakdown by age,Total,"US dollars, 2021 constant prices",Not Applicable,Not Applicable,Not Applicable,Not Applicable,Currency,Two,World Development Indicators (WDI),Annual,Units,Normal value,Public,,,,,,,,,,,,,,,,,,,,,,,,,,,,,,,,431149.98936653096,4894780.15899658,5.1154956817627005E7,8.25043792724609E7,5.34468307495117E7,1.1052218627929701E8,8.79391174316406E7,6.59164199829102E7,9.28762512207031E7,7.72267990112305E7,1.08515151977539E8,8.70586166381836E7,8.02475662231445E7,7.26435317993164E7,7.70375442504883E7,7.84939193725586E7,7.33790664672852E7,7.1023063659668E7,7.78731231689453E7,2.40379962921143E7,1.07068542480469E8,9.99042892456055E7,1.1139805603027299E8,6.71343154907227E7,6.92810592651367E7,1.3825457572936999E7,8.551251220703131E7,6.2659393310546905E7,7.3059944152832E7,2.02645538330078E8,1.1664841461181599E8,1.4495576477050802E8,1.26128410339355E8
datastructure,WB.DATA360:DS_DATA360(1.3),I,A,ECA,WB_WDI_DT_ODA_ALLD_KD,_T,_T,_T,USD_K_2021,_Z,_Z,_Z,_Z,CUR,2,WB_WDI,P1Y,0,A,PU,Annual,Europe & Central Asia (excluding high income),Net official development assistance and official aid received (constant 2021 US$),Total,All age ranges or no breakdown by age,Total,"US dollars, 2021 constant prices",Not Applicable,Not Applicable,Not Applicable,Not Applicable,Currency,Two,World Development Indicators (WDI),Annual,Units,Normal value,Public,1.49545001220703E9,2.72419995117188E9,2.78317004394531E9,2.671E9,1.7987499389648402E9,1.80064001464844E9,2.22658001708984E9,1.41850001144409E9,1.16601000976563E9,1.20462997436523E9,8.36259963989258E8,1.1479099855423E9,1.37141999816895E9,9.61379974365234E8,4.19E8,2.91400001525879E8,6.34419990539551E8,3.1569999504089403E8,3.0866000366210896E8,1.38471998596191E9,2.21051998901367E9,1.78583994293213E9,1.56153003883362E9,8.87660007476807E8,6.01659970283508E8,5.05530004501343E8,7.4306999206543E8,6.57120018005371E8,4.84210008621216E8,3.13480004806072E8,2.896699946898969E9,7.00558999101258E9,5.8886099909544E9,8.575130137443541E9,7.891880096435551E9,7.66033996963501E9,7.30260000610351E9,6.776369959354401E9,8.12513001537323E9,1.056320977830886E10,1.036469983386994E10,1.0023029980659481E10,1.202185994005203E10,8.62178000888229E9,8.783410033255821E9,5.471499998092649E9,6.62367001724243E9,5.88995001792908E9,6.78438998222351E9,7.55128993034363E9,6.98755997085571E9,9.64573997974396E9,9.68186997079849E9,8.457730035066599E9,9.71170008563995E9,9.14816001033783E9,1.0493259958267199E10,1.02758300952911E10,8.221490032196039E9,7.48408006954193E9,1.0809940140724201E10,9.19950004422665E9,,
datastructure,WB.DATA360:DS_DATA360(1.3),I,A,BHR,WB_WDI_DT_ODA_ALLD_KD,_T,_T,_T,USD_K_2021,_Z,_Z,_Z,_Z,CUR,2,WB_WDI,P1Y,0,A,PU,Annual,Bahrain,Net official development assistance and official aid received (constant 2021 US$),Total,All age ranges or no breakdown by age,Total,"US dollars, 2021 constant prices",Not Applicable,Not Applicable,Not Applicable,Not Applicable,Currency,Two,World Development Indicators (WDI),Annual,Units,Normal value,Public,998220.026493073,1.04332675933838E7,1.44339351654053E7,6760290.14587402,5931847.0954895,8484478.95050049,7.44798278808594E7,453377.00843811,2084858.89434814,1261075.9735107399,6971335.88790894,3.05033378601074E7,1.7171169281005897E7,7.23551864624023E7,1.7294451904296902E8,1.04836875915527E8,6.36713745117188E8,1.7315435791015598E8,2.64005615234375E8,3.7165170288085896E8,5.22417663574219E8,5.11583465576172E8,4.1479281616210896E8,6.76554138183594E8,5.69668212890625E8,1.99342269897461E8,2.1976016235351598E8,1.63784503936768E7,-5074786.18621826,-5140850.06713867,2.19857177734375E8,1.4545176696777302E8,1.1676681518554701E8,1.6718246459960902E8,1.35710174560547E8,1.26188049316406E8,1.7934901428222698E8,2.1639662170410198E8,2.93021697998047E8,8.88206481933594E7,8.99685134887695E7,1.1231829071044901E8,9.46164245605469E7,1.8064958190918E8,7.37748107910156E7,,,,,,,,,,,,,,,,,,,
datastructure,WB.DATA360:DS_DATA360(1.3),I,A,LTE,WB_WDI_DT_ODA_ALLD_KD,_T,_T,_T,USD_K_2021,_Z,_Z,_Z,_Z,CUR,2,WB_WDI,P1Y,0,A,PU,Annual,Late-demographic dividend,Net official development assistance and official aid received (constant 2021 US$),Total,All age ranges or no breakdown by age,Total,"US dollars, 2021 constant prices",Not Applicable,Not Applicable,Not Applicable,Not Applicable,Currency,Two,World Development Indicators (WDI),Annual,Units,Normal value,Public,,,,,,,,,,,7.278250041738158E9,7.038109875202179E9,7.146699964158239E9,6.250390114277602E9,8.385759912133221E9,7.24205995094776E9,6.350289980083706E9,8.356570134907968E9,7.927229852586987E9,7.504499945059419E9,9.112120104379951E9,1.1210599964410072E10,1.0088959957480438E10,9.38091006207467E9,9.729769960284245E9,1.134611970961094E10,9.20603996872902E9,9.17982997274399E9,9.280300083875662E9,9.88813000917435E9,1.4464539947509777E10,1.718849995437265E10,1.6220809944868092E10,1.6960750002026571E10,1.7618820217251778E10,1.8541340190649033E10,1.4724529963016521E10,1.379887999004126E10,1.6788989832073456E10,1.965951979207995E10,1.91002500832081E10,1.8726410100221645E10,1.900456975877286E10,1.7267260143041626E10,1.7967430114209663E10,1.1525969974994665E10,1.27236400270462E10,1.2281340018749237E10,1.2857110055923481E10,1.3313469939231874E10,1.1527119979858406E10,1.2455039924621586E10,1.4171119960784924E10,1.254757006931305E10,1.3885930238723757E10,1.3448329878807077E10,1.300939003086091E10,1.3395019994735716E10,9.727219949722305E9,8.312819998741158E9,1.3236670042514805E10,1.1372130030561245E10,,
datastructure,WB.DATA360:DS_DATA360(1.3),I,A,FSM,WB_WDI_DT_ODA_ALLD_KD,_T,_T,_T,USD_K_2021,_Z,_Z,_Z,_Z,CUR,2,WB_WDI,P1Y,0,A,PU,Annual,"Micronesia, Fed. Sts.",Net official development assistance and official aid received (constant 2021 US$),Total,All age ranges or no breakdown by age,Total,"US dollars, 2021 constant prices",Not Applicable,Not Applicable,Not Applicable,Not Applicable,Currency,Two,World Development Indicators (WDI),Annual,Units,Normal value,Public,,,,,,,,,,,,,,,,,,,,,,,,,,,,,,,,708319.008350372,1.33917903900146E7,1.00455024719238E8,1.7079330444335902E8,1.1171435546875E8,1.9252983093261698E8,1.36562377929688E8,1.21877944946289E8,1.70686767578125E8,1.5483854675293E8,2.15574737548828E8,1.7299014282226598E8,1.71881622314453E8,1.27649085998535E8,1.5135385131835902E8,1.51188354492188E8,1.52348403930664E8,1.21155944824219E8,1.5963169860839802E8,7.49314651489258E7,1.52486892700195E8,1.78725311279297E8,1.7079801940918E8,1.4380438232421902E8,9.74259567260742E7,5.95099449157715E7,1.1543862152099599E8,1.09734382629395E8,1.03264495849609E8,1.93186553955078E8,1.4298031616210902E8,1.56732879638672E8,1.2580655670166E8
datastructure,WB.DATA360:DS_DATA360(1.3),I,A,GIB,WB_WDI_DT_ODA_ALLD_KD,_T,_T,_T,USD_K_2021,_Z,_Z,_Z,_Z,CUR,2,WB_WDI,P1Y,0,A,PU,Annual,Gibraltar,Net official development assistance and official aid received (constant 2021 US$),Total,All age ranges or no breakdown by age,Total,"US dollars, 2021 constant prices",Not Applicable,Not Applicable,Not Applicable,Not Applicable,Currency,Two,World Development Indicators (WDI),Annual,Units,Normal value,Public,5403164.86358643,9656323.43292236,4597476.0055542,-105630.002915859,4381274.22332764,1.02199411392212E7,1.6254919052124E7,2.45108509063721E7,8716128.3493042,1.29206476211548E7,2.25724391937256E7,2.94626808166504E7,2.9396183013916E7,4.10921478271484E7,3.92266502380371E7,1.50445861816406E7,1.5619688034057599E7,2.13159961700439E7,1.37529354095459E7,2.01289482116699E7,2.6076854705810502E7,1.78624401092529E7,8001009.9411010705,9490531.92138672,3.29750366210938E7,8.62168655395508E7,5.20133399963379E7,3.08999423980713E7,2.9757860183715798E7,832122.981548309,878445.982933044,3807224.9889373803,4525311.9468689,-18203.9998471737,892021.000385284,302556.991577148,-362224.01261329703,513715.982437134,297221.00496292097,40816.0015940666,59999.9986588955,1259999.9904632599,19999.9995529652,39999.9991059303,230000.004172325,,,,,,,,,,,,,,,,,,,
datastructure,WB.DATA360:DS_DATA360(1.3),I,A,NAC,WB_WDI_DT_ODA_ALLD_KD,_T,_T,_T,USD_K_2021,_Z,_Z,_Z,_Z,CUR,2,WB_WDI,P1Y,0,A,PU,Annual,North America,Net official development assistance and official aid received (constant 2021 US$),Total,All age ranges or no breakdown by age,Total,"US dollars, 2021 constant prices",Not Applicable,Not Applicable,Not Applicable,Not Applicable,Currency,Two,World Development Indicators (WDI),Annual,Units,Normal value,Public,,,,,90000.0035762787,449999.988079071,490000.009536743,500000.0,340000.00357627904,90000.0035762787,79999.9982118607,,59999.9986588955,,159999.99642372102,90000.0035762787,150000.005960464,300000.011920929,479999.989271164,389999.98569488496,649999.976158142,500000.0,170000.00178813902,180000.00715255702,209999.993443489,2970000.02861023,200000.00298023198,430000.00715255697,70000.0002980232,170000.00178813902,6.2310001373291E7,-6940000.05722046,-6559999.94277954,-6449999.80926514,-1.6079999923706101E7,-2299999.95231628,-4730000.01907349,-1.1E7,819999.992847443,119999.997317791,90000.0035762787,29999.999329447703,29999.999329447703,39999.9991059303,100000.00149011599,,,,,,,,,,,,,,,,,,,
datastructure,WB.DATA360:DS_DATA360(1.3),I,A,RUS,WB_WDI_DT_ODA_ALLD_KD,_T,_T,_T,USD_K_2021,_Z,_Z,_Z,_Z,CUR,2,WB_WDI,P1Y,0,A,PU,Annual,Russian Federation,Net official development assistance and official aid received (constant 2021 US$),Total,All age ranges or no breakdown by age,Total,"US dollars, 2021 constant prices",Not Applicable,Not Applicable,Not Applicable,Not Applicable,Currency,Two,World Development Indicators (WDI),Annual,Units,Normal value,Public,,,,,,,,,,,,,,,,,,,,,,,,,,,,,,,4.0238000488281304E8,8.86309997558594E8,2.75298999023438E9,3.75792993164063E9,2.6529599609375E9,2.5193798828125E9,1.9932099609375E9,1.39386999511719E9,1.8427900390625E9,3.04868994140625E9,2.51303002929688E9,1.7375E9,1.96919995117188E9,1.77191003417969E9,1.75958996582031E9,,,,,,,,,,,,,,,,,,,
datastructure,WB.DATA360:DS_DATA360(1.3),I,A,NIC,WB_WDI_DT_ODA_ALLD_KD,_T,_T,_T,USD_K_2021,_Z,_Z,_Z,_Z,CUR,2,WB_WDI,P1Y,0,A,PU,Annual,Nicaragua,Net official development assistance and official aid received (constant 2021 US$),Total,All age ranges or no breakdown by age,Total,"US dollars, 2021 constant prices",Not Applicable,Not Applicable,Not Applicable,Not Applicable,Currency,Two,World Development Indicators (WDI),Annual,Units,Normal value,Public,6.5989646911621094E7,7.3536376953125E7,5.77836761474609E7,5.96456985473633E7,7.055377197265631E7,6.89300765991211E7,9.09591217041016E7,7.91428527832031E7,7.5963005065918E7,1.03490348815918E8,1.37571304321289E8,8.86251220703125E7,6.30657730102539E7,1.41689529418945E8,1.4262129211425802E8,1.1489997100830099E8,1.0771723937988299E8,9.02486572265625E7,1.0298954772949201E8,2.3563169860839802E8,5.0441931152343804E8,2.7202182006835896E8,2.76377014160156E8,2.74219055175781E8,3.1948840332031304E8,3.08858428955078E8,3.43289733886719E8,2.8606851196289104E8,4.08911926269531E8,4.42994384765625E8,5.79764038085938E8,1.37564428710938E9,9.31092407226563E8,4.9126806640625E8,8.19753540039063E8,7.49868225097656E8,1.16655004882813E9,5.2446240234375E8,7.80769348144531E8,8.996728515625E8,7.76400390625E8,1.441384765625E9,6.5973486328125E8,1.02704956054688E9,1.38941918945313E9,8.09561157226563E8,7.44580627441406E8,8.01193115234375E8,6.91005981445313E8,7.1333642578125E8,4.82813232421875E8,5.32340576171875E8,5.49503723144531E8,5.03551696777344E8,4.4201962280273396E8,5.2889697265625E8,4.95481384277344E8,6.32681213378906E8,3.7940200805664104E8,4.24264099121094E8,4.9760433959960896E8,7.6546875E8,1.1825419921875E9,5.81782470703125E8
datastructure,WB.DATA360:DS_DATA360(1.3),I,A,TCA,WB_WDI_DT_ODA_ALLD_KD,_T,_T,_T,USD_K_2021,_Z,_Z,_Z,_Z,CUR,2,WB_WDI,P1Y,0,A,PU,Annual,Turks and Caicos Islands,Net official development assistance and official aid received (constant 2021 US$),Total,All age ranges or no breakdown by age,Total,"US dollars, 2021 constant prices",Not Applicable,Not Applicable,Not Applicable,Not Applicable,Currency,Two,World Development Indicators (WDI),Annual,Units,Normal value,Public,,,,,,,,,,,,,,,1.41987800598145E7,1.60994033813477E7,1.9810604095459E7,1.64765510559082E7,1.07778148651123E7,7099167.8237915,8018029.21295166,1.7120315551757798E7,2.6508386611938503E7,1.8863843917846702E7,2.02942295074463E7,1.6298053741455099E7,2.19576358795166E7,2.0214305877685502E7,1.45172986984253E7,1.62403678894043E7,1.86108627319336E7,2.62442111968994E7,2.13763942718506E7,1.7748340606689498E7,2.48284759521484E7,8259957.3135375995,6034706.11572266,5830770.96939087,8341330.528259279,1.05212182998657E7,9813404.08325195,1.02243928909302E7,6023053.16925049,2928237.9150390597,3798125.98228455,6230827.80838013,-506385.02836227394,1.6470708847045898E7,,,,,,,,,,,,,,,,
datastructure,WB.DATA360:DS_DATA360(1.3),I,A,TTO,WB_WDI_DT_ODA_ALLD_KD,_T,_T,_T,USD_K_2021,_Z,_Z,_Z,_Z,CUR,2,WB_WDI,P1Y,0,A,PU,Annual,Trinidad and Tobago,Net official development assistance and official aid received (constant 2021 US$),Total,All age ranges or no breakdown by age,Total,"US dollars, 2021 constant prices",Not Applicable,Not Applicable,Not Applicable,Not Applicable,Currency,Two,World Development Indicators (WDI),Annual,Units,Normal value,Public,,887938.0226135249,5671360.96954346,9.49248352050781E7,9.97276763916016E7,1.1749520111084E8,6.90884552001953E7,4.06228637695313E7,3.23256988525391E7,5.60887870788574E7,3.96183700561523E7,2.7583732604980502E7,1.85324821472168E7,1.12228326797485E7,1.59607601165771E7,1.84305744171143E7,1.62134532928467E7,7479156.0173034705,1.04456930160522E7,9514359.47418213,9331769.9432373,-6320500.85067749,1.30579347610474E7,1.6588640213012699E7,1.49019403457642E7,2.28636703491211E7,4.65236015319824E7,6.848431396484381E7,1.20205926895142E7,8541642.18902588,2.77654895782471E7,-3720539.09301758,9354653.35845947,1982226.96781158,3.01724834442139E7,3.3092704772949196E7,2.06561679840088E7,5.08023452758789E7,2.19549560546875E7,4.1541332244872995E7,-5466462.13531494,-1.29933528900146E7,-1.82558441162109E7,-5494046.21124268,-2134223.93798828,-3470109.9395752,1.41742315292358E7,2.17857131958008E7,9309245.109558111,7346914.7682189895,4952198.028564449,,,,,,,,,,,,,
datastructure,WB.DATA360:DS_DATA360(1.3),I,A,ROU,WB_WDI_DT_ODA_ALLD_KD,_T,_T,_T,USD_K_2021,_Z,_Z,_Z,_Z,CUR,2,WB_WDI,P1Y,0,A,PU,Annual,Romania,Net official development assistance and official aid received (constant 2021 US$),Total,All age ranges or no breakdown by age,Total,"US dollars, 2021 constant prices",Not Applicable,Not Applicable,Not Applicable,Not Applicable,Currency,Two,World Development Indicators (WDI),Annual,Units,Normal value,Public,,,,,,,,,,,,,,,,,,,,,,,,,,,,,,,4.1413000488281304E8,5.17200012207031E8,3.87179992675781E8,2.62850006103516E8,2.29240005493164E8,3.94769989013672E8,3.1516000366210896E8,3.2566000366210896E8,5.46440002441406E8,5.95609985351563E8,7.36609985351563E8,1.14401000976563E9,6.67280029296875E8,7.97890014648438E8,1.10952001953125E9,,,,,,,,,,,,,,,,,,,
datastructure,WB.DATA360:DS_DATA360(1.3),I,A,ECU,WB_WDI_DT_ODA_ALLD_KD,_T,_T,_T,USD_K_2021,_Z,_Z,_Z,_Z,CUR,2,WB_WDI,P1Y,0,A,PU,Annual,Ecuador,Net official development assistance and official aid received (constant 2021 US$),Total,All age ranges or no breakdown by age,Total,"US dollars, 2021 constant prices",Not Applicable,Not Applicable,Not Applicable,Not Applicable,Currency,Two,World Development Indicators (WDI),Annual,Units,Normal value,Public,5.35388336181641E7,9.25031585693359E7,1.0425611114502E8,1.27252082824707E8,1.43045684814453E8,1.5940180969238302E8,1.81810424804688E8,1.9113037109375E8,1.5497709655761698E8,1.1320932769775401E8,1.3447161865234402E8,1.3801010131835902E8,1.1492240905761701E8,1.53746109008789E8,1.32956451416016E8,1.5692289733886698E8,1.8826118469238302E8,1.2049422454834E8,8.9763786315918E7,1.3507568359375E8,7.83190689086914E7,9.41826400756836E7,1.12918640136719E8,1.3831011962890598E8,1.98046630859375E8,2.15784057617188E8,2.2390777587890598E8,3.63221649169922E8,2.86490051269531E8,2.5010273742675802E8,2.3853134155273402E8,3.14363250732422E8,3.1910873413085896E8,2.86619201660156E8,2.8283740234375E8,2.3933749389648402E8,3.09776428222656E8,2.3067744445800802E8,2.54600997924805E8,2.28147201538086E8,2.5498481750488302E8,2.8868295288085896E8,3.72640075683594E8,2.9875357055664104E8,2.61499328613281E8,3.35390441894531E8,2.73841247558594E8,2.58927856445313E8,2.65403839111328E8,2.5240977478027302E8,1.82455978393555E8,1.97122192382813E8,1.6818281555175802E8,1.61456665039063E8,1.75262237548828E8,3.73322509765625E8,2.7800793457031304E8,2.34850357055664E8,4.3231631469726604E8,5.57664794921875E8,3.73099609375E8,3.09843322753906E8,3.9346548461914104E8,5.54708068847656E8
datastructure,WB.DATA360:DS_DATA360(1.3),I,A,EGY,WB_WDI_DT_ODA_ALLD_KD,_T,_T,_T,USD_K_2021,_Z,_Z,_Z,_Z,CUR,2,WB_WDI,P1Y,0,A,PU,Annual,"Egypt, Arab Rep.",Net official development assistance and official aid received (constant 2021 US$),Total,All age ranges or no breakdown by age,Total,"US dollars, 2021 constant prices",Not Applicable,Not Applicable,Not Applicable,Not Applicable,Currency,Two,World Development Indicators (WDI),Annual,Units,Normal value,Public,1.74311791992188E9,9.3023291015625E8,1.44914123535156E9,1.61553576660156E9,1.80171142578125E9,9.45040344238281E8,7.15849670410156E8,2.40424057006836E8,2.3350399780273402E8,6.27300682067871E7,1.22136999511719E9,8.98852905273438E8,8.2105029296875E8,4.46373095703125E9,6.27095556640625E9,1.01010048828125E10,9.52333984375E9,9.5622412109375E9,8.63520703125E9,4.5767685546875E9,3.88030590820313E9,3.5585791015625E9,3.91805688476563E9,3.8315E9,4.6211328125E9,4.48309228515625E9,3.78733251953125E9,3.66517211914063E9,2.92746313476563E9,3.25613305664063E9,1.075085546875E10,9.3417353515625E9,6.19078759765625E9,3.94462841796875E9,4.20616943359375E9,2.8319453125E9,3.1863662109375E9,3.05957299804688E9,3.11666455078125E9,2.52075903320313E9,2.24215576171875E9,2.1650009765625E9,2.11889721679688E9,1.48703405761719E9,2.04457507324219E9,1.4105595703125E9,1.13626818847656E9,1.39353588867188E9,1.89703588867188E9,1.09596374511719E9,6.08314270019531E8,4.2407089233398396E8,1.75150244140625E9,5.6017861328125E9,3.63915283203125E9,2.966564453125E9,2.91637255859375E9,8.94478302001953E7,2.22352905273438E9,1.84722216796875E9,1.64704516601563E9,8.1927392578125E9,6.082310546875E9,4.80069641113281E8
datastructure,WB.DATA360:DS_DATA360(1.3),I,A,VUT,WB_WDI_DT_ODA_ALLD_KD,_T,_T,_T,USD_K_2021,_Z,_Z,_Z,_Z,CUR,2,WB_WDI,P1Y,0,A,PU,Annual,Vanuatu,Net official development assistance and official aid received (constant 2021 US$),Total,All age ranges or no breakdown by age,Total,"US dollars, 2021 constant prices",Not Applicable,Not Applicable,Not Applicable,Not Applicable,Currency,Two,World Development Indicators (WDI),Annual,Units,Normal value,Public,1724413.99097443,3107781.8870544396,4383638.85879517,5387105.94177246,6624574.18441772,5592042.92297363,1.98433227539063E7,1.8180423736572303E7,2.29098129272461E7,2.93333950042725E7,2.69933967590332E7,3.51533164978027E7,4.26320419311523E7,4.8034008026122995E7,8.1144905090332E7,5.62244338989258E7,1.2698561859130901E8,6.41091766357422E7,6.90021286010742E7,1.03556526184082E8,1.00764236450195E8,7.86198654174805E7,6.80569915771484E7,7.40733184814453E7,7.10701751708984E7,6.34601593017578E7,5.86245765686035E7,1.0263813781738299E8,7.12935409545898E7,6.81604385375977E7,7.666522216796881E7,7.27041778564453E7,6.42030410766602E7,5.96659469604492E7,5.75635414123535E7,5.87402458190918E7,4.67111015319824E7,4.29639892578125E7,5.14950408935547E7,5.16060333251953E7,6.3600513458252005E7,5.8680347442627005E7,5.19324073791504E7,5.45115394592285E7,5.5015289306640595E7,5.42453460693359E7,6.5620719909668E7,6.51950607299805E7,1.07179206848145E8,1.21797439575195E8,1.14216667175293E8,8.267822265625E7,8.99538497924805E7,8.38846740722656E7,9.64314346313477E7,2.1223295593261698E8,1.3996401977539098E8,1.39118637084961E8,1.3976972961425802E8,1.4445571899414098E8,1.6703018188476598E8,1.64994262695313E8,1.27342300415039E8,1.50053588867188E8
datastructure,WB.DATA360:DS_DATA360(1.3),I,A,LMY,WB_WDI_DT_ODA_ALLD_KD,_T,_T,_T,USD_K_2021,_Z,_Z,_Z,_Z,CUR,2,WB_WDI,P1Y,0,A,PU,Annual,Low & middle income,Net official development assistance and official aid received (constant 2021 US$),Total,All age ranges or no breakdown by age,Total,"US dollars, 2021 constant prices",Not Applicable,Not Applicable,Not Applicable,Not Applicable,Currency,Two,World Development Indicators (WDI),Annual,Units,Normal value,Public,2.99826796875E10,3.675526953125E10,3.62846796875E10,3.803062890625E10,3.8002890625E10,3.99538203125E10,3.9513140625E10,4.021830859375E10,3.5262E10,3.365869140625E10,3.720773046875E10,3.97795E10,3.81670703125E10,4.55982109375E10,5.663891015625E10,6.325301171875E10,5.818395703125E10,5.472294140625E10,6.65872421875E10,6.62375703125E10,7.451871875E10,7.401534375E10,6.9194125E10,6.5246421875E10,6.9707796875E10,7.24261875E10,6.97457890625E10,6.84599921875E10,6.872471875E10,7.11232734375E10,8.255518933105469E10,8.753039990234375E10,8.141654150390625E10,7.946516650390625E10,8.140725048828125E10,7.2936431640625E10,6.887246240234375E10,6.75812392578125E10,7.250055078125E10,7.519291064453125E10,7.43731279296875E10,7.974106518554688E10,9.1382376953125E10,9.301228588867188E10,9.596807006835938E10,1.22570765625E11,1.169479609375E11,1.0952046875E11,1.2176946875E11,1.254903515625E11,1.28430484375E11,1.31466546875E11,1.2855375E11,1.43564078125E11,1.53172578125E11,1.54597796875E11,1.674534375E11,1.70794234375E11,1.67082015625E11,1.6586515625E11,1.92703828125E11,1.89745046875E11,,
datastructure,WB.DATA360:DS_DATA360(1.3),I,A,LCA,WB_WDI_DT_ODA_ALLD_KD,_T,_T,_T,USD_K_2021,_Z,_Z,_Z,_Z,CUR,2,WB_WDI,P1Y,0,A,PU,Annual,St. Lucia,Net official development assistance and official aid received (constant 2021 US$),Total,All age ranges or no breakdown by age,Total,"US dollars, 2021 constant prices",Not Applicable,Not Applicable,Not Applicable,Not Applicable,Currency,Two,World Development Indicators (WDI),Annual,Units,Normal value,Public,,,,,,,,,,,,,,452091.008424759,3.85233154296875E7,4.0526538848877005E7,3.2814010620117202E7,1.6474887847900402E7,1.2423505783081101E7,6470046.99707031,2.2309822082519498E7,3.10022029876709E7,2.23551425933838E7,1.87620620727539E7,1.5674898147583E7,1.91765422821045E7,2.6643440246581998E7,2.2307935714721702E7,3.2437911987304702E7,3.1580650329589803E7,1.99538974761963E7,3.59369430541992E7,3.93994102478027E7,3.68009185791016E7,4.81368789672852E7,6.6630104064941406E7,5.11781044006348E7,3.61486968994141E7,7853065.96755981,3.2281894683837898E7,1.16662530899048E7,2.8710277557373002E7,4.67914276123047E7,1.96617317199707E7,-2.31520938873291E7,1.26044216156006E7,2.168701171875E7,2.0784374237060502E7,1.65005912780762E7,3.95203056335449E7,3.32808837890625E7,3.46752586364746E7,2.7849369049072303E7,2.5701896667480502E7,1.96466197967529E7,1.52268676757813E7,1.5995418548584001E7,1.6350608825683601E7,8835010.52856445,3.47135200500488E7,1.05646812438965E8,1.0036259460449201E8,3.4581935882568404E7,3.5849578857421905E7
datastructure,WB.DATA360:DS_DATA360(1.3),I,A,ARE,WB_WDI_DT_ODA_ALLD_KD,_T,_T,_T,USD_K_2021,_Z,_Z,_Z,_Z,CUR,2,WB_WDI,P1Y,0,A,PU,Annual,United Arab Emirates,Net official development assistance and official aid received (constant 2021 US$),Total,All age ranges or no breakdown by age,Total,"US dollars, 2021 constant prices",Not Applicable,Not Applicable,Not Applicable,Not Applicable,Currency,Two,World Development Indicators (WDI),Annual,Units,Normal value,Public,4713398.93341064,5993579.864501949,4597476.0055542,4119552.13546753,5352221.01211548,147545.99332809402,1.19125671386719E7,1.42619924545288E7,1.1264347076415999E7,8095910.07232666,3.63878021240234E7,3.60471839904785E7,2.72869205474854E7,3954077.0053863497,2734956.02607727,1.6280673980712902E7,3546248.91281128,1.2394584655761701E8,4517475.12817383,1.8384738922119103E7,9353267.66967773,-1860227.94246674,1.14330472946167E7,1.09197912216187E7,8812480.92651367,1.0520591735839799E7,8.00679397583008E7,2.23091064453125E8,-2.44444980621338E7,-1.32373628616333E7,4870544.91043091,-1.6027572631835898E7,-1.52658376693726E7,-1.6270767211914102E7,-1.32223968505859E7,5191071.9871521,7210000.03814697,2500000.0,5059999.94277954,4920000.07629395,5309999.94277954,4119999.88555908,6079999.92370605,6590000.15258789,6429999.82833862,,,,,,,,,,,,,,,,,,,
datastructure,WB.DATA360:DS_DATA360(1.3),I,A,SAS,WB_WDI_DT_ODA_ALLD_KD,_T,_T,_T,USD_K_2021,_Z,_Z,_Z,_Z,CUR,2,WB_WDI,P1Y,0,A,PU,Annual,South Asia,Net official development assistance and official aid received (constant 2021 US$),Total,All age ranges or no breakdown by age,Total,"US dollars, 2021 constant prices",Not Applicable,Not Applicable,Not Applicable,Not Applicable,Currency,Two,World Development Indicators (WDI),Annual,Units,Normal value,Public,7.5192300405800295E9,6.77767995929718E9,7.685470038890841E9,1.0697270274266602E10,1.24898903859705E10,1.2842550099849699E10,1.15851096033454E10,1.28206301162988E10,9.03133020889759E9,8.09600991362333E9,8.12832990169525E9,8.99074978280067E9,6.91692991888523E9,7.68969996333122E9,1.01018899524212E10,1.36684699296951E10,1.27943598737717E10,9.024370101928709E9,9.24522004890442E9,9.56287979698181E9,1.20935399665833E10,1.0682619935989399E10,1.0932170067787199E10,1.02879897956848E10,1.0288019680023201E10,9.92045975112915E9,9.95990007543564E9,8.414480018615721E9,9.07166005706787E9,9.156519947052E9,7.82381993103027E9,1.01472798957825E10,8.02741012191772E9,6.27764001464844E9,7.61316989135742E9,4.97784995651245E9,5.32646988487244E9,5.33073011016846E9,5.61805003166199E9,4.9149899978637705E9,4.82717001914978E9,7.95668997192383E9,8.88765005111694E9,6.9605299911498995E9,7.82618997192383E9,1.02412400024533E10,9.71653987884521E9,1.12479699554443E10,1.11381598777771E10,1.42937402038574E10,1.5135799972534199E10,1.61155600090027E10,1.36201301994324E10,1.35366699562073E10,1.5138530033111599E10,1.67558601570129E10,1.49211304721832E10,1.5831529922485401E10,1.24289599533081E10,1.53729302444458E10,1.6585300338745098E10,1.70384105072021E10,,
datastructure,WB.DATA360:DS_DATA360(1.3),I,A,ERI,WB_WDI_DT_ODA_ALLD_KD,_T,_T,_T,USD_K_2021,_Z,_Z,_Z,_Z,CUR,2,WB_WDI,P1Y,0,A,PU,Annual,Eritrea,Net official development assistance and official aid received (constant 2021 US$),Total,All age ranges or no breakdown by age,Total,"US dollars, 2021 constant prices",Not Applicable,Not Applicable,Not Applicable,Not Applicable,Currency,Two,World Development Indicators (WDI),Annual,Units,Normal value,Public,,,,,,,,,,,,192378.997802734,,3114402.05574036,9815143.58520508,6523701.19094849,,7609150.88653564,1.54670610427856E7,1.13663530349731E7,1.1842105865478499E7,1.45645408630371E7,1.1970700263977101E7,1.19241724014282E7,1.21388053894043E7,,2211446.04682922,3813674.9267578097,3547697.06726074,,7221611.97662354,,1463390.94638824,1.1471166229248E8,2.4320159912109402E8,2.1475448608398402E8,2.3350080871582E8,1.84515121459961E8,2.53822998046875E8,2.35654769897461E8,3.00588165283203E8,4.8618759155273396E8,3.6577230834960896E8,4.55389129638672E8,3.6100891113281304E8,4.64291748046875E8,1.46277587890625E8,1.7051058959960902E8,1.4730729675293E8,1.5255816650390598E8,1.65932113647461E8,1.28680938720703E8,1.4111219787597698E8,8.29517593383789E7,8.60699920654297E7,1.08027008056641E8,7.76946105957031E7,8.92649993896484E7,9.20154571533203E7,2.94853057861328E8,6.70367813110352E7,4.5606372833252005E7,6.692718505859381E7,1.29190628051758E8
datastructure,WB.DATA360:DS_DATA360(1.3),I,A,MWI,WB_WDI_DT_ODA_ALLD_KD,_T,_T,_T,USD_K_2021,_Z,_Z,_Z,_Z,CUR,2,WB_WDI,P1Y,0,A,PU,Annual,Malawi,Net official development assistance and official aid received (constant 2021 US$),Total,All age ranges or no breakdown by age,Total,"US dollars, 2021 constant prices",Not Applicable,Not Applicable,Not Applicable,Not Applicable,Currency,Two,World Development Indicators (WDI),Annual,Units,Normal value,Public,4.7823760986328095E7,9.13465957641602E7,1.2406027984619099E8,1.7385589599609402E8,3.2660586547851604E8,3.18408233642578E8,2.74483337402344E8,2.58313049316406E8,3.88017791748047E8,2.27276885986328E8,2.83499694824219E8,2.2252679443359402E8,2.34822677612305E8,1.7248406982421902E8,2.1213508605957E8,2.7197525024414104E8,2.66438415527344E8,3.07297790527344E8,3.28157684326172E8,4.00476104736328E8,3.5281591796875E8,3.5933435058593804E8,3.2861245727539104E8,3.14032012939453E8,5.11607482910156E8,3.2310775756835896E8,4.34753631591797E8,5.0978430175781304E8,6.69621643066406E8,7.65093139648438E8,7.99526000976563E8,8.65986572265625E8,8.58712585449219E8,7.54427917480469E8,6.35383850097656E8,5.85521606445313E8,6.5680517578125E8,4.9590664672851604E8,6.32545227050781E8,6.58831848144531E8,6.87863830566406E8,6.75318359375E8,5.98257263183594E8,7.07934326171875E8,6.31879028320313E8,6.95698486328125E8,8.38874206542969E8,8.26561950683594E8,9.64292053222656E8,8.56323303222656E8,9.53313781738281E8,8.39413269042969E8,1.24085852050781E9,1.18744909667969E9,9.75475891113281E8,1.21855212402344E9,1.47213220214844E9,1.7631318359375E9,1.43603015136719E9,1.30821337890625E9,1.60064611816406E9,1.22429235839844E9,1.42670715332031E9,1.73149584960938E9
datastructure,WB.DATA360:DS_DATA360(1.3),I,A,HND,WB_WDI_DT_ODA_ALLD_KD,_T,_T,_T,USD_K_2021,_Z,_Z,_Z,_Z,CUR,2,WB_WDI,P1Y,0,A,PU,Annual,Honduras,Net official development assistance and official aid received (constant 2021 US$),Total,All age ranges or no breakdown by age,Total,"US dollars, 2021 constant prices",Not Applicable,Not Applicable,Not Applicable,Not Applicable,Currency,Two,World Development Indicators (WDI),Annual,Units,Normal value,Public,4.29331474304199E7,5.7576831817627005E7,4.64727897644043E7,5.69191474914551E7,9.18732604980469E7,8.67258834838867E7,7.13440475463867E7,6.19758682250977E7,1.12140083312988E8,7.97754058837891E7,8.82269973754883E7,7.05717926025391E7,9.25727310180664E7,7.21827850341797E7,9.25836563110352E7,1.6172621154785198E8,1.21023933410645E8,1.21650337219238E8,1.62302322387695E8,2.0994172668457E8,2.3014981079101598E8,2.39727508544922E8,3.3338101196289104E8,3.82289123535156E8,5.67568115234375E8,5.91936767578125E8,5.91499389648438E8,5.17878234863281E8,5.59994201660156E8,4.58666290283203E8,7.13480102539063E8,5.02556365966797E8,4.8084603881835896E8,4.44993133544922E8,3.71822540283203E8,4.79635925292969E8,3.03632751464844E8,3.9638027954101604E8,4.353447265625E8,1.1156884765625E9,6.25649841308594E8,8.85336059570313E8,5.53922119140625E8,4.37448913574219E8,6.90870178222656E8,7.68228637695313E8,5.851376953125E8,4.5063925170898396E8,4.8700497436523396E8,4.6729971313476604E8,3.97402160644531E8,3.73366424560547E8,5.9773583984375E8,6.63283996582031E8,6.41886657714844E8,6.33074951171875E8,4.8566928100585896E8,5.0805014038085896E8,7.36474975585938E8,5.0288073730468804E8,1.28299877929688E9,6.41699035644531E8,8.16819641113281E8,5.507666015625E8
datastructure,WB.DATA360:DS_DATA360(1.3),I,A,CZE,WB_WDI_DT_ODA_ALLD_KD,_T,_T,_T,USD_K_2021,_Z,_Z,_Z,_Z,CUR,2,WB_WDI,P1Y,0,A,PU,Annual,Czechia,Net official development assistance and official aid received (constant 2021 US$),Total,All age ranges or no breakdown by age,Total,"US dollars, 2021 constant prices",Not Applicable,Not Applicable,Not Applicable,Not Applicable,Currency,Two,World Development Indicators (WDI),Annual,Units,Normal value,Public,,,,,,,,,,,,,,,,,,,,,,,,,,,,,,,2.30300006866455E7,3.77790008544922E8,2.0292999267578098E8,1.5505999755859402E8,2.2614999389648402E8,1.9603999328613302E8,1.7441000366210902E8,1.7255999755859402E8,6.775E8,4.9913000488281304E8,7.8352001953125E8,5.64789978027344E8,2.67299987792969E8,3.60200012207031E8,3.40179992675781E8,,,,,,,,,,,,,,,,,,,
datastructure,WB.DATA360:DS_DATA360(1.3),I,A,MEA,WB_WDI_DT_ODA_ALLD_KD,_T,_T,_T,USD_K_2021,_Z,_Z,_Z,_Z,CUR,2,WB_WDI,P1Y,0,A,PU,Annual,"Middle East, North Africa, Afghanistan & Pakistan",Net official development assistance and official aid received (constant 2021 US$),Total,All age ranges or no breakdown by age,Total,"US dollars, 2021 constant prices",Not Applicable,Not Applicable,Not Applicable,Not Applicable,Currency,Two,World Development Indicators (WDI),Annual,Units,Normal value,Public,8.36461009424925E9,9.21855995202065E9,8.1251398935318E9,7.29752998003364E9,6.47367008185387E9,5.39694001796842E9,4.92699996358901E9,3.69083004996926E9,3.33082004861534E9,3.44105998617411E9,6.3483999542594E9,5.84846993976831E9,5.84016999673843E9,1.10105600848049E10,1.5804859766602499E10,2.1667529676198997E10,2.1760789558351E10,2.38771205824614E10,2.13873302863836E10,2.20298005684912E10,2.17792402944565E10,2.1332889931798E10,1.78286198740005E10,1.5814159974336601E10,1.5127889700532E10,1.68480897965431E10,1.38358098898381E10,1.2053680273771301E10,9.08444001674652E9,9.1782401342392E9,2.09993696742058E10,2.0025889650344803E10,1.37285001134872E10,1.06670001215935E10,1.21215700666904E10,7.60091992998123E9,1.1298060028791473E10,9.679899794101719E9,1.042039011669159E10,8.90544986486435E9,8.29806013202667E9,7.916219974756239E9,8.1748100438118E9,1.165461998605726E10,1.3768760157585146E10,3.34962598381042E10,1.9693090065002403E10,1.9130580173492397E10,2.41110001907349E10,1.4146859954834002E10,1.2515900031089802E10,1.49391901626587E10,1.2801630050659199E10,2.42099000244141E10,3.0307749977111797E10,1.97000596237183E10,2.65527601928711E10,2.78230396575928E10,3.16607501068115E10,2.76829297332764E10,2.81467597961426E10,3.20784200134277E10,,
datastructure,WB.DATA360:DS_DATA360(1.3),I,A,TZA,WB_WDI_DT_ODA_ALLD_KD,_T,_T,_T,USD_K_2021,_Z,_Z,_Z,_Z,CUR,2,WB_WDI,P1Y,0,A,PU,Annual,Tanzania,Net official development assistance and official aid received (constant 2021 US$),Total,All age ranges or no breakdown by age,Total,"US dollars, 2021 constant prices",Not Applicable,Not Applicable,Not Applicable,Not Applicable,Currency,Two,World Development Indicators (WDI),Annual,Units,Normal value,Public,1.17237358093262E8,4.17368957519531E8,4.751640625E8,3.0239196777343804E8,3.99536163330078E8,3.24068115234375E8,2.67918029785156E8,3.11410949707031E8,3.0582339477539104E8,2.5591351318359402E8,3.6231069946289104E8,4.0280313110351604E8,3.4650228881835896E8,4.71449523925781E8,6.95953125E8,1.13904016113281E9,9.89504516601563E8,1.17383874511719E9,1.28218249511719E9,1.5545205078125E9,1.64836413574219E9,1.82880981445313E9,1.83264599609375E9,1.640435546875E9,1.62140393066406E9,1.40844665527344E9,1.53238134765625E9,1.76467431640625E9,1.78231591796875E9,1.64331176757813E9,1.85570690917969E9,1.64692712402344E9,1.96128564453125E9,1.45793481445313E9,1.40839953613281E9,1.12577893066406E9,1.15793212890625E9,1.39428161621094E9,1.48263342285156E9,1.48894946289063E9,1.55606506347656E9,1.92254150390625E9,2.02150012207031E9,2.341892578125E9,2.1994013671875E9,1.80854577636719E9,2.22394848632813E9,2.92174633789063E9,2.4360771484375E9,3.42801000976563E9,2.48860815429688E9,2.55449926757813E9,3.00106640625E9,3.62311987304688E9,2.78348706054688E9,2.95412426757813E9,2.65411474609375E9,2.95917578125E9,2.70871606445313E9,2.3818388671875E9,2.49202954101563E9,2.68299462890625E9,2.7555595703125E9,3.05684204101563E9
datastructure,WB.DATA360:DS_DATA360(1.3),I,A,TUN,WB_WDI_DT_ODA_ALLD_KD,_T,_T,_T,USD_K_2021,_Z,_Z,_Z,_Z,CUR,2,WB_WDI,P1Y,0,A,PU,Annual,Tunisia,Net official development assistance and official aid received (constant 2021 US$),Total,All age ranges or no breakdown by age,Total,"US dollars, 2021 constant prices",Not Applicable,Not Applicable,Not Applicable,Not Applicable,Currency,Two,World Development Indicators (WDI),Annual,Units,Normal value,Public,4.09572723388672E8,7.54231994628906E8,5.57022399902344E8,7.09754028320313E8,5.38078796386719E8,6.78359924316406E8,6.13157348632813E8,6.87102111816406E8,4.79068603515625E8,7.68930419921875E8,7.59346313476563E8,6.75787902832031E8,6.39658569335938E8,6.62295166015625E8,7.90189392089844E8,8.2607568359375E8,8.34795166015625E8,8.50403930664063E8,9.39666015625E8,5.35549560546875E8,5.67131164550781E8,6.39314514160156E8,5.66313537597656E8,5.76793212890625E8,5.05078125E8,4.72323486328125E8,4.9907064819335896E8,5.51447021484375E8,5.671962890625E8,5.04139923095703E8,6.0748779296875E8,5.35542541503906E8,5.52300231933594E8,3.7442544555664104E8,1.58280059814453E8,9.86202239990234E7,1.7130157470703098E8,2.88856170654297E8,2.06993927001953E8,3.73615173339844E8,3.1974667358398396E8,5.82448120117188E8,3.12623718261719E8,3.6168569946289104E8,3.7326416015625E8,4.09595001220703E8,4.9550308227539104E8,3.3146762084960896E8,3.5531411743164104E8,4.8226647949218804E8,5.45556030273438E8,8.93254150390625E8,1.104830078125E9,7.28398132324219E8,8.80502136230469E8,6.05725952148438E8,7.75922058105469E8,9.265263671875E8,8.65177917480469E8,1.07539135742188E9,1.06948645019531E9,1.14659057617188E9,1.30031506347656E9,1.22588073730469E9
datastructure,WB.DATA360:DS_DATA360(1.3),I,A,CIV,WB_WDI_DT_ODA_ALLD_KD,_T,_T,_T,USD_K_2021,_Z,_Z,_Z,_Z,CUR,2,WB_WDI,P1Y,0,A,PU,Annual,Côte d’Ivoire,Net official development assistance and official aid received (constant 2021 US$),Total,All age ranges or no breakdown by age,Total,"US dollars, 2021 constant prices",Not Applicable,Not Applicable,Not Applicable,Not Applicable,Currency,Two,World Development Indicators (WDI),Annual,Units,Normal value,Public,1205330.96790314,3.41986236572266E7,9.01299133300781E7,8.38428115844727E7,3.19718719482422E8,3.13266662597656E8,2.8363925170898396E8,2.5584428405761698E8,3.2885852050781304E8,3.43077392578125E8,3.78767028808594E8,3.42712463378906E8,2.81035339355469E8,3.1318539428710896E8,3.5439453125E8,3.81755432128906E8,4.2266592407226604E8,3.7029382324218804E8,3.88510498046875E8,4.12651153564453E8,4.8077783203125E8,3.2387118530273396E8,3.8319735717773396E8,4.4134484863281304E8,3.73482482910156E8,3.41354064941406E8,3.83960693359375E8,4.4673193359375E8,7.84533630371094E8,7.27142333984375E8,1.04319995117188E9,9.62440673828125E8,1.08571923828125E9,1.10446118164063E9,2.30061083984375E9,1.53867919921875E9,1.26946411132813E9,6.39064208984375E8,1.45290307617188E9,6.47486755371094E8,5.66275024414063E8,3.3683291625976604E8,1.74149475097656E9,3.6137338256835896E8,2.0416444396972698E8,1.1476953125E8,2.89310516357422E8,1.96198654174805E8,6.26148681640625E8,2.51638159179688E9,6.91432495117188E8,1.44539855957031E9,3.03538305664063E9,1.35835559082031E9,9.71938781738281E8,7.55107604980469E8,7.21632507324219E8,9.46233093261719E8,1.04867858886719E9,1.29174523925781E9,1.6776708984375E9,1.60438427734375E9,2.0750185546875E9,2.37632739257813E9
datastructure,WB.DATA360:DS_DATA360(1.3),I,A,TUR,WB_WDI_DT_ODA_ALLD_KD,_T,_T,_T,USD_K_2021,_Z,_Z,_Z,_Z,CUR,2,WB_WDI,P1Y,0,A,PU,Annual,Türkiye,Net official development assistance and official aid received (constant 2021 US$),Total,All age ranges or no breakdown by age,Total,"US dollars, 2021 constant prices",Not Applicable,Not Applicable,Not Applicable,Not Applicable,Currency,Two,World Development Indicators (WDI),Annual,Units,Normal value,Public,1.05739514160156E9,1.4699931640625E9,1.72827575683594E9,1.70954296875E9,1.21448950195313E9,1.43316442871094E9,1.5635380859375E9,1.51389196777344E9,1.32663989257813E9,1.18020617675781E9,1.19700439453125E9,1.29051477050781E9,1.330818359375E9,4.1754995727539104E8,2.02191970825195E8,2.2309536743164098E8,5.5418994140625E8,3.46978576660156E8,4.95499328613281E8,1.63791674804688E9,2.5026357421875E9,1.96648718261719E9,1.74923547363281E9,9.62660766601563E8,6.33840148925781E8,5.01980529785156E8,7.37094665527344E8,5.8288330078125E8,3.85112579345703E8,2.1055561828613302E8,1.857400390625E9,2.35215698242188E9,4.6142959594726604E8,7.11927734375E8,2.4418492126464802E8,4.28961486816406E8,2.9208020019531304E8,3578610.89706421,4.70504570007324E7,4.79790687561035E7,4.4144613647460896E8,3.1900497436523396E8,4.65372528076172E8,2.26192993164063E8,3.6186050415039104E8,5.06283264160156E8,6.39906433105469E8,8.08798461914063E8,1.01513684082031E9,1.29450817871094E9,8.78335083007813E8,3.26045068359375E9,3.29848486328125E9,2.91610961914063E9,3.4921748046875E9,2.58136059570313E9,4.30720068359375E9,3.6406962890625E9,1.32053698730469E9,8.22758178710938E8,6.32041748046875E8,1.09417504882813E9,8.29815551757813E8,1.55041064453125E9
datastructure,WB.DATA360:DS_DATA360(1.3),I,A,URY,WB_WDI_DT_ODA_ALLD_KD,_T,_T,_T,USD_K_2021,_Z,_Z,_Z,_Z,CUR,2,WB_WDI,P1Y,0,A,PU,Annual,Uruguay,Net official development assistance and official aid received (constant 2021 US$),Total,All age ranges or no breakdown by age,Total,"US dollars, 2021 constant prices",Not Applicable,Not Applicable,Not Applicable,Not Applicable,Currency,Two,World Development Indicators (WDI),Annual,Units,Normal value,Public,1.5001010131835902E8,1.7725059509277303E7,2.85195217132568E7,6.6299652099609405E7,1.94666633605957E7,2.20444183349609E7,3.23812103271484E7,3.78403358459473E7,1.6342106628418E8,1.29161117553711E8,8.49405517578125E7,5.61699180603027E7,1.24248100280762E8,8.91884002685547E7,2.39907073974609E7,1.93824901580811E7,2.6679538726806603E7,4.88474273681641E7,1.39624347686768E7,1.83346042633057E7,2.0527458190918002E7,2.42790870666504E7,1.73245162963867E7,1.55466737747192E7,1.72034301757813E7,2.42398357391357E7,6.26183280944824E7,2.86670093536377E7,6.34433212280273E7,5.32067222595215E7,6.97299957275391E7,6.05817489624023E7,8.93279190063477E7,1.6791026306152302E8,1.1114944458007799E8,8.88464050292969E7,4.78294296264648E7,4.86073150634766E7,3.99117774963379E7,3.6009372711181596E7,3.17975025177002E7,2.38739891052246E7,2.42959995269775E7,2.3807287216186497E7,2.95255908966064E7,2.11764087677002E7,2.8130428314209E7,3.8356353759765595E7,3.2929897308349602E7,5.05529708862305E7,4.18956718444824E7,1.79719524383545E7,1.8388309478759803E7,3.78155097961426E7,9.50739822387695E7,2.627707862854E7,2.04036159515381E7,4.76640663146973E7,,,,740000.009536743,,
datastructure,WB.DATA360:DS_DATA360(1.3),I,A,GTM,WB_WDI_DT_ODA_ALLD_KD,_T,_T,_T,USD_K_2021,_Z,_Z,_Z,_Z,CUR,2,WB_WDI,P1Y,0,A,PU,Annual,Guatemala,Net official development assistance and official aid received (constant 2021 US$),Total,All age ranges or no breakdown by age,Total,"US dollars, 2021 constant prices",Not Applicable,Not Applicable,Not Applicable,Not Applicable,Currency,Two,World Development Indicators (WDI),Annual,Units,Normal value,Public,1.31846389770508E8,1.21157241821289E8,7.75496826171875E7,8.08424377441406E7,9.25820083618164E7,1.09661041259766E8,7.4709098815918E7,1.0625563812255901E8,1.1115803527832E8,8.54363632202148E7,9.1179084777832E7,7.0603401184082E7,1.06627136230469E8,9.51709899902344E7,1.0533046722412099E8,1.29628814697266E8,2.0306044006347698E8,1.58075805664063E8,1.0577516937255901E8,1.24856086730957E8,1.14505187988281E8,1.06736869812012E8,1.1910317230224599E8,1.5060585021972698E8,1.28434631347656E8,1.9590658569335902E8,2.8519009399414104E8,5.17838989257813E8,4.3997619628906304E8,4.86914245605469E8,3.40096923828125E8,3.2695471191406304E8,3.41314514160156E8,3.42259552001953E8,2.87059326171875E8,2.73252899169922E8,2.30185317993164E8,3.73869903564453E8,3.47768280029297E8,4.02949645996094E8,3.8154623413085896E8,3.59975616455078E8,4.01491943359375E8,3.57135772705078E8,2.98322967529297E8,3.26830291748047E8,5.8141650390625E8,4.9101089477539104E8,5.42245849609375E8,4.0600210571289104E8,4.2977285766601604E8,3.7115075683593804E8,3.2973281860351604E8,5.27599548339844E8,3.0876724243164104E8,4.8469641113281304E8,3.1830160522460896E8,4.3266201782226604E8,4.4973599243164104E8,4.40485809326172E8,5.15943908691406E8,5.38769287109375E8,4.58143524169922E8,4.47018524169922E8
datastructure,WB.DATA360:DS_DATA360(1.3),I,A,YEM,WB_WDI_DT_ODA_ALLD_KD,_T,_T,_T,USD_K_2021,_Z,_Z,_Z,_Z,CUR,2,WB_WDI,P1Y,0,A,PU,Annual,"Yemen, Rep.",Net official development assistance and official aid received (constant 2021 US$),Total,All age ranges or no breakdown by age,Total,"US dollars, 2021 constant prices",Not Applicable,Not Applicable,Not Applicable,Not Applicable,Currency,Two,World Development Indicators (WDI),Annual,Units,Normal value,Public,1.50413345336914E8,1.44868728637695E8,1.7424473571777302E8,2.03382095336914E8,2.1954411315918E8,2.91293640136719E8,3.3707992553710896E8,2.2320913696289098E8,5.91052703857422E7,3.2981861114502E7,1.2271298980712901E8,2.1480220031738302E8,3.03457702636719E8,3.22243103027344E8,8.37133605957031E8,1.01814837646484E9,1.88597802734375E9,1.61814428710938E9,1.23485400390625E9,9.91854553222656E8,1.44974548339844E9,1.32370166015625E9,1.62157409667969E9,1.16775988769531E9,1.52779223632813E9,1.170841796875E9,7.72561279296875E8,9.40797729492188E8,5.49147888183594E8,6.42505554199219E8,7.3806298828125E8,4.10840118408203E8,3.6374325561523396E8,4.59529968261719E8,2.37853927612305E8,2.19872299194336E8,3.3161486816406304E8,5.10601043701172E8,5.56147827148438E8,6.68662048339844E8,4.9800439453125E8,6.16880615234375E8,3.4933609008789104E8,3.30066223144531E8,3.3869616699218804E8,3.61246307373047E8,3.48637878417969E8,2.66786956787109E8,4.51781219482422E8,6.00179321289063E8,5.0032873535156304E8,5.0505810546875E8,7.78555358886719E8,1.11652600097656E9,1.22239038085938E9,2.06033203125E9,2.69476831054688E9,3.72489282226563E9,8.7867509765625E9,4.22609375E9,2.81082543945313E9,4.0398876953125E9,3.8222578125E9,4.14649169921875E9
datastructure,WB.DATA360:DS_DATA360(1.3),I,A,XKX,WB_WDI_DT_ODA_ALLD_KD,_T,_T,_T,USD_K_2021,_Z,_Z,_Z,_Z,CUR,2,WB_WDI,P1Y,0,A,PU,Annual,Kosovo,Net official development assistance and official aid received (constant 2021 US$),Total,All age ranges or no breakdown by age,Total,"US dollars, 2021 constant prices",Not Applicable,Not Applicable,Not Applicable,Not Applicable,Currency,Two,World Development Indicators (WDI),Annual,Units,Normal value,Public,,,,,,,,,,,,,,,,,,,,,,,,,,,,,,,,,,,,,,,,,,,,,,,,,,8.75977172851563E8,5.58692749023438E8,5.78757446289063E8,6.11388854980469E8,5.91959838867188E8,5.98362731933594E8,5.14708129882813E8,4.362861328125E8,4.50674285888672E8,3.78848205566406E8,3.88991271972656E8,5.92190063476563E8,4.67309326171875E8,4.0716589355468804E8,4.02262634277344E8
datastructure,WB.DATA360:DS_DATA360(1.3),I,A,BRB,WB_WDI_DT_ODA_ALLD_KD,_T,_T,_T,USD_K_2021,_Z,_Z,_Z,_Z,CUR,2,WB_WDI,P1Y,0,A,PU,Annual,Barbados,Net official development assistance and official aid received (constant 2021 US$),Total,All age ranges or no breakdown by age,Total,"US dollars, 2021 constant prices",Not Applicable,Not Applicable,Not Applicable,Not Applicable,Currency,Two,World Development Indicators (WDI),Annual,Units,Normal value,Public,,,,,,,1.39721736907959E7,4701688.76647949,7112877.84576416,1.06603269577026E7,1.7894416809081998E7,3.2554843902587898E7,3.01800975799561E7,2.54441146850586E7,1.73535594940186E7,1.81391906738281E7,2.2216560363769498E7,1.75798015594482E7,3.0944881439209E7,1.95291843414307E7,1.79392604827881E7,2.7491329193115197E7,2.28019618988037E7,4.20380516052246E7,1.50657920837402E7,1.6571550369262699E7,1.09607086181641E7,1.02256832122803E7,3700267.07649231,1759717.94128418,3411554.0981292697,3465658.90312195,1582051.99241638,8054261.20758057,4180523.87237549,281619.995832443,7729306.2210083,8804053.30657959,2.6549352645873997E7,-1063418.98441315,3273426.0559082,-129342.00465679199,7378683.09020996,2.94044208526611E7,3.76381988525391E7,-832047.998905182,-442032.009363174,2.02231101989746E7,9524705.88684082,1.24998693466187E7,1.60463581085205E7,,,,,,,,,,,,,
datastructure,WB.DATA360:DS_DATA360(1.3),I,A,OSS,WB_WDI_DT_ODA_ALLD_KD,_T,_T,_T,USD_K_2021,_Z,_Z,_Z,_Z,CUR,2,WB_WDI,P1Y,0,A,PU,Annual,Other small states,Net official development assistance and official aid received (constant 2021 US$),Total,All age ranges or no breakdown by age,Total,"US dollars, 2021 constant prices",Not Applicable,Not Applicable,Not Applicable,Not Applicable,Currency,Two,World Development Indicators (WDI),Annual,Units,Normal value,Public,,,,,,,,,,,7.779699875861409E8,8.16690001130104E8,8.598499985560777E8,1.0670100089684136E9,1.3414299941435454E9,1.4144899840354943E9,1.916699991673231E9,1.693439983397722E9,2.0149800233319378E9,1.7896100238710637E9,2.223700003571808E9,2.405579996138812E9,2.166280005156995E9,2.532280002621936E9,2.5298599642515216E9,2.1381400034427643E9,2.2438100043535233E9,2.045860015153885E9,1.8391399858277295E9,2.1117999854087827E9,2.5043600231707115E9,2.320370012164117E9,2.0689799751788373E9,2.1899399759173384E9,2.1673000076711173E9,1.8487000205703082E9,1.8996799942180529E9,1.8415699819326406E9,1.912530003935098E9,1.8344099941253667E9,1.8521700241565702E9,1.7181300001144404E9,1.9017700041532526E9,1.691799995660782E9,1.6501300085186963E9,1.3427000045776365E9,1.4699800186157236E9,1.814620019435883E9,2.4980099878311176E9,2.2261499843597417E9,2.48775997543335E9,2.2875199794769306E9,2.3065599756240864E9,2.281129985809327E9,1.8451499732136734E9,1.7900099992752073E9,1.8127799706459055E9,2.1153200330734265E9,2.1265600128173838E9,2.097279994964601E9,2.9860099515914907E9,2.4530300052650275E9,,
datastructure,WB.DATA360:DS_DATA360(1.3),I,A,IDA,WB_WDI_DT_ODA_ALLD_KD,_T,_T,_T,USD_K_2021,_Z,_Z,_Z,_Z,CUR,2,WB_WDI,P1Y,0,A,PU,Annual,IDA total,Net official development assistance and official aid received (constant 2021 US$),Total,All age ranges or no breakdown by age,Total,"US dollars, 2021 constant prices",Not Applicable,Not Applicable,Not Applicable,Not Applicable,Currency,Two,World Development Indicators (WDI),Annual,Units,Normal value,Public,,,,,,,,,,,1.2047830130815514E10,1.2485409945547588E10,1.3144929952859888E10,1.5896529854916042E10,2.202028994683177E10,2.5468489998877052E10,2.3262990054607403E10,2.3659049950480473E10,2.507278003195675E10,2.9973630176544193E10,3.2052760044217113E10,3.0832569770455368E10,3.147012992602589E10,2.8772420041084305E10,3.030058991718293E10,3.199253992271424E10,3.1436500264287006E10,3.0801340133667004E10,3.0838579894332222E10,3.234671983528137E10,3.441602027049663E10,3.3440550067394974E10,3.2006770234778534E10,3.00668698975444E10,3.3009529956907055E10,2.8232470115203415E10,2.511814996062965E10,2.4469669990956787E10,2.5241789976835262E10,2.4080559902668015E10,2.4654720108985912E10,3.0682650056838985E10,3.560768999433518E10,3.859355011749269E10,3.820109990692141E10,4.567763957691196E10,5.405871981143954E10,4.7019109512329124E10,4.755727999114992E10,5.6228500261306786E10,5.976748997592928E10,5.870544015789035E10,5.9962640309333855E10,6.525921995449069E10,6.160908976554873E10,6.7936640029907295E10,6.968123059368137E10,7.767654936599734E10,8.046579036521916E10,8.233121976089482E10,9.85297398986817E10,8.600200113677982E10,,
datastructure,WB.DATA360:DS_DATA360(1.3),I,A,KEN,WB_WDI_DT_ODA_ALLD_KD,_T,_T,_T,USD_K_2021,_Z,_Z,_Z,_Z,CUR,2,WB_WDI,P1Y,0,A,PU,Annual,Kenya,Net official development assistance and official aid received (constant 2021 US$),Total,All age ranges or no breakdown by age,Total,"US dollars, 2021 constant prices",Not Applicable,Not Applicable,Not Applicable,Not Applicable,Currency,Two,World Development Indicators (WDI),Annual,Units,Normal value,Public,2.3960118103027302E8,6.8108544921875E8,5.0796716308593804E8,5.60728149414063E8,5.50915954589844E8,6.54054138183594E8,4.57258270263672E8,3.07009948730469E8,4.9556045532226604E8,4.4671716308593804E8,4.40732940673828E8,4.7050988769531304E8,4.5339517211914104E8,5.07820770263672E8,5.56713134765625E8,4.9658822631835896E8,6.08039184570313E8,5.77231018066406E8,7.82291198730469E8,9.36088684082031E8,9.791728515625E8,1.20652087402344E9,1.32638159179688E9,1.06600769042969E9,1.16811340332031E9,1.20192578125E9,1.01505895996094E9,1.07470056152344E9,1.43809375E9,1.85026538085938E9,1.88608557128906E9,1.31847875976563E9,1.25420849609375E9,1.31626647949219E9,9.24669616699219E8,8.589345703125E8,7.65192504882813E8,6.31672302246094E8,6.01100280761719E8,4.35523162841797E8,7.62397583007813E8,7.62538513183594E8,6.10922668457031E8,7.38439819335938E8,8.23387329101563E8,9.29078369140625E8,1.13429724121094E9,1.5114833984375E9,1.53944396972656E9,2.0777724609375E9,1.734376953125E9,2.69611108398438E9,2.93039379882813E9,3.53683764648438E9,2.88725048828125E9,2.84810571289063E9,2.58125537109375E9,2.87692553710938E9,2.7645478515625E9,3.51366235351563E9,4.31597119140625E9,3.23955053710938E9,2.74774731445313E9,2.59582299804688E9
datastructure,WB.DATA360:DS_DATA360(1.3),I,A,PRE,WB_WDI_DT_ODA_ALLD_KD,_T,_T,_T,USD_K_2021,_Z,_Z,_Z,_Z,CUR,2,WB_WDI,P1Y,0,A,PU,Annual,Pre-demographic dividend,Net official development assistance and official aid received (constant 2021 US$),Total,All age ranges or no breakdown by age,Total,"US dollars, 2021 constant prices",Not Applicable,Not Applicable,Not Applicable,Not Applicable,Currency,Two,World Development Indicators (WDI),Annual,Units,Normal value,Public,,,,,,,,,,,5.945930042326449E9,6.278669996231795E9,6.284509939968591E9,6.650599950350825E9,9.221030011691153E9,1.0817460053801535E10,9.734760037183764E9,1.0856399959087376E10,1.2437449955262249E10,1.4086480067253115E10,1.442216998016835E10,1.5699989998459824E10,1.6130439915001404E10,1.5437449838638313E10,1.6144670070767414E10,1.764368007278443E10,1.783649010002613E10,1.786355999565125E10,1.853655993583613E10,2.023365991210937E10,2.110286011806132E10,2.082573014867306E10,2.0285420131519436E10,1.9285979908168316E10,1.9953220010846863E10,1.766223010971025E10,1.5306280041806402E10,1.525999003356696E10,1.4723979978322992E10,1.3642449886322027E10,1.4781600099563608E10,1.6976019962310791E10,2.318734000015259E10,2.9530320077896133E10,3.1173100257873554E10,5.8507319513320946E10,5.056364990615846E10,4.258030958175661E10,4.1921380243301414E10,4.020125007057191E10,4.037327996063235E10,4.0216780303955086E10,3.998476034259798E10,3.940136982727052E10,3.7376419769585144E10,3.93359201231003E10,3.885424016046525E10,4.366081020832064E10,4.1521830215454124E10,4.479006046676641E10,5.4058549952507065E10,4.819029070472719E10,,
datastructure,WB.DATA360:DS_DATA360(1.3),I,A,HKG,WB_WDI_DT_ODA_ALLD_KD,_T,_T,_T,USD_K_2021,_Z,_Z,_Z,_Z,CUR,2,WB_WDI,P1Y,0,A,PU,Annual,"Hong Kong SAR, China",Net official development assistance and official aid received (constant 2021 US$),Total,All age ranges or no breakdown by age,Total,"US dollars, 2021 constant prices",Not Applicable,Not Applicable,Not Applicable,Not Applicable,Currency,Two,World Development Indicators (WDI),Annual,Units,Normal value,Public,4.8961124420166E7,3.9841770172119096E7,1.4209692955017101E7,3.9816009521484405E7,2121990.91911316,2.8268030166626003E7,1.8800977706909202E7,2.05094432830811E7,9501012.80212402,7721899.98626709,1.1173810005188001E7,2.73953914642334E7,1.9547611236572303E7,3622277.02140808,3434807.06214905,-6818233.96682739,1.04384155273438E7,7795221.80557251,6661307.81173706,3.1575025558471702E7,2.64610576629639E7,2.33863735198975E7,2.05990142822266E7,2.30134468078613E7,3.73911781311035E7,6.19034957885742E7,4.66047401428223E7,4.1107006072997995E7,3.99659957885742E7,7.075823974609381E7,5.7752124786377005E7,5.35811386108398E7,-5.7281322479247995E7,4.17328491210938E7,3.55549163818359E7,1.93942527770996E7,1.39944915771484E7,1.16300001144409E7,9159999.84741211,4190000.05722046,5289999.96185303,4409999.84741211,5260000.228881841,6460000.03814697,8729999.54223633,,,,,,,,,,,,,,,,,,,
datastructure,WB.DATA360:DS_DATA360(1.3),I,A,EUU,WB_WDI_DT_ODA_ALLD_KD,_T,_T,_T,USD_K_2021,_Z,_Z,_Z,_Z,CUR,2,WB_WDI,P1Y,0,A,PU,Annual,European Union,Net official development assistance and official aid received (constant 2021 US$),Total,All age ranges or no breakdown by age,Total,"US dollars, 2021 constant prices",Not Applicable,Not Applicable,Not Applicable,Not Applicable,Currency,Two,World Development Indicators (WDI),Annual,Units,Normal value,Public,,,,,,,,,,,1.902499961853032E8,1.408600006103517E8,1.261800041198731E8,1.8468000793457067E8,1.963000030517578E8,2.5220999908447298E8,3.26300003051758E8,4.3005999755859405E8,2.64110000610351E8,2.1516000366210932E8,1.676100044250485E8,2.6611999511718696E8,1.537200012207031E8,1.755800056457522E8,7.62099990844726E7,1.369799995422363E8,8.736999893188481E7,7.594999814033507E7,7.297000265121466E7,6.329999637603757E7,2.6511499452590947E9,6.703770046710969E9,3.5752099754903483E9,2.707420021057132E9,4.2870900802612295E9,5.439890209197998E9,3.2374899826049843E9,2.9872800102233872E9,3.966939994812015E9,4.730670009613042E9,5.590669948577887E9,5.729240036010748E9,3.994929925918579E9,4.688289987564091E9,5.368880095005041E9,1.3960000610351598E8,2.17330001831055E8,1.63919998168945E8,2.2210000610351598E8,1.5880999755859402E8,1.27629997253418E8,250000.0,,,,,,,,,,,,
datastructure,WB.DATA360:DS_DATA360(1.3),I,A,NGA,WB_WDI_DT_ODA_ALLD_KD,_T,_T,_T,USD_K_2021,_Z,_Z,_Z,_Z,CUR,2,WB_WDI,P1Y,0,A,PU,Annual,Nigeria,Net official development assistance and official aid received (constant 2021 US$),Total,All age ranges or no breakdown by age,Total,"US dollars, 2021 constant prices",Not Applicable,Not Applicable,Not Applicable,Not Applicable,Currency,Two,World Development Indicators (WDI),Annual,Units,Normal value,Public,3.62673400878906E8,3.21215362548828E8,2.90743957519531E8,1.65732437133789E8,3.83698760986328E8,6.46654846191406E8,5.47880493164063E8,5.58542175292969E8,5.56096435546875E8,5.97408569335938E8,7.76205383300781E8,6.65923156738281E8,4.9440075683593804E8,4.07252960205078E8,3.2839001464843804E8,3.0951791381835896E8,1.9602552795410198E8,1.44270294189453E8,1.19446533203125E8,7.09415740966797E7,8.32391662597656E7,1.0683850097656299E8,9.23670806884766E7,1.12050666809082E8,9.40106048583984E7,9.08764495849609E7,1.22060249328613E8,1.1754386138916E8,1.68478485107422E8,4.93876220703125E8,3.7257846069335896E8,4.00916198730469E8,3.65633758544922E8,4.5768054199218804E8,2.9150326538085896E8,2.67902282714844E8,2.62419097900391E8,2.9300427246093804E8,3.05087646484375E8,2.2095660400390598E8,2.6853402709960896E8,2.71004852294922E8,4.67197540283203E8,4.4373400878906304E8,7.43584594726563E8,7.45241748046875E9,1.26797919921875E10,2.1790458984375E9,1.45778601074219E9,1.88329809570313E9,1.27905102539063E9,1.97163171386719E9,2.10144555664063E9,2.73470922851563E9,2.64382934570313E9,2.79511938476563E9,2.94720288085938E9,3.9082841796875E9,3.70221435546875E9,3.70191918945313E9,3.72457983398438E9,3.66710400390625E9,4.6201767578125E9,3.5964013671875E9
datastructure,WB.DATA360:DS_DATA360(1.3),I,A,PLW,WB_WDI_DT_ODA_ALLD_KD,_T,_T,_T,USD_K_2021,_Z,_Z,_Z,_Z,CUR,2,WB_WDI,P1Y,0,A,PU,Annual,Palau,Net official development assistance and official aid received (constant 2021 US$),Total,All age ranges or no breakdown by age,Total,"US dollars, 2021 constant prices",Not Applicable,Not Applicable,Not Applicable,Not Applicable,Currency,Two,World Development Indicators (WDI),Annual,Units,Normal value,Public,,,,,,,,,,,,,,,,,,,,,,,,,,,,,,,,,13112.0001897216,12694.9995756149,3.67528991699219E8,2.4821063232421902E8,1.08439468383789E8,5.43690795898438E7,1.4632646179199198E8,3.8111328125E7,4.30960006713867E7,4.53599853515625E7,3.8824436187744096E7,3.2863880157470703E7,2.70976448059082E7,2.8841552734375E7,4.85683746337891E7,2.75850734710693E7,4.99446678161621E7,4.35945625305176E7,3.1584558486938503E7,2.90479297637939E7,1.18556442260742E7,3.52229042053223E7,2.54465885162354E7,1.55216493606567E7,1.71219139099121E7,2.15676860809326E7,9.51958312988281E7,2.23788013458252E7,6.2338184356689505E7,4.7668651580810495E7,5.5554744720459E7,2.87853374481201E7
datastructure,WB.DATA360:DS_DATA360(1.3),I,A,KWT,WB_WDI_DT_ODA_ALLD_KD,_T,_T,_T,USD_K_2021,_Z,_Z,_Z,_Z,CUR,2,WB_WDI,P1Y,0,A,PU,Annual,Kuwait,Net official development assistance and official aid received (constant 2021 US$),Total,All age ranges or no breakdown by age,Total,"US dollars, 2021 constant prices",Not Applicable,Not Applicable,Not Applicable,Not Applicable,Currency,Two,World Development Indicators (WDI),Annual,Units,Normal value,Public,,-1374739.05086517,-2.05998668670654E7,-8173778.533935551,-6947002.88772583,-9868166.92352295,-1.08273162841797E7,-1.05670022964478E7,68759.0017914772,2162446.02203369,2388295.88890076,3253369.09294128,3429987.9074096703,1965345.0250625599,1620830.05905151,1200068.95065308,576951.026916504,1527683.97331238,2339241.98150635,2875478.9829254197,2.46754741668701E7,2.5342113494873002E7,1.5864788055419901E7,1.44551668167114E7,1.33348665237427E7,1.24109163284302E7,1.07471809387207E7,5923920.1545715295,8145868.3013916,7991805.07659912,2.0122886657714803E7,1.7947757720947303E7,9337344.1696167,2745562.0765686,6047105.78918457,5159053.80249023,3.3159999847412102E7,1850000.02384186,1.01599998474121E7,1.23500003814697E7,6239999.771118159,7889999.8664856,9029999.73297119,7389999.8664856,4449999.80926514,,,,,,,,,,,,,,,,,,,
datastructure,WB.DATA360:DS_DATA360(1.3),I,A,BMU,WB_WDI_DT_ODA_ALLD_KD,_T,_T,_T,USD_K_2021,_Z,_Z,_Z,_Z,CUR,2,WB_WDI,P1Y,0,A,PU,Annual,Bermuda,Net official development assistance and official aid received (constant 2021 US$),Total,All age ranges or no breakdown by age,Total,"US dollars, 2021 constant prices",Not Applicable,Not Applicable,Not Applicable,Not Applicable,Currency,Two,World Development Indicators (WDI),Annual,Units,Normal value,Public,,,,,102273.002266884,482073.00901413005,533993.005752563,544053.018093109,368808.001279831,93627.9967427254,85179.0010929108,,70157.9973101616,,177763.99850845302,99303.9980530739,158843.994140625,323163.98620605504,517147.00460434007,421934.99207496597,697004.020214081,541419.982910156,178651.00502967802,192974.001169205,225063.99452686298,3221932.88803101,210501.998662949,462294.012308121,73524.996638298,196095.004677773,6.87419357299805E7,-7667551.040649409,-7244171.142578131,-7127653.12194824,-1.7774295806884803E7,-2546354.05540466,-5243115.90194702,-1.18000001907349E7,860000.014305115,129999.995231628,100000.00149011599,39999.9991059303,29999.999329447703,50000.0007450581,109999.999403954,,,,,,,,,,,,,,,,,,,
datastructure,WB.DATA360:DS_DATA360(1.3),I,A,CYP,WB_WDI_DT_ODA_ALLD_KD,_T,_T,_T,USD_K_2021,_Z,_Z,_Z,_Z,CUR,2,WB_WDI,P1Y,0,A,PU,Annual,Cyprus,Net official development assistance and official aid received (constant 2021 US$),Total,All age ranges or no breakdown by age,Total,"US dollars, 2021 constant prices",Not Applicable,Not Applicable,Not Applicable,Not Applicable,Currency,Two,World Development Indicators (WDI),Annual,Units,Normal value,Public,2.69569122314453E8,2.0446357727050802E8,1.46678192138672E8,1.0521693420410201E8,4.2856472015380904E7,5.87872886657715E7,1.28094310760498E7,1.04498071670532E7,6539886.9514465295,2.52384166717529E7,4.42981071472168E7,3.86484222412109E7,4.47574348449707E7,4.17885208129883E7,1.02343376159668E8,1.28182769775391E8,2.28010238647461E8,3.5629776000976604E8,1.60691772460938E8,8.87444381713867E7,1.41994171142578E8,1.25500427246094E8,8.52097625732422E7,5.0950954437255904E7,4.691552734375E7,9.65739898681641E7,8.17206344604492E7,8.67766342163086E7,8.54057769775391E7,7.98351745605469E7,6.87595748901367E7,6.93153076171875E7,4.35064086914063E7,5.7077930450439505E7,7.24479217529297E7,3.15787563323975E7,3.5146533966064505E7,6.405999755859381E7,5.23499984741211E7,8.40999984741211E7,9.60299987792969E7,8.48300018310547E7,5.28600006103516E7,2.05E7,7.34199981689453E7,,,,,,,,,,,,,,,,,,,
datastructure,WB.DATA360:DS_DATA360(1.3),I,A,CHL,WB_WDI_DT_ODA_ALLD_KD,_T,_T,_T,USD_K_2021,_Z,_Z,_Z,_Z,CUR,2,WB_WDI,P1Y,0,A,PU,Annual,Chile,Net official development assistance and official aid received (constant 2021 US$),Total,All age ranges or no breakdown by age,Total,"US dollars, 2021 constant prices",Not Applicable,Not Applicable,Not Applicable,Not Applicable,Currency,Two,World Development Indicators (WDI),Annual,Units,Normal value,Public,1.3670219421386698E8,9.70735412597656E8,1.04389270019531E9,1.025162109375E9,8.44842346191406E8,8.07408874511719E8,8.87833068847656E8,6.7314404296875E8,5.040810546875E8,4.70381622314453E8,3.74637908935547E8,1.7694448852539098E8,2.2067915344238302E8,1.99555740356445E8,5.27248611450195E7,4.88048583984375E8,4.3966644287109405E7,4.15194053649902E7,1.5097339630127E7,-1.0142922973632799E8,-2.90510807037354E7,-1699298.0241775499,-1066887.97473907,2.78323001861572E7,4.27039833068848E7,1.42935546875E8,4595574.85580444,3.93206901550293E7,7.98349685668945E7,1.13418395996094E8,1.5457186889648402E8,1.7794758605957E8,1.78953872680664E8,2.59888305664063E8,2.0073158264160198E8,1.4777645874023402E8,2.31177719116211E8,1.6721051025390598E8,1.42900405883789E8,9.19201507568359E7,6.91895294189453E7,8.20401229858398E7,2.3475341796875E7,1.0865342712402299E8,8.49083786010742E7,2.05854949951172E8,1.15362739562988E8,1.10840728759766E8,9.850341796875E7,7.61704025268555E7,1.87912322998047E8,1.6389263916015598E8,1.26411880493164E8,8.015380859375E7,2.53161651611328E8,6.20435104370117E7,2.1391122436523402E8,7.99459457397461E7,,,,1269999.98092651,,
datastructure,WB.DATA360:DS_DATA360(1.3),I,A,JOR,WB_WDI_DT_ODA_ALLD_KD,_T,_T,_T,USD_K_2021,_Z,_Z,_Z,_Z,CUR,2,WB_WDI,P1Y,0,A,PU,Annual,Jordan,Net official development assistance and official aid received (constant 2021 US$),Total,All age ranges or no breakdown by age,Total,"US dollars, 2021 constant prices",Not Applicable,Not Applicable,Not Applicable,Not Applicable,Currency,Two,World Development Indicators (WDI),Annual,Units,Normal value,Public,7.43207458496094E8,7.63172180175781E8,6.64709777832031E8,6.53656311035156E8,5.94437622070313E8,5.33045593261719E8,5.73691955566406E8,3.90010803222656E8,3.20678894042969E8,3.38852966308594E8,5.55760864257813E8,4.0021890258789104E8,6.27521423339844E8,1.0549013671875E9,1.43502172851563E9,2.02128015136719E9,2.269314453125E9,1.61034655761719E9,1.51989575195313E9,4.0409521484375E9,4.01099755859375E9,3.26676416015625E9,2.40554370117188E9,2.26427734375E9,1.8832158203125E9,1.64773364257813E9,1.37728942871094E9,1.25677770996094E9,8.66281860351563E8,6.20561706542969E8,1.47061938476563E9,1.23512097167969E9,5.78476379394531E8,4.6988671875E8,4.8475326538085896E8,6.47753784179688E8,6.41698669433594E8,6.33535949707031E8,6.30387573242188E8,6.4930859375E8,8.38280395507813E8,7.29239624023438E8,9.17272033691406E8,2.00293469238281E9,8.79881103515625E8,9.68361999511719E8,7.85697448730469E8,7.969658203125E8,9.16130615234375E8,9.36993957519531E8,1.08392028808594E9,1.17796240234375E9,1.35056750488281E9,1.58862817382813E9,3.04760375976563E9,2.51978369140625E9,3.231876953125E9,3.42517163085938E9,2.89771264648438E9,3.06159790039063E9,3.4261201171875E9,3.59527905273438E9,2.0880029296875E9,2.83425146484375E9
datastructure,WB.DATA360:DS_DATA360(1.3),I,A,SRB,WB_WDI_DT_ODA_ALLD_KD,_T,_T,_T,USD_K_2021,_Z,_Z,_Z,_Z,CUR,2,WB_WDI,P1Y,0,A,PU,Annual,Serbia,Net official development assistance and official aid received (constant 2021 US$),Total,All age ranges or no breakdown by age,Total,"US dollars, 2021 constant prices",Not Applicable,Not Applicable,Not Applicable,Not Applicable,Currency,Two,World Development Indicators (WDI),Annual,Units,Normal value,Public,,,,,,,,,,,,,,,,,,,,,,,,,,,,,,,,,,,7.14175033569336E7,1.28953552246094E8,9.02740707397461E7,1.4529512023925802E8,1.7505238342285198E8,1.23632775878906E9,2.03655603027344E9,2.3524140625E9,3.35986499023438E9,1.86427099609375E9,1.52798327636719E9,1.31013000488281E9,1.91254187011719E9,9.47308044433594E8,1.00923309326172E9,6.57825012207031E8,6.90497497558594E8,1.37797961425781E9,1.15803369140625E9,7.87533813476563E8,3.68574737548828E8,3.6933142089843804E8,7.44490783691406E8,1.92234411621094E9,1.16436730957031E9,6.30351257324219E8,5.26559265136719E8,5.34086791992188E8,5.65962890625E8,5.78221740722656E8
datastructure,WB.DATA360:DS_DATA360(1.3),I,A,MAC,WB_WDI_DT_ODA_ALLD_KD,_T,_T,_T,USD_K_2021,_Z,_Z,_Z,_Z,CUR,2,WB_WDI,P1Y,0,A,PU,Annual,"Macao SAR, China",Net official development assistance and official aid received (constant 2021 US$),Total,All age ranges or no breakdown by age,Total,"US dollars, 2021 constant prices",Not Applicable,Not Applicable,Not Applicable,Not Applicable,Currency,Two,World Development Indicators (WDI),Annual,Units,Normal value,Public,1.83903198242188E7,1.58441209793091E7,,7788730.14450073,,,2439918.99490356,976360.9766960139,1137148.02265167,481393.00942421,1437504.05311584,1539028.04851532,523198.008537292,602787.017822266,136954.993009567,80540.0013923645,,,,37032.000720500895,1.1210269927978499E7,17125.9995549917,1869953.03630829,1415835.97660065,1148882.03144073,1060008.04901123,750316.023826599,172525.003552437,534115.016460419,476943.999528885,308955.99722862197,123053.99775505101,151804.000139236,192600.99530220003,422111.004590988,-5184969.90203857,360141.99256897,436482.99574852,686187.982559204,349491.000175476,1090000.0333786,870000.004768372,1620000.00476837,150000.005960464,129999.995231628,,,,,,,,,,,,,,,,,,,
datastructure,WB.DATA360:DS_DATA360(1.3),I,A,PAK,WB_WDI_DT_ODA_ALLD_KD,_T,_T,_T,USD_K_2021,_Z,_Z,_Z,_Z,CUR,2,WB_WDI,P1Y,0,A,PU,Annual,Pakistan,Net official development assistance and official aid received (constant 2021 US$),Total,All age ranges or no breakdown by age,Total,"US dollars, 2021 constant prices",Not Applicable,Not Applicable,Not Applicable,Not Applicable,Currency,Two,World Development Indicators (WDI),Annual,Units,Normal value,Public,2.01313208007813E9,2.011814453125E9,2.97031420898438E9,3.7591591796875E9,3.88528247070313E9,3.73768139648438E9,2.76545385742188E9,3.47609716796875E9,2.66344604492188E9,2.17736572265625E9,2.7635E9,2.66913623046875E9,1.81222436523438E9,1.47248376464844E9,2.1311796875E9,3.0188779296875E9,4.00452978515625E9,2.15507348632813E9,1.99652551269531E9,1.83291088867188E9,2.87203247070313E9,2.02730969238281E9,2.2574345703125E9,1.70395043945313E9,1.65809448242188E9,1.74331689453125E9,1.73729638671875E9,1.23739453125E9,2.00990551757813E9,2.1035927734375E9,1.44112963867188E9,1.76680981445313E9,1.18104821777344E9,1.14973303222656E9,1.49523803710938E9,4.6819470214843804E8,7.32521057128906E8,9.20533081054688E8,9.22672607421875E8,8.25036987304688E8,6.671865234375E8,2.7626787109375E9,2.84919213867188E9,1.30544396972656E9,1.63275708007813E9,1.84251635742188E9,2.4709951171875E9,2.2899326171875E9,1.17097839355469E9,2.89122021484375E9,3.05358056640625E9,3.89643139648438E9,2.1473212890625E9,2.34351928710938E9,3.80704541015625E9,4.3397841796875E9,3.43472680664063E9,2.78348681640625E9,1.61292761230469E9,2.30245874023438E9,2.8245419921875E9,2.9799892578125E9,1.82995910644531E9,3.96370166015625E9
datastructure,WB.DATA360:DS_DATA360(1.3),I,A,DOM,WB_WDI_DT_ODA_ALLD_KD,_T,_T,_T,USD_K_2021,_Z,_Z,_Z,_Z,CUR,2,WB_WDI,P1Y,0,A,PU,Annual,Dominican Republic,Net official development assistance and official aid received (constant 2021 US$),Total,All age ranges or no breakdown by age,Total,"US dollars, 2021 constant prices",Not Applicable,Not Applicable,Not Applicable,Not Applicable,Currency,Two,World Development Indicators (WDI),Annual,Units,Normal value,Public,1584758.04328918,1288818.00174713,1.7045976257324198E8,3.6198959350585896E8,1.7675390625E8,5.83166931152344E8,3.75786071777344E8,4.08364501953125E8,2.8922790527343804E8,2.2022454833984402E8,2.1548262023925802E8,1.42397872924805E8,1.36418869018555E8,1.0154917144775401E8,7.533544921875E7,8.61104202270508E7,9.80211029052734E7,5.64526901245117E7,6.6110786437988296E7,1.44627807617188E8,1.9667568969726598E8,1.6745733642578098E8,2.61250518798828E8,1.61546600341797E8,3.7165664672851604E8,4.0698742675781304E8,1.5265904235839802E8,2.2951031494140598E8,2.0073893737793E8,2.4216708374023402E8,1.47798797607422E8,1.19613464355469E8,1.08520446777344E8,-3.06513118743896E7,8.43909454345703E7,1.00479621887207E8,1.04222129821777E8,8.49841384887695E7,1.5697770690918E8,2.67484497070313E8,7.93263931274414E7,1.6820562744140598E8,2.3062335205078098E8,1.0120568847656299E8,1.20785972595215E8,1.20658638000488E8,1.05984565734863E8,1.58133666992188E8,1.85901489257813E8,1.4819189453125E8,2.12787628173828E8,2.4563658142089802E8,2.8552783203125E8,1.57763198852539E8,1.7211366271972698E8,3.2077062988281304E8,2.0676600646972698E8,1.3815461730957E8,1.0336047363281299E8,1.48717071533203E8,3.9884756469726604E8,4.5195053100585896E8,3.66928497314453E8,6.63396301269531E8
datastructure,WB.DATA360:DS_DATA360(1.3),I,A,CRI,WB_WDI_DT_ODA_ALLD_KD,_T,_T,_T,USD_K_2021,_Z,_Z,_Z,_Z,CUR,2,WB_WDI,P1Y,0,A,PU,Annual,Costa Rica,Net official development assistance and official aid received (constant 2021 US$),Total,All age ranges or no breakdown by age,Total,"US dollars, 2021 constant prices",Not Applicable,Not Applicable,Not Applicable,Not Applicable,Currency,Two,World Development Indicators (WDI),Annual,Units,Normal value,Public,3.34574584960938E7,5.54287986755371E7,7.1088996887207E7,6.23439865112305E7,8.743048095703131E7,1.1173303222656299E8,9.09439392089844E7,9.13268737792969E7,8.02090911865234E7,8.83708724975586E7,7.63430938720703E7,8.61929702758789E7,9.00256118774414E7,8.48257141113281E7,7.70439300537109E7,8.90160598754883E7,5.59822006225586E7,6.19911422729492E7,8.82277679443359E7,7.7418815612793E7,6.01495208740234E7,8.25017242431641E7,1.7397135925293E8,5.80735595703125E8,5.1154916381835896E8,6.44352233886719E8,4.2719619750976604E8,4.96087127685547E8,3.7515078735351604E8,4.5540658569335896E8,3.7882723999023396E8,2.8132876586914104E8,2.04573608398438E8,1.8224542236328098E8,1.20588287353516E8,6.30989379882813E7,-2993535.0418090797,8573635.10131836,4.53814926147461E7,7126846.79031372,5.1812770843505904E7,3.33996353149414E7,2.7116897583007798E7,5.22709350585938E7,3.44491577148438E7,3.75457992553711E7,3.3731201171875E7,6.4455513000488296E7,7.79723663330078E7,9.70882339477539E7,7.89659118652344E7,3.8158054351806596E7,3.5120059967041E7,3.57416381835938E7,5.66579246520996E7,1.1891831970214799E8,1.09522132873535E8,1.02219520568848E8,1.0076574707031299E8,5.85520401000977E7,2.23829574584961E8,8.56920394897461E7,6.76961975097656E8,1.4459100341796902E8
datastructure,WB.DATA360:DS_DATA360(1.3),I,A,AFE,WB_WDI_DT_ODA_ALLD_KD,_T,_T,_T,USD_K_2021,_Z,_Z,_Z,_Z,CUR,2,WB_WDI,P1Y,0,A,PU,Annual,Eastern & Southern Africa,Net official development assistance and official aid received (constant 2021 US$),Total,All age ranges or no breakdown by age,Total,"US dollars, 2021 constant prices",Not Applicable,Not Applicable,Not Applicable,Not Applicable,Currency,Two,World Development Indicators (WDI),Annual,Units,Normal value,Public,,,,,,,,,,,3.3041499519646163E9,3.4987500180676575E9,3.7978900415003295E9,3.830179988861084E9,5.367859993577005E9,6.833750008583073E9,6.051860012054445E9,6.912419988632198E9,7.887449923515319E9,9.599709981441511E9,1.0648089997291576E10,1.1103669884681704E10,1.2144059967994692E10,1.2039640123633675E10,1.2314459776878363E10,1.4261039956092836E10,1.3403239928483969E10,1.3733100020647064E10,1.4376240056276329E10,1.4331689865112305E10,1.568629994106294E10,1.473048003768921E10,1.5747409928679491E10,1.4906450096130367E10,1.4351230020523077E10,1.3457149871826172E10,1.051133000564576E10,1.1173139955520641E10,1.0808109958648687E10,1.049284001159668E10,1.180073003578187E10,1.2925740022659307E10,1.6770769834518435E10,2.1152470178604137E10,1.8811249705314636E10,1.858278999328615E10,2.0316580111503624E10,2.075168001031876E10,2.315324004745485E10,2.5534140121459976E10,2.517201996612551E10,2.728151031875612E10,2.5574370029449482E10,2.8148420082092297E10,2.4798370348930378E10,2.6665950030803696E10,2.649727997207643E10,2.8978569827079784E10,2.752548981094363E10,3.067884982872011E10,,,,
datastructure,WB.DATA360:DS_DATA360(1.3),I,A,EST,WB_WDI_DT_ODA_ALLD_KD,_T,_T,_T,USD_K_2021,_Z,_Z,_Z,_Z,CUR,2,WB_WDI,P1Y,0,A,PU,Annual,Estonia,Net official development assistance and official aid received (constant 2021 US$),Total,All age ranges or no breakdown by age,Total,"US dollars, 2021 constant prices",Not Applicable,Not Applicable,Not Applicable,Not Applicable,Currency,Two,World Development Indicators (WDI),Annual,Units,Normal value,Public,,,,,,,,,,,,,,,,,,,,,,,,,,,,,,,,2.15200004577637E7,1.4989999389648402E8,6.93300018310547E7,6.81399993896484E7,7.88899993896484E7,8.12099990844727E7,1.00870002746582E8,1.4042999267578098E8,1.3225E8,1.13E8,1.23080001831055E8,9.27900009155273E7,1.1601000213623E8,1.6596000671386698E8,,,,,,,,,,,,,,,,,,,
datastructure,WB.DATA360:DS_DATA360(1.3),I,A,ECS,WB_WDI_DT_ODA_ALLD_KD,_T,_T,_T,USD_K_2021,_Z,_Z,_Z,_Z,CUR,2,WB_WDI,P1Y,0,A,PU,Annual,Europe & Central Asia,Net official development assistance and official aid received (constant 2021 US$),Total,All age ranges or no breakdown by age,Total,"US dollars, 2021 constant prices",Not Applicable,Not Applicable,Not Applicable,Not Applicable,Currency,Two,World Development Indicators (WDI),Annual,Units,Normal value,Public,1.7460700055360801E9,2.9211899535656E9,2.92633004450798E9,2.8030400043726E9,1.9865499434471102E9,1.91660001373291E9,2.2543500173091903E9,1.70888001728058E9,1.34501001024246E9,1.39371998023987E9,1.10017995834351E9,1.3663299913406398E9,1.62761999130249E9,1.11222997283936E9,6.49760005950928E8,5.49440000534058E8,1.0332699956893901E9,7.74029987335205E8,5.84400002002716E8,1.6033499913215601E9,2.5637099866867104E9,2.1032199382782001E9,1.82146004867554E9,1.1234099988937402E9,8.44499971866608E8,8.005400114059451E8,9.5135999083519E8,8.63010015010834E8,6.63650010108948E8,5.14400003928691E8,5.60679990150407E9,1.3674770032802578E10,1.159690990222432E10,1.4472640174865719E10,1.4219830213546751E10,1.505819004952908E10,1.194954994690419E10,1.059204995799065E10,1.313766996216774E10,1.740519977831839E10,1.744129974555965E10,1.586732002329826E10,1.6886779837206009E10,1.3714889939695599E10,1.4071490034967659E10,5.61110000419617E9,6.84100001907349E9,6.05387001609802E9,7.00648998832703E9,7.71009992790222E9,7.11518996810913E9,9.64573997974396E9,9.68186997079849E9,8.457730035066599E9,9.71170008563995E9,9.14816001033783E9,1.0493259958267199E10,1.02758300952911E10,8.221490032196039E9,7.48408006954193E9,1.0809940140724201E10,9.19950004422665E9,,
datastructure,WB.DATA360:DS_DATA360(1.3),I,A,PAN,WB_WDI_DT_ODA_ALLD_KD,_T,_T,_T,USD_K_2021,_Z,_Z,_Z,_Z,CUR,2,WB_WDI,P1Y,0,A,PU,Annual,Panama,Net official development assistance and official aid received (constant 2021 US$),Total,All age ranges or no breakdown by age,Total,"US dollars, 2021 constant prices",Not Applicable,Not Applicable,Not Applicable,Not Applicable,Currency,Two,World Development Indicators (WDI),Annual,Units,Normal value,Public,1.05131988525391E8,7.91944427490234E7,8.9796012878418E7,1.4252212524414098E8,8.2726188659668E7,2.72989532470703E8,1.4255331420898402E8,1.18328689575195E8,8.67700347900391E7,1.06128959655762E8,9.73415451049805E7,1.1451811218261701E8,7.18073501586914E7,1.16477012634277E8,7.58584365844727E7,9.64540939331055E7,1.2187098693847701E8,9.38962936401367E7,7.38915328979492E7,6.29262161254883E7,6.87225036621094E7,6.22487945556641E7,7.28573226928711E7,8.03978958129883E7,1.56616287231445E8,1.18623687744141E8,7.61987838745117E7,7.33924942016602E7,4.18424682617188E7,3.66243705749512E7,1.9965510559082E8,2.12254318237305E8,3.1048178100585896E8,1.28724197387695E8,4.47129554748535E7,5.54299125671387E7,5.42713737487793E7,5.07448387145996E7,4.33970336914063E7,3.5700954437255904E7,4.33325424194336E7,5.62281684875488E7,4.51953659057617E7,4.83416786193848E7,3.85586547851563E7,3.58392181396484E7,5.1696826934814505E7,-1.11400314331055E8,3.95584030151367E7,6.3258640289306596E7,9.678741455078131E7,9.00854873657227E7,5.21780586242676E7,1.18580722808838E7,-1.9139030456543E8,1.50657444000244E7,3.0536014556884803E7,5.11090927124023E7,4.4400730133056596E7,8.18291015625E7,1.551953125E8,8.42906036376953E7,1.2954557800293E8,4.10184387207031E8
datastructure,WB.DATA360:DS_DATA360(1.3),I,A,PST,WB_WDI_DT_ODA_ALLD_KD,_T,_T,_T,USD_K_2021,_Z,_Z,_Z,_Z,CUR,2,WB_WDI,P1Y,0,A,PU,Annual,Post-demographic dividend,Net official development assistance and official aid received (constant 2021 US$),Total,All age ranges or no breakdown by age,Total,"US dollars, 2021 constant prices",Not Applicable,Not Applicable,Not Applicable,Not Applicable,Currency,Two,World Development Indicators (WDI),Annual,Units,Normal value,Public,,,,,,,,,,,2.076970036864281E9,2.3016900547742867E9,2.230599970310924E9,1.6369299441464245E9,1.326000052809718E9,1.2045799997523427E9,1.1271400194168086E9,1.0930699887275693E9,7.64149991512298E8,6.541399991996589E8,5.662600173950198E8,1.0646600032038989E9,3.582500023841859E8,3.5623000538349175E8,2.146699944734574E8,2.906799962520604E8,1.940100009441376E8,1.9481999631226063E8,1.9016999983787492E8,3.981300075240432E8,7.83589984614402E8,2.844040020847695E9,1.9754299899730837E9,1.6347699961215267E9,2.265930035263299E9,2.4155999888181715E9,2.902720024704937E9,2.751140001714236E9,3.810240027129653E9,4.409629994511602E9,4.0124099228084145E9,4.237319963987919E9,3.119830052614213E9,2.7670200146734724E9,3.303289974093439E9,1.4048200108408933E9,1.5361799902319913E9,1.4097100419998174E9,1.4847699775695798E9,1.4350499911308293E9,1.5988999910354621E9,1.4986300086975095E9,1.4924299954175959E9,1.4419699871540077E9,2.228319962501531E9,2.6371899597644815E9,5.013090082168581E9,2.176800012588498E9,2.4411900196075444E9,2.336510030746463E9,4.156470045089727E9,2.527100042343146E9,,
datastructure,WB.DATA360:DS_DATA360(1.3),I,A,UGA,WB_WDI_DT_ODA_ALLD_KD,_T,_T,_T,USD_K_2021,_Z,_Z,_Z,_Z,CUR,2,WB_WDI,P1Y,0,A,PU,Annual,Uganda,Net official development assistance and official aid received (constant 2021 US$),Total,All age ranges or no breakdown by age,Total,"US dollars, 2021 constant prices",Not Applicable,Not Applicable,Not Applicable,Not Applicable,Currency,Two,World Development Indicators (WDI),Annual,Units,Normal value,Public,2.3518359375E8,2.3469566345214802E8,2.970888671875E8,2.0142538452148402E8,2.1668212890625E8,1.7961361694335902E8,1.87390258789063E8,1.8033091735839802E8,1.78697540283203E8,2.08436157226563E8,2.47419891357422E8,2.16679931640625E8,2.5115858459472698E8,1.13227111816406E8,7.79114456176758E7,2.08680679321289E8,8.38135452270508E7,6.39336128234863E7,1.2500216674804701E8,1.34664306640625E8,2.9639404296875E8,3.6540539550781304E8,3.57762634277344E8,3.8112149047851604E8,4.65937072753906E8,5.0934729003906304E8,4.4537075805664104E8,5.90916748046875E8,7.19988342285156E8,9.43772094726563E8,1.07759057617188E9,1.03192822265625E9,1.07704541015625E9,9.47427429199219E8,1.1083837890625E9,1.12652612304688E9,9.32006958007813E8,1.2117626953125E9,9.9568603515625E8,9.13514404296875E8,1.36995080566406E9,1.37088818359375E9,1.16767944335938E9,1.40692626953125E9,1.57628344726563E9,1.51270642089844E9,1.90567993164063E9,1.9467880859375E9,1.76998352050781E9,2.00634106445313E9,1.52483129882813E9,1.68016687011719E9,1.78124182128906E9,1.83217260742188E9,1.74725317382813E9,1.89200109863281E9,2.06395703125E9,2.32246044921875E9,2.15740991210938E9,2.27848095703125E9,3.36918725585938E9,2.63937084960938E9,2.24878076171875E9,2.25659057617188E9
datastructure,WB.DATA360:DS_DATA360(1.3),I,A,BFA,WB_WDI_DT_ODA_ALLD_KD,_T,_T,_T,USD_K_2021,_Z,_Z,_Z,_Z,CUR,2,WB_WDI,P1Y,0,A,PU,Annual,Burkina Faso,Net official development assistance and official aid received (constant 2021 US$),Total,All age ranges or no breakdown by age,Total,"US dollars, 2021 constant prices",Not Applicable,Not Applicable,Not Applicable,Not Applicable,Currency,Two,World Development Indicators (WDI),Annual,Units,Normal value,Public,1791234.9700927702,1.4941551208496101E7,4.41561126708984E7,4.01357002258301E7,1.29748672485352E8,1.4328999328613302E8,1.3691958618164098E8,1.45920883178711E8,1.67426040649414E8,1.7250596618652302E8,1.5706976318359402E8,1.92971267700195E8,2.0369667053222698E8,3.0007949829101604E8,4.6122787475585896E8,3.5243298339843804E8,3.0973742675781304E8,4.03090759277344E8,4.98456298828125E8,5.46974548339844E8,5.24536987304688E8,5.88447143554688E8,5.93574645996094E8,5.11296112060547E8,5.30607971191406E8,5.32858947753906E8,6.2387353515625E8,5.25477600097656E8,5.39500549316406E8,5.05864807128906E8,5.31344177246094E8,6.7402294921875E8,6.44848754882813E8,7.28143005371094E8,6.46815490722656E8,6.52426391601563E8,5.70818969726563E8,5.65746459960938E8,6.11149719238281E8,6.04942749023438E8,3.31718078613281E8,6.64606384277344E8,7.23003051757813E8,7.53389831542969E8,8.21237243652344E8,8.60601928710938E8,1.07360717773438E9,1.02778002929688E9,1.02445300292969E9,1.15365551757813E9,8.99447570800781E8,9.8577294921875E8,1.21585510253906E9,1.09952905273438E9,1.18845446777344E9,1.15903991699219E9,1.19435107421875E9,1.01561370849609E9,1.29270568847656E9,1.23410021972656E9,1.86252160644531E9,1.63447106933594E9,1.46219836425781E9,1.43642199707031E9
datastructure,WB.DATA360:DS_DATA360(1.3),I,A,VCT,WB_WDI_DT_ODA_ALLD_KD,_T,_T,_T,USD_K_2021,_Z,_Z,_Z,_Z,CUR,2,WB_WDI,P1Y,0,A,PU,Annual,St. Vincent and the Grenadines,Net official development assistance and official aid received (constant 2021 US$),Total,All age ranges or no breakdown by age,Total,"US dollars, 2021 constant prices",Not Applicable,Not Applicable,Not Applicable,Not Applicable,Currency,Two,World Development Indicators (WDI),Annual,Units,Normal value,Public,,,,,,,,,,,,,,602787.017822266,2.0290470123291E7,2.7883279800415E7,2.03375415802002E7,1.6377944946289102E7,1.6733928680419901E7,1.74961814880371E7,2.5090938568115197E7,2.4319694519043002E7,2.07713947296143E7,1.4742992401123E7,1.09902153015137E7,1.51553087234497E7,2.97109355926514E7,2.74127082824707E7,3.05488300323486E7,2.56591167449951E7,2.50443172454834E7,2.48568134307861E7,2.69535522460938E7,2.03945713043213E7,1.58555002212524E7,6.20285682678223E7,3.44209518432617E7,5726632.1182251,3.07700843811035E7,2.14376468658447E7,7861615.18096924,1.36469192504883E7,6694646.83532715,7986925.12512207,1.0335609436035201E7,8435767.17376709,5183616.16134644,6.87157135009766E7,2.41696071624756E7,2.94072570800781E7,1.71742076873779E7,1.74026908874512E7,8484189.0335083,8676716.804504389,1.01074390411377E7,1.50180950164795E7,9538200.37841797,1.28136587142944E7,1.97483711242676E7,9.28150634765625E7,8.21220016479492E7,1.27885246276855E8,1.60600700378418E7,2.1283740997314498E7
datastructure,WB.DATA360:DS_DATA360(1.3),I,A,MLT,WB_WDI_DT_ODA_ALLD_KD,_T,_T,_T,USD_K_2021,_Z,_Z,_Z,_Z,CUR,2,WB_WDI,P1Y,0,A,PU,Annual,Malta,Net official development assistance and official aid received (constant 2021 US$),Total,All age ranges or no breakdown by age,Total,"US dollars, 2021 constant prices",Not Applicable,Not Applicable,Not Applicable,Not Applicable,Currency,Two,World Development Indicators (WDI),Annual,Units,Normal value,Public,1.4171157836914098E8,1.08439392089844E8,9.42072906494141E7,1.8161943054199198E8,1.9979862976074198E8,1.57935134887695E8,1.59122482299805E8,1.45177505493164E8,1.6556755065918E8,1.38076446533203E8,1.62384353637695E8,1.14507873535156E8,9.50466079711914E7,1.6175885009765598E8,1.11929504394531E8,1.49216552734375E8,1.34121948242188E8,1.2370864105224599E8,1.32603698730469E8,1.46040496826172E8,4.28001670837402E7,1.60512176513672E8,8.00791244506836E7,1.3689414978027302E8,3.48708648681641E7,5.33127784729004E7,1.5627099037170399E7,-2701596.02165222,-5089450.83618164,-9334137.91656494,8637187.004089361,3.45947341918945E7,6382556.915283199,5.23285293579102E7,7.26081695556641E7,1.54390754699707E7,1.06097808837891E8,3.58716201782227E7,3.46864242553711E7,4.07208251953125E7,3.90248985290527E7,3185110.09216309,1.87993488311768E7,1.2539999961853001E7,7639999.8664856,,,,,,,,,,,,,,,,,,,
datastructure,WB.DATA360:DS_DATA360(1.3),I,A,ETH,WB_WDI_DT_ODA_ALLD_KD,_T,_T,_T,USD_K_2021,_Z,_Z,_Z,_Z,CUR,2,WB_WDI,P1Y,0,A,PU,Annual,Ethiopia,Net official development assistance and official aid received (constant 2021 US$),Total,All age ranges or no breakdown by age,Total,"US dollars, 2021 constant prices",Not Applicable,Not Applicable,Not Applicable,Not Applicable,Currency,Two,World Development Indicators (WDI),Annual,Units,Normal value,Public,1.54710723876953E8,1.9180262756347698E8,2.1346722412109402E8,1.9699864196777302E8,1.2488151550293E8,1.5845933532714802E8,1.83942596435547E8,1.9108726501464802E8,2.9961679077148396E8,2.4925619506835902E8,2.7811776733398396E8,2.86261505126953E8,2.68555877685547E8,3.37583251953125E8,5.53516052246094E8,5.32626647949219E8,5.60099853515625E8,3.97394805908203E8,4.3477938842773396E8,5.24350280761719E8,5.28682434082031E8,6.6215283203125E8,5.50890014648438E8,9.42614990234375E8,1.07714086914063E9,2.078283203125E9,1.49346142578125E9,1.23969384765625E9,1.81516271972656E9,1.33719848632813E9,1.63257531738281E9,1.74307202148438E9,1.75783532714844E9,1.68324536132813E9,1.62668127441406E9,1.20476452636719E9,1.13271374511719E9,8.74898864746094E8,1.02244293212891E9,9.86369750976563E8,1.12220166015625E9,1.79821276855469E9,2.08168627929688E9,2.34507739257813E9,2.4089560546875E9,2.51813671875E9,2.46568676757813E9,2.91237817382813E9,3.68528857421875E9,4.327478515625E9,3.18390893554688E9,3.728056640625E9,3.53270239257813E9,4.13596630859375E9,3.7899306640625E9,3.75322485351563E9,4.81464404296875E9,4.7875166015625E9,5.4571591796875E9,5.2499990234375E9,5.7840966796875E9,4.2266611328125E9,5.14046484375E9,5.401845703125E9
datastructure,WB.DATA360:DS_DATA360(1.3),I,A,EMU,WB_WDI_DT_ODA_ALLD_KD,_T,_T,_T,USD_K_2021,_Z,_Z,_Z,_Z,CUR,2,WB_WDI,P1Y,0,A,PU,Annual,Euro area,Net official development assistance and official aid received (constant 2021 US$),Total,All age ranges or no breakdown by age,Total,"US dollars, 2021 constant prices",Not Applicable,Not Applicable,Not Applicable,Not Applicable,Currency,Two,World Development Indicators (WDI),Annual,Units,Normal value,Public,,,,,,,,,,,1.902499961853032E8,1.408600006103517E8,1.261800041198731E8,1.8468000793457067E8,1.963000030517578E8,2.5220999908447298E8,3.26300003051758E8,4.3005999755859405E8,2.64110000610351E8,2.1516000366210932E8,1.676100044250485E8,2.6611999511718696E8,1.537200012207031E8,1.755800056457522E8,7.62099990844726E7,1.369799995422363E8,8.736999893188481E7,7.594999814033507E7,7.297000265121466E7,6.329999637603757E7,8.198000049591061E7,3.0224999666214013E8,5.2493999624252295E8,3.943599929809572E8,5.3331000518798816E8,6.073800010681161E8,6.444399948120128E8,6.827600021362312E8,8.151800003051767E8,1.1013899955749514E9,8.297899894714355E8,1.0800400085449226E9,7.983199863433837E8,1.041449991226196E9,1.0432199997901919E9,,,,,,,,,,,,,,,,,,,
datastructure,WB.DATA360:DS_DATA360(1.3),I,A,PRY,WB_WDI_DT_ODA_ALLD_KD,_T,_T,_T,USD_K_2021,_Z,_Z,_Z,_Z,CUR,2,WB_WDI,P1Y,0,A,PU,Annual,Paraguay,Net official development assistance and official aid received (constant 2021 US$),Total,All age ranges or no breakdown by age,Total,"US dollars, 2021 constant prices",Not Applicable,Not Applicable,Not Applicable,Not Applicable,Currency,Two,World Development Indicators (WDI),Annual,Units,Normal value,Public,8.77899475097656E7,8.07749786376953E7,2.4101053237915E7,6.5170280456543E7,6.507843017578131E7,6.720465087890631E7,6.6124443054199204E7,8.54615783691406E7,6.99066619873047E7,8.93843994140625E7,9.244140625E7,9.90050354003906E7,8.92202606201172E7,7.56922302246094E7,1.0519039916992201E8,6.96715774536133E7,8.26142044067383E7,1.0011891937255901E8,7.89360733032227E7,6.24814262390137E7,6.581524658203131E7,9.70458908081055E7,1.7111636352539098E8,1.02772384643555E8,9.560968017578131E7,7.81400527954102E7,8.6683479309082E7,8.09774551391602E7,7.93694686889648E7,1.1058876800537099E8,7.82670974731445E7,1.7163143920898402E8,7.37651596069336E7,1.00848197937012E8,7.88503494262695E7,1.0831562805175799E8,7.339105224609381E7,1.0336515045166E8,8.25135116577148E7,9.29632797241211E7,8.91275482177734E7,9.03896255493164E7,8.90731506347656E7,8.26591949462891E7,4.97428665161133E7,6.85933303833008E7,7.71381378173828E7,1.30432586669922E8,1.42560821533203E8,1.61627182006836E8,1.28629577636719E8,9.85349349975586E7,1.24993644714355E8,1.4041302490234402E8,7.016046142578131E7,7.05777969360352E7,1.0459602355957E8,1.65763931274414E8,1.7562382507324198E8,1.33898284912109E8,3.199541015625E8,1.7489955139160198E8,1.0283908843994099E8,2.23693115234375E8
datastructure,WB.DATA360:DS_DATA360(1.3),I,A,EAR,WB_WDI_DT_ODA_ALLD_KD,_T,_T,_T,USD_K_2021,_Z,_Z,_Z,_Z,CUR,2,WB_WDI,P1Y,0,A,PU,Annual,Early-demographic dividend,Net official development assistance and official aid received (constant 2021 US$),Total,All age ranges or no breakdown by age,Total,"US dollars, 2021 constant prices",Not Applicable,Not Applicable,Not Applicable,Not Applicable,Currency,Two,World Development Indicators (WDI),Annual,Units,Normal value,Public,,,,,,,,,,,2.0302969837188736E10,2.117267960000038E10,1.9274530018776672E10,2.557117993472517E10,3.167525972342491E10,4.0002559592247025E10,3.9462889456987404E10,3.445828059184552E10,3.436741036963465E10,3.7810480442523964E10,4.087956008815768E10,3.726258978176118E10,3.59677300720215E10,3.456742983749323E10,3.4863069364547745E10,3.6027439722061165E10,3.47435700798035E10,3.1397960556983967E10,2.969573004341127E10,2.9752069887638107E10,3.998204975605013E10,4.1444389415681366E10,3.502330023419859E10,2.994595011901857E10,3.149554983854296E10,2.4855580013751984E10,2.7407349977493298E10,2.4256269800663006E10,2.630063015174867E10,2.53397697401047E10,2.417629013442994E10,2.8744329949378975E10,2.8357610020637524E10,2.6151500004768383E10,2.4836269899368286E10,2.694820991706851E10,2.5795290069580086E10,2.5380470056533813E10,2.9989330001056202E10,3.3103760127097397E10,3.522025997829438E10,3.590553976345065E10,3.447753992271427E10,4.569191005516057E10,4.3576750046730064E10,4.7572319744110146E10,5.2838970551729225E10,5.421216931909327E10,5.78372301502228E10,5.4560659460067764E10,6.3352999917984055E10,6.284409036064152E10,,
datastructure,WB.DATA360:DS_DATA360(1.3),I,A,MNG,WB_WDI_DT_ODA_ALLD_KD,_T,_T,_T,USD_K_2021,_Z,_Z,_Z,_Z,CUR,2,WB_WDI,P1Y,0,A,PU,Annual,Mongolia,Net official development assistance and official aid received (constant 2021 US$),Total,All age ranges or no breakdown by age,Total,"US dollars, 2021 constant prices",Not Applicable,Not Applicable,Not Applicable,Not Applicable,Currency,Two,World Development Indicators (WDI),Annual,Units,Normal value,Public,,,,,,,,,,,,,,,,,1.32481880187988E7,1.22033557891846E7,1.06669387817383E7,9334685.32562256,6072875.02288818,6230819.22531128,6384373.1880188,5299632.07244873,5875839.23339844,1.38673858642578E7,1.41972990036011E7,8480274.20043945,6274178.9817810105,9681008.33892822,1.9988439559936497E7,7.72194137573242E7,1.20499206542969E8,1.18303558349609E8,1.7757899475097698E8,1.31744720458984E8,1.63665252685547E8,2.2119203186035198E8,2.0355191040039098E8,2.01844848632813E8,2.14199340820313E8,2.45333480834961E8,2.4022271728515598E8,2.61934997558594E8,2.5482342529296902E8,2.2124125671386698E8,2.04910140991211E8,2.2306689453125E8,2.3756556701660198E8,3.2113803100585896E8,2.67118560791016E8,3.26930877685547E8,4.48240478515625E8,4.2012026977539104E8,3.0175991821289104E8,2.5008848571777302E8,3.13166534423828E8,7.20918823242188E8,3.3718395996093804E8,3.17870330810547E8,6.85283935546875E8,2.8666317749023396E8,2.9912927246093804E8,2.60169830322266E8
datastructure,WB.DATA360:DS_DATA360(1.3),I,A,PSE,WB_WDI_DT_ODA_ALLD_KD,_T,_T,_T,USD_K_2021,_Z,_Z,_Z,_Z,CUR,2,WB_WDI,P1Y,0,A,PU,Annual,West Bank and Gaza,Net official development assistance and official aid received (constant 2021 US$),Total,All age ranges or no breakdown by age,Total,"US dollars, 2021 constant prices",Not Applicable,Not Applicable,Not Applicable,Not Applicable,Currency,Two,World Development Indicators (WDI),Annual,Units,Normal value,Public,,,,,,,,,,,,,,,,,,,,,,,,,,,,,,,,,,2.8596939086914104E8,7.35939819335938E8,7.0413818359375E8,7.97100341796875E8,9.30015197753906E8,9.43956848144531E8,8.65146118164063E8,1.06546594238281E9,1.64750744628906E9,1.5706982421875E9,1.4835029296875E9,1.5390888671875E9,1.28832836914063E9,1.62901232910156E9,1.89258740234375E9,2.64834350585938E9,3.21010595703125E9,2.72666967773438E9,2.59062963867188E9,2.102904296875E9,2.85314477539063E9,2.61242602539063E9,2.16887866210938E9,2.83079711914063E9,2.45425048828125E9,2.513328125E9,2.55677368164063E9,2.19838427734375E9,2.17734716796875E9,2.34703149414063E9,3.623873046875E9
datastructure,WB.DATA360:DS_DATA360(1.3),I,A,VEN,WB_WDI_DT_ODA_ALLD_KD,_T,_T,_T,USD_K_2021,_Z,_Z,_Z,_Z,CUR,2,WB_WDI,P1Y,0,A,PU,Annual,"Venezuela, RB",Net official development assistance and official aid received (constant 2021 US$),Total,All age ranges or no breakdown by age,Total,"US dollars, 2021 constant prices",Not Applicable,Not Applicable,Not Applicable,Not Applicable,Currency,Two,World Development Indicators (WDI),Annual,Units,Normal value,Public,-2547524.92904663,-1.04738855361938E7,7.03353942871094E8,3.504287109375E8,-4.3473983764648396E8,3.90620155334473E7,2.0517349243164098E8,1.78328689575195E8,1.23358245849609E8,7.49027633666992E7,3.49254302978516E7,5.2420680999755904E7,5.03835830688477E7,4.22985191345215E7,2.2754976272583E7,1.3846331596374499E7,-6.52285614013672E7,-3.60858612060547E7,-6.3423282623291E7,2.52147102355957E7,4.32993202209473E7,4.6412868499755904E7,5.25776901245117E7,5.1590850830078095E7,5.37545280456543E7,5.0498321533203095E7,4.7200103759765595E7,4.27606353759766E7,4.8179050445556596E7,1.23695083618164E8,1.28454818725586E8,4.6681789398193404E7,4.62959671020508E7,5.86910018920898E7,3.63274993896484E7,5.64151992797852E7,4.6310546875E7,3249702.93045044,5.93614044189453E7,6.65651397705078E7,1.36013168334961E8,7.64708480834961E7,9.34249038696289E7,1.1534677886962901E8,5.8943977355957E7,6.07697105407715E7,6.93238830566406E7,8.0183349609375E7,6.21902084350586E7,6.38367118835449E7,5.24840545654297E7,5.03762435913086E7,5.4650821685791E7,4.01661834716797E7,4.4711277008056596E7,4.33147850036621E7,5.13471717834473E7,9.97148818969727E7,1.6203036499023402E8,2.94045379638672E8,3.68177276611328E8,2.8614221191406304E8,2.8496469116210896E8,4.0529507446289104E8
datastructure,WB.DATA360:DS_DATA360(1.3),I,A,LKA,WB_WDI_DT_ODA_ALLD_KD,_T,_T,_T,USD_K_2021,_Z,_Z,_Z,_Z,CUR,2,WB_WDI,P1Y,0,A,PU,Annual,Sri Lanka,Net official development assistance and official aid received (constant 2021 US$),Total,All age ranges or no breakdown by age,Total,"US dollars, 2021 constant prices",Not Applicable,Not Applicable,Not Applicable,Not Applicable,Currency,Two,World Development Indicators (WDI),Annual,Units,Normal value,Public,8.81477432250977E7,8.78894119262695E7,1.08227142333984E8,8.66706390380859E7,7.07037582397461E7,1.16224060058594E8,2.3258964538574198E8,3.4222476196289104E8,3.7835244750976604E8,3.51991027832031E8,3.5483407592773396E8,3.53294006347656E8,3.22678466796875E8,2.7599560546875E8,3.31978942871094E8,5.6211279296875E8,6.18803344726563E8,6.16342529296875E8,9.05181579589844E8,8.27808898925781E8,9.45086608886719E8,9.25475891113281E8,1.02049841308594E9,1.14421594238281E9,1.13763562011719E9,1.14417993164063E9,1.04578601074219E9,7.55654113769531E8,8.90472839355469E8,8.51870727539063E8,9.25093017578125E8,1.02029925537109E9,7.22860290527344E8,7.57121154785156E8,6.11501220703125E8,4.64458526611328E8,3.85075744628906E8,2.9612069702148396E8,3.7183877563476604E8,1.8829920959472698E8,2.30614776611328E8,3.0681311035156304E8,3.20731384277344E8,6.34489318847656E8,4.3331503295898396E8,1.16372875976563E9,7.51806518554688E8,5.44147888183594E8,6.41699829101563E8,6.3235009765625E8,4.25425231933594E8,5.43962280273438E8,4.2351748657226604E8,3.85394256591797E8,4.68952178955078E8,5.0024179077148396E8,4.3242929077148396E8,3.48614074707031E8,-2.73681640625E8,2.0224102783203098E8,2.1543734741210902E8,1.6742387390136698E8,6647133.82720947,8.27259826660156E8
datastructure,WB.DATA360:DS_DATA360(1.3),I,A,BLR,WB_WDI_DT_ODA_ALLD_KD,_T,_T,_T,USD_K_2021,_Z,_Z,_Z,_Z,CUR,2,WB_WDI,P1Y,0,A,PU,Annual,Belarus,Net official development assistance and official aid received (constant 2021 US$),Total,All age ranges or no breakdown by age,Total,"US dollars, 2021 constant prices",Not Applicable,Not Applicable,Not Applicable,Not Applicable,Currency,Two,World Development Indicators (WDI),Annual,Units,Normal value,Public,,,,,,,,,,,,,,,,,,,,,,,,,,,,,,,,2.95519989013672E8,3.9314999389648396E8,2.8910000610351604E8,1.7494000244140598E8,2.8686999511718804E8,1.1093000030517599E8,8.805999755859381E7,6.30099983215332E7,6.4589996337890595E7,6.06399993896484E7,6.88000030517578E7,6.50400009155273E7,6.561000061035161E7,6.4319999694824204E7,7.31142425537109E7,9.2598388671875E7,9.65686798095703E7,1.14458503723145E8,1.09000862121582E8,1.5193963623046902E8,1.2170491027832E8,1.12244445800781E8,1.1473791503906299E8,1.24444732666016E8,1.24929893493652E8,-2.2019237518310502E7,-2.8146493530273396E8,1.33033142089844E8,2.41887435913086E8,3.6102038574218804E8,1.5034696960449198E8,1.9887855529785197E7,1.14752738952637E8
datastructure,WB.DATA360:DS_DATA360(1.3),I,A,BEN,WB_WDI_DT_ODA_ALLD_KD,_T,_T,_T,USD_K_2021,_Z,_Z,_Z,_Z,CUR,2,WB_WDI,P1Y,0,A,PU,Annual,Benin,Net official development assistance and official aid received (constant 2021 US$),Total,All age ranges or no breakdown by age,Total,"US dollars, 2021 constant prices",Not Applicable,Not Applicable,Not Applicable,Not Applicable,Currency,Two,World Development Indicators (WDI),Annual,Units,Normal value,Public,206476.002931595,1.28176851272583E7,3.34015121459961E7,3.65006446838379E7,1.4650450134277302E8,1.4299200439453098E8,1.1788096618652299E8,1.2724062347412099E8,1.0281984710693401E8,9.74138717651367E7,1.08852088928223E8,1.9727168273925802E8,1.19853927612305E8,1.372763671875E8,1.5539979553222698E8,2.1659844970703098E8,2.0541636657714802E8,1.7926483154296902E8,1.92768280029297E8,2.3467658996582E8,2.2035772705078098E8,2.18009979248047E8,2.22661117553711E8,2.4049261474609402E8,2.2383432006835902E8,2.78371368408203E8,3.08932189941406E8,2.58447631835938E8,2.87810241699219E8,4.92059600830078E8,4.32109802246094E8,4.13754608154297E8,4.2428036499023396E8,4.3298034667968804E8,3.71176300048828E8,3.66961944580078E8,3.70762939453125E8,3.31546936035156E8,2.95604187011719E8,3.20159698486328E8,4.1270935058593804E8,4.7615145874023396E8,3.61638946533203E8,4.22280059814453E8,4.9459506225585896E8,4.30037811279297E8,4.79349426269531E8,5.239931640625E8,6.54815551757813E8,7.22864501953125E8,6.60176818847656E8,7.30771179199219E8,5.39197448730469E8,6.78967407226563E8,6.26319458007813E8,5.10776428222656E8,5.894599609375E8,7.82951965332031E8,6.30645446777344E8,6.68796081542969E8,1.1392060546875E9,8.81013244628906E8,8.98085510253906E8,1.03493029785156E9
datastructure,WB.DATA360:DS_DATA360(1.3),I,A,HTI,WB_WDI_DT_ODA_ALLD_KD,_T,_T,_T,USD_K_2021,_Z,_Z,_Z,_Z,CUR,2,WB_WDI,P1Y,0,A,PU,Annual,Haiti,Net official development assistance and official aid received (constant 2021 US$),Total,All age ranges or no breakdown by age,Total,"US dollars, 2021 constant prices",Not Applicable,Not Applicable,Not Applicable,Not Applicable,Currency,Two,World Development Indicators (WDI),Annual,Units,Normal value,Public,8.20788192749023E7,1.11115364074707E8,4.27058525085449E7,2.46004009246826E7,3.00537796020508E7,4.562060546875E7,3.23419609069824E7,3.1375450134277303E7,3.94150276184082E7,2.71662158966064E7,4.2482551574707E7,3.58965950012207E7,4.03743667602539E7,4.03340606689453E7,5.97973976135254E7,1.67106323242188E8,2.1464985656738302E8,2.4066171264648402E8,2.47029708862305E8,2.2524960327148402E8,2.56975067138672E8,2.61960968017578E8,3.0338778686523396E8,3.13908142089844E8,3.1568835449218804E8,3.6780551147460896E8,4.0779061889648396E8,4.3422326660156304E8,2.51660385131836E8,3.58784393310547E8,2.7240686035156304E8,2.92207702636719E8,1.6951573181152302E8,2.10727127075195E8,1.13077600097656E9,1.07407397460938E9,4.9037606811523396E8,4.45830078125E8,5.58753845214844E8,3.54443328857422E8,2.99968688964844E8,2.8497982788085896E8,2.4534541320800802E8,2.7963925170898396E8,3.8470849609375E8,4.97070343017578E8,6.82983947753906E8,7.41794250488281E8,9.37767028808594E8,1.14131713867188E9,3.20979736328125E9,1.68307336425781E9,1.42189514160156E9,1.27748645019531E9,1.17845446777344E9,1.24869750976563E9,1.28020886230469E9,1.15161083984375E9,1.13624597167969E9,7.87046813964844E8,9.79526794433594E8,9.90111877441406E8,9.35733642578125E8,1.07765942382813E9
datastructure,WB.DATA360:DS_DATA360(1.3),I,A,MYS,WB_WDI_DT_ODA_ALLD_KD,_T,_T,_T,USD_K_2021,_Z,_Z,_Z,_Z,CUR,2,WB_WDI,P1Y,0,A,PU,Annual,Malaysia,Net official development assistance and official aid received (constant 2021 US$),Total,All age ranges or no breakdown by age,Total,"US dollars, 2021 constant prices",Not Applicable,Not Applicable,Not Applicable,Not Applicable,Currency,Two,World Development Indicators (WDI),Annual,Units,Normal value,Public,1.47973556518555E8,2.00638916015625E8,1.96781616210938E8,1.09744087219238E8,1.5715032958984402E8,1.96680923461914E8,2.5056706237793E8,1.8185757446289098E8,2.1683354187011698E8,2.2538827514648402E8,2.0231948852539098E8,2.79287048339844E8,2.99857849121094E8,2.16590301513672E8,2.7546444702148396E8,3.4703646850585896E8,2.2261021423339802E8,2.36503677368164E8,1.9261386108398402E8,2.79376007080078E8,2.9294515991210896E8,3.36368103027344E8,3.0549169921875E8,4.06174255371094E8,6.59646179199219E8,5.27898681640625E8,4.47070617675781E8,4.9169055175781304E8,1.8336441040039098E8,1.91269256591797E8,5.35796447753906E8,3.27719207763672E8,2.0671533203125E8,1.9258065795898402E8,1.0834252166748E8,1.1071919250488299E8,-3.1039050292968804E8,-1.7650352478027302E8,1.9313851928710902E8,1.31289413452148E8,6.23491439819336E7,4.0325878143310495E7,1.06425537109375E8,1.1011047363281299E8,2.52097137451172E8,3.63191604614258E7,2.18291778564453E8,1.7720013427734402E8,1.3360693359375E8,1.20892517089844E8,1.79855670928955E7,5.02397575378418E7,2.38785057067871E7,-7.31937637329102E7,2.77111167907715E7,1.09480686187744E7,-2.7058155059814498E7,-5726230.14450073,-1.13007955551147E7,2.0753532409668002E7,1.99595127105713E7,3.11731624603271E7,1.2216713905334499E7,6578659.05761719
datastructure,WB.DATA360:DS_DATA360(1.3),I,A,TKM,WB_WDI_DT_ODA_ALLD_KD,_T,_T,_T,USD_K_2021,_Z,_Z,_Z,_Z,CUR,2,WB_WDI,P1Y,0,A,PU,Annual,Turkmenistan,Net official development assistance and official aid received (constant 2021 US$),Total,All age ranges or no breakdown by age,Total,"US dollars, 2021 constant prices",Not Applicable,Not Applicable,Not Applicable,Not Applicable,Currency,Two,World Development Indicators (WDI),Annual,Units,Normal value,Public,,,,,,,,,,,,,,,,,,,,,,,,,,,,,,,,,1.15824480056763E7,5.42660255432129E7,4.51382522583008E7,4.84673614501953E7,3.71891403198242E7,3.0299026489257798E7,3.80632362365723E7,3.88728218078613E7,5.4832103729247995E7,1.0895080566406299E8,6.23292274475098E7,3.7497257232666E7,6.53229141235352E7,3.3760555267334E7,4.45247344970703E7,2.52658920288086E7,1.41199235916138E7,4.37693710327148E7,4.34021034240723E7,4.13428344726563E7,3.90010223388672E7,3.47620315551758E7,3.49766731262207E7,2.67149467468262E7,3.74304885864258E7,3.2077713012695298E7,2.28013286590576E7,2.94207458496094E7,3.9043605804443404E7,3.0602632522583E7,1.7442787170410197E7,3.63522148132324E7
datastructure,WB.DATA360:DS_DATA360(1.3),I,A,DMA,WB_WDI_DT_ODA_ALLD_KD,_T,_T,_T,USD_K_2021,_Z,_Z,_Z,_Z,CUR,2,WB_WDI,P1Y,0,A,PU,Annual,Dominica,Net official development assistance and official aid received (constant 2021 US$),Total,All age ranges or no breakdown by age,Total,"US dollars, 2021 constant prices",Not Applicable,Not Applicable,Not Applicable,Not Applicable,Currency,Two,World Development Indicators (WDI),Annual,Units,Normal value,Public,,,,,,,,,,,,,,452091.008424759,1.90546684265137E7,3.47620086669922E7,1.93029098510742E7,2.06763343811035E7,2.64509468078613E7,2.80378665924072E7,4.59501953125E7,4.02492790222168E7,4.48605804443359E7,2.7625968933105502E7,4.1509334564209E7,4.7501735687255904E7,2.80670719146729E7,3.15748710632324E7,3.3755859375E7,4.32833061218262E7,3.04470062255859E7,2.74219264984131E7,1.85081996917725E7,1.43769750595093E7,2.73777961730957E7,2.90211181640625E7,5.69934196472168E7,1.8448780059814498E7,2.8761522293090798E7,1.17892751693726E7,2.05616436004639E7,3.0006053924560502E7,3.94609031677246E7,1.38591499328613E7,3.0957332611084E7,2.56943168640137E7,2.31609210968018E7,2.09430847167969E7,2.11489238739014E7,3.62708396911621E7,3.15852584838867E7,2.27094783782959E7,2.60886516571045E7,1.9836519241333E7,1.58507242202759E7,1.33592643737793E7,9187041.28265381,2.20635280609131E7,2.95550098419189E7,5.7498626708984405E7,6.949774169921881E7,8.00213851928711E7,6.20476684570313E7,5.26366119384766E7
datastructure,WB.DATA360:DS_DATA360(1.3),I,A,LBY,WB_WDI_DT_ODA_ALLD_KD,_T,_T,_T,USD_K_2021,_Z,_Z,_Z,_Z,CUR,2,WB_WDI,P1Y,0,A,PU,Annual,Libya,Net official development assistance and official aid received (constant 2021 US$),Total,All age ranges or no breakdown by age,Total,"US dollars, 2021 constant prices",Not Applicable,Not Applicable,Not Applicable,Not Applicable,Currency,Two,World Development Indicators (WDI),Annual,Units,Normal value,Public,3.71826385498047E8,3.33879119873047E8,2.8244030761718804E8,2.26141632080078E8,1.6842132568359402E8,6.6271026611328095E7,1.34804573059082E7,1.90022754669189E7,5.12119064331055E7,5.67574577331543E7,3.21545600891113E7,2.1917770385742202E7,4.48982276916504E7,7.4943115234375E7,6.4208473205566406E7,6427956.10427856,3.63024024963379E7,2.89153385162354E7,1.96015605926514E7,1.030055809021E7,3.23876152038574E7,1.19431648254395E7,2.8643179321289104E8,1.44677791595459E7,1.34210071563721E7,1.56726760864258E7,2.56006679534912E7,1.1702169418335E7,9842443.46618652,1.79768676757813E7,1.27089109420776E7,1.13291168212891E7,4700491.9052124,4286094.18869019,5676078.79638672,7371990.20385742,4915895.93887329,5782087.80288696,8282631.874084471,7132057.18994141,2.3959999084472697E7,1.17700004577637E7,1.11000003814697E7,1.06300001144409E7,1.45299997329712E7,2.76096706390381E7,5.08846817016602E7,2.17442855834961E7,7.81066665649414E7,4.21479072570801E7,9259316.44439697,7.09893981933594E8,9.77470932006836E7,1.30281600952148E8,2.12424087524414E8,1.82544708251953E8,2.11392837524414E8,5.00340026855469E8,3.36905334472656E8,3.3326791381835896E8,3.23148681640625E8,3.568857421875E8,2.82546325683594E8,3.59675231933594E8
datastructure,WB.DATA360:DS_DATA360(1.3),I,A,BTN,WB_WDI_DT_ODA_ALLD_KD,_T,_T,_T,USD_K_2021,_Z,_Z,_Z,_Z,CUR,2,WB_WDI,P1Y,0,A,PU,Annual,Bhutan,Net official development assistance and official aid received (constant 2021 US$),Total,All age ranges or no breakdown by age,Total,"US dollars, 2021 constant prices",Not Applicable,Not Applicable,Not Applicable,Not Applicable,Currency,Two,World Development Indicators (WDI),Annual,Units,Normal value,Public,,,,90299.0028262138,85468.0016636848,1621675.01449585,459176.003932953,96289.0014052391,1228924.98970032,765609.0259552,1779083.96720886,1025257.94506073,1218268.03684235,3183456.8977356004,2760874.03297424,8973152.16064453,1.35464897155762E7,1.10329656600952E7,9983318.32885742,1.39880437850952E7,2.10667324066162E7,2.5952140808105502E7,2.9705928802490197E7,3.4080474853515595E7,4.54055633544922E7,5.84969291687012E7,8.09730224609375E7,6.91438522338867E7,6.2118190765380904E7,6.3608829498291E7,6.50157012939453E7,8.108306884765631E7,7.38137512207031E7,8.206195068359381E7,8.90840301513672E7,7.9650032043457E7,7.36924667358398E7,8.12368392944336E7,7.87151107788086E7,9.21930236816406E7,7.63840026855469E7,8.80733489990234E7,8.91931304931641E7,9.45573425292969E7,8.75901412963867E7,9.13509750366211E7,1.04874008178711E8,1.02253059387207E8,7.61707305908203E7,1.00740348815918E8,7.50010604858398E7,1.06466613769531E8,1.4879243469238302E8,1.3450276184082E8,1.29882522583008E8,1.08333648681641E8,5.32583045959473E7,1.26607124328613E8,1.13188926696777E8,1.9118463134765598E8,2.13755493164063E8,1.28531753540039E8,2.01516723632813E8,1.5683804321289098E8
datastructure,WB.DATA360:DS_DATA360(1.3),I,A,HIC,WB_WDI_DT_ODA_ALLD_KD,_T,_T,_T,USD_K_2021,_Z,_Z,_Z,_Z,CUR,2,WB_WDI,P1Y,0,A,PU,Annual,High income,Net official development assistance and official aid received (constant 2021 US$),Total,All age ranges or no breakdown by age,Total,"US dollars, 2021 constant prices",Not Applicable,Not Applicable,Not Applicable,Not Applicable,Currency,Two,World Development Indicators (WDI),Annual,Units,Normal value,Public,4.1149199928715796E9,4.43455011516809E9,4.1456000559329996E9,4.634969994597139E9,3.37001000013947E9,4.2248800702691097E9,4.39651002649218E9,4.13955005655438E9,3.57645005816221E9,4.12339006496966E9,3.74630004045367E9,3.94382005536556E9,4.0397600103803E9,3.87940994445235E9,3.71543006816506E9,5.00359996397793E9,5.67589009481668E9,6.63903013551049E9,5.13439008557796E9,6.192600159280001E9,5.18096001984924E9,5.40594993816316E9,4.62375005719438E9,5.76684989554435E9,5.44473995389789E9,6.58994992153347E9,6.50792991286516E9,4.71860011532903E9,4.1830999957695603E9,4.26574009229243E9,7.14095983627438E9,1.090870994175971E10,8.57028998674638E9,6.81686007621512E9,7.92158006796241E9,7.60885018029809E9,8.087110014945271E9,6.0987099480927E9,7.756920038580891E9,7.10133995169401E9,7.812569931138307E9,6.8280900538805895E9,6.132039880506692E9,6.148759963493799E9,6.915470105849205E9,4.72210006892681E8,5.3552000638842607E8,3.65499998569489E8,5.54980009078979E8,5.59770007371902E8,5.65139991760254E8,3.4017999362945604E8,2.64799998164177E8,1.9757999920845002E8,1.72910002708435E8,1.3408000111579901E8,2.69720006942749E8,2.1528000068664598E8,9.39999980926514E7,1.56670000076294E8,1.98850004196167E8,1.27399995803833E8,,
datastructure,WB.DATA360:DS_DATA360(1.3),I,A,AFG,WB_WDI_DT_ODA_ALLD_KD,_T,_T,_T,USD_K_2021,_Z,_Z,_Z,_Z,CUR,2,WB_WDI,P1Y,0,A,PU,Annual,Afghanistan,Net official development assistance and official aid received (constant 2021 US$),Total,All age ranges or no breakdown by age,Total,"US dollars, 2021 constant prices",Not Applicable,Not Applicable,Not Applicable,Not Applicable,Currency,Two,World Development Indicators (WDI),Annual,Units,Normal value,Public,1.3667485046386698E8,2.68410064697266E8,1.29123580932617E8,2.76782653808594E8,3.39513946533203E8,3.78861785888672E8,3.4281314086914104E8,2.7687292480468804E8,1.90177947998047E8,1.7230790710449198E8,1.8596061706543E8,2.76397247314453E8,3.15569854736328E8,2.8830871582031304E8,2.2538383483886698E8,2.74014678955078E8,2.7954800415039104E8,2.9775570678710896E8,2.35573852539063E8,2.7170883178710896E8,7.30274505615234E7,5.74851760864258E7,2.6716751098632798E7,3.9137645721435495E7,1.88354167938232E7,4.5849910736084E7,4740680.21774292,9.91617889404297E7,1.4326483154296902E8,2.79902404785156E8,2.1976426696777302E8,8.16740478515625E8,3.3538879394531304E8,3.68071960449219E8,3.6574063110351604E8,2.93867706298828E8,2.3830181884765598E8,3.6257284545898396E8,2.59684783935547E8,2.3211247253418E8,2.34932632446289E8,7.48375793457031E8,1.99989831542969E9,2.18191528320313E9,2.98761499023438E9,3.75888427734375E9,3.73975952148438E9,5.87694384765625E9,5.59180029296875E9,7.33047119140625E9,7.0079501953125E9,7.4273017578125E9,7.23039697265625E9,5.46762744140625E9,5.36574951171875E9,4.97450927734375E9,4.7546435546875E9,4.379974609375E9,4.1750498046875E9,4.68323046875E9,4.618943359375E9,4.85252490234375E9,4.09171533203125E9,3.06033129882813E9
datastructure,WB.DATA360:DS_DATA360(1.3),I,A,SAU,WB_WDI_DT_ODA_ALLD_KD,_T,_T,_T,USD_K_2021,_Z,_Z,_Z,_Z,CUR,2,WB_WDI,P1Y,0,A,PU,Annual,Saudi Arabia,Net official development assistance and official aid received (constant 2021 US$),Total,All age ranges or no breakdown by age,Total,"US dollars, 2021 constant prices",Not Applicable,Not Applicable,Not Applicable,Not Applicable,Currency,Two,World Development Indicators (WDI),Annual,Units,Normal value,Public,6.32603378295898E7,-2416692.0185089097,-7.92133026123047E7,-1.95335865020752E7,-3291188.00163269,2830300.09269714,2537771.94023132,3319355.96466064,3369055.0327300997,9356066.70379639,1.01040964126587E7,1.2484839439392101E7,1.31817073822021E7,1.3689986228942899E7,1.58302602767944E7,1.20280103683472E7,6752430.91583252,2.36010112762451E7,1.7398933410644498E7,2.42005863189697E7,2.7575687408447303E7,6.35599746704102E7,1.0684501647949201E8,8.72151641845703E7,7.66778564453125E7,6.5694435119628906E7,5.36615600585938E7,3.80286293029785E7,2.7824182510376003E7,2.13407192230225E7,1.88565082550049E7,1.73612632751465E7,4.64893112182617E7,3.15269546508789E7,1.77056083679199E7,1.6143283843994102E7,1.2668327331543E7,5084708.21380615,1.8794771194458E7,2.29525833129883E7,2.3061107635498002E7,1.59192571640015E7,2.01630535125732E7,1.62744464874268E7,2.3052780151367202E7,2.51241207122803E7,2.4059928894043002E7,-1.13440803527832E8,740000.009536743,310000.002384186,,,,,,,,,,,,,,
datastructure,WB.DATA360:DS_DATA360(1.3),I,A,GNQ,WB_WDI_DT_ODA_ALLD_KD,_T,_T,_T,USD_K_2021,_Z,_Z,_Z,_Z,CUR,2,WB_WDI,P1Y,0,A,PU,Annual,Equatorial Guinea,Net official development assistance and official aid received (constant 2021 US$),Total,All age ranges or no breakdown by age,Total,"US dollars, 2021 constant prices",Not Applicable,Not Applicable,Not Applicable,Not Applicable,Currency,Two,World Development Indicators (WDI),Annual,Units,Normal value,Public,,,,,,,,,,,,,,5089882.85064697,7.25407638549805E7,8778807.64007568,1636541.00894928,3014946.93756104,1851027.01187134,7414066.79153442,2.30936946868896E7,2.81195125579834E7,4.05230522155762E7,3.07270088195801E7,4.31316299438477E7,4.81874542236328E7,4.5444450378418E7,1.0780351257324201E8,8.62191619873047E7,1.0675032043457E8,9.62417755126953E7,9.66270751953125E7,8.84334259033203E7,8.13581390380859E7,4.45869827270508E7,4.55237426757813E7,4.3400829315185495E7,3.79833755493164E7,3.5555419921875E7,3.22587890625E7,3.8494815826416E7,2.4858230590820298E7,3.36323051452637E7,2.88450698852539E7,3.5591583251953095E7,4.5257007598877005E7,2.97771091461182E7,3.17719898223877E7,3.09275722503662E7,3.09288768768311E7,8.81287307739258E7,2.3380708694458E7,1.48413257598877E7,4500349.0447998,262957.006692886,8670640.94543457,8154514.312744141,7968060.9703064,7292105.1979064895,7.01098175048828E7,7895401.00097656,1.44247589111328E7,1.31417074203491E7,1.16634178161621E7
datastructure,WB.DATA360:DS_DATA360(1.3),I,A,LTU,WB_WDI_DT_ODA_ALLD_KD,_T,_T,_T,USD_K_2021,_Z,_Z,_Z,_Z,CUR,2,WB_WDI,P1Y,0,A,PU,Annual,Lithuania,Net official development assistance and official aid received (constant 2021 US$),Total,All age ranges or no breakdown by age,Total,"US dollars, 2021 constant prices",Not Applicable,Not Applicable,Not Applicable,Not Applicable,Currency,Two,World Development Indicators (WDI),Annual,Units,Normal value,Public,,,,,,,,,,,,,,,,,,,,,,,,,,,,,,,,6550000.19073486,1.39330001831055E8,1.01160003662109E8,1.1225E8,2.36759994506836E8,1.2552999877929701E8,1.5555999755859402E8,1.9964999389648402E8,2.09380004882813E8,1.70580001831055E8,2.33470001220703E8,2.2058999633789098E8,5.0767001342773396E8,3.03760009765625E8,,,,,,,,,,,,,,,,,,,
datastructure,WB.DATA360:DS_DATA360(1.3),I,A,LBN,WB_WDI_DT_ODA_ALLD_KD,_T,_T,_T,USD_K_2021,_Z,_Z,_Z,_Z,CUR,2,WB_WDI,P1Y,0,A,PU,Annual,Lebanon,Net official development assistance and official aid received (constant 2021 US$),Total,All age ranges or no breakdown by age,Total,"US dollars, 2021 constant prices",Not Applicable,Not Applicable,Not Applicable,Not Applicable,Currency,Two,World Development Indicators (WDI),Annual,Units,Normal value,Public,1.09908485412598E8,1.03616943359375E8,7.35635604858398E7,6.39616241455078E7,2.30737018585205E7,6.54514999389648E7,6.26132965087891E7,6.22539710998535E7,1.3671795654296902E8,6.04046783447266E7,1.34977523803711E8,3.8583465576171905E7,8.75936279296875E7,6.33539161682129E7,6.40332824707031E8,5.97954521179199E7,1.59487823486328E8,4.9892080688476604E8,7.42469848632813E8,3.48481994628906E8,7.49558532714844E8,1.20768640136719E9,5.14717041015625E8,3.46501983642578E8,2.1237028503418E8,2.2821728515625E8,1.4360995483398402E8,2.0373651123046902E8,2.70920349121094E8,2.2715888977050802E8,4.63510772705078E8,1.9858345031738302E8,1.6452008056640598E8,2.1679550170898402E8,3.38725158691406E8,2.5007574462890598E8,3.2444763183593804E8,3.8436633300781304E8,5.11843933105469E8,2.95004669189453E8,3.33133056640625E8,3.26203399658203E8,3.20976013183594E8,7.33454284667969E8,3.36510070800781E8,2.89927215576172E8,9.82831909179688E8,1.0900693359375E9,1.12316955566406E9,6.42853820800781E8,4.5562368774414104E8,4.96873565673828E8,8.17047241210938E8,6.46096252441406E8,8.52224487304688E8,1.13976843261719E9,1.34044567871094E9,1.51365515136719E9,1.5760439453125E9,1.4088447265625E9,1.57204528808594E9,1.44944226074219E9,1.50915588378906E9,1.74710327148438E9
datastructure,WB.DATA360:DS_DATA360(1.3),I,A,ARB,WB_WDI_DT_ODA_ALLD_KD,_T,_T,_T,USD_K_2021,_Z,_Z,_Z,_Z,CUR,2,WB_WDI,P1Y,0,A,PU,Annual,Arab World,Net official development assistance and official aid received (constant 2021 US$),Total,All age ranges or no breakdown by age,Total,"US dollars, 2021 constant prices",Not Applicable,Not Applicable,Not Applicable,Not Applicable,Currency,Two,World Development Indicators (WDI),Annual,Units,Normal value,Public,,,,,,,,,,,4.586879976689816E9,4.358969981729984E9,4.646900007724762E9,1.0144760094642645E10,1.6343159762024883E10,2.1086749768018726E10,2.1268709510743626E10,2.315026051318647E10,1.9909970186591152E10,2.0699570459276436E10,2.198310022115709E10,2.173227994716168E10,1.8586279745101948E10,1.607344998288156E10,1.5189849789261824E10,1.6705069902896893E10,1.3280230022430426E10,1.2373330144405369E10,9.06025997114182E9,8.886360048294075E9,1.979551980352402E10,1.733260968208313E10,1.1828940120220179E10,1.0630240069866184E10,1.0642240072488785E10,7.477209940433505E9,8.166089997053148E9,8.107249853610998E9,9.141040045738222E9,7.708389907360082E9,7.481300150871277E9,8.434359970331202E9,7.797740065097813E9,1.1895850018024452E10,1.416289019441605E10,3.4729689737319954E10,2.013900998306274E10,2.02424602470398E10,2.2683030471026897E10,1.4915189829856165E10,1.2650639998435995E10,1.3150420040130621E10,1.423401003265382E10,2.104737012481691E10,2.0538460060119644E10,2.115259957885745E10,2.7913110103607197E10,2.982197966003419E10,3.3487960174560566E10,3.018700975799563E10,3.2811099685668953E10,3.704041021728519E10,,
datastructure,WB.DATA360:DS_DATA360(1.3),I,A,IRN,WB_WDI_DT_ODA_ALLD_KD,_T,_T,_T,USD_K_2021,_Z,_Z,_Z,_Z,CUR,2,WB_WDI,P1Y,0,A,PU,Annual,"Iran, Islamic Rep.",Net official development assistance and official aid received (constant 2021 US$),Total,All age ranges or no breakdown by age,Total,"US dollars, 2021 constant prices",Not Applicable,Not Applicable,Not Applicable,Not Applicable,Currency,Two,World Development Indicators (WDI),Annual,Units,Normal value,Public,1.97432342529297E8,1.01564929199219E9,4.2598251342773396E8,2.01520782470703E8,2.45404853820801E7,1.7556971740722698E8,9.55064697265625E7,2.84775695800781E8,6.73212661743164E7,1.01428894042969E8,1.4408773803710902E8,5.82596855163574E7,5.91509819030762E7,-2.13241157531738E7,3.68817520141602E7,2988802.90985107,-2.3226879119873002E7,9.90802993774414E7,6.35052856445313E8,1.18240957260132E7,5.56545562744141E7,1.8272487640380897E7,9889156.34155273,1.3911322021484402E8,3.3903469085693404E7,4.42128219604492E7,5.9846630096435495E7,1.3638018798828098E8,1.46613693237305E8,1.69624755859375E8,2.09975326538086E8,2.94706268310547E8,1.88410140991211E8,2.1858415222168E8,1.93453140258789E8,1.99553955078125E8,1.7052754211425802E8,2.5203144836425802E8,2.1700541687011698E8,2.13031997680664E8,1.81585235595703E8,1.70185791015625E8,1.7581698608398402E8,1.7864115905761698E8,2.28817749023438E8,1.2566850280761701E8,1.41309539794922E8,1.1287523651123E8,1.029814453125E8,9.94316024780273E7,1.1625288391113299E8,1.1006728363037099E8,1.5075865173339802E8,1.31102081298828E8,9.00396881103516E7,1.3158984375E8,1.4459097290039098E8,1.59957046508789E8,1.8047184753418E8,2.27264038085938E8,2.5328240966796902E8,3.02896789550781E8,3.1350210571289104E8,2.40743408203125E8
datastructure,WB.DATA360:DS_DATA360(1.3),I,A,BLZ,WB_WDI_DT_ODA_ALLD_KD,_T,_T,_T,USD_K_2021,_Z,_Z,_Z,_Z,CUR,2,WB_WDI,P1Y,0,A,PU,Annual,Belize,Net official development assistance and official aid received (constant 2021 US$),Total,All age ranges or no breakdown by age,Total,"US dollars, 2021 constant prices",Not Applicable,Not Applicable,Not Applicable,Not Applicable,Currency,Two,World Development Indicators (WDI),Annual,Units,Normal value,Public,2.08337688446045E7,3.0972581863403298E7,5.56058235168457E7,4.2716739654541E7,1.2563092231750501E7,1.91859703063965E7,2.23950328826904E7,5.15320663452148E7,5.26337776184082E7,6.2065788269043E7,4.95709571838379E7,3.78402862548828E7,2.64378318786621E7,2.90540752410889E7,3.4147216796875E7,3.9566799163818404E7,5.41390762329102E7,3.9138786315918E7,6.429217529296881E7,6.44921417236328E7,3.53757133483887E7,2.84851379394531E7,3.2431163787841797E7,3.9827850341796905E7,3.9015869140625E7,5.66045074462891E7,5.76683502197266E7,5.2522289276122995E7,5.04169158935547E7,5.61731071472168E7,5.44563980102539E7,3.82810401916504E7,4.23549423217773E7,5.18925094604492E7,5.0871955871582E7,2.7457969665527303E7,3.13581390380859E7,2.0190280914306603E7,2.1213672637939498E7,6.6402374267578095E7,2.61959667205811E7,3.66263885498047E7,3.40410804748535E7,1.75108394622803E7,8321174.621582029,1.35883932113647E7,8769665.71807861,2.38402671813965E7,2.40785999298096E7,2.83072814941406E7,2.3894380569458E7,2.1241493225097697E7,2.75580425262451E7,5.54665679931641E7,3.85496444702148E7,3.25267562866211E7,4.0709178924560495E7,3.89189414978027E7,3.6977878570556596E7,3.97734184265137E7,7.55976715087891E7,7.96035232543945E7,2.21666088104248E7,3.18588428497314E7
datastructure,WB.DATA360:DS_DATA360(1.3),I,A,TEA,WB_WDI_DT_ODA_ALLD_KD,_T,_T,_T,USD_K_2021,_Z,_Z,_Z,_Z,CUR,2,WB_WDI,P1Y,0,A,PU,Annual,East Asia & Pacific (IDA & IBRD),Net official development assistance and official aid received (constant 2021 US$),Total,All age ranges or no breakdown by age,Total,"US dollars, 2021 constant prices",Not Applicable,Not Applicable,Not Applicable,Not Applicable,Currency,Two,World Development Indicators (WDI),Annual,Units,Normal value,Public,,,,,,,,,,,8.341450018405925E9,9.096189787387848E9,9.325059994220737E9,8.919660006523132E9,9.9546799383536E9,7.42305996117741E9,6.179240023136145E9,5.402220037607474E9,6.476759878911081E9,7.225790096569811E9,7.564109975531702E9,8.354249964412308E9,8.201880076993263E9,8.296850055046383E9,8.587249973602606E9,8.873159868851305E9,8.537480023846039E9,8.544890115395193E9,9.102270080206924E9,9.571489834636461E9,1.0174710027158278E10,9.382900001853712E9,1.1647830004060646E10,1.0895969940314081E10,1.0675700039952997E10,9.924000159520658E9,8.786480043523014E9,8.029730013787754E9,1.012759981918335E10,1.0838099902629864E10,1.0023720208168037E10,9.479820010185236E9,9.028160066604618E9,7.941250125885018E9,7.066080027580265E9,9.49000989055634E9,7.926300050735472E9,8.026159955978395E9,7.358629964828504E9,8.96148991584778E9,8.467950012207036E9,5.9601899528503475E9,7.500389960289005E9,1.04311400794983E10,8.092010051727297E9,8.140749962806706E9,7.442880115509033E9,7.729380073547364E9,7.364899957656865E9,6.304269936561588E9,1.1676939917087578E10,8.544139965057386E9,,
datastructure,WB.DATA360:DS_DATA360(1.3),I,A,IBT,WB_WDI_DT_ODA_ALLD_KD,_T,_T,_T,USD_K_2021,_Z,_Z,_Z,_Z,CUR,2,WB_WDI,P1Y,0,A,PU,Annual,IDA & IBRD total,Net official development assistance and official aid received (constant 2021 US$),Total,All age ranges or no breakdown by age,Total,"US dollars, 2021 constant prices",Not Applicable,Not Applicable,Not Applicable,Not Applicable,Currency,Two,World Development Indicators (WDI),Annual,Units,Normal value,Public,,,,,,,,,,,3.2750769916594044E10,3.35772194711864E10,3.166113989999892E10,3.6849810005903244E10,4.743244962624462E10,5.5120519629098495E10,5.148713940382006E10,4.870051056209022E10,5.0688420074500175E10,5.424307029895859E10,6.024269017858806E10,6.038437981575356E10,5.8494059886086784E10,5.450741983900034E10,5.625117943043264E10,5.94763795887381E10,5.623761024139823E10,5.460362041820589E10,5.412962005197819E10,5.6648819718707375E10,7.241234993024548E10,7.658986966205576E10,6.798212030682345E10,6.331505997718315E10,6.6679020122617516E10,6.072605032827333E10,5.411082996808739E10,5.107455990356209E10,5.5264659924507164E10,5.762960945510869E10,5.663205024147037E10,6.343156995868685E10,6.833819986963276E10,7.08241202645861E10,7.198103028473264E10,9.715778935861594E10,8.909363994622232E10,7.983273967409134E10,8.368839036178592E10,8.582422009778026E10,8.665397982215886E10,8.836125990867618E10,8.88410402182341E10,9.715831986069684E10,9.510711014205219E10,1.0097190964245802E11,1.0462935084414487E11,1.109706694707275E11,1.0902543036651619E11,1.0769612989902504E11,1.3313876993703847E11,1.235306511315592E11,,
datastructure,WB.DATA360:DS_DATA360(1.3),I,A,PHL,WB_WDI_DT_ODA_ALLD_KD,_T,_T,_T,USD_K_2021,_Z,_Z,_Z,_Z,CUR,2,WB_WDI,P1Y,0,A,PU,Annual,Philippines,Net official development assistance and official aid received (constant 2021 US$),Total,All age ranges or no breakdown by age,Total,"US dollars, 2021 constant prices",Not Applicable,Not Applicable,Not Applicable,Not Applicable,Currency,Two,World Development Indicators (WDI),Annual,Units,Normal value,Public,4.8643026733398396E8,1.68316390991211E8,2.47529861450195E8,1.83287231445313E8,5.69756286621094E8,7.12846435546875E8,3.4518203735351604E8,6.20204528808594E8,4.37826141357422E8,5.25060913085938E8,2.89495300292969E8,4.1909912109375E8,8.24865600585938E8,9.38155883789063E8,6.18193420410156E8,6.79213928222656E8,6.60739440917969E8,6.44476196289063E8,7.2953759765625E8,6.94180969238281E8,6.9693115234375E8,8.08118774414063E8,7.90517028808594E8,9.91545654296875E8,8.69944702148438E8,1.00423767089844E9,1.61667016601563E9,1.12271630859375E9,1.02012396240234E9,1.15589514160156E9,1.58230212402344E9,1.30735900878906E9,1.89533068847656E9,1.67196545410156E9,1.10315930175781E9,9.51235229492188E8,9.58068481445313E8,7.56431091308594E8,7.59070678710938E8,7.4469970703125E8,6.7775732421875E8,7.21502014160156E8,6.9474365234375E8,7.45271301269531E8,5.26182678222656E8,6.45222839355469E8,6.6159716796875E8,6.74052856445313E8,1.7343885803222698E8,4.2168811035156304E8,6.65685241699219E8,9.91437225341797E7,1.72747817993164E8,3.10678771972656E8,7.42953796386719E8,5.98386596679688E8,4.13233673095703E8,2.2806071472168E8,5.757275390625E8,8.40383666992188E8,1.37459985351563E9,1.5003359375E9,1.59883374023438E9,1.84268884277344E9
datastructure,WB.DATA360:DS_DATA360(1.3),I,A,TCD,WB_WDI_DT_ODA_ALLD_KD,_T,_T,_T,USD_K_2021,_Z,_Z,_Z,_Z,CUR,2,WB_WDI,P1Y,0,A,PU,Annual,Chad,Net official development assistance and official aid received (constant 2021 US$),Total,All age ranges or no breakdown by age,Total,"US dollars, 2021 constant prices",Not Applicable,Not Applicable,Not Applicable,Not Applicable,Currency,Two,World Development Indicators (WDI),Annual,Units,Normal value,Public,324910.014867783,3.69799461364746E7,5.95527267456055E7,5.7898307800293E7,1.38785400390625E8,1.48183227539063E8,1.4833877563476598E8,1.4840107727050802E8,1.5577593994140598E8,1.73925765991211E8,1.62092697143555E8,2.02514129638672E8,1.78850067138672E8,2.33747100830078E8,3.72190124511719E8,2.66938873291016E8,2.32178298950195E8,3.00689392089844E8,3.84789978027344E8,2.379404296875E8,9.0603645324707E7,1.5820175170898402E8,1.7845439147949198E8,2.5481278991699198E8,3.33180969238281E8,5.26779663085938E8,3.6928698730468804E8,3.95938507080078E8,4.8820858764648396E8,4.68746032714844E8,4.96548797607422E8,4.18666931152344E8,3.5477328491210896E8,3.442509765625E8,3.13720916748047E8,3.0942321777343804E8,3.9987826538085896E8,3.4012658691406304E8,2.62364349365234E8,2.82662322998047E8,2.18079605102539E8,3.2452694702148396E8,3.6985498046875E8,3.48546661376953E8,4.31049133300781E8,4.93702606201172E8,3.54452606201172E8,4.15816711425781E8,4.7015707397460896E8,6.37486938476563E8,5.63009765625E8,4.85645812988281E8,5.18061340332031E8,4.94509094238281E8,4.07666290283203E8,7.09265502929688E8,7.3280712890625E8,7.37955871582031E8,9.597333984375E8,7.191953125E8,1.12527551269531E9,7.51315734863281E8,7.4423193359375E8,1.1379501953125E9
datastructure,WB.DATA360:DS_DATA360(1.3),I,A,MUS,WB_WDI_DT_ODA_ALLD_KD,_T,_T,_T,USD_K_2021,_Z,_Z,_Z,_Z,CUR,2,WB_WDI,P1Y,0,A,PU,Annual,Mauritius,Net official development assistance and official aid received (constant 2021 US$),Total,All age ranges or no breakdown by age,Total,"US dollars, 2021 constant prices",Not Applicable,Not Applicable,Not Applicable,Not Applicable,Currency,Two,World Development Indicators (WDI),Annual,Units,Normal value,Public,5850660.80093384,6.06881294250488E7,4.53967247009277E7,6.07038345336914E7,2.13983688354492E7,2.01756839752197E7,3.92204208374023E7,4.5825733184814505E7,9.46828689575195E7,4.7969390869140595E7,4.6912052154541E7,6.4148345947265595E7,6.4124488830566406E7,7.41381072998047E7,1.2320689392089799E8,1.14771858215332E8,6.7036956787109405E7,8.13714904785156E7,1.3598377990722698E8,8.45395431518555E7,8.06547164916992E7,1.4607415771484402E8,1.31666488647461E8,1.12541076660156E8,9.40159759521484E7,7.60332489013672E7,1.1760605621337901E8,1.1833525085449201E8,1.01535629272461E8,9.91555938720703E7,1.35097625732422E8,9.92421417236328E7,6.647283935546881E7,4.0348014831543E7,2.37362747192383E7,2.91988410949707E7,2.80568027496338E7,6.1905246734619096E7,5.9132720947265595E7,6.38914642333984E7,3.3598415374755904E7,3.48418846130371E7,3.99940414428711E7,-1.97659721374512E7,3.98033256530762E7,3.55914306640625E7,2.12188816070557E7,7.05416641235352E7,1.0656507873535201E8,1.58847534179688E8,1.31589935302734E8,1.8123335266113302E8,1.8286001586914098E8,1.4546615600585902E8,4.10232353210449E7,9.13238983154297E7,4.9267608642578095E7,1.64560432434082E7,7.281494140625E7,2.59800243377686E7,3.49204620361328E8,2.4200181579589802E8,8.250238037109381E7,9.48606643676758E7
datastructure,WB.DATA360:DS_DATA360(1.3),I,A,JAM,WB_WDI_DT_ODA_ALLD_KD,_T,_T,_T,USD_K_2021,_Z,_Z,_Z,_Z,CUR,2,WB_WDI,P1Y,0,A,PU,Annual,Jamaica,Net official development assistance and official aid received (constant 2021 US$),Total,All age ranges or no breakdown by age,Total,"US dollars, 2021 constant prices",Not Applicable,Not Applicable,Not Applicable,Not Applicable,Currency,Two,World Development Indicators (WDI),Annual,Units,Normal value,Public,,1.1199114227294901E8,1.28480804443359E8,2.74562931060791E7,3.18159599304199E7,8.50576934814453E7,8.14398956298828E7,7.16231155395508E7,1.30867630004883E8,1.0209721374511701E8,7.10597610473633E7,1.15338340759277E8,1.02537162780762E8,8.26939010620117E7,1.05365348815918E8,8.61214752197266E7,7.96778717041016E7,9.198736572265631E7,3.97318054199219E8,3.35369812011719E8,2.88714569091797E8,3.79627624511719E8,4.36992736816406E8,4.48005798339844E8,4.26938903808594E8,4.04502899169922E8,4.06321075439453E8,3.54407684326172E8,3.7021078491210896E8,4.96060272216797E8,4.5676403808593804E8,2.57748077392578E8,2.18434585571289E8,1.9334173583984402E8,2.05047485351563E8,1.6826220703125E8,8.00936965942383E7,1.0368529510498E8,2.7230674743652303E7,-2.18548755645752E7,3.96648330688477E7,1.11519966125488E8,5.2001739501953095E7,2.27564754486084E7,1.20388519287109E8,6.33413772583008E7,5.4060394287109405E7,3.3684398651122995E7,9.01103973388672E7,1.6098886108398402E8,1.51441177368164E8,5.0397159576416E7,3.9083423614502005E7,7.943572998046881E7,1.02594467163086E8,7.20077438354492E7,3.6838897705078095E7,7.39013519287109E7,1.13495552062988E8,1.41716232299805E8,7.40344390869141E7,6.37622528076172E7,1.0033865356445299E8,8.64149856567383E7
datastructure,WB.DATA360:DS_DATA360(1.3),I,A,SGP,WB_WDI_DT_ODA_ALLD_KD,_T,_T,_T,USD_K_2021,_Z,_Z,_Z,_Z,CUR,2,WB_WDI,P1Y,0,A,PU,Annual,Singapore,Net official development assistance and official aid received (constant 2021 US$),Total,All age ranges or no breakdown by age,Total,"US dollars, 2021 constant prices",Not Applicable,Not Applicable,Not Applicable,Not Applicable,Currency,Two,World Development Indicators (WDI),Annual,Units,Normal value,Public,-3062690.0196075398,-587594.985961914,9923789.97802734,5425573.82583618,4350214.95819092,2.08927536010742E7,2.008229637146E7,6.37239799499512E7,3.82470932006836E7,1.36722427368164E8,2.2489306640625E8,2.1863996887207E8,1.89113296508789E8,1.4832479858398402E8,8.14691314697266E7,4.05682601928711E7,3.74439163208008E7,3.35032958984375E7,1.50431823730469E7,1.30132856369019E7,3.22113990783691E7,4.91631851196289E7,5.13220863342285E7,3.7238063812255904E7,8.53072738647461E7,6.31456108093262E7,5.52320747375488E7,3.85467720031738E7,3.2442092895507798E7,1.75698959350586E8,5813564.77737427,4908534.04998779,2.18458843231201E7,2.34201412200928E7,1.44848299026489E7,1.3393185615539601E7,1.6079999923706101E7,2920000.07629395,1580000.04291534,-2029999.97138977,-610000.014305115,-340000.00357627904,1.06400003433228E7,9060000.4196167,1.05900001525879E7,,,,,,,,,,,,,,,,,,,
datastructure,WB.DATA360:DS_DATA360(1.3),I,A,PYF,WB_WDI_DT_ODA_ALLD_KD,_T,_T,_T,USD_K_2021,_Z,_Z,_Z,_Z,CUR,2,WB_WDI,P1Y,0,A,PU,Annual,French Polynesia,Net official development assistance and official aid received (constant 2021 US$),Total,All age ranges or no breakdown by age,Total,"US dollars, 2021 constant prices",Not Applicable,Not Applicable,Not Applicable,Not Applicable,Currency,Two,World Development Indicators (WDI),Annual,Units,Normal value,Public,,,,,,,1.00528511047363E8,1.1006132507324201E8,1.27631851196289E8,1.27410514831543E8,1.36826873779297E8,1.27902229309082E8,1.5335003662109402E8,2.3033561706543E8,1.6732292175293E8,2.4831109619140598E8,2.70471496582031E8,2.73430206298828E8,2.5005072021484402E8,3.3922717285156304E8,3.3425650024414104E8,3.54879211425781E8,4.52519348144531E8,4.91165100097656E8,5.08896697998047E8,4.96453643798828E8,5.22803955078125E8,5.26533935546875E8,5.70118957519531E8,5.15145324707031E8,3.8514932250976604E8,4.67048553466797E8,4.5077624511718804E8,4.83869354248047E8,5.19283386230469E8,5.66228820800781E8,5.12762268066406E8,5.27320678710938E8,5.32476379394531E8,5.25695434570313E8,6.9397998046875E8,6.75440002441406E8,6.77309997558594E8,6.87679992675781E8,6.87820007324219E8,,,,,,,,,,,,,,,,,,,
datastructure,WB.DATA360:DS_DATA360(1.3),I,A,SLE,WB_WDI_DT_ODA_ALLD_KD,_T,_T,_T,USD_K_2021,_Z,_Z,_Z,_Z,CUR,2,WB_WDI,P1Y,0,A,PU,Annual,Sierra Leone,Net official development assistance and official aid received (constant 2021 US$),Total,All age ranges or no breakdown by age,Total,"US dollars, 2021 constant prices",Not Applicable,Not Applicable,Not Applicable,Not Applicable,Currency,Two,World Development Indicators (WDI),Annual,Units,Normal value,Public,7.64109115600586E7,1.6234944152832E8,7.55231552124023E7,9.360821533203131E7,9.08153762817383E7,1.33949234008789E8,7.84563827514648E7,5.66644821166992E7,7.08715591430664E7,5.99388961791992E7,4.59269218444824E7,6.84029693603516E7,6.12742462158203E7,7.22724609375E7,4.72037391662598E7,6.83431167602539E7,5.33212509155273E7,9.85574645996094E7,1.26958213806152E8,1.4917445373535198E8,2.18303985595703E8,1.63137710571289E8,2.25948989868164E8,1.875693359375E8,1.65419204711914E8,1.8292713928222698E8,2.0871177673339802E8,1.31883346557617E8,1.88953735351563E8,1.81369705200195E8,9.3518440246582E7,1.6239077758789098E8,1.97944580078125E8,3.3047988891601604E8,3.9557217407226604E8,2.8345910644531304E8,2.58097442626953E8,1.80769943237305E8,1.63429321289063E8,1.1818115234375E8,2.87705535888672E8,5.67130249023438E8,6.13453063964844E8,4.7484066772460896E8,4.7342245483398396E8,4.14074676513672E8,4.33073455810547E8,5.86794189453125E8,3.90311553955078E8,4.71513488769531E8,4.3222412109375E8,4.2917269897460896E8,4.5975939941406304E8,4.56403533935547E8,9.20355041503906E8,1.06304052734375E9,8.12340270996094E8,6.27355102539063E8,5.59936340332031E8,6.31359313964844E8,9.12257202148438E8,7.24644104003906E8,5.45457458496094E8,4.9780044555664104E8
datastructure,WB.DATA360:DS_DATA360(1.3),I,A,SVN,WB_WDI_DT_ODA_ALLD_KD,_T,_T,_T,USD_K_2021,_Z,_Z,_Z,_Z,CUR,2,WB_WDI,P1Y,0,A,PU,Annual,Slovenia,Net official development assistance and official aid received (constant 2021 US$),Total,All age ranges or no breakdown by age,Total,"US dollars, 2021 constant prices",Not Applicable,Not Applicable,Not Applicable,Not Applicable,Currency,Two,World Development Indicators (WDI),Annual,Units,Normal value,Public,,,,,,,,,,,,,,,,,,,,,,,,,,,,,,,,,,1.17100515365601E7,4.92679977416992E7,7.18957595825195E7,1.12904487609863E8,1.50278244018555E8,6.08891677856445E7,5.31032371520996E7,1.1072534942627E8,2.309033203125E8,8.9909049987793E7,7.705999755859381E7,7.62399978637695E7,,,,,,,,,,,,,,,,,,,
datastructure,WB.DATA360:DS_DATA360(1.3),I,A,VGB,WB_WDI_DT_ODA_ALLD_KD,_T,_T,_T,USD_K_2021,_Z,_Z,_Z,_Z,CUR,2,WB_WDI,P1Y,0,A,PU,Annual,British Virgin Islands,Net official development assistance and official aid received (constant 2021 US$),Total,All age ranges or no breakdown by age,Total,"US dollars, 2021 constant prices",Not Applicable,Not Applicable,Not Applicable,Not Applicable,Currency,Two,World Development Indicators (WDI),Annual,Units,Normal value,Public,704337.000846863,3608690.02342224,3239495.0389862102,1294855.95226288,1581763.98277283,,3159081.93588257,1.42307983398438E8,,,,,,,9900387.76397705,1.1968895912170399E7,1.362965965271E7,9735666.27502441,4478265.7623291,5281736.85073853,1.12065801620483E7,9452860.832214361,9853206.63452148,8707152.36663818,5335544.10934448,5995363.23547363,3532346.96388245,4245051.86080933,3545301.91421509,1.0493994712829601E7,8905353.54614258,9183725.35705566,7931295.87173462,5333896.16012573,1.81041030883789E7,2015453.10020447,1740038.03730011,2691355.94367981,1573652.02903748,3491928.1005859403,8310000.419616699,3819999.9332428,-180000.00715255702,-740000.009536743,-1500000.0,,,,,,,,,,,,,,,,,,,
datastructure,WB.DATA360:DS_DATA360(1.3),I,A,BOL,WB_WDI_DT_ODA_ALLD_KD,_T,_T,_T,USD_K_2021,_Z,_Z,_Z,_Z,CUR,2,WB_WDI,P1Y,0,A,PU,Annual,Bolivia,Net official development assistance and official aid received (constant 2021 US$),Total,All age ranges or no breakdown by age,Total,"US dollars, 2021 constant prices",Not Applicable,Not Applicable,Not Applicable,Not Applicable,Currency,Two,World Development Indicators (WDI),Annual,Units,Normal value,Public,1.0602633666992201E8,1.82646759033203E8,2.5059391784668E8,3.65964324951172E8,2.8187045288085896E8,2.62275939941406E8,2.1733187866210902E8,2.10862762451172E8,2.79023132324219E8,2.1802532958984402E8,1.95887084960938E8,1.9556953430175802E8,2.71594512939453E8,1.2480573272705099E8,2.5446342468261698E8,1.95043090820313E8,2.2127461242675802E8,2.4862919616699198E8,3.64424530029297E8,3.47360321044922E8,3.57315399169922E8,3.1486538696289104E8,2.75513702392578E8,3.8972668457031304E8,3.49208068847656E8,4.2520394897460896E8,5.771708984375E8,5.41486694335938E8,7.57947143554688E8,8.49419250488281E8,7.76037170410156E8,7.61338928222656E8,9.83602905273438E8,8.48570983886719E8,7.82875915527344E8,8.94535766601563E8,1.03001611328125E9,9.54765014648438E8,8.50526245117188E8,7.91926574707031E8,6.91653686523438E8,1.12054748535156E9,9.66732482910156E8,1.0936396484375E9,8.98492370605469E8,6.92515747070313E8,9.75468078613281E8,5.180625E8,6.26160888671875E8,6.56504272460938E8,5.3642431640625E8,5.43388610839844E8,6.94344360351563E8,7.17986877441406E8,6.92092651367188E8,9.0638134765625E8,8.03799865722656E8,1.0684443359375E9,7.85882568359375E8,7.77752563476563E8,3.61932312011719E8,5.0598617553710896E8,3.53095001220703E8,7.64393493652344E8
datastructure,WB.DATA360:DS_DATA360(1.3),I,A,LDC,WB_WDI_DT_ODA_ALLD_KD,_T,_T,_T,USD_K_2021,_Z,_Z,_Z,_Z,CUR,2,WB_WDI,P1Y,0,A,PU,Annual,Least developed countries: UN classification,Net official development assistance and official aid received (constant 2021 US$),Total,All age ranges or no breakdown by age,Total,"US dollars, 2021 constant prices",Not Applicable,Not Applicable,Not Applicable,Not Applicable,Currency,Two,World Development Indicators (WDI),Annual,Units,Normal value,Public,,,,,,,,,,,5.535200028598308E9,6.449239967077972E9,7.829159971892841E9,9.578479928530754E9,1.3562689988411964E10,1.572782994943857E10,1.3122520071506508E10,1.4819610031008728E10,1.6781120003499102E10,1.8550270069599155E10,1.979879988586903E10,1.982394992125035E10,2.1455020019829292E10,2.024995994853974E10,2.1582079977989204E10,2.368175990200044E10,2.3037480164647114E10,2.3010510007858288E10,2.2490769923476505E10,2.2891559907913208E10,2.407173025050761E10,2.3099080026030544E10,2.2707080197170387E10,2.139540983074905E10,2.2184919913381355E10,2.0297040114898235E10,1.6874660069577396E10,1.7277750000417236E10,1.6976310018301023E10,1.6728029907703413E10,1.7835660131454483E10,2.0920070032119743E10,2.5487359966278084E10,3.0587830202102673E10,2.960692002010348E10,2.929470971488955E10,3.1522559835433968E10,3.493067955970765E10,3.7612689954757706E10,4.042862011909487E10,4.39685899000168E10,4.261875018310549E10,4.190857037925723E10,4.6254269838333145E10,4.223859985160829E10,4.588378033447269E10,4.638031031036379E10,5.133788998222353E10,5.4716330148696945E10,5.437868033218389E10,6.4458440105438286E10,5.768197077941897E10,,
datastructure,WB.DATA360:DS_DATA360(1.3),I,A,DZA,WB_WDI_DT_ODA_ALLD_KD,_T,_T,_T,USD_K_2021,_Z,_Z,_Z,_Z,CUR,2,WB_WDI,P1Y,0,A,PU,Annual,Algeria,Net official development assistance and official aid received (constant 2021 US$),Total,All age ranges or no breakdown by age,Total,"US dollars, 2021 constant prices",Not Applicable,Not Applicable,Not Applicable,Not Applicable,Currency,Two,World Development Indicators (WDI),Annual,Units,Normal value,Public,3.34309033203125E9,3.9979677734375E9,3.41107983398438E9,2.30906591796875E9,1.79092236328125E9,1.12214892578125E9,9.45525390625E8,7.90373229980469E8,8.40265686035156E8,9.026513671875E8,8.46114074707031E8,8.09218994140625E8,6.27455444335938E8,6.02467041015625E8,5.777978515625E8,8.99186584472656E8,5.30938842773438E8,4.2477673339843804E8,5.39620422363281E8,2.66128997802734E8,4.7726773071289104E8,4.7086853027343804E8,4.09042785644531E8,2.66798156738281E8,3.96522979736328E8,5.64811706542969E8,3.89371856689453E8,4.1184164428710896E8,3.12307403564453E8,2.9709146118164104E8,4.96873291015625E8,3.08683135986328E8,5.15187927246094E8,4.86272277832031E8,4.41455535888672E8,3.88083312988281E8,4.01797576904297E8,3.67794708251953E8,6.40267211914063E8,2.1300895690918E8,3.3828549194335896E8,3.5383926391601604E8,3.0868322753906304E8,3.25115417480469E8,3.8469641113281304E8,4.09486633300781E8,2.73878479003906E8,4.04882568359375E8,3.12753601074219E8,3.0453530883789104E8,2.05334548950195E8,1.91802490234375E8,1.54924438476563E8,2.0803848266601598E8,1.5835221862793E8,8.089544677734381E7,1.6630513000488302E8,1.99175048828125E8,1.5490559387207E8,1.92126586914063E8,2.25454833984375E8,2.18856567382813E8,2.33584732055664E8,2.0231498718261698E8
datastructure,WB.DATA360:DS_DATA360(1.3),I,A,SST,WB_WDI_DT_ODA_ALLD_KD,_T,_T,_T,USD_K_2021,_Z,_Z,_Z,_Z,CUR,2,WB_WDI,P1Y,0,A,PU,Annual,Small states,Net official development assistance and official aid received (constant 2021 US$),Total,All age ranges or no breakdown by age,Total,"US dollars, 2021 constant prices",Not Applicable,Not Applicable,Not Applicable,Not Applicable,Currency,Two,World Development Indicators (WDI),Annual,Units,Normal value,Public,,,,,,,,,,,1.4292699789553895E9,1.4865900092124944E9,1.53301999720186E9,1.6448000193834307E9,2.156719998635351E9,2.248809976793828E9,3.03557998225093E9,2.592769980369135E9,3.1689700366929145E9,2.973400021020322E9,3.338510019563138E9,3.690179978217931E9,3.433730014313014E9,3.5427499974723926E9,3.5141699783280525E9,3.1479899828583E9,3.2746400267928834E9,3.1521400131136184E9,2.8462899996023636E9,3.275789986461401E9,3.823020032346251E9,3.301990012019874E9,3.043379985177889E9,3.261559972057117E9,3.6174799945056434E9,3.082880018133671E9,3.0907899757549176E9,3.0548599656820307E9,2.8882200008928757E9,2.6957599968910227E9,2.726110018253326E9,2.783240008160472E9,2.8070600098371515E9,2.5196900003515186E9,2.603110006481411E9,2.4319000112414355E9,2.609450010240081E9,3.016609999179841E9,3.707309991836549E9,3.660859992265701E9,3.8561099691391E9,3.5293999767303476E9,3.541139986872674E9,3.590329975366594E9,3.0395099871754656E9,2.996059983491897E9,2.8323299880027785E9,3.3841400289535537E9,3.5385000019073496E9,3.6745099735260034E9,4.976689963340759E9,4.637519982147962E9,,
datastructure,WB.DATA360:DS_DATA360(1.3),I,A,TJK,WB_WDI_DT_ODA_ALLD_KD,_T,_T,_T,USD_K_2021,_Z,_Z,_Z,_Z,CUR,2,WB_WDI,P1Y,0,A,PU,Annual,Tajikistan,Net official development assistance and official aid received (constant 2021 US$),Total,All age ranges or no breakdown by age,Total,"US dollars, 2021 constant prices",Not Applicable,Not Applicable,Not Applicable,Not Applicable,Currency,Two,World Development Indicators (WDI),Annual,Units,Normal value,Public,,,,,,,,,,,,,,,,,,,,,,,,,,,,,,,,,2.2115673065185502E7,4.68485527038574E7,1.08398834228516E8,9.70416259765625E7,1.5191914367675802E8,1.3453306579589802E8,2.46550369262695E8,1.74065216064453E8,1.7984381103515598E8,2.71052978515625E8,2.3310757446289098E8,1.9600570678710902E8,3.04202880859375E8,2.9066561889648396E8,2.5523545837402302E8,2.22486083984375E8,2.59086608886719E8,3.2255087280273396E8,3.4445593261718804E8,2.81742950439453E8,4.06782196044922E8,4.0130581665039104E8,3.66366455078125E8,4.96344268798828E8,4.1137780761718804E8,3.6797421264648396E8,4.35141845703125E8,3.98117401123047E8,7.68227600097656E8,5.6610986328125E8,6.23564208984375E8,5.30799865722656E8
datastructure,WB.DATA360:DS_DATA360(1.3),I,A,ATG,WB_WDI_DT_ODA_ALLD_KD,_T,_T,_T,USD_K_2021,_Z,_Z,_Z,_Z,CUR,2,WB_WDI,P1Y,0,A,PU,Annual,Antigua and Barbuda,Net official development assistance and official aid received (constant 2021 US$),Total,All age ranges or no breakdown by age,Total,"US dollars, 2021 constant prices",Not Applicable,Not Applicable,Not Applicable,Not Applicable,Currency,Two,World Development Indicators (WDI),Annual,Units,Normal value,Public,,,,,,,,,,,,,,50232.0006489754,1.70463352203369E7,9572612.76245117,1.33246278762817E7,2.06535930633545E7,1.27607364654541E7,1.02741861343384E7,1.43912105560303E7,2.3796218872070298E7,1.30080032348633E7,8931914.32952881,6367293.83468628,7651721.00067139,1.2010423660278302E7,1.20843963623047E7,1.66548252105713E7,8027619.36187744,7641291.14151001,1.12793941497803E7,7454953.19366455,4976640.22445679,6526603.22189331,3129832.98301697,5406081.199646,6256546.97418213,1.2475538253784198E7,1.104270362854E7,1.4413049697875999E7,1.11340818405151E7,1.50880460739136E7,6188876.15203857,1724127.0542144799,7710585.11734009,3147360.08644104,5336932.18231201,5679431.915283199,4348559.856414789,1.7535202026367202E7,1.16422672271729E7,1840281.96334839,1557891.9649124101,2496586.08436584,1263571.97761536,-1598049.04460907,1.1086606979370099E7,1.86594581604004E7,2.9995002746581998E7,2.7993576049804702E7,5857226.848602289,,
datastructure,WB.DATA360:DS_DATA360(1.3),I,A,SOM,WB_WDI_DT_ODA_ALLD_KD,_T,_T,_T,USD_K_2021,_Z,_Z,_Z,_Z,CUR,2,WB_WDI,P1Y,0,A,PU,Annual,"Somalia, Federal Republic of",Net official development assistance and official aid received (constant 2021 US$),Total,All age ranges or no breakdown by age,Total,"US dollars, 2021 constant prices",Not Applicable,Not Applicable,Not Applicable,Not Applicable,Currency,Two,World Development Indicators (WDI),Annual,Units,Normal value,Public,2.55216812133789E8,2.70852478027344E8,2.4155702209472698E8,3.01573303222656E8,1.87944580078125E8,2.46963653564453E8,3.9405627441406304E8,1.0703585815429701E8,2.62605377197266E8,2.4800019836425802E8,2.04037078857422E8,2.1588194274902302E8,1.8798228454589802E8,2.81287811279297E8,3.8596304321289104E8,6.793974609375E8,4.2009033203125E8,8.66018737792969E8,8.40147277832031E8,7.71869262695313E8,1.260771484375E9,1.05303991699219E9,1.32314514160156E9,9.57633117675781E8,1.03073754882813E9,9.87587768554688E8,1.15882434082031E9,1.15121008300781E9,7.93053405761719E8,7.71744567871094E8,8.42015747070313E8,2.85304656982422E8,1.12513354492188E9,1.57901330566406E9,9.41054809570313E8,2.8208657836914104E8,1.24378433227539E8,1.28783584594727E8,1.2990007019043E8,1.8880186462402302E8,1.8013995361328098E8,2.6291943359375E8,2.54806396484375E8,2.56742248535156E8,2.62716766357422E8,3.02307586669922E8,4.84229278564453E8,4.3321517944335896E8,8.46423767089844E8,7.45556396484375E8,5.38086853027344E8,1.06736071777344E9,1.02235260009766E9,1.06818054199219E9,1.1187021484375E9,1.36352014160156E9,1.37002990722656E9,2.03277526855469E9,1.75074377441406E9,1.95127221679688E9,3.3372275390625E9,2.4750078125E9,2.03492236328125E9,2.28109497070313E9
datastructure,WB.DATA360:DS_DATA360(1.3),I,A,EAS,WB_WDI_DT_ODA_ALLD_KD,_T,_T,_T,USD_K_2021,_Z,_Z,_Z,_Z,CUR,2,WB_WDI,P1Y,0,A,PU,Annual,East Asia & Pacific,Net official development assistance and official aid received (constant 2021 US$),Total,All age ranges or no breakdown by age,Total,"US dollars, 2021 constant prices",Not Applicable,Not Applicable,Not Applicable,Not Applicable,Currency,Two,World Development Indicators (WDI),Annual,Units,Normal value,Public,6.79336003404111E9,6.41745008060336E9,6.71807003206015E9,6.45048000285774E9,5.625759956777101E9,7.79375007295609E9,8.92679007059336E9,1.02972900780439E10,1.01175598506033E10,1.09383601523787E10,1.10344900620729E10,1.1997249842822601E10,1.2290069986902199E10,1.11905399464965E10,1.19653299762383E10,9.413729965850712E9,7.91001003965735E9,7.35240006393008E9,8.259739856548609E9,8.79562009426206E9,9.110889978431171E9,1.03517499602884E10,9.740500080097471E9,9.863400070138279E9,1.0117249960728E10,1.0379969859134401E10,1.02306800303161E10,1.02406801165044E10,1.0714040087340399E10,1.1417459827847801E10,1.15417500203848E10,1.06772199861854E10,1.27563700030986E10,1.23531299298741E10,1.21179300411418E10,1.1399130152721E10,9.95386006032676E9,9.284220007419584E9,1.1649499827027342E10,1.246423987987636E10,1.156896022102232E10,1.099376002622768E10,1.076695005476475E10,9.253690122753378E9,8.92485005539656E9,1.03735298986435E10,8.531520051002501E9,8.66516997241974E9,8.3390299654007E9,9.61123991537094E9,9.1552700214386E9,6.78471994018555E9,8.22722996807098E9,1.11951200819016E10,8.86857006645203E9,9.01571994400024E9,8.214610124588011E9,8.66600004816055E9,8.16758997344971E9,7.25045994091034E9,1.2714009916782398E10,9.81909002304077E9,,
datastructure,WB.DATA360:DS_DATA360(1.3),I,A,TEC,WB_WDI_DT_ODA_ALLD_KD,_T,_T,_T,USD_K_2021,_Z,_Z,_Z,_Z,CUR,2,WB_WDI,P1Y,0,A,PU,Annual,Europe & Central Asia (IDA & IBRD),Net official development assistance and official aid received (constant 2021 US$),Total,All age ranges or no breakdown by age,Total,"US dollars, 2021 constant prices",Not Applicable,Not Applicable,Not Applicable,Not Applicable,Currency,Two,World Development Indicators (WDI),Annual,Units,Normal value,Public,,,,,,,,,,,1.0662099609375E9,1.15635998535156E9,1.17361999511719E9,3.84970001220703E8,1.9335000610351598E8,2.0591000366210902E8,5.24989990234375E8,3.2586999511718804E8,4.58440002441406E8,1.47685998535156E9,2.25773999023438E9,1.82543994140625E9,1.5800400390625E9,8.77070007324219E8,5.93469970703125E8,4.7413000488281304E8,7.02739990234375E8,5.9302001953125E8,4.0927000617981E8,2.4049000694230175E8,5.113019908446822E9,9.640999994674698E9,7.401239925036215E9,8.046530070304878E9,8.914020156860353E9,1.1444630084991459E10,8.3242900085449295E9,7.090209997653964E9,8.500239974975592E9,1.257273986053468E10,1.3125929786682144E10,1.2359560028076187E10,1.3056659790039066E10,1.0730379975318916E10,1.122646002197266E10,5.536200002670289E9,6.505280017852781E9,5.716000013351441E9,6.64253997612E9,7.296269939422615E9,6.89286996459961E9,9.461089984893805E9,9.480239974975594E9,8.226510030746464E9,9.484130081176767E9,8.98178001403809E9,1.03504099521637E10,1.011775009918213E10,8.056790025711068E9,7.251920066833505E9,1.0617860145568857E10,8.93117004621029E9,,
datastructure,WB.DATA360:DS_DATA360(1.3),I,A,BRA,WB_WDI_DT_ODA_ALLD_KD,_T,_T,_T,USD_K_2021,_Z,_Z,_Z,_Z,CUR,2,WB_WDI,P1Y,0,A,PU,Annual,Brazil,Net official development assistance and official aid received (constant 2021 US$),Total,All age ranges or no breakdown by age,Total,"US dollars, 2021 constant prices",Not Applicable,Not Applicable,Not Applicable,Not Applicable,Currency,Two,World Development Indicators (WDI),Annual,Units,Normal value,Public,3.16519317626953E8,2.29699755859375E9,1.42751391601563E9,1.443998046875E9,1.77403747558594E9,1.70709729003906E9,2.33399755859375E9,1.21950622558594E9,1.41895288085938E9,8.45178100585938E8,8.76999633789063E8,7.2111376953125E8,5.55751831054688E8,3.44547302246094E8,6.08422119140625E8,5.27215270996094E8,3.56779479980469E8,2.1106581115722698E8,2.1122343444824198E8,1.94288833618164E8,1.6822349548339802E8,5.61700500488281E8,4.45383026123047E8,2.84782440185547E8,4.1937268066406304E8,2.4502861022949198E8,3.1147424316406304E8,4.92707061767578E8,3.50508758544922E8,3.2253662109375E8,2.3766534423828098E8,2.87916320800781E8,-5.55748352050781E8,2.19583236694336E8,3.21277770996094E8,2.87503967285156E8,3.14299072265625E8,3.0803848266601604E8,3.3130551147460896E8,8.247491455078131E7,2.7982995605468804E8,3.62035400390625E8,3.01650573730469E8,2.57625457763672E8,1.88069412231445E8,2.4895738220214802E8,1.1917443847656299E8,3.50007293701172E8,4.54779998779297E8,4.2462060546875E8,5.0106457519531304E8,7.85109191894531E8,1.39011730957031E9,1.034091796875E9,9.07207824707031E8,1.17597875976563E9,8.03310913085938E8,3.2228182983398396E8,4.85613464355469E8,3.19937683105469E8,6.50663757324219E8,1.07635241699219E9,6.17195007324219E8,6.99971862792969E8
datastructure,WB.DATA360:DS_DATA360(1.3),I,A,ISR,WB_WDI_DT_ODA_ALLD_KD,_T,_T,_T,USD_K_2021,_Z,_Z,_Z,_Z,CUR,2,WB_WDI,P1Y,0,A,PU,Annual,Israel,Net official development assistance and official aid received (constant 2021 US$),Total,All age ranges or no breakdown by age,Total,"US dollars, 2021 constant prices",Not Applicable,Not Applicable,Not Applicable,Not Applicable,Currency,Two,World Development Indicators (WDI),Annual,Units,Normal value,Public,7.98125427246094E8,7.78012329101563E8,7.46864440917969E8,7.72682556152344E8,6.35343505859375E8,7.97373291015625E8,7.11142517089844E8,4.39384460449219E8,3.71945556640625E8,3.10155029296875E8,4.48053253173828E8,4.75230712890625E8,5.0081802368164104E8,9.5698974609375E8,5.46774536132813E8,2.03372741699219E9,2.67095947265625E9,3.1165146484375E9,3.25555517578125E9,3.98604956054688E9,2.69341381835938E9,2.19117846679688E9,2.31357885742188E9,3.48214404296875E9,3.16419140625E9,4.78725634765625E9,4.5697353515625E9,2.86200463867188E9,2.7421435546875E9,2.5433212890625E9,2.79341186523438E9,3.3088828125E9,3.94913696289063E9,2.40386181640625E9,2.31761059570313E9,6.10643920898438E8,3.99507177734375E9,1.92143994140625E9,1.69503002929688E9,1.41627001953125E9,1.2035E9,2.5194999694824198E8,1.10416003417969E9,6.34130004882813E8,6.74200012207031E8,,,,,,,,,,,,,,,,,,,
datastructure,WB.DATA360:DS_DATA360(1.3),I,A,BGD,WB_WDI_DT_ODA_ALLD_KD,_T,_T,_T,USD_K_2021,_Z,_Z,_Z,_Z,CUR,2,WB_WDI,P1Y,0,A,PU,Annual,Bangladesh,Net official development assistance and official aid received (constant 2021 US$),Total,All age ranges or no breakdown by age,Total,"US dollars, 2021 constant prices",Not Applicable,Not Applicable,Not Applicable,Not Applicable,Currency,Two,World Development Indicators (WDI),Annual,Units,Normal value,Public,,,,,,,,,,,,1.34132659912109E8,1.28338525390625E9,2.13563989257813E9,2.43207592773438E9,4.38011767578125E9,1.91297607421875E9,2.7766865234375E9,3.0138662109375E9,3.029326171875E9,3.04486474609375E9,2.7158125E9,3.40417407226563E9,2.59708935546875E9,2.98209399414063E9,2.61321215820313E9,2.73609790039063E9,2.9489326171875E9,2.3289453125E9,2.49019555664063E9,2.76903125E9,2.52921166992188E9,2.21436865234375E9,1.72912048339844E9,1.98224145507813E9,1.29238012695313E9,1.27557739257813E9,1.24991870117188E9,1.40752917480469E9,1.46982788085938E9,1.42506396484375E9,1.45106774902344E9,1.21775659179688E9,1.72706665039063E9,1.77586853027344E9,1.5291787109375E9,1.21595288085938E9,1.41697705078125E9,1.85045092773438E9,1.19410241699219E9,1.3284033203125E9,1.45177099609375E9,2.152494140625E9,2.65499731445313E9,2.452658203125E9,2.89462939453125E9,2.80795971679688E9,3.94742138671875E9,3.04684448242188E9,4.572560546875E9,5.253880859375E9,4.7917626953125E9,5.28468115234375E9,5.683857421875E9
datastructure,WB.DATA360:DS_DATA360(1.3),I,A,MNA,WB_WDI_DT_ODA_ALLD_KD,_T,_T,_T,USD_K_2021,_Z,_Z,_Z,_Z,CUR,2,WB_WDI,P1Y,0,A,PU,Annual,"Middle East, North Africa, Afghanistan & Pakistan (excluding high income)",Net official development assistance and official aid received (constant 2021 US$),Total,All age ranges or no breakdown by age,Total,"US dollars, 2021 constant prices",Not Applicable,Not Applicable,Not Applicable,Not Applicable,Currency,Two,World Development Indicators (WDI),Annual,Units,Normal value,Public,7.37894009876251E9,8.33285992431641E9,7.3729998955726595E9,6.37987999939919E9,5.61793006515503E9,4.44732001104951E9,4.01079998016357E9,3.10813005065918E9,2.79713004241884E9,2.9840400026738596E9,5.74740995979309E9,5.2305899333953905E9,5.20101998519897E9,9.83182008217275E9,1.4321389738082901E10,1.91155297060013E10,1.81063094863892E10,1.95599304695129E10,1.7997380174636803E10,1.74238804092407E10,1.83311302790642E10,1.81106999876499E10,1.4873689821243301E10,1.1728240088462801E10,1.14359397422075E10,1.21766398668289E10,9.29689998154342E9,9.224290157318121E9,6.68610002708435E9,6.91892003631592E9,1.82065297899246E10,1.69111897544861E10,1.00696801161766E10,8.163660056114201E9,9.67497008657455E9,6.81719994974136E9,7.41029999923706E9,7.45621984863281E9,7.67587006664276E9,7.30644992351532E9,6.87599016952515E9,7.523429978370669E9,6.858470056533818E9,1.0750320008277872E10,1.2897130177497835E10,3.3451579837799103E10,1.96132800636292E10,1.9060960178375202E10,2.40376401901245E10,1.39997899475098E10,1.2537360030174301E10,1.49391901626587E10,1.2801630050659199E10,2.42099000244141E10,3.0307749977111797E10,1.97000596237183E10,2.65527601928711E10,2.78230396575928E10,3.16607501068115E10,2.76829297332764E10,2.81467597961426E10,3.20784200134277E10,,
datastructure,WB.DATA360:DS_DATA360(1.3),I,A,IBD,WB_WDI_DT_ODA_ALLD_KD,_T,_T,_T,USD_K_2021,_Z,_Z,_Z,_Z,CUR,2,WB_WDI,P1Y,0,A,PU,Annual,IBRD only,Net official development assistance and official aid received (constant 2021 US$),Total,All age ranges or no breakdown by age,Total,"US dollars, 2021 constant prices",Not Applicable,Not Applicable,Not Applicable,Not Applicable,Currency,Two,World Development Indicators (WDI),Annual,Units,Normal value,Public,,,,,,,,,,,2.0702939785778534E10,2.1091809525638813E10,1.851620994713903E10,2.0953280150987213E10,2.541215967941284E10,2.9652029630221428E10,2.822414934921265E10,2.5041460611609745E10,2.5615640042543427E10,2.4269440122414383E10,2.8189930134370937E10,2.9551810045298195E10,2.702392996006087E10,2.5734999797916042E10,2.5950589513249718E10,2.748383966602386E10,2.480110997711123E10,2.380228028453887E10,2.3291040157645958E10,2.4302099883426E10,3.799632965974884E10,4.314931959466079E10,3.597535007204489E10,3.324819007963875E10,3.3669490165710453E10,3.2493580213069923E10,2.899268000745775E10,2.660488991260531E10,3.0022869947671898E10,3.3549049552440674E10,3.197733013248446E10,3.2748919901847855E10,3.273050987529756E10,3.22305701470934E10,3.37799303778112E10,5.148014978170397E10,3.503492013478279E10,3.2813630161762245E10,3.613111037063601E10,2.959571983647348E10,2.688648984622957E10,2.965581975078584E10,2.8878399908900288E10,3.1899099906206146E10,3.349802037650348E10,3.3035269612550755E10,3.494812025046351E10,3.3294120104730145E10,2.855964000129703E10,2.5364910138130207E10,3.46090300383568E10,3.752864999477941E10,,
datastructure,WB.DATA360:DS_DATA360(1.3),I,A,COL,WB_WDI_DT_ODA_ALLD_KD,_T,_T,_T,USD_K_2021,_Z,_Z,_Z,_Z,CUR,2,WB_WDI,P1Y,0,A,PU,Annual,Colombia,Net official development assistance and official aid received (constant 2021 US$),Total,All age ranges or no breakdown by age,Total,"US dollars, 2021 constant prices",Not Applicable,Not Applicable,Not Applicable,Not Applicable,Currency,Two,World Development Indicators (WDI),Annual,Units,Normal value,Public,-5.65755004882813E7,4.0870059204101604E8,3.8449722290039104E8,5.44217346191406E8,3.2431997680664104E8,2.9296728515625E8,5.99190673828125E8,6.69169250488281E8,7.92393798828125E8,6.75972839355469E8,8.38371215820313E8,6.22091064453125E8,5.88006774902344E8,6.68128173828125E8,4.1250280761718804E8,2.9860009765625E8,2.71734313964844E8,1.4261465454101598E8,1.80193771362305E8,1.02181655883789E8,9.42649230957031E7,1.36811935424805E8,1.7737504577636698E8,1.1761402130127E8,1.34979034423828E8,1.5792544555664098E8,1.15592170715332E8,1.5175164794921902E8,1.40815994262695E8,1.29565155029297E8,1.49786651611328E8,1.99768096923828E8,3.66143585205078E8,1.7050503540039098E8,1.16882019042969E8,2.3761372375488302E8,2.55583023071289E8,2.77974304199219E8,2.7417883300781304E8,5.15077758789063E8,3.43812713623047E8,6.74130737304688E8,7.51644836425781E8,1.27649694824219E9,7.89963684082031E8,9.15064086914063E8,1.38385302734375E9,9.29652282714844E8,1.22261767578125E9,1.31883801269531E9,7.62078308105469E8,1.1623115234375E9,8.69990051269531E8,9.31045227050781E8,1.29386755371094E9,1.60310717773438E9,1.31434899902344E9,9.90570129394531E8,1.95029357910156E9,1.003837890625E9,2.07952368164063E9,1.98562182617188E9,1.96865734863281E9,1.03131079101563E9
datastructure,WB.DATA360:DS_DATA360(1.3),I,A,SEN,WB_WDI_DT_ODA_ALLD_KD,_T,_T,_T,USD_K_2021,_Z,_Z,_Z,_Z,CUR,2,WB_WDI,P1Y,0,A,PU,Annual,Senegal,Net official development assistance and official aid received (constant 2021 US$),Total,All age ranges or no breakdown by age,Total,"US dollars, 2021 constant prices",Not Applicable,Not Applicable,Not Applicable,Not Applicable,Currency,Two,World Development Indicators (WDI),Annual,Units,Normal value,Public,1174939.99004364,2235800.02784729,1.21514892578125E8,9.79835433959961E7,4.6234970092773396E8,3.85093780517578E8,3.4694375610351604E8,3.6594735717773396E8,3.6949252319335896E8,3.6950473022460896E8,3.0062536621093804E8,3.59120544433594E8,2.7774673461914104E8,4.1501123046875E8,6.38512023925781E8,5.37958740234375E8,4.5344299316406304E8,4.25102569580078E8,6.69679504394531E8,8.59366455078125E8,6.3944580078125E8,1.05232238769531E9,7.88033569335938E8,8.879599609375E8,1.02248718261719E9,8.12192932128906E8,1.32397473144531E9,1.28967565917969E9,1.07894348144531E9,1.24799499511719E9,1.27057446289063E9,9.65870483398438E8,9.35447448730469E8,7.45373596191406E8,8.89053344726563E8,8.17844665527344E8,7.65003845214844E8,6.29113647460938E8,7.422001953125E8,7.92592468261719E8,6.86516845703125E8,7.01415283203125E8,6.97619934082031E8,6.29775268554688E8,1.2989375E9,8.54051513671875E8,1.01991180419922E9,9.38249816894531E8,1.10476525878906E9,1.0817978515625E9,8.54087890625E8,1.0605537109375E9,1.11701672363281E9,1.05090930175781E9,1.17556591796875E9,1.02432983398438E9,8.50813598632813E8,1.01166198730469E9,1.09300122070313E9,1.5986748046875E9,1.73772021484375E9,1.4158427734375E9,1.52584008789063E9,1.85961120605469E9
datastructure,WB.DATA360:DS_DATA360(1.3),I,A,SYR,WB_WDI_DT_ODA_ALLD_KD,_T,_T,_T,USD_K_2021,_Z,_Z,_Z,_Z,CUR,2,WB_WDI,P1Y,0,A,PU,Annual,Syrian Arab Republic,Net official development assistance and official aid received (constant 2021 US$),Total,All age ranges or no breakdown by age,Total,"US dollars, 2021 constant prices",Not Applicable,Not Applicable,Not Applicable,Not Applicable,Currency,Two,World Development Indicators (WDI),Annual,Units,Normal value,Public,1.48425079345703E8,1.30127563476563E8,1.8749815368652302E8,2.24849281311035E7,3.83821792602539E7,3.28473701477051E7,1.5222004699707E8,4.22766952514648E7,3.66425628662109E7,7.52677383422852E7,1.55672866821289E8,1.4148016357421902E8,3.2168765258789104E8,2.13982275390625E9,3.52452465820313E9,3.34058764648438E9,3.10188940429688E9,3.72630053710938E9,2.89424829101563E9,5.689162109375E9,4.84277783203125E9,4.71717919921875E9,3.08546337890625E9,2.35746240234375E9,1.74232983398438E9,1.65102783203125E9,1.60528381347656E9,1.47254113769531E9,2.52958724975586E8,1.98453125E8,1.41390148925781E9,7.58060546875E8,2.80971405029297E8,3.29772277832031E8,8.15325317382813E8,3.7580212402343804E8,2.69723114013672E8,2.45439819335938E8,2.01483901977539E8,2.4379496765136698E8,2.00053192138672E8,2.8618099975585896E8,8.81997528076172E7,1.66840606689453E8,1.4378089904785198E8,1.0391905212402299E8,3.35695991516113E7,9.6805908203125E7,1.7618539428710902E8,2.37018676757813E8,2.06605224609375E8,3.0925744628906304E8,1.44890600585938E9,3.41304296875E9,3.81696752929688E9,5.0206474609375E9,8.97821484375E9,1.08892392578125E10,1.12274130859375E10,1.169391796875E10,1.2145873046875E10,1.13181787109375E10,8.11721337890625E9,9.20627734375E9
datastructure,WB.DATA360:DS_DATA360(1.3),I,A,GIN,WB_WDI_DT_ODA_ALLD_KD,_T,_T,_T,USD_K_2021,_Z,_Z,_Z,_Z,CUR,2,WB_WDI,P1Y,0,A,PU,Annual,Guinea,Net official development assistance and official aid received (constant 2021 US$),Total,All age ranges or no breakdown by age,Total,"US dollars, 2021 constant prices",Not Applicable,Not Applicable,Not Applicable,Not Applicable,Currency,Two,World Development Indicators (WDI),Annual,Units,Normal value,Public,1380772.9482650799,1.87814807891846E7,7.431829833984381E7,1.6734829711914098E8,1.0482781219482401E8,1.77425796508789E8,1.0083666229248E8,5.3509979248046905E7,3.94932975769043E7,9.36754913330078E7,7.8292839050293E7,6.18209075927734E7,2.76893062591553E7,6.30450019836426E7,8.9760368347168E7,1.01632400512695E8,4.22516059875488E7,8.01223297119141E7,1.9541960144043E8,1.55008544921875E8,2.2742768859863302E8,2.8850918579101604E8,3.1191223144531304E8,1.8600175476074198E8,3.43766784667969E8,3.1652059936523396E8,3.82690673828125E8,4.0735693359375E8,4.3947988891601604E8,6.608232421875E8,4.5616171264648396E8,5.80852294921875E8,6.38632873535156E8,6.05304931640625E8,5.17534912109375E8,5.23065795898438E8,4.0772201538085896E8,5.68161743164063E8,5.16255737304688E8,3.5381161499023396E8,2.3901924133300802E8,4.69334503173828E8,3.99382141113281E8,3.4543905639648396E8,3.47994934082031E8,2.44062973022461E8,2.0928462219238302E8,2.8314804077148396E8,3.6657461547851604E8,2.26178436279297E8,2.35446563720703E8,2.0646368408203098E8,6.5988232421875E8,4.6407437133789104E8,5.78013000488281E8,6.27798645019531E8,6.64488952636719E8,5.34812927246094E8,7.143369140625E8,6.247314453125E8,7.83335754394531E8,6.04951354980469E8,5.30992797851563E8,5.31753295898438E8
datastructure,WB.DATA360:DS_DATA360(1.3),I,A,KGZ,WB_WDI_DT_ODA_ALLD_KD,_T,_T,_T,USD_K_2021,_Z,_Z,_Z,_Z,CUR,2,WB_WDI,P1Y,0,A,PU,Annual,Kyrgyz Republic,Net official development assistance and official aid received (constant 2021 US$),Total,All age ranges or no breakdown by age,Total,"US dollars, 2021 constant prices",Not Applicable,Not Applicable,Not Applicable,Not Applicable,Currency,Two,World Development Indicators (WDI),Annual,Units,Normal value,Public,,,,,,,,,,,,,,,,,,,,,,,,,,,,,,,,,2.74315757751465E7,1.6842172241210902E8,2.29835968017578E8,2.96331573486328E8,2.64086608886719E8,2.6881869506835896E8,2.8514810180664104E8,2.68280517578125E8,2.7060629272460896E8,1.98579956054688E8,2.5343106079101598E8,2.3407696533203098E8,2.5457965087890598E8,2.78775604248047E8,3.0017880249023396E8,2.65690887451172E8,3.28985290527344E8,2.90872314453125E8,3.29049530029297E8,4.3045108032226604E8,4.56768005371094E8,5.06258575439453E8,5.89982849121094E8,8.58009887695313E8,5.97644714355469E8,5.01367248535156E8,4.78173370361328E8,4.83777038574219E8,5.16845275878906E8,4.68195526123047E8,7.73792846679688E8,4.40522277832031E8
datastructure,WB.DATA360:DS_DATA360(1.3),I,A,EAP,WB_WDI_DT_ODA_ALLD_KD,_T,_T,_T,USD_K_2021,_Z,_Z,_Z,_Z,CUR,2,WB_WDI,P1Y,0,A,PU,Annual,East Asia & Pacific (excluding high income),Net official development assistance and official aid received (constant 2021 US$),Total,All age ranges or no breakdown by age,Total,"US dollars, 2021 constant prices",Not Applicable,Not Applicable,Not Applicable,Not Applicable,Currency,Two,World Development Indicators (WDI),Annual,Units,Normal value,Public,4.28124002526701E9,4.00560999915004E9,4.53180999702215E9,4.00738998550922E9,4.08570000404119E9,5.66182001960278E9,6.52421005249023E9,7.71425004887581E9,7.81620981091261E9,8.00209006309509E9,8.516950013995171E9,9.15519978785515E9,9.44076999187469E9,9.017450006604189E9,1.01640199380293E10,7.7434299623742695E9,6.41677001726627E9,5.65940003934316E9,6.901419885672629E9,7.418650094915179E9,7.71432997770607E9,8.5046699644886E9,8.38305007754639E9,8.49450005657226E9,8.76706997043639E9,9.07122986937687E9,8.78150002357364E9,8.805880116596819E9,9.37525008451752E9,9.838569831319149E9,1.04583100273013E10,9.61483999451995E9,1.18770100028161E10,1.11661399358697E10,1.11180300306454E10,1.02554101545997E10,9.09491004668921E9,8.46376001757383E9,1.0625599823474901E10,1.15423898873329E10,1.05014402070045E10,9.97299000930786E9,9.69937007665634E9,8.48990011310577E9,7.72677002334595E9,1.03735298986435E10,8.531520051002501E9,8.66516997241974E9,8.3390299654007E9,9.61123991537094E9,9.1552700214386E9,6.78471994018555E9,8.22722996807098E9,1.11951200819016E10,8.86857006645203E9,9.01571994400024E9,8.214610124588011E9,8.66600004816055E9,8.16758997344971E9,7.25045994091034E9,1.2714009916782398E10,9.81909002304077E9,,
datastructure,WB.DATA360:DS_DATA360(1.3),I,A,COD,WB_WDI_DT_ODA_ALLD_KD,_T,_T,_T,USD_K_2021,_Z,_Z,_Z,_Z,CUR,2,WB_WDI,P1Y,0,A,PU,Annual,"Congo, Dem. Rep.",Net official development assistance and official aid received (constant 2021 US$),Total,All age ranges or no breakdown by age,Total,"US dollars, 2021 constant prices",Not Applicable,Not Applicable,Not Applicable,Not Applicable,Currency,Two,World Development Indicators (WDI),Annual,Units,Normal value,Public,8.88091735839844E8,9.18899353027344E8,1.0771220703125E9,1.0367763671875E9,1.13936767578125E9,1.25060192871094E9,7.73270385742188E8,7.58547668457031E8,6.14440490722656E8,6.59289611816406E8,6.76717895507813E8,7.52209106445313E8,7.52670043945313E8,7.254736328125E8,8.31626098632813E8,1.01970458984375E9,7.53873962402344E8,9.20196350097656E8,9.47379272460938E8,1.09436755371094E9,1.02446691894531E9,1.04038061523438E9,9.68892272949219E8,9.36831848144531E8,9.28690490722656E8,9.18959411621094E8,1.00916619873047E9,1.32389343261719E9,1.03983544921875E9,1.31704809570313E9,1.41844592285156E9,7.55867065429688E8,4.1281192016601604E8,2.76493225097656E8,3.55854431152344E8,2.5470281982421902E8,2.2840513610839802E8,2.39916915893555E8,1.9749615478515598E8,2.1263555908203098E8,3.0809335327148396E8,4.3359921264648396E8,1.88725061035156E9,7.78089794921875E9,2.4076181640625E9,2.18965014648438E9,2.81356201171875E9,1.49282409667969E9,1.86041333007813E9,2.60072583007813E9,3.46994384765625E9,5.807248046875E9,3.04403759765625E9,2.6984189453125E9,2.525560546875E9,3.05272583007813E9,2.46477465820313E9,2.6445966796875E9,2.78299877929688E9,3.17104760742188E9,3.71269848632813E9,3.73494799804688E9,3.44963940429688E9,4.34729052734375E9
datastructure,WB.DATA360:DS_DATA360(1.3),I,A,MOZ,WB_WDI_DT_ODA_ALLD_KD,_T,_T,_T,USD_K_2021,_Z,_Z,_Z,_Z,CUR,2,WB_WDI,P1Y,0,A,PU,Annual,Mozambique,Net official development assistance and official aid received (constant 2021 US$),Total,All age ranges or no breakdown by age,Total,"US dollars, 2021 constant prices",Not Applicable,Not Applicable,Not Applicable,Not Applicable,Currency,Two,World Development Indicators (WDI),Annual,Units,Normal value,Public,176083.996891975,4.74003295898438E7,747575.998306274,1834622.97916412,-535975.992679596,,7.72378005981445E7,2.01764175415039E8,126427.99317836801,462072.99828529404,828724.026679993,1202486.99188232,1225893.02062988,827026.009559631,3606739.99786377,7.0956298828125E7,2.56045196533203E8,2.65596343994141E8,3.23391540527344E8,3.87457000732422E8,4.0056527709960896E8,3.69384826660156E8,5.56277221679688E8,5.8943359375E8,7.63536193847656E8,8.62771911621094E8,9.6519140625E8,1.33775659179688E9,1.71571057128906E9,1.47806091308594E9,1.61866906738281E9,1.71801477050781E9,2.19473022460938E9,1.93050012207031E9,1.86577319335938E9,1.48881506347656E9,1.26220959472656E9,1.45720727539063E9,1.62084875488281E9,1.2632236328125E9,1.53486291503906E9,1.62626611328125E9,3.59055712890625E9,1.46635620117188E9,1.58502368164063E9,1.58929028320313E9,1.92265087890625E9,1.94384265136719E9,2.0837275390625E9,2.19037890625E9,1.93254968261719E9,2.156044921875E9,2.21101098632813E9,2.44604150390625E9,2.19576000976563E9,2.09706762695313E9,1.77462023925781E9,2.04584362792969E9,1.99719873046875E9,2.04716955566406E9,2.78772509765625E9,2.34930859375E9,2.68174047851563E9,2.92737841796875E9
datastructure,WB.DATA360:DS_DATA360(1.3),I,A,MDV,WB_WDI_DT_ODA_ALLD_KD,_T,_T,_T,USD_K_2021,_Z,_Z,_Z,_Z,CUR,2,WB_WDI,P1Y,0,A,PU,Annual,Maldives,Net official development assistance and official aid received (constant 2021 US$),Total,All age ranges or no breakdown by age,Total,"US dollars, 2021 constant prices",Not Applicable,Not Applicable,Not Applicable,Not Applicable,Currency,Two,World Development Indicators (WDI),Annual,Units,Normal value,Public,317963.987588882,2835654.97398376,5060503.95965576,3070081.94923401,2794095.03936768,1082200.050354,1.56186351776123E7,3229316.94984436,2308146.95358276,1254981.99462891,1776116.01352692,6320559.02481079,4174024.1050720196,3315124.03488159,2875875.94985962,1.16010007858276E7,1.24897260665894E7,1.2936282157897899E7,2.1433311462402303E7,1.68832817077637E7,5.2630420684814505E7,3.19096565246582E7,1.4690473556518601E7,2.54918441772461E7,1.2398155212402299E7,2.19231777191162E7,3.3077720642089803E7,2.65163555145264E7,3.1794181823730502E7,3.98239059448242E7,2.19294605255127E7,3.69996452331543E7,3.9682731628418E7,3.5397819519043E7,3.20954360961914E7,5.82304878234863E7,3.10179023742676E7,2.83504447937012E7,2.99766979217529E7,3.2903476715087898E7,2.37328758239746E7,3.0945877075195298E7,2.8741447448730502E7,2.07293701171875E7,3.15574512481689E7,7.90090789794922E7,3.97153968811035E7,3.62353744506836E7,5.34518814086914E7,2.5305225372314498E7,5.5683788299560495E7,4.7702056884765595E7,5.59950714111328E7,2.0801395416259803E7,2.17417125701904E7,2.59743633270264E7,2.38874092102051E7,5.15467529296875E7,1.4298863220214802E8,7.574755859375E7,3.19450622558594E8,1.1063571929931599E8,1.2484383392334E8,2.0050765991210902E8
datastructure,WB.DATA360:DS_DATA360(1.3),I,A,OED,WB_WDI_DT_ODA_ALLD_KD,_T,_T,_T,USD_K_2021,_Z,_Z,_Z,_Z,CUR,2,WB_WDI,P1Y,0,A,PU,Annual,OECD members,Net official development assistance and official aid received (constant 2021 US$),Total,All age ranges or no breakdown by age,Total,"US dollars, 2021 constant prices",Not Applicable,Not Applicable,Not Applicable,Not Applicable,Currency,Two,World Development Indicators (WDI),Annual,Units,Normal value,Public,,,,,,,,,,,4.462390007019044E9,4.384670013427734E9,4.437249992370605E9,3.435639919281007E9,2.320110054016116E9,3.7777799453735366E9,4.037320106506353E9,4.08199003982544E9,4.0489000949859667E9,5.523680099487303E9,5.203660005569462E9,4.933469888210297E9,4.382660089492796E9,4.951379909515381E9,4.1437699127197313E9,5.838779931545259E9,5.651009927749639E9,4.023290154457093E9,3.62010997319222E9,3.3290501098632817E9,7.413849864006049E9,1.1924609821796423E10,7.956179977416995E9,6.0728001022338915E9,6.674970039367677E9,6.589520187377929E9,6.784630010604866E9,4.4697699704170265E9,5.079480079650884E9,5.57931999397278E9,6.023389898300177E9,5.112870071411137E9,4.887719891548163E9,4.948890007019045E9,5.2382300033569355E9,1.7311099891662602E9,2.2621400909423847E9,1.897119979858399E9,2.423959991455087E9,2.80523999023438E9,2.403220001220704E9,5.230829933166509E9,4.421709905624395E9,4.203540119171148E9,5.495840099334723E9,4.334760128021243E9,6.32404993438721E9,5.207110084533696E9,3.631580024719246E9,2.1996400299072266E9,3.40914002990723E9,3.4086800112724285E9,,
datastructure,WB.DATA360:DS_DATA360(1.3),I,A,CHN,WB_WDI_DT_ODA_ALLD_KD,_T,_T,_T,USD_K_2021,_Z,_Z,_Z,_Z,CUR,2,WB_WDI,P1Y,0,A,PU,Annual,China,Net official development assistance and official aid received (constant 2021 US$),Total,All age ranges or no breakdown by age,Total,"US dollars, 2021 constant prices",Not Applicable,Not Applicable,Not Applicable,Not Applicable,Currency,Two,World Development Indicators (WDI),Annual,Units,Normal value,Public,,,,,,,,,,,,,,,,,,,,4.38014717102051E7,1.60119873046875E8,1.21903637695313E9,1.14112866210938E9,1.52838293457031E9,1.84696325683594E9,2.2602373046875E9,1.97632067871094E9,2.20173754882813E9,2.903669921875E9,3.08313037109375E9,2.84456713867188E9,2.62909594726563E9,3.72655126953125E9,3.89474291992188E9,3.52702368164063E9,3.60303344726563E9,3.0599921875E9,2.67600244140625E9,2.98832739257813E9,2.76099194335938E9,2.1815947265625E9,1.9683740234375E9,1.85086828613281E9,1.48606420898438E9,1.69830200195313E9,1.76086706542969E9,1.32611010742188E9,1.46588171386719E9,1.26586511230469E9,1.14734252929688E9,1.12344689941406E9,-4.82662536621094E8,1.8916265869140598E8,-4.6875732421875E8,-7.88099548339844E8,-1.37774200439453E8,-5.60518249511719E8,-8.29194152832031E8,-5.17751953125E8,-4.0015478515625E8,-3.5531704711914104E8,-4.0386633300781304E8,-2.3016708374023402E8,-2.67158996582031E8
datastructure,WB.DATA360:DS_DATA360(1.3),I,A,LCN,WB_WDI_DT_ODA_ALLD_KD,_T,_T,_T,USD_K_2021,_Z,_Z,_Z,_Z,CUR,2,WB_WDI,P1Y,0,A,PU,Annual,Latin America & Caribbean,Net official development assistance and official aid received (constant 2021 US$),Total,All age ranges or no breakdown by age,Total,"US dollars, 2021 constant prices",Not Applicable,Not Applicable,Not Applicable,Not Applicable,Currency,Two,World Development Indicators (WDI),Annual,Units,Normal value,Public,1.95864000493288E9,5.62849999183416E9,5.72085009878874E9,5.85917993631959E9,4.84224003112316E9,5.90423998677731E9,6.03556997552514E9,4.87177003860474E9,4.97861999672651E9,4.18306001335382E9,4.32378002858162E9,3.6449299415350003E9,3.5184900236129804E9,3.37554995021969E9,3.55012999033928E9,3.85206999373436E9,3.64280997800827E9,3.16922001326084E9,3.47356002831459E9,3.80938998985291E9,4.29068001651764E9,4.87747997689247E9,5.44525999104977E9,5.83383998984098E9,6.18648001635075E9,7.17906003192067E9,6.80965009760857E9,7.2468600418567705E9,7.03683999013901E9,7.74568000292778E9,7.66274006509781E9,8.362359990954399E9,7.16021998796612E9,7.3341500031054E9,7.81722000324726E9,7.41639004588127E9,9.142479959964752E9,7.0212099165022335E9,7.325749966204171E9,7.83320991313457E9,6.744469909280539E9,8.439460057422523E9,7.067909999191761E9,7.631720041092486E9,7.899820065706971E9,7.42876000803709E9,7.94130003759265E9,6.923190061092381E9,8.703589962005621E9,8.68190007507801E9,9.79432004928589E9,9.525629885703331E9,9.87218996322155E9,9.75645997881889E9,9.4919100894928E9,1.08335599472523E10,1.20717400000095E10,8.868480022370821E9,1.03371399383545E10,8.82113994598389E9,1.21807400436401E10,1.12137899951935E10,,
datastructure,WB.DATA360:DS_DATA360(1.3),I,A,TLA,WB_WDI_DT_ODA_ALLD_KD,_T,_T,_T,USD_K_2021,_Z,_Z,_Z,_Z,CUR,2,WB_WDI,P1Y,0,A,PU,Annual,Latin America & Caribbean (IDA & IBRD),Net official development assistance and official aid received (constant 2021 US$),Total,All age ranges or no breakdown by age,Total,"US dollars, 2021 constant prices",Not Applicable,Not Applicable,Not Applicable,Not Applicable,Currency,Two,World Development Indicators (WDI),Annual,Units,Normal value,Public,,,,,,,,,,,3.914760021209718E9,3.2016799430847173E9,3.137590017318725E9,2.947599964581431E9,3.031149984359742E9,3.2913299899101243E9,3.012329975128175E9,2.6091200146675096E9,2.949900020599365E9,3.30670998954773E9,3.6453700189590454E9,4.359449991226197E9,4.794339986324312E9,5.072919998645781E9,5.518910026550297E9,6.227170016288759E9,5.9920801153183E9,6.438580030441284E9,6.167779991149903E9,6.761040003776552E9,6.79557006597519E9,7.52136999130249E9,6.331039980411528E9,6.533860001087191E9,6.702919972896576E9,6.521080053567888E9,6.186040009021763E9,5.644929931640624E9,5.60590003204346E9,6.045029899120335E9,5.069209973335267E9,7.323800056457527E9,6.158509979724886E9,6.494980050619692E9,6.29722003349662E9,6.218449985027315E9,6.869130048990253E9,5.712550036430363E9,6.793100005149847E9,7.134980065584184E9,8.284280013084413E9,8.056899879455572E9,7.613589900851248E9,7.162039993524556E9,7.212080060958864E9,7.960889991044999E9,7.514559911966329E9,6.672239963471893E9,8.050639965057383E9,6.888979965209963E9,9.804980072021492E9,9.152180057287216E9,,
datastructure,WB.DATA360:DS_DATA360(1.3),I,A,MKD,WB_WDI_DT_ODA_ALLD_KD,_T,_T,_T,USD_K_2021,_Z,_Z,_Z,_Z,CUR,2,WB_WDI,P1Y,0,A,PU,Annual,North Macedonia,Net official development assistance and official aid received (constant 2021 US$),Total,All age ranges or no breakdown by age,Total,"US dollars, 2021 constant prices",Not Applicable,Not Applicable,Not Applicable,Not Applicable,Currency,Two,World Development Indicators (WDI),Annual,Units,Normal value,Public,,,,,,,,,,,,,,,,,,,,,,,,,,,,,,,,,,5427084.92279053,1.6074420166015598E8,1.0017211151123E8,1.43124038696289E8,1.4024183654785198E8,1.5345281982421902E8,4.19303649902344E8,4.29439758300781E8,4.25415008544922E8,4.49721618652344E8,3.8530850219726604E8,3.4742544555664104E8,2.8641415405273396E8,2.44176544189453E8,2.19321533203125E8,2.08426239013672E8,2.0282168579101598E8,1.9292420959472698E8,1.9446318054199198E8,1.5633061218261698E8,2.04627365112305E8,2.17916976928711E8,2.4793154907226598E8,1.96675262451172E8,1.73904998779297E8,1.89950897216797E8,1.6098135375976598E8,3.1098522949218804E8,3.4877651977539104E8,2.41095001220703E8,4.14461212158203E8
datastructure,WB.DATA360:DS_DATA360(1.3),I,A,CAF,WB_WDI_DT_ODA_ALLD_KD,_T,_T,_T,USD_K_2021,_Z,_Z,_Z,_Z,CUR,2,WB_WDI,P1Y,0,A,PU,Annual,Central African Republic,Net official development assistance and official aid received (constant 2021 US$),Total,All age ranges or no breakdown by age,Total,"US dollars, 2021 constant prices",Not Applicable,Not Applicable,Not Applicable,Not Applicable,Currency,Two,World Development Indicators (WDI),Annual,Units,Normal value,Public,324910.014867783,4494227.88619995,1.1648116111755399E7,2.05717239379883E7,1.47357208251953E8,1.31066558837891E8,1.23572395324707E8,1.53803970336914E8,1.2791923522949201E8,1.38958908081055E8,1.0304708862304701E8,1.02651496887207E8,1.5169760131835902E8,1.2977165222168E8,1.74776351928711E8,2.1091682434082E8,1.4955224609375E8,1.5675141906738302E8,1.5264170837402302E8,2.1449578857421902E8,2.5117707824707E8,2.59685760498047E8,2.37958755493164E8,2.57280029296875E8,3.8285693359375E8,2.99589294433594E8,2.91976135253906E8,3.3623498535156304E8,3.58720489501953E8,3.37923553466797E8,3.9069686889648396E8,2.63507843017578E8,2.45274169921875E8,2.4521054077148402E8,2.38742645263672E8,1.8381332397460902E8,2.06140060424805E8,1.2143238067627E8,1.7236070251464802E8,1.6871856689453098E8,1.05802726745605E8,1.18918365478516E8,8.74887466430664E7,6.8940071105957E7,1.38682876586914E8,1.11533988952637E8,1.6226458740234402E8,1.9527143859863302E8,2.76968078613281E8,2.61475128173828E8,2.62592193603516E8,2.57940246582031E8,2.36593994140625E8,2.0926298522949198E8,6.30151062011719E8,5.68311645507813E8,5.92878601074219E8,5.85974670410156E8,7.00346374511719E8,7.60160339355469E8,9.07470092773438E8,6.79169738769531E8,7.19075805664063E8,7.37595642089844E8
datastructure,WB.DATA360:DS_DATA360(1.3),I,A,MDG,WB_WDI_DT_ODA_ALLD_KD,_T,_T,_T,USD_K_2021,_Z,_Z,_Z,_Z,CUR,2,WB_WDI,P1Y,0,A,PU,Annual,Madagascar,Net official development assistance and official aid received (constant 2021 US$),Total,All age ranges or no breakdown by age,Total,"US dollars, 2021 constant prices",Not Applicable,Not Applicable,Not Applicable,Not Applicable,Currency,Two,World Development Indicators (WDI),Annual,Units,Normal value,Public,3.12489356994629E7,1.61673183441162E7,5.00026206970215E7,8.37910995483398E7,3.98062316894531E8,4.0253573608398396E8,3.65498962402344E8,3.3417529296875E8,3.67312225341797E8,3.3005725097656304E8,3.4515103149414104E8,3.18153503417969E8,3.3181088256835896E8,2.65442474365234E8,2.9099301147460896E8,3.33453399658203E8,2.4719610595703098E8,2.2093394470214802E8,2.89128173828125E8,3.5941860961914104E8,5.57094848632813E8,6.13344421386719E8,6.38071411132813E8,4.9249618530273396E8,4.41822204589844E8,5.28070739746094E8,6.887421875E8,6.35484069824219E8,5.14315246582031E8,6.33013000488281E8,6.39938781738281E8,6.84747314453125E8,5.27486145019531E8,5.25066589355469E8,4.06045471191406E8,3.8884970092773396E8,4.63906036376953E8,1.24185852050781E9,7.14234313964844E8,5.19533264160156E8,5.01320495605469E8,6.10836608886719E8,5.92998840332031E8,7.50345947265625E8,1.54036218261719E9,1.1185546875E9,9.29633178710938E8,9.65149658203125E8,8.93614990234375E8,4.72535461425781E8,4.2611825561523396E8,4.6193569946289104E8,3.8936538696289104E8,5.09046417236328E8,6.11799499511719E8,7.95227600097656E8,7.30872680664063E8,8.85851989746094E8,8.18678344726563E8,8.11432556152344E8,1.39296997070313E9,1.09073046875E9,1.05230895996094E9,1.25359326171875E9
datastructure,WB.DATA360:DS_DATA360(1.3),I,A,HPC,WB_WDI_DT_ODA_ALLD_KD,_T,_T,_T,USD_K_2021,_Z,_Z,_Z,_Z,CUR,2,WB_WDI,P1Y,0,A,PU,Annual,Heavily indebted poor countries (HIPC),Net official development assistance and official aid received (constant 2021 US$),Total,All age ranges or no breakdown by age,Total,"US dollars, 2021 constant prices",Not Applicable,Not Applicable,Not Applicable,Not Applicable,Currency,Two,World Development Indicators (WDI),Annual,Units,Normal value,Public,,,,,,,,,,,6.079580058336258E9,6.343550008594991E9,6.503229960560803E9,6.811379926241938E9,9.719350036144257E9,1.1509880048036573E10,1.0585790042877197E10,1.1432079987525942E10,1.3258139959335335E10,1.5276140072822575E10,1.5872400009155281E10,1.6210939949989328E10,1.7091379927635206E10,1.696349987888337E10,1.8159340033531204E10,2.0612330022811897E10,2.078800010871888E10,2.031929006958009E10,2.15947499294281E10,2.2483039939880367E10,2.3658950209617638E10,2.413029010772705E10,2.350325014007092E10,2.1837919837951668E10,2.397315998077394E10,2.147088018417358E10,1.865105004501343E10,1.7857239971160896E10,1.8142949993133556E10,1.736226984214784E10,1.748649007225038E10,2.173411005020142E10,2.6856969974517826E10,3.0992760122299206E10,2.9967359939575214E10,3.0626759695053127E10,3.3657729671478275E10,3.552842952346803E10,3.6671640041351326E10,4.223107019424439E10,4.449872988128664E10,4.249002022171022E10,4.142835020828249E10,3.939146989059449E10,3.702007993316651E10,3.968251033401491E10,3.918538034439087E10,4.1802600082397484E10,4.147330005645754E10,4.338876028823856E10,5.4291840053558395E10,4.688854064941408E10,,
datastructure,WB.DATA360:DS_DATA360(1.3),I,A,ARM,WB_WDI_DT_ODA_ALLD_KD,_T,_T,_T,USD_K_2021,_Z,_Z,_Z,_Z,CUR,2,WB_WDI,P1Y,0,A,PU,Annual,Armenia,Net official development assistance and official aid received (constant 2021 US$),Total,All age ranges or no breakdown by age,Total,"US dollars, 2021 constant prices",Not Applicable,Not Applicable,Not Applicable,Not Applicable,Currency,Two,World Development Indicators (WDI),Annual,Units,Normal value,Public,,,,,,,,,,,,,,,,,,,,,,,,,,,,,,,,4690115.9286499,4.12445602416992E7,1.94686752319336E8,3.21580352783203E8,3.1807284545898396E8,4.3774935913085896E8,2.48399627685547E8,2.97321044921875E8,3.22141357421875E8,3.47722442626953E8,3.50153533935547E8,4.69976043701172E8,3.5825524902343804E8,3.4215518188476604E8,2.24922882080078E8,2.69863952636719E8,3.9002938842773396E8,3.23483154296875E8,4.2221008300781304E8,3.13848327636719E8,4.1110897827148396E8,2.9443005371093804E8,2.973994140625E8,2.7887060546875E8,4.0942367553710896E8,3.8531921386718804E8,2.97155700683594E8,1.57345703125E8,4.65271484375E8,1.42181900024414E8,1.6934722900390598E8,3.28938232421875E8,2.0513835144043E8
datastructure,WB.DATA360:DS_DATA360(1.3),I,A,SUR,WB_WDI_DT_ODA_ALLD_KD,_T,_T,_T,USD_K_2021,_Z,_Z,_Z,_Z,CUR,2,WB_WDI,P1Y,0,A,PU,Annual,Suriname,Net official development assistance and official aid received (constant 2021 US$),Total,All age ranges or no breakdown by age,Total,"US dollars, 2021 constant prices",Not Applicable,Not Applicable,Not Applicable,Not Applicable,Currency,Two,World Development Indicators (WDI),Annual,Units,Normal value,Public,1.4207313537597698E8,1.5651289367675802E8,1.30030166625977E8,1.86907470703125E8,1.4779948425293E8,1.85265884399414E8,3.3134937286377E7,3.475341796875E7,1.7871160888671902E8,1.69090057373047E8,2.3007850646972698E8,2.2230450439453098E8,2.4408061218261698E8,1.67717987060547E8,2.3713348388671902E8,2.21216583251953E8,4.16409484863281E8,3.16177795410156E8,1.92868179321289E8,2.4526333618164098E8,2.02132843017578E8,2.81995330810547E8,3.0037744140625E8,1.4042173385620099E7,1.75652389526367E7,2.88926868438721E7,3.18704051971436E7,3.80706596374512E7,4.3563201904296905E7,1.0953157043457E8,1.1040412139892599E8,7.36228866577148E7,1.32934722900391E8,1.3524917602539098E8,1.0067494964599599E8,1.12325477600098E8,1.6316464233398402E8,1.2467165374755901E8,9.07806091308594E7,5.73609237670898E7,5.4084285736084E7,4.3330753326416E7,2.09323616027832E7,1.54033069610596E7,3.06698703765869E7,5.40030975341797E7,7.57292098999023E7,1.6066102600097698E8,1.0018498992919901E8,1.6149604797363302E8,1.0947380828857401E8,7.76171569824219E7,4.2400707244872995E7,3.09411525726318E7,1.3596117019653302E7,1.9119140625E7,1.96843776702881E7,2.30202350616455E7,1.51972255706787E7,2.55621356964111E7,2.986305809021E7,2.97026882171631E7,5.9251007080078095E7,4.35246047973633E7
datastructure,WB.DATA360:DS_DATA360(1.3),I,A,STP,WB_WDI_DT_ODA_ALLD_KD,_T,_T,_T,USD_K_2021,_Z,_Z,_Z,_Z,CUR,2,WB_WDI,P1Y,0,A,PU,Annual,São Tomé and Príncipe,Net official development assistance and official aid received (constant 2021 US$),Total,All age ranges or no breakdown by age,Total,"US dollars, 2021 constant prices",Not Applicable,Not Applicable,Not Applicable,Not Applicable,Currency,Two,World Development Indicators (WDI),Annual,Units,Normal value,Public,968463.003635406,1.33354692459106E7,,,,,1.23346271514893E7,4259532.928466801,1497262.0010376,,,,,,,3375715.0173187302,4.55962562561035E7,1.11285724639893E7,1.22618961334229E7,7833148.95629883,9721652.98461914,1.58433771133423E7,2.67484226226807E7,3.4475124359130904E7,3.3975780487060495E7,3.52937850952148E7,2.42661247253418E7,3.25464668273926E7,4.34655838012695E7,9.12523651123047E7,9.46857986450195E7,8.32242965698242E7,8.63060760498047E7,7.00396041870117E7,7.34781265258789E7,1.2264646148681599E8,6.6512107849121094E7,5.24875335693359E7,4.389697265625E7,4.51958999633789E7,6.05191459655762E7,6.83280181884766E7,4.37967758178711E7,5.23975486755371E7,4.22026748657227E7,3.97779998779297E7,2.7606605529785197E7,5.49670562744141E7,4.65770645141602E7,3.15684299468994E7,4.88638801574707E7,7.36728820800781E7,5.29077224731445E7,5.48898696899414E7,4.21508827209473E7,5.8162380218505904E7,5.4683952331543E7,4.54827079772949E7,5.62488479614258E7,5.73503608703613E7,9.97636642456055E7,7.36273574829102E7,5.97276840209961E7,8.68401718139648E7
datastructure,WB.DATA360:DS_DATA360(1.3),I,A,PNG,WB_WDI_DT_ODA_ALLD_KD,_T,_T,_T,USD_K_2021,_Z,_Z,_Z,_Z,CUR,2,WB_WDI,P1Y,0,A,PU,Annual,Papua New Guinea,Net official development assistance and official aid received (constant 2021 US$),Total,All age ranges or no breakdown by age,Total,"US dollars, 2021 constant prices",Not Applicable,Not Applicable,Not Applicable,Not Applicable,Currency,Two,World Development Indicators (WDI),Annual,Units,Normal value,Public,88041.9984459877,85920.9969639778,,80929.0036559105,,8.47896728515625E8,8.50575622558594E8,9.46012573242188E8,1.02466577148438E9,1.04492150878906E9,1.24481408691406E9,1.11851550292969E9,1.33622973632813E9,9.97169494628906E8,1.12900354003906E9,1.26016296386719E9,9.23774108886719E8,9.95034729003906E8,1.02653063964844E9,9.18113525390625E8,9.22682800292969E8,8.53417053222656E8,8.35281433105469E8,9.16916381835938E8,8.61990539550781E8,8.06189086914063E8,7.71989196777344E8,7.93972412109375E8,7.60802490234375E8,6.43357421875E8,6.97653503417969E8,6.35241394042969E8,7.49535888671875E8,5.79783569335938E8,5.72462646484375E8,6.10225830078125E8,5.79291381835938E8,5.77402282714844E8,7.10086669921875E8,4.05761474609375E8,5.44774597167969E8,4.65898468017578E8,4.61403106689453E8,4.2248397827148396E8,4.2296273803710896E8,3.9634213256835896E8,3.93698760986328E8,4.0498941040039104E8,3.90764190673828E8,4.94098663330078E8,5.12966064453125E8,5.411708984375E8,6.09430908203125E8,6.23694946289063E8,5.72323425292969E8,6.89380676269531E8,6.06509338378906E8,5.84484558105469E8,8.55938659667969E8,7.22184387207031E8,1.13189733886719E9,1.12180737304688E9,6.68687316894531E8,6.91091125488281E8
datastructure,WB.DATA360:DS_DATA360(1.3),I,A,ZMB,WB_WDI_DT_ODA_ALLD_KD,_T,_T,_T,USD_K_2021,_Z,_Z,_Z,_Z,CUR,2,WB_WDI,P1Y,0,A,PU,Annual,Zambia,Net official development assistance and official aid received (constant 2021 US$),Total,All age ranges or no breakdown by age,Total,"US dollars, 2021 constant prices",Not Applicable,Not Applicable,Not Applicable,Not Applicable,Currency,Two,World Development Indicators (WDI),Annual,Units,Normal value,Public,1.05764093399048E7,1.01002912521362E7,6.2867805480957E7,5.6796459197997995E7,2.1358505249023402E8,1.07139495849609E8,2.64106231689453E8,5.59559204101563E8,2.85176330566406E8,1.7381210327148402E8,1.02377815246582E8,1.5417338562011698E8,1.36610809326172E8,2.3500057983398402E8,2.648818359375E8,3.4525500488281304E8,2.54150177001953E8,3.8994180297851604E8,5.68950317382813E8,7.72007385253906E8,7.92015625E8,6.01543273925781E8,8.44928283691406E8,5.83058654785156E8,6.84931396484375E8,8.8336376953125E8,1.00741827392578E9,8.27795288085938E8,8.16154663085938E8,6.38309997558594E8,7.54414672851563E8,1.30745837402344E9,1.48527880859375E9,1.31829663085938E9,1.02012799072266E9,2.61505224609375E9,8.30138000488281E8,9.01771606445313E8,5.25356872558594E8,9.14878295898438E8,1.27525012207031E9,9.16213134765625E8,1.25679711914063E9,1.0687685546875E9,1.38776965332031E9,1.38622412109375E9,1.80502575683594E9,1.120681640625E9,1.19703308105469E9,1.41357299804688E9,9.93232666015625E8,1.10117785644531E9,1.04784594726563E9,1.21267114257813E9,1.06535754394531E9,9.29647705078125E8,1.13743908691406E9,1.21503381347656E9,1.12820324707031E9,1.06319177246094E9,1.12308422851563E9,1.13331970214844E9,1.9081318359375E9,1.42193200683594E9
datastructure,WB.DATA360:DS_DATA360(1.3),I,A,AFW,WB_WDI_DT_ODA_ALLD_KD,_T,_T,_T,USD_K_2021,_Z,_Z,_Z,_Z,CUR,2,WB_WDI,P1Y,0,A,PU,Annual,Western & Central Africa,Net official development assistance and official aid received (constant 2021 US$),Total,All age ranges or no breakdown by age,Total,"US dollars, 2021 constant prices",Not Applicable,Not Applicable,Not Applicable,Not Applicable,Currency,Two,World Development Indicators (WDI),Annual,Units,Normal value,Public,,,,,,,,,,,3.5272299699783344E9,3.586759977340699E9,3.264539976119994E9,3.718509974993767E9,4.957700077056886E9,5.234569924831392E9,4.948710011005402E9,4.986049953937532E9,6.004990045428279E9,6.177050024986268E9,6.090829982757569E9,6.484409975051884E9,6.605799900054936E9,6.354810039520266E9,7.58784996414185E9,7.673069957733152E9,8.398749969482423E9,7.728979911804206E9,8.412119956970216E9,9.951039962768555E9,9.561569992065437E9,9.516330108642588E9,8.986280006408691E9,8.867279914855957E9,1.0274689891815191E10,8.316189998626711E9,8.3693100280761795E9,7.236790019989016E9,7.802730003356934E9,6.607859992980959E9,6.047509984970096E9,7.298939980506899E9,9.231720064163208E9,8.266409976959235E9,9.426360057830818E9,1.5763329902648924E10,2.163986002922059E10,1.2665900077819826E10,1.1995780109405525E10,1.4003859899520884E10,1.5184800048828136E10,1.3348189966201784E10,1.5041050021171577E10,1.3479869922161104E10,1.3955869933485998E10,1.5468500004768375E10,1.4690269835948956E10,1.6599879765033749E10,1.6573919943332672E10,1.8802380081176777E10,,,,
datastructure,WB.DATA360:DS_DATA360(1.3),I,A,ZAF,WB_WDI_DT_ODA_ALLD_KD,_T,_T,_T,USD_K_2021,_Z,_Z,_Z,_Z,CUR,2,WB_WDI,P1Y,0,A,PU,Annual,South Africa,Net official development assistance and official aid received (constant 2021 US$),Total,All age ranges or no breakdown by age,Total,"US dollars, 2021 constant prices",Not Applicable,Not Applicable,Not Applicable,Not Applicable,Currency,Two,World Development Indicators (WDI),Annual,Units,Normal value,Public,,,,,,,,,,,,,,,,,,,,,,,,,,,,,,,,,,4.5937295532226604E8,4.84457489013672E8,5.94381713867188E8,5.38859924316406E8,7.66720336914063E8,8.00206909179688E8,8.57094604492188E8,8.3262744140625E8,7.45230529785156E8,8.40778503417969E8,8.97197265625E8,8.0391455078125E8,8.531044921875E8,8.84427185058594E8,9.31496276855469E8,1.26704626464844E9,1.30434619140625E9,1.24306506347656E9,1.57034057617188E9,1.25525732421875E9,1.42923327636719E9,1.22340576171875E9,1.70307165527344E9,1.42926867675781E9,1.20890246582031E9,1.06620935058594E9,1.10333862304688E9,1.36121044921875E9,1.11903076171875E9,1.07900842285156E9,1.50694641113281E9
datastructure,WB.DATA360:DS_DATA360(1.3),I,A,LMC,WB_WDI_DT_ODA_ALLD_KD,_T,_T,_T,USD_K_2021,_Z,_Z,_Z,_Z,CUR,2,WB_WDI,P1Y,0,A,PU,Annual,Lower middle income,Net official development assistance and official aid received (constant 2021 US$),Total,All age ranges or no breakdown by age,Total,"US dollars, 2021 constant prices",Not Applicable,Not Applicable,Not Applicable,Not Applicable,Currency,Two,World Development Indicators (WDI),Annual,Units,Normal value,Public,1.78136701265574E10,1.9299289923586E10,1.9344169950664E10,2.12329402984604E10,2.35667004500479E10,2.43974400984049E10,2.378977966851E10,2.5436760205820198E10,2.2042380047377197E10,2.09817399680577E10,2.28261399049163E10,2.3901689590364697E10,2.1303829901278E10,2.5082010157585102E10,3.17888797157183E10,3.72716795583963E10,3.4321359402179703E10,3.15777506321669E10,3.2993180017270096E10,2.89069000954628E10,3.3993500156045E10,3.28353300257921E10,3.22352202003598E10,2.99127097549438E10,3.08955994529724E10,3.15096297941208E10,3.06555000401735E10,2.87328203611374E10,2.98141101320069E10,3.1779289755821198E10,3.9905170013576775E10,4.000635957366227E10,3.639163026316466E10,3.0523219985187023E10,3.4206899986356533E10,2.6949750018615314E10,2.792624975883219E10,2.591283991187812E10,2.8993329986333862E10,2.8003059644699135E10,2.7227700218200645E10,3.2635120044708263E10,3.179847004318236E10,2.9528469964981083E10,2.9977560058593716E10,3.83572298469543E10,4.38179800186157E10,3.44146500759125E10,3.4980140001297E10,4.0938310092926E10,4.28137201137543E10,3.9982849822998E10,4.27359597511292E10,5.16353199462891E10,4.7473969909668E10,4.97915497245789E10,4.76322203941345E10,4.94894697875977E10,4.5923350189209E10,4.77746701316834E10,6.01896801338196E10,5.80813004608154E10,,
datastructure,WB.DATA360:DS_DATA360(1.3),I,A,TSS,WB_WDI_DT_ODA_ALLD_KD,_T,_T,_T,USD_K_2021,_Z,_Z,_Z,_Z,CUR,2,WB_WDI,P1Y,0,A,PU,Annual,Sub-Saharan Africa (IDA & IBRD),Net official development assistance and official aid received (constant 2021 US$),Total,All age ranges or no breakdown by age,Total,"US dollars, 2021 constant prices",Not Applicable,Not Applicable,Not Applicable,Not Applicable,Currency,Two,World Development Indicators (WDI),Annual,Units,Normal value,Public,,,,,,,,,,,6.945600044786931E9,7.195349990338088E9,7.157759955078368E9,7.632759958781306E9,1.0442180001735685E10,1.2191800023317335E10,1.1116660057067873E10,1.2012749947071077E10,1.4041319939851767E10,1.5962770043849949E10,1.6950169967651375E10,1.7782259970664986E10,1.8927199902534496E10,1.856131988742762E10,2.0060330039024364E10,2.2119940068244946E10,2.19171700501442E10,2.159521007537842E10,2.2928019891738895E10,2.446064989471435E10,2.541222014904024E10,2.442915006256104E10,2.488736015594006E10,2.3940969886779793E10,2.4802789947509785E10,2.193678012180328E10,1.898042002105713E10,1.8509149978637703E10,1.8728800010681164E10,1.7223079900741585E10,1.802429011726381E10,2.0413549923896786E10,2.6182809930801395E10,2.9664600131034866E10,2.8494859994888325E10,3.4708749685287506E10,4.250769989013675E10,3.370577954244615E10,3.5456430043220535E10,3.991914007377625E10,4.0765549884796165E10,4.106357016181947E10,4.106906016254428E10,4.2121849807739265E10,3.920140975028278E10,4.262005995273594E10,4.1675670135974884E10,4.610120985698703E10,4.495996034240725E10,4.775943999481205E10,5.973474973583226E10,5.107170052223283E10,,
datastructure,WB.DATA360:DS_DATA360(1.3),I,A,CPV,WB_WDI_DT_ODA_ALLD_KD,_T,_T,_T,USD_K_2021,_Z,_Z,_Z,_Z,CUR,2,WB_WDI,P1Y,0,A,PU,Annual,Cabo Verde,Net official development assistance and official aid received (constant 2021 US$),Total,All age ranges or no breakdown by age,Total,"US dollars, 2021 constant prices",Not Applicable,Not Applicable,Not Applicable,Not Applicable,Currency,Two,World Development Indicators (WDI),Annual,Units,Normal value,Public,,3.59133415222168E7,,,,,2.80438213348389E7,7958601.95159912,,51546.99832201,,,,,,3.46723823547363E7,9.51091156005859E7,9.09435043334961E7,1.09779106140137E8,8.52430267333984E7,1.5163970947265598E8,1.32020629882813E8,1.406826171875E8,1.5902734375E8,1.8537370300293E8,1.89543212890625E8,2.4606625366210902E8,1.6650527954101598E8,1.4722346496582E8,1.65989974975586E8,1.8199327087402302E8,1.69206466674805E8,1.7300921630859402E8,1.8077627563476598E8,1.8750761413574198E8,1.6123057556152302E8,1.6777188110351598E8,1.77424789428711E8,2.08253204345703E8,2.1597718811035198E8,1.62266098022461E8,1.3930633544921902E8,1.5207876586914098E8,2.04243286132813E8,1.87758758544922E8,2.0889518737793E8,1.70590835571289E8,1.8304380798339802E8,2.32318725585938E8,2.1001214599609402E8,3.30241180419922E8,2.4786068725585902E8,2.65208435058594E8,2.5321054077148402E8,2.39207015991211E8,1.78773162841797E8,1.34852508544922E8,1.40501983642578E8,8.92038269042969E7,1.6914752197265598E8,1.71668930053711E8,1.48501449584961E8,8.81802597045898E7,1.0170835113525401E8
datastructure,WB.DATA360:DS_DATA360(1.3),I,A,NAM,WB_WDI_DT_ODA_ALLD_KD,_T,_T,_T,USD_K_2021,_Z,_Z,_Z,_Z,CUR,2,WB_WDI,P1Y,0,A,PU,Annual,Namibia,Net official development assistance and official aid received (constant 2021 US$),Total,All age ranges or no breakdown by age,Total,"US dollars, 2021 constant prices",Not Applicable,Not Applicable,Not Applicable,Not Applicable,Currency,Two,World Development Indicators (WDI),Annual,Units,Normal value,Public,,,,,,,,,,,,,105232.000350952,,,,,,,,,,,34425.001591444,,1.62004776000977E7,3.50555229187012E7,3.19748687744141E7,4.02528266906738E7,1.09049957275391E8,2.0150933837890598E8,2.9264590454101604E8,2.0936920166015598E8,2.3611869812011698E8,2.06855987548828E8,2.4618417358398402E8,2.60896423339844E8,2.5599250793457E8,2.8392391967773396E8,2.81735809326172E8,2.61103332519531E8,1.9367900085449198E8,2.24585205078125E8,2.13808319091797E8,2.31478591918945E8,1.4825297546386698E8,1.91639923095703E8,2.57376800537109E8,2.3232133483886698E8,3.62687744140625E8,2.9536660766601604E8,3.09693817138672E8,3.06207550048828E8,3.1080111694335896E8,2.6868762207031304E8,1.7528231811523402E8,2.08306396484375E8,2.23181182861328E8,1.8301454162597698E8,1.66552169799805E8,2.0462811279296902E8,1.94328201293945E8,3.44270721435547E8,2.71632598876953E8
datastructure,WB.DATA360:DS_DATA360(1.3),I,A,UKR,WB_WDI_DT_ODA_ALLD_KD,_T,_T,_T,USD_K_2021,_Z,_Z,_Z,_Z,CUR,2,WB_WDI,P1Y,0,A,PU,Annual,Ukraine,Net official development assistance and official aid received (constant 2021 US$),Total,All age ranges or no breakdown by age,Total,"US dollars, 2021 constant prices",Not Applicable,Not Applicable,Not Applicable,Not Applicable,Currency,Two,World Development Indicators (WDI),Annual,Units,Normal value,Public,,,,,,,,,,,,,,,,,,,,,,,,,,,,,,,4.57790008544922E8,5.81340026855469E8,7.9102001953125E8,4.96730010986328E8,4.43679992675781E8,4.55779998779297E8,6.09059997558594E8,4.32320007324219E8,7.39969970703125E8,9.15869995117188E8,8.93369995117188E8,8.375E8,7.49119995117188E8,4.7182998657226604E8,4.92820007324219E8,5.31132507324219E8,6.11767150878906E8,4.85059997558594E8,6.57703369140625E8,7.02492065429688E8,7.24088562011719E8,7.65148864746094E8,8.42800598144531E8,8.36617370605469E8,1.442353515625E9,1.73381921386719E9,1.69115075683594E9,1.37757885742188E9,1.35725561523438E9,1.272021484375E9,2.55051733398438E9,2.29600561523438E9,3.02613203125E10,3.89352109375E10
datastructure,WB.DATA360:DS_DATA360(1.3),I,A,GUY,WB_WDI_DT_ODA_ALLD_KD,_T,_T,_T,USD_K_2021,_Z,_Z,_Z,_Z,CUR,2,WB_WDI,P1Y,0,A,PU,Annual,Guyana,Net official development assistance and official aid received (constant 2021 US$),Total,All age ranges or no breakdown by age,Total,"US dollars, 2021 constant prices",Not Applicable,Not Applicable,Not Applicable,Not Applicable,Currency,Two,World Development Indicators (WDI),Annual,Units,Normal value,Public,8.67209701538086E7,9.9985466003418E7,8.47079772949219E7,6.0601531982421905E7,4.72488441467285E7,5.86874198913574E7,7.34659576416016E7,8.56875305175781E7,1.16431480407715E8,1.30903503417969E8,1.19937019348145E8,1.03770751953125E8,7.34213943481445E7,4.07575531005859E7,5.46953544616699E7,4.3478954315185495E7,8.60851593017578E7,4.24793930053711E7,9.32855529785156E7,8.76403427124023E7,7.20857238769531E7,1.38018142700195E8,6.95626754760742E7,4.25164451599121E7,2.63142185211182E7,2.7263757705688503E7,5.43794784545898E7,5.11697158813477E7,4.4284351348877005E7,7.43913040161133E7,2.59206817626953E8,1.9716659545898402E8,1.0674863433837901E8,1.4125767517089802E8,1.0426944732666E8,9.60549163818359E7,1.2240628051757799E8,3.3696203613281304E8,1.1186342620849599E8,8.66660079956055E7,9.9935661315918E7,1.01575325012207E8,7.35371856689453E7,8.25859069824219E7,1.26631927490234E8,1.28366836547852E8,1.5792832946777302E8,9.03392333984375E7,1.29690093994141E8,1.23693862915039E8,1.0884193420410201E8,1.03567367553711E8,1.2166325378418E8,1.06591911315918E8,1.4942256164550802E8,3.68867645263672E7,8.27633514404297E7,5.84865074157715E7,1.1352560424804701E8,1.2488619995117201E8,5.54246025085449E7,1.4223614501953098E8,2.0870274353027302E8,1.39789916992188E8
datastructure,WB.DATA360:DS_DATA360(1.3),I,A,LSO,WB_WDI_DT_ODA_ALLD_KD,_T,_T,_T,USD_K_2021,_Z,_Z,_Z,_Z,CUR,2,WB_WDI,P1Y,0,A,PU,Annual,Lesotho,Net official development assistance and official aid received (constant 2021 US$),Total,All age ranges or no breakdown by age,Total,"US dollars, 2021 constant prices",Not Applicable,Not Applicable,Not Applicable,Not Applicable,Currency,Two,World Development Indicators (WDI),Annual,Units,Normal value,Public,1.779931640625E7,4.5847198486328095E7,6.28686752319336E7,5.89219589233398E7,5.76275787353516E7,9.00543060302734E7,1.11871864318848E8,1.19506889343262E8,1.2226332092285201E8,1.109697265625E8,6.6466400146484405E7,1.1390633392334E8,8.79077987670898E7,7.76370620727539E7,1.01915710449219E8,1.22757133483887E8,1.1279576110839799E8,1.36493774414063E8,1.67610092163086E8,1.89987274169922E8,2.4368321228027302E8,2.8153271484375E8,2.5605712890625E8,2.9515979003906304E8,2.8009732055664104E8,2.5796337890625E8,1.9924813842773402E8,2.1050106811523402E8,2.10010467529297E8,2.5330047607421902E8,2.28604461669922E8,1.9668363952636698E8,2.1691595458984402E8,2.2600080871582E8,1.78187423706055E8,1.5861979675293E8,1.40752960205078E8,1.3487655639648402E8,9.23437576293945E7,4.83859481811523E7,6.42158203125E7,9.05184783935547E7,1.21032409667969E8,1.0744233703613299E8,1.19270767211914E8,8.08865585327148E7,8.24389495849609E7,1.45932144165039E8,1.4972900390625E8,1.3678788757324198E8,2.47978057861328E8,2.8421154785156304E8,3.2261975097656304E8,3.73305358886719E8,1.19180778503418E8,1.02466300964355E8,1.3446351623535198E8,1.7156874084472698E8,1.7582466125488302E8,1.5934918212890598E8,1.9084609985351598E8,1.9042416381835902E8,1.6044903564453098E8,1.72315887451172E8
datastructure,WB.DATA360:DS_DATA360(1.3),I,A,KNA,WB_WDI_DT_ODA_ALLD_KD,_T,_T,_T,USD_K_2021,_Z,_Z,_Z,_Z,CUR,2,WB_WDI,P1Y,0,A,PU,Annual,St. Kitts and Nevis,Net official development assistance and official aid received (constant 2021 US$),Total,All age ranges or no breakdown by age,Total,"US dollars, 2021 constant prices",Not Applicable,Not Applicable,Not Applicable,Not Applicable,Currency,Two,World Development Indicators (WDI),Annual,Units,Normal value,Public,,,,,,,,,,,,,,50232.0006489754,2.0760292053222697E7,7476059.91363525,1.2281129837036101E7,8776708.60290527,7530199.05090332,5435640.81192017,1.5877887725830099E7,9800968.17016602,8350165.367126459,7803012.84790039,1.0087574005127E7,1.2265012741088899E7,1.32750310897827E7,1.55314874649048E7,2.76922264099121E7,2.6666740417480502E7,1.41822862625122E7,1.17743625640869E7,1.19299325942993E7,1.63324584960938E7,9353644.37103271,4818743.22891235,9066283.22601318,1.0490195274353001E7,9735549.92675781,6725294.11315918,6085776.80587769,1.58401947021484E7,3.92603759765625E7,3531.00011125207,-482991.993427277,2896424.05509949,4581367.96951294,3402185.91690063,4.5119312286377005E7,3259032.0110321,1.25764036178589E7,1.50517950057983E7,2.26913414001465E7,3.08569087982178E7,,,,,,,,,,
datastructure,WB.DATA360:DS_DATA360(1.3),I,A,BIH,WB_WDI_DT_ODA_ALLD_KD,_T,_T,_T,USD_K_2021,_Z,_Z,_Z,_Z,CUR,2,WB_WDI,P1Y,0,A,PU,Annual,Bosnia and Herzegovina,Net official development assistance and official aid received (constant 2021 US$),Total,All age ranges or no breakdown by age,Total,"US dollars, 2021 constant prices",Not Applicable,Not Applicable,Not Applicable,Not Applicable,Currency,Two,World Development Indicators (WDI),Annual,Units,Normal value,Public,,,,,,,,,,,,,,,,,,,,,,,,,,,,,,17598.9996641874,16047.999262809799,15398.0003669858,2.09372043609619E7,1.07128532409668E8,6.50270385742188E8,1.33176062011719E9,1.24759606933594E9,1.36174963378906E9,1.43711975097656E9,2.02070324707031E9,1.28498596191406E9,1.11877746582031E9,9.09625427246094E8,7.41989501953125E8,8.73497192382813E8,6.65377807617188E8,6.39717590332031E8,6.52705932617188E8,4.68444610595703E8,4.3773495483398396E8,4.3540536499023396E8,6.28529174804688E8,5.98032104492188E8,5.28219543457031E8,6.3391845703125E8,4.1114266967773396E8,5.1619189453125E8,5.0403677368164104E8,3.8451184082031304E8,5.1835009765625E8,4.79714660644531E8,5.84441955566406E8,3.0819027709960896E8,3.0768789672851604E8
datastructure,WB.DATA360:DS_DATA360(1.3),I,A,CEB,WB_WDI_DT_ODA_ALLD_KD,_T,_T,_T,USD_K_2021,_Z,_Z,_Z,_Z,CUR,2,WB_WDI,P1Y,0,A,PU,Annual,Central Europe and the Baltics,Net official development assistance and official aid received (constant 2021 US$),Total,All age ranges or no breakdown by age,Total,"US dollars, 2021 constant prices",Not Applicable,Not Applicable,Not Applicable,Not Applicable,Currency,Two,World Development Indicators (WDI),Annual,Units,Normal value,Public,,,,,,,,,,,,,,,,,,,,,,,,,,,,,,,2.5798599443435674E9,6.608700047016145E9,3.529899976501243E9,2.606540023803714E9,4.153730079650878E9,5.396620208740234E9,3.106539985656742E9,2.8933500099182115E9,3.8846799926757846E9,4.613400009155278E9,5.463599945068365E9,5.646260032653814E9,3.927509925842285E9,4.657299987792973E9,5.292270095825201E9,1.3960000610351598E8,2.17330001831055E8,1.63919998168945E8,2.2210000610351598E8,1.5880999755859402E8,1.27629997253418E8,250000.0,,,,,,,,,,,,
datastructure,WB.DATA360:DS_DATA360(1.3),I,A,LIC,WB_WDI_DT_ODA_ALLD_KD,_T,_T,_T,USD_K_2021,_Z,_Z,_Z,_Z,CUR,2,WB_WDI,P1Y,0,A,PU,Annual,Low income,Net official development assistance and official aid received (constant 2021 US$),Total,All age ranges or no breakdown by age,Total,"US dollars, 2021 constant prices",Not Applicable,Not Applicable,Not Applicable,Not Applicable,Currency,Two,World Development Indicators (WDI),Annual,Units,Normal value,Public,2.39523997217417E9,2.8270800113678E9,3.54582995957136E9,3.32433999013901E9,4.2761600246429396E9,4.71065993309021E9,4.92668002510071E9,4.35148004245758E9,4.1446299643069496E9,3.74916002056003E9,3.79331004261971E9,4.2436899545788803E9,4.803900009036059E9,6.72161989931017E9,1.0471909984111801E10,1.146284009552E10,1.07948500653505E10,1.20022999138832E10,1.2217430094957401E10,1.57873102265596E10,1.59029200515747E10,1.5822209821701E10,1.5581569830894499E10,1.45113000326157E10,1.48302700562477E10,1.72451099382006E10,1.5877000167846699E10,1.5621550051927599E10,1.4831839887619E10,1.4648400011062601E10,1.6629580101966902E10,1.59772000379562E10,1.51428901515007E10,1.47219599227905E10,1.47513699326515E10,1.34919001407623E10,1.0664000095367401E10,1.12947500419617E10,1.0704000003814701E10,1.04587299804688E10,1.0993850074768099E10,1.35628599662781E10,1.82020100250244E10,2.2601850250244102E10,2.05524799575806E10,2.18675697402954E10,2.3581939823150597E10,2.55008196258545E10,2.7658719947814903E10,3.01372001113892E10,3.13266197738647E10,3.24305003662109E10,3.13998004379272E10,3.3080769966125504E10,3.31585900650024E10,3.66730600509644E10,4.09392002792358E10,4.5201579612731895E10,4.96768602600098E10,4.79039997711182E10,5.47156897735596E10,4.89613305702209E10,,
datastructure,WB.DATA360:DS_DATA360(1.3),I,A,SLB,WB_WDI_DT_ODA_ALLD_KD,_T,_T,_T,USD_K_2021,_Z,_Z,_Z,_Z,CUR,2,WB_WDI,P1Y,0,A,PU,Annual,Solomon Islands,Net official development assistance and official aid received (constant 2021 US$),Total,All age ranges or no breakdown by age,Total,"US dollars, 2021 constant prices",Not Applicable,Not Applicable,Not Applicable,Not Applicable,Currency,Two,World Development Indicators (WDI),Annual,Units,Normal value,Public,2.11258983612061E7,2.2159009933471702E7,2.45072345733643E7,3.09631042480469E7,2.95760269165039E7,3.9954704284668E7,4.75046234130859E7,5.26239051818848E7,6.4656867980957E7,6.95008697509766E7,6.96782302856445E7,5.41979141235352E7,8.75635757446289E7,7.575506591796881E7,7.02857284545898E7,1.0696951293945299E8,9.98097457885742E7,7.70439910888672E7,9.86919937133789E7,7.15997772216797E7,1.0416377258300799E8,6.87484817504883E7,6.87083740234375E7,7.24596862792969E7,5.4014209747314505E7,5.68197441101074E7,7.3492431640625E7,1.1113217926025401E8,9.02652816772461E7,7.68857574462891E7,6.83691635131836E7,5.59092178344727E7,6.97072296142578E7,7.10607070922852E7,6.56953048706055E7,6.03858680725098E7,5.24833831787109E7,5.30525703430176E7,4.58883171081543E7,6.33030395507813E7,1.31873641967773E8,1.28087997436523E8,6.08293342590332E7,1.35012954711914E8,1.91756866455078E8,2.7580996704101604E8,2.74633239746094E8,2.88448516845703E8,2.62033386230469E8,2.56664154052734E8,3.36962707519531E8,2.83795196533203E8,2.70133270263672E8,2.67291931152344E8,1.93761840820313E8,2.1654942321777302E8,1.9759849548339802E8,2.02016525268555E8,2.0749008178710902E8,2.5135879516601598E8,2.3317524719238302E8,2.5385415649414098E8,2.56446685791016E8,2.43661376953125E8
datastructure,WB.DATA360:DS_DATA360(1.3),I,A,PER,WB_WDI_DT_ODA_ALLD_KD,_T,_T,_T,USD_K_2021,_Z,_Z,_Z,_Z,CUR,2,WB_WDI,P1Y,0,A,PU,Annual,Peru,Net official development assistance and official aid received (constant 2021 US$),Total,All age ranges or no breakdown by age,Total,"US dollars, 2021 constant prices",Not Applicable,Not Applicable,Not Applicable,Not Applicable,Currency,Two,World Development Indicators (WDI),Annual,Units,Normal value,Public,-7.9031982421875E7,-1.31267349243164E8,5.5373218536377005E7,7.1856315612793E7,1.5676699829101598E8,3.91764892578125E8,3.11845184326172E8,3.0401675415039104E8,2.29649154663086E8,2.17685668945313E8,3.0299325561523396E8,2.4763710021972698E8,2.1807305908203098E8,3.7266348266601604E8,2.89070129394531E8,2.6594677734375E8,2.93317443847656E8,3.35841247558594E8,4.1690420532226604E8,5.14982238769531E8,4.84486541748047E8,5.53435302734375E8,4.3677600097656304E8,6.566728515625E8,7.30702758789063E8,8.08998596191406E8,6.13024108886719E8,5.87164978027344E8,5.30344482421875E8,5.80356506347656E8,6.60804931640625E8,8.57221618652344E8,5.79164306640625E8,8.34793579101563E8,5.2331982421875E8,5.28462463378906E8,4.57663757324219E8,6.26887756347656E8,7.45874450683594E8,5.98417236328125E8,5.242431640625E8,6.59923950195313E8,7.14090942382813E8,6.98684387207031E8,6.16354248046875E8,5.99400268554688E8,5.93873413085938E8,3.90833953857422E8,5.17218566894531E8,5.0930090332031304E8,-2.2218835830688503E7,5.99033081054688E8,4.3633096313476604E8,4.09201202392578E8,3.6894125366210896E8,4.11523406982422E8,4.03641143798828E8,1.4628387451171902E8,4.96762969970703E8,5.27332641601563E8,5.51919738769531E8,3.29849365234375E8,8.91554809570313E8,5.86267578125E8
datastructure,WB.DATA360:DS_DATA360(1.3),I,A,QAT,WB_WDI_DT_ODA_ALLD_KD,_T,_T,_T,USD_K_2021,_Z,_Z,_Z,_Z,CUR,2,WB_WDI,P1Y,0,A,PU,Annual,Qatar,Net official development assistance and official aid received (constant 2021 US$),Total,All age ranges or no breakdown by age,Total,"US dollars, 2021 constant prices",Not Applicable,Not Applicable,Not Applicable,Not Applicable,Currency,Two,World Development Indicators (WDI),Annual,Units,Normal value,Public,,,,-161856.99403286,,,75216.0027623177,73688.9988183975,,275081.992149353,403171.002864838,641261.9948387151,1162662.02926636,1506968.97506714,2328243.97087097,3073168.0393219,4840381.145477289,2882690.90652466,343329.012393951,404085.010290146,1196262.0019912699,2022157.90748596,2124339.10369873,2774954.0805816697,3699402.09388733,4924436.09237671,4350774.76501465,4473041.05758667,2825877.90489197,6870283.12683105,4277439.11743164,4056610.10742188,3831006.05010986,5342706.20346069,3992115.97442627,4213281.15463257,4090000.1525878897,2970000.02861023,3900000.09536743,9470000.26702881,3119999.8855590797,6320000.17166138,7829999.92370605,6480000.01907349,4420000.07629395,,,,,,,,,,,,,,,,,,,
datastructure,WB.DATA360:DS_DATA360(1.3),I,A,TON,WB_WDI_DT_ODA_ALLD_KD,_T,_T,_T,USD_K_2021,_Z,_Z,_Z,_Z,CUR,2,WB_WDI,P1Y,0,A,PU,Annual,Tonga,Net official development assistance and official aid received (constant 2021 US$),Total,All age ranges or no breakdown by age,Total,"US dollars, 2021 constant prices",Not Applicable,Not Applicable,Not Applicable,Not Applicable,Currency,Two,World Development Indicators (WDI),Annual,Units,Normal value,Public,88041.9984459877,171841.99392795598,581448.018550873,404642.99917221104,474528.99813652,4339219.09332275,5149875.16403198,1.0642515182495099E7,1.34269523620605E7,5341075.897216801,1.14052934646606E7,5397375.10681152,8210387.22991943,8069508.5525512695,1.5101463317871101E7,1.62825832366943E7,2.04836483001709E7,2.81143741607666E7,2.98437824249268E7,6.58373947143555E7,4.23321495056152E7,4.53384857177734E7,4.90419311523438E7,4.97481918334961E7,4.189453125E7,4.06919784545898E7,3.42587852478027E7,4.29329948425293E7,3.2830726623535197E7,4.13324317932129E7,4.34673004150391E7,2.95894870758057E7,3.73835258483887E7,4.2692497253418E7,4.42229194641113E7,4.07203140258789E7,3.8839817047119096E7,3.8048797607421905E7,3.48659858703613E7,3.20658683776855E7,2.70543193817139E7,3.2678901672363304E7,3.28232498168945E7,3.29465065002441E7,2.83173999786377E7,3.89848213195801E7,2.92813014984131E7,3.7757415771484405E7,2.8958000183105502E7,4.04371452331543E7,5.39938545227051E7,7.83793716430664E7,7.06504440307617E7,7.85107345581055E7,7.68131103515625E7,7.69115524291992E7,9.10443496704102E7,9.11073760986328E7,1.02663101196289E8,1.1560836791992201E8,1.72346939086914E8,1.1072702789306599E8,3.05661926269531E8,1.29549209594727E8
datastructure,WB.DATA360:DS_DATA360(1.3),I,A,SSF,WB_WDI_DT_ODA_ALLD_KD,_T,_T,_T,USD_K_2021,_Z,_Z,_Z,_Z,CUR,2,WB_WDI,P1Y,0,A,PU,Annual,Sub-Saharan Africa,Net official development assistance and official aid received (constant 2021 US$),Total,All age ranges or no breakdown by age,Total,"US dollars, 2021 constant prices",Not Applicable,Not Applicable,Not Applicable,Not Applicable,Currency,Two,World Development Indicators (WDI),Annual,Units,Normal value,Public,5.65154990908504E9,7.41609010658413E9,7.66216988819838E9,7.46033987495303E9,8.10728000354767E9,8.363839926719669E9,8.59582002806664E9,9.3867900583744E9,8.314909942816939E9,7.6380999685786705E9,7.8303200193047495E9,8.33706001994014E9,7.97544994989038E9,8.61759996656328E9,1.11937999892235E10,1.28480700275898E10,1.16547900466919E10,1.2722859943866701E10,1.49618499615192E10,1.68314700446129E10,1.7744629978179897E10,1.84772699804306E10,1.9961229907035797E10,1.9586649891165997E10,2.2537640078067802E10,2.44084500112534E10,2.3453000006198902E10,2.32763200752735E10,2.4548829911232E10,2.64962898483276E10,2.67239301710129E10,2.5979400062560997E10,2.6587390231609303E10,2.5036889869689903E10,2.6711679901123E10,2.3166270112037697E10,2.0887150062560997E10,2.08259398956299E10,2.04298199691772E10,1.8663859930038498E10,1.9577660112381E10,2.20681599702835E10,2.82287899723053E10,3.20753801603317E10,3.0933859994888298E10,3.71228796901703E10,4.5192369934082E10,3.67983696303368E10,3.9336140004158E10,4.48260502300262E10,4.47760899238586E10,4.52753200397491E10,4.58456200990677E10,4.6237409866333E10,4.47898697112203E10,4.75674200601578E10,4.7499980194568596E10,5.2200039690971405E10,5.1358880264282196E10,5.45286199264526E10,6.689054978466029E10,5.88144903659821E10,,
