FREQ,FREQ_LABEL,REF_AREA,REF_AREA_LABEL,INDICATOR,INDICATOR_LABEL,SEX,SEX_LABEL,UNIT_MEASURE,UNIT_MEASURE_LABEL,DECIMALS,DECIMALS_LABEL,DATABASE_ID,DATABASE_ID_LABEL,UNIT_MULT,UNIT_MULT_LABEL,OBS_STATUS,OBS_STATUS_LABEL,OBS_CONF,OBS_CONF_LABEL,1970,1971,1972,1973,1974,1975,1976,1977,1978,1979,1980,1981,1982,1983,1984,1985,1986,1987,1988,1989,1990,1991,1992,1993,1994,1995,1996,1997,1998,1999,2000,2001,2002,2003,2004,2005,2006,2007,2008,2009,2010,2011,2012,2013,2014,2015,2016,2017,2018,2019,2020,2021,2022,2023
A,Annual,ABW,Aruba,WB_HCP_UISCR1,Primary school completion rate (%),F,Female,PT,Percentage,1,One,WB_HCP,Human Capital Project (HCP),0,Units,A,Normal value,PU,Public,,,,,,,,,,,,,,,,,,,,,,,,,,,,,,96.75515747070312,87.10990905761719,100.8810577392578,104.09356689453124,90.20690155029295,91.4094009399414,97.0914077758789,97.60320281982422,106.2586898803711,104.02777862548828,95.40541076660156,98.3717803955078,,,99.4520492553711,106.0561294555664,,,,106.10118865966795,107.0254135131836,99.4091567993164,103.0911865234375,93.4065933227539,
A,Annual,ABW,Aruba,WB_HCP_UISCR1,Primary school completion rate (%),M,Male,PT,Percentage,1,One,WB_HCP,Human Capital Project (HCP),0,Units,A,Normal value,PU,Public,,,,,,,,,,,,,,,,,,,,,,,,,,,,,,98.2195816040039,88.19538879394531,88.69564819335938,92.65129852294922,93.3060073852539,97.66162109375,90.30143737792967,94.77706909179688,98.25269317626952,92.39691162109376,109.27536010742188,92.77108001708984,,,96.3276824951172,106.17816162109376,,,,90.89691925048828,109.44528198242188,106.98365783691406,98.73816680908205,96.6560516357422,
A,Annual,ABW,Aruba,WB_HCP_UISCR1,Primary school completion rate (%),_T,Total,PT,Percentage,1,One,WB_HCP,Human Capital Project (HCP),0,Units,A,Normal value,PU,Public,,,,,,,,,,,,,,,,,,,,,,,,,,,,,,97.4852066040039,87.65264892578125,94.74835968017578,98.3309097290039,91.76390075683594,94.49727630615234,93.60269165039062,96.15885162353516,102.18728637695312,97.9946517944336,102.097900390625,95.55255889892578,,,97.9137725830078,106.11798858642578,,,,98.09725189208984,108.23352813720705,103.18518829345705,100.936767578125,95.01976013183594,
A,Annual,AFG,Afghanistan,WB_HCP_UISCR1,Primary school completion rate (%),F,Female,PT,Percentage,1,One,WB_HCP,Human Capital Project (HCP),0,Units,A,Normal value,PU,Public,,,,,4.69612979888916,,,5.821760177612305,6.661290168762207,,9.442970275878906,13.984769821166992,,,12.910479545593262,12.115360260009766,,,,,,,,17.072040557861328,,,,,,,,,,,,,,,,,,,,,,,65.56761169433594,69.04192352294922,69.76660919189453,67.50279998779297,,,,
A,Annual,AFG,Afghanistan,WB_HCP_UISCR1,Primary school completion rate (%),M,Male,PT,Percentage,1,One,WB_HCP,Human Capital Project (HCP),0,Units,A,Normal value,PU,Public,,,,,30.90822982788086,,,31.729379653930664,34.27109909057617,,45.33782958984375,57.116241455078125,,,30.324249267578125,29.585519790649418,,,,,,,,50.59981155395508,,,,,,,,,,,,,,,,,,,,,,,99.3599090576172,104.54058074951172,106.7442398071289,103.9057388305664,,,,
A,Annual,AFG,Afghanistan,WB_HCP_UISCR1,Primary school completion rate (%),_T,Total,PT,Percentage,1,One,WB_HCP,Human Capital Project (HCP),0,Units,A,Normal value,PU,Public,,,,,17.98686981201172,,,18.96799087524414,20.674549102783203,,27.66419982910156,35.88290023803711,,,21.759620666503903,20.997480392456055,,,,,,,,34.17082977294922,,,,,,,,,,,,,,,,,,,,,,,82.91046142578125,87.25332641601562,88.73551940917969,86.17552185058594,,,,
A,Annual,AGO,Angola,WB_HCP_UISCR1,Primary school completion rate (%),F,Female,PT,Percentage,1,One,WB_HCP,Human Capital Project (HCP),0,Units,A,Normal value,PU,Public,,,,,,,,,,,,,,,,,,,,,,,,,,,,,,,,,,,,,,,36.55839920043945,36.45767974853515,36.21923828125,35.863651275634766,,,,,,,,,,59.030548095703125,60.2004280090332,
A,Annual,AGO,Angola,WB_HCP_UISCR1,Primary school completion rate (%),M,Male,PT,Percentage,1,One,WB_HCP,Human Capital Project (HCP),0,Units,A,Normal value,PU,Public,,,,,,,,,,,,,,,,,,,,,,,,,,,,,,,,,,,,,,,45.81061935424805,45.49134826660156,48.37268829345703,62.36071014404297,,,,,,,,,,60.21297073364258,61.8553352355957,
A,Annual,AGO,Angola,WB_HCP_UISCR1,Primary school completion rate (%),_T,Total,PT,Percentage,1,One,WB_HCP,Human Capital Project (HCP),0,Units,A,Normal value,PU,Public,,,,,,,,,,,,46.23017120361328,41.266021728515625,,,,,,,,,30.96944999694824,,,,,,,,,,,,,,,,,41.175411224365234,40.96574020385742,42.2859001159668,49.09434127807617,,,,,,,,,,59.623260498046875,61.0302848815918,
A,Annual,ALB,Albania,WB_HCP_UISCR1,Primary school completion rate (%),F,Female,PT,Percentage,1,One,WB_HCP,Human Capital Project (HCP),0,Units,A,Normal value,PU,Public,,,,,,,,,,,,,,,,,,,,,,,,,,,90.58026123046876,,,,,,,107.92537689208984,104.72067260742188,,,108.71858978271484,109.8604736328125,107.61392211914062,101.4887237548828,100.70014190673828,118.6497802734375,87.77232360839844,106.87168884277344,98.1427001953125,99.86972045898438,104.46307373046876,102.02539825439452,94.47618865966795,97.04009246826172,94.84928894042967,97.50276184082033,91.69960021972656
A,Annual,ALB,Albania,WB_HCP_UISCR1,Primary school completion rate (%),M,Male,PT,Percentage,1,One,WB_HCP,Human Capital Project (HCP),0,Units,A,Normal value,PU,Public,,,,,,,,,,,,,,,,,,,,,,,,,,,90.48729705810548,,,,,,,110.87922668457033,105.99739074707033,,,108.07630157470705,109.63324737548828,109.6227035522461,102.62329864501952,100.3163070678711,115.54518127441406,94.2569808959961,104.63170623779295,99.3719482421875,99.35204315185548,108.27810668945312,103.69718170166016,102.77320861816406,101.39672088623048,99.45880889892578,104.8047332763672,98.55226135253906
A,Annual,ALB,Albania,WB_HCP_UISCR1,Primary school completion rate (%),_T,Total,PT,Percentage,1,One,WB_HCP,Human Capital Project (HCP),0,Units,A,Normal value,PU,Public,,,,,,,,,,,,,,,,,,,,,,,,,,,90.53278350830078,,,,,,,109.4277572631836,105.37584686279295,,,108.38746643066406,109.7426300048828,108.6455535888672,102.0788116455078,100.50096130371094,117.00846862792967,91.11920928955078,105.69367218017578,98.78878784179688,99.59735870361328,106.44969177246094,102.89418029785156,98.717529296875,99.2719268798828,97.21843719482422,101.17627716064452,95.13514709472656
A,Annual,AND,Andorra,WB_HCP_UISCR1,Primary school completion rate (%),F,Female,PT,Percentage,1,One,WB_HCP,Human Capital Project (HCP),0,Units,A,Normal value,PU,Public,,,,,,,,,,,,,,,,,,,,,,,,,,,,,,,,,92.74923706054688,102.42424011230467,106.19468688964844,,,,,,,,,,65.6756820678711,68.60157775878906,64.20764923095703,66.09194946289062,62.35955047607422,61.99460983276367,61.64384078979492,60.092811584472656,,68.1592025756836
A,Annual,AND,Andorra,WB_HCP_UISCR1,Primary school completion rate (%),M,Male,PT,Percentage,1,One,WB_HCP,Human Capital Project (HCP),0,Units,A,Normal value,PU,Public,,,,,,,,,,,,,,,,,,,,,,,,,,,,,,,,,102.8328628540039,102.45231628417967,96.3917465209961,,,,,,,,,,66.83291625976562,63.5883903503418,72.43108367919922,65.59632873535156,70.32710266113281,66.25615692138672,63.73625946044922,64.1463394165039,,70.44917297363281
A,Annual,AND,Andorra,WB_HCP_UISCR1,Primary school completion rate (%),_T,Total,PT,Percentage,1,One,WB_HCP,Human Capital Project (HCP),0,Units,A,Normal value,PU,Public,,,,,,,,,,,,,,,,,,,,,,,,,,,,,,,,,97.95321655273438,102.43901824951172,100.96286010742188,,,,,,,,,,66.27755737304688,66.0949935913086,68.4967269897461,65.81632995605469,66.70918273925781,64.22135925292969,62.70996856689453,62.0689697265625,,69.33332824707031
A,Annual,ARE,United Arab Emirates,WB_HCP_UISCR1,Primary school completion rate (%),F,Female,PT,Percentage,1,One,WB_HCP,Human Capital Project (HCP),0,Units,A,Normal value,PU,Public,,,,,31.48278045654297,43.24414825439453,50.24361038208008,56.52960968017578,58.101959228515625,63.166561126708984,67.43968963623047,72.16374206542969,81.61280822753906,84.10325622558594,84.19415283203125,79.28408813476562,82.81664276123047,80.96613311767578,75.5915298461914,79.70329284667969,86.01954650878906,92.09213256835938,92.11900329589844,91.06661224365234,91.95426940917967,91.441650390625,87.9795913696289,86.68827819824219,86.70594787597656,91.74375915527344,95.12320709228516,112.21337127685548,107.77696990966795,95.67386627197266,92.11451721191406,90.77863311767578,88.31291198730469,88.7828598022461,,66.97178649902344,68.28819274902344,68.45391082763672,72.60526275634766,74.9869613647461,77.12751007080078,78.85233306884766,,,,83.00135803222656,80.02568054199219,,,100.92279052734376
A,Annual,ARE,United Arab Emirates,WB_HCP_UISCR1,Primary school completion rate (%),M,Male,PT,Percentage,1,One,WB_HCP,Human Capital Project (HCP),0,Units,A,Normal value,PU,Public,,,,,40.436378479003906,40.81901931762695,54.022159576416016,60.37070083618164,64.01114654541016,66.10350036621094,64.77092742919922,66.83857727050781,80.67594909667969,81.68150329589844,78.85427856445312,77.06980895996094,75.1311264038086,69.35798645019531,66.47122192382812,73.4507064819336,82.38874053955078,89.75292205810547,90.04622650146484,87.99530029296875,88.40361785888672,88.94042205810547,84.72434997558594,79.44718933105469,79.17108154296875,86.14984893798828,94.80963134765624,113.2189483642578,108.94892120361328,99.70591735839844,97.17799377441406,95.10582733154295,89.86945343017578,87.05436706542969,,70.2628402709961,69.91133117675781,70.31880187988281,75.37124633789062,76.18173217773438,78.57401275634766,80.76992797851562,,,,85.08917236328125,83.0390625,,,97.41864013671876
A,Annual,ARE,United Arab Emirates,WB_HCP_UISCR1,Primary school completion rate (%),_T,Total,PT,Percentage,1,One,WB_HCP,Human Capital Project (HCP),0,Units,A,Normal value,PU,Public,,,,,36.4392204284668,41.88930130004883,52.35342025756836,58.60221099853515,61.253318786621094,64.74237060546875,65.99298095703125,69.26058197021484,81.10973358154297,82.81867980957031,81.37445068359375,78.1142807006836,78.74329376220703,74.72199249267578,70.70359802246094,76.38954162597656,84.12049865722656,90.8818588256836,91.05056762695312,89.47586822509766,90.10401916503906,90.13184356689452,86.26799774169922,82.83248138427734,82.70751190185547,88.80805206298828,94.96092987060548,112.7322235107422,108.38054656982422,97.70496368408205,94.66631317138672,92.95558166503906,89.10584259033203,87.90116882324219,,68.64556121826172,69.11263275146484,69.39871978759766,74.00505828857422,75.59175872802734,77.85954284667969,79.82135009765625,,,,84.04763793945312,81.53375244140625,,,99.17378997802734
A,Annual,ARG,Argentina,WB_HCP_UISCR1,Primary school completion rate (%),F,Female,PT,Percentage,1,One,WB_HCP,Human Capital Project (HCP),0,Units,A,Normal value,PU,Public,73.1060562133789,75.09815979003906,,,,81.6728286743164,81.05715942382812,,,,,,,,,,,,,,,,,,,,94.6956024169922,94.98332977294922,103.83313751220705,100.8948211669922,100.94252014160156,100.5229034423828,103.2058334350586,100.64694213867188,98.80518341064452,95.7585906982422,96.67160034179688,99.47103118896484,103.05433654785156,103.55902862548828,103.73130798339844,103.92005157470705,104.11786651611328,103.58763122558594,105.59880828857422,106.29678344726562,107.82076263427734,102.22991180419922,101.0813980102539,101.14643096923828,105.18006896972656,106.39241790771484,103.88574981689452,
A,Annual,ARG,Argentina,WB_HCP_UISCR1,Primary school completion rate (%),M,Male,PT,Percentage,1,One,WB_HCP,Human Capital Project (HCP),0,Units,A,Normal value,PU,Public,66.88841247558594,69.09681701660156,,,,75.31611633300781,74.8862075805664,,,,,,,,,,,,,,,,,,,,90.66207122802734,89.84648895263672,98.78340911865234,98.14370727539062,98.55940246582033,97.90941619873048,100.52648162841795,98.41018676757812,96.80851745605467,93.9388427734375,95.06085205078124,97.8433609008789,101.74987030029295,102.55866241455078,103.10144805908205,102.92375946044922,103.40911865234376,103.17230987548828,105.19629669189452,105.8213119506836,105.33146667480467,100.96759033203124,99.52648162841795,99.66268920898438,102.56990051269533,104.61656951904295,102.6137237548828,
A,Annual,ARG,Argentina,WB_HCP_UISCR1,Primary school completion rate (%),_T,Total,PT,Percentage,1,One,WB_HCP,Human Capital Project (HCP),0,Units,A,Normal value,PU,Public,69.95262908935547,72.0555419921875,,,76.34123229980469,78.45020294189453,77.9298095703125,,,,,,,,,,,,,,,,,,97.76952362060548,,92.6410675048828,92.36338806152344,101.25328826904295,99.4889907836914,99.72418212890624,99.18640899658205,101.83541870117188,99.5026397705078,97.78363800048828,94.82763671875,95.84699249267578,98.63778686523438,102.38662719726562,103.0468521118164,103.40863037109376,103.40962982177734,103.75479888916016,103.37493133544922,105.3926010131836,106.05313110351562,106.54444885253906,101.5818099975586,100.28180694580078,100.38289642333984,103.8377914428711,105.47953033447266,103.23162841796876,
A,Annual,ARM,Armenia,WB_HCP_UISCR1,Primary school completion rate (%),F,Female,PT,Percentage,1,One,WB_HCP,Human Capital Project (HCP),0,Units,A,Normal value,PU,Public,,,,,,,,,,,,,,,,,,,,,,,,,,,,,,,,,82.730712890625,86.52079772949219,99.0403823852539,93.8797378540039,92.8469696044922,97.5237274169922,98.51573181152344,,91.8632583618164,93.53421783447266,93.80789947509766,,93.342041015625,94.11524200439452,104.37998962402344,101.9380111694336,98.58821868896484,95.9885711669922,101.77837371826172,100.18675231933594,91.0718765258789,92.36280059814452
A,Annual,ARM,Armenia,WB_HCP_UISCR1,Primary school completion rate (%),M,Male,PT,Percentage,1,One,WB_HCP,Human Capital Project (HCP),0,Units,A,Normal value,PU,Public,,,,,,,,,,,,,,,,,,,,,,,,,,,,,,,,,84.73983001708984,87.01927947998047,100.9195785522461,93.08077239990234,91.27216339111328,96.04409790039062,98.78404998779295,,91.25496673583984,93.4211196899414,93.34871673583984,,95.72052001953124,94.32502746582033,105.57147216796876,103.50081634521484,101.71202087402344,98.33541870117188,102.17369842529295,101.03195190429688,93.11512756347656,92.63568115234376
A,Annual,ARM,Armenia,WB_HCP_UISCR1,Primary school completion rate (%),_T,Total,PT,Percentage,1,One,WB_HCP,Human Capital Project (HCP),0,Units,A,Normal value,PU,Public,,,,,,,,,,,,,,,,,,,,,,,,,106.90968322753906,,,90.6225814819336,,,,,83.74337768554688,86.77423095703125,100.00592803955078,93.46631622314452,92.02571105957033,96.74627685546876,98.65767669677734,,91.54000091552734,93.47415924072266,93.56420135498048,,94.60370635986328,94.22637939453124,105.0094223022461,102.763427734375,100.23706817626952,97.2270965576172,101.98674774169922,100.63184356689452,92.14736938476562,92.50631713867188
A,Annual,ATG,Antigua and Barbuda,WB_HCP_UISCR1,Primary school completion rate (%),F,Female,PT,Percentage,1,One,WB_HCP,Human Capital Project (HCP),0,Units,A,Normal value,PU,Public,,,,,,74.183349609375,73.36898040771484,,,,,,,,,,,,,,,,84.28804779052734,,,,,,,,,,,,,,,,109.12751770019533,104.26409912109376,118.1952667236328,113.56707000732422,,114.94082641601562,109.35582733154295,99.05512237548828,99.19871520996094,106.46204376220705,107.7294692993164,107.72870635986328,,,,
A,Annual,ATG,Antigua and Barbuda,WB_HCP_UISCR1,Primary school completion rate (%),M,Male,PT,Percentage,1,One,WB_HCP,Human Capital Project (HCP),0,Units,A,Normal value,PU,Public,,,,,,73.38362121582031,77.8265609741211,,,,,,,,,,,,,,,,92.6229476928711,,,,,,,,,,,,,,,,109.75936126708984,103.37837982177734,120.46443939208984,124.47760772705078,,113.2756118774414,128.65672302246094,101.68453216552734,106.08424377441406,109.11949920654295,101.25196075439452,102.30061340332033,,,,
A,Annual,ATG,Antigua and Barbuda,WB_HCP_UISCR1,Primary school completion rate (%),_T,Total,PT,Percentage,1,One,WB_HCP,Human Capital Project (HCP),0,Units,A,Normal value,PU,Public,,,,,,73.78795623779297,75.56880187988281,,,,,,,,,,,,,,,,88.45208740234375,,,,,,,,,,,,,,,,109.4440689086914,103.81730651855467,119.34066009521484,119.07994079589844,,114.09788513183594,119.1376724243164,100.38819885253906,102.687744140625,107.80876159667967,104.44444274902344,104.97666931152344,,,,
A,Annual,AUT,Austria,WB_HCP_UISCR1,Primary school completion rate (%),F,Female,PT,Percentage,1,One,WB_HCP,Human Capital Project (HCP),0,Units,A,Normal value,PU,Public,,95.04364013671876,97.1481475830078,96.50691986083984,,,,,,,,,,,,,,,,,,,,,,,,,99.87474060058594,98.92333221435548,,,99.50287628173828,,100.30689239501952,,,,,,,100.44252014160156,96.77530670166016,98.53124237060548,98.09678649902344,98.62798309326172,96.5676727294922,98.88742065429688,98.2095718383789,98.97820281982422,97.44068908691406,100.07962799072266,96.6240692138672,
A,Annual,AUT,Austria,WB_HCP_UISCR1,Primary school completion rate (%),M,Male,PT,Percentage,1,One,WB_HCP,Human Capital Project (HCP),0,Units,A,Normal value,PU,Public,,92.5522003173828,95.34369659423828,95.80670928955078,,,,,,,,,,,,,,,,,,,,,,,,,99.32366943359376,99.41197967529295,,,99.49935913085938,,101.5864486694336,,,,,,,100.7909164428711,96.23365020751952,99.17498016357422,96.62325286865234,100.13406372070312,97.71167755126952,98.42204284667967,97.3281478881836,99.91734313964844,97.77509307861328,99.57054901123048,97.66078186035156,
A,Annual,AUT,Austria,WB_HCP_UISCR1,Primary school completion rate (%),_T,Total,PT,Percentage,1,One,WB_HCP,Human Capital Project (HCP),0,Units,A,Normal value,PU,Public,,93.76383209228516,96.22535705566406,96.15100860595705,,,,,,,,,,,,,,,,,,,,,,,,,99.59085845947266,99.17276000976562,,,99.50106811523438,,100.96212768554688,,,,,,,100.62183380126952,96.49848175048828,98.8614273071289,97.33966064453124,99.39652252197266,97.15097045898438,98.64917755126952,97.75398254394533,99.45897674560548,97.61239624023438,99.81651306152344,97.15917205810548,
A,Annual,AZE,Azerbaijan,WB_HCP_UISCR1,Primary school completion rate (%),F,Female,PT,Percentage,1,One,WB_HCP,Human Capital Project (HCP),0,Units,A,Normal value,PU,Public,,,,,,,,,,,,,,,,,,,,,,,,,,,,,,,85.49742889404297,93.98149871826172,100.99122619628906,90.2480926513672,94.85749816894533,89.61280059814453,90.93142700195312,98.49185180664062,89.7155990600586,91.42843627929688,88.97885131835938,92.18356323242188,91.59458923339844,86.54667663574219,97.61051940917967,101.61833190917967,109.72020721435548,107.61837768554688,100.6412124633789,100.37316131591795,99.16851806640624,96.5256805419922,99.01213073730467,95.9460678100586
A,Annual,AZE,Azerbaijan,WB_HCP_UISCR1,Primary school completion rate (%),M,Male,PT,Percentage,1,One,WB_HCP,Human Capital Project (HCP),0,Units,A,Normal value,PU,Public,,,,,,,,,,,,,,,,,,,,,,,,,,,,,,,93.76524353027344,96.32160949707033,94.59821319580078,95.09535217285156,96.2864227294922,97.25189208984376,92.21774291992188,97.80458068847656,91.6603775024414,92.07533264160156,89.9870834350586,93.34938049316406,92.33953094482422,89.43961334228516,98.57418060302734,104.73699951171876,112.69454193115234,106.78256225585938,99.85738372802734,100.39202117919922,97.9841537475586,96.5965805053711,100.3105926513672,96.48526000976562
A,Annual,AZE,Azerbaijan,WB_HCP_UISCR1,Primary school completion rate (%),_T,Total,PT,Percentage,1,One,WB_HCP,Human Capital Project (HCP),0,Units,A,Normal value,PU,Public,,,,,,,,,,,,,,,,,,,,,,,,,,,,,,,89.51351165771484,95.1685791015625,97.58601379394533,92.69615173339844,95.59542846679688,93.4306182861328,91.60543060302734,98.13037109375,90.73683166503906,91.77172088623048,89.51445007324219,92.80683135986328,91.9911880493164,88.08940887451172,98.1257095336914,103.28021240234376,111.30191040039062,107.17217254638672,100.2199478149414,100.38333892822266,98.53372955322266,96.56355285644533,99.70327758789062,96.23341369628906
A,Annual,BDI,Burundi,WB_HCP_UISCR1,Primary school completion rate (%),F,Female,PT,Percentage,1,One,WB_HCP,Human Capital Project (HCP),0,Units,A,Normal value,PU,Public,,3.009730100631714,,6.7704901695251465,7.509729862213135,8.054730415344238,7.862639904022217,7.791269779205322,7.775839805603027,8.012889862060547,8.05383014678955,8.02793025970459,9.538189888000488,12.867130279541016,17.348739624023438,17.560239791870117,19.60552024841309,19.093420028686523,27.215410232543945,24.908239364624023,31.703540802001953,39.774559020996094,39.45352935791016,42.93793869018555,,,,,,,22.966400146484375,23.251089096069336,23.41058921813965,26.456899642944336,27.110240936279297,31.362810134887695,,45.22140884399414,39.93029022216797,47.93864059448242,53.586578369140625,59.7081413269043,66.2401123046875,74.83936309814453,73.8823471069336,66.90740966796875,69.17881774902344,68.02699279785156,61.619930267333984,57.89453125,53.00183868408203,,,
A,Annual,BDI,Burundi,WB_HCP_UISCR1,Primary school completion rate (%),M,Male,PT,Percentage,1,One,WB_HCP,Human Capital Project (HCP),0,Units,A,Normal value,PU,Public,,8.494440078735352,,15.165289878845217,14.756739616394045,15.274370193481444,14.013750076293944,14.266440391540527,13.554909706115724,13.3858003616333,13.465319633483888,13.694700241088867,15.862799644470217,21.321699142456055,28.800710678100582,30.189529418945312,32.24776077270508,32.18669128417969,43.81428909301758,36.6856803894043,45.48727035522461,46.02547836303711,51.61627960205078,55.505409240722656,,,,,,,27.29216957092285,28.600759506225582,29.291709899902344,35.41902160644531,39.576080322265625,40.25096893310547,,53.256290435791016,45.880489349365234,51.154998779296875,55.921390533447266,59.476261138916016,62.87453842163086,67.77487182617188,64.3172836303711,57.30109024047851,58.90618896484375,58.54499816894531,52.84346008300781,48.78702163696289,45.40945053100586,,,
A,Annual,BDI,Burundi,WB_HCP_UISCR1,Primary school completion rate (%),_T,Total,PT,Percentage,1,One,WB_HCP,Human Capital Project (HCP),0,Units,A,Normal value,PU,Public,,5.751659870147705,,10.958609580993652,11.123129844665527,11.655509948730469,10.93202018737793,11.023289680480955,10.66001033782959,10.694669723510742,10.755769729614258,10.85647964477539,12.69474983215332,17.087610244750977,23.069480895996097,23.870290756225582,25.921920776367188,25.63404083251953,35.506561279296875,30.79037094116211,38.58877182006836,42.897178649902344,45.5306510925293,49.22052001953125,,,,,,,25.136449813842773,25.931760787963867,26.358030319213867,30.94634056091309,33.35280990600586,35.8155403137207,,49.24266052246094,42.90869140625,49.54792022705078,54.754669189453125,59.59209060668945,64.55486297607422,71.30126953125,69.08946990966797,62.09434127807617,64.03182983398438,63.2770881652832,57.22309112548828,53.330379486083984,49.195919036865234,,,
A,Annual,BEL,Belgium,WB_HCP_UISCR1,Primary school completion rate (%),F,Female,PT,Percentage,1,One,WB_HCP,Human Capital Project (HCP),0,Units,A,Normal value,PU,Public,,,,,70.6183090209961,70.50952911376953,70.17047119140625,74.04717254638672,75.35253143310547,70.98531341552734,71.98873138427734,76.77108764648438,79.49304962158203,72.68775939941406,77.3041763305664,77.43083953857422,77.69986724853516,77.93189239501953,77.59391784667969,,,80.02400207519531,,,,,,,,,,,,,,,,,,,,,,,,,,,,,,,,
A,Annual,BEL,Belgium,WB_HCP_UISCR1,Primary school completion rate (%),M,Male,PT,Percentage,1,One,WB_HCP,Human Capital Project (HCP),0,Units,A,Normal value,PU,Public,,,,,68.26201629638672,69.3219985961914,68.96434020996094,71.03575134277344,75.63536834716797,68.25273132324219,68.14222717285156,73.06461334228516,72.5307388305664,67.43647766113281,71.95156860351562,72.28816986083984,72.83428955078125,73.21884155273438,73.09573364257812,,,73.94026184082031,,,,,,,,,,,,,,,,,,,,,,,,,,,,,,,,
A,Annual,BEL,Belgium,WB_HCP_UISCR1,Primary school completion rate (%),_T,Total,PT,Percentage,1,One,WB_HCP,Human Capital Project (HCP),0,Units,A,Normal value,PU,Public,,,,,69.41291046142578,69.90241241455078,69.55384063720703,72.5061264038086,75.4971923828125,69.58566284179688,70.0196304321289,74.87468719482422,75.92845153808594,70.00184631347656,74.56350708007812,74.79421997070312,75.2071533203125,75.51844024658203,75.29328918457031,,,76.90135955810547,,,,,,,,,,,,,,,,,,,,,,,,,,,,,,,,
A,Annual,BEN,Benin,WB_HCP_UISCR1,Primary school completion rate (%),F,Female,PT,Percentage,1,One,WB_HCP,Human Capital Project (HCP),0,Units,A,Normal value,PU,Public,,9.542510032653809,11.294560432434082,11.47404956817627,10.64993953704834,12.299779891967772,13.43589973449707,12.748319625854492,14.670419692993164,16.18478012084961,18.664430618286133,17.36655044555664,20.292579650878903,19.149429321289062,17.317729949951172,19.281309127807617,17.665550231933594,17.037410736083984,16.13825035095215,16.13484001159668,11.150360107421877,13.20777988433838,12.968409538269045,14.138500213623049,15.476929664611816,18.66999053955078,19.47528076171875,21.18170928955078,23.05858039855957,,25.083309173583984,28.21789932250977,29.777490615844727,34.18796157836914,39.50815963745117,,,,52.20484161376953,,57.21662902832031,62.920021057128906,64.46685028076172,70.16954040527344,71.69754028320312,73.3267593383789,73.06273651123047,,,58.674068450927734,57.39344024658203,67.2795181274414,61.85314178466797,
A,Annual,BEN,Benin,WB_HCP_UISCR1,Primary school completion rate (%),M,Male,PT,Percentage,1,One,WB_HCP,Human Capital Project (HCP),0,Units,A,Normal value,PU,Public,,24.76685905456543,28.53453063964844,28.72450065612793,27.56409072875977,34.563411712646484,33.16061019897461,32.83700180053711,35.38772964477539,36.74626922607422,38.044281005859375,41.40822982788086,43.13597106933594,49.49769973754883,38.96171951293945,44.9527702331543,41.10676956176758,39.758270263671875,36.361358642578125,36.01961898803711,25.42388916015625,28.074539184570312,28.2791805267334,30.904569625854492,33.265380859375,39.1463508605957,42.334739685058594,45.282718658447266,48.63365173339844,,47.306640625,52.144989013671875,54.46921157836914,58.511600494384766,61.07107925415039,,,,71.19637298583984,,73.1414794921875,77.09857940673828,78.52528381347656,83.42035675048828,82.75849151611328,82.59776306152344,81.64092254638672,,,64.82328796386719,63.04718017578125,74.20995330810547,67.22457885742188,
A,Annual,BEN,Benin,WB_HCP_UISCR1,Primary school completion rate (%),_T,Total,PT,Percentage,1,One,WB_HCP,Human Capital Project (HCP),0,Units,A,Normal value,PU,Public,,17.183610916137695,19.94761085510254,20.133960723876953,19.140369415283203,23.476640701293945,23.34151077270508,22.83687973022461,25.071800231933594,26.50082015991211,28.380889892578125,29.412349700927734,31.733980178833008,34.34206008911133,28.147140502929688,32.11962127685547,29.383760452270508,28.394020080566406,26.248619079589844,26.081499099731445,18.29627990722656,20.656810760498047,20.64723014831543,22.55316925048828,24.41390037536621,28.967769622802734,30.982749938964844,33.32577133178711,35.95756149291992,,36.32073974609375,40.33372116088867,42.29719924926758,46.53480911254883,50.45555877685547,,,,61.85857009887695,,65.3145980834961,70.12886810302734,71.6108627319336,76.898193359375,77.31134796142578,78.03270721435547,77.419189453125,,,61.79283142089844,60.25968170166016,70.79102325439453,64.57333374023438,
A,Annual,BFA,Burkina Faso,WB_HCP_UISCR1,Primary school completion rate (%),F,Female,PT,Percentage,1,One,WB_HCP,Human Capital Project (HCP),0,Units,A,Normal value,PU,Public,,4.8596601486206055,4.655029773712158,4.935150146484375,5.009759902954102,5.542200088500977,5.443180084228516,6.295420169830322,6.275559902191162,6.794400215148926,6.705840110778809,7.30118989944458,7.501989841461182,8.145759582519531,9.411239624023438,10.0306396484375,,11.38821029663086,12.16553020477295,11.919260025024414,13.88665008544922,14.660300254821776,20.842979431152344,18.62601089477539,19.620269775390625,14.715579986572266,17.387380599975586,,,17.93648910522461,19.560359954833984,20.43121910095215,21.669580459594727,23.593929290771484,24.99445915222168,26.457469940185547,28.028549194335938,29.778169631958008,33.2407112121582,39.18260955810547,43.195899963378906,49.93766784667969,54.780731201171875,61.26153945922851,61.531131744384766,61.89213180541992,62.28485107421875,64.11770629882812,65.44954681396484,65.14511108398438,66.19225311279297,68.6767807006836,63.75920867919922,57.27949905395508
A,Annual,BFA,Burkina Faso,WB_HCP_UISCR1,Primary school completion rate (%),M,Male,PT,Percentage,1,One,WB_HCP,Human Capital Project (HCP),0,Units,A,Normal value,PU,Public,,10.065529823303224,9.245739936828612,9.33611011505127,8.718700408935547,9.87047004699707,9.822799682617188,10.847370147705078,11.176210403442385,12.335419654846191,12.092300415039062,13.542329788208008,13.731929779052734,14.489239692687988,15.216580390930176,17.782899856567383,,19.90172958374023,21.131610870361328,20.701759338378903,24.3006591796875,24.15781021118164,30.575439453125,31.67344093322754,32.34785079956055,21.13905906677246,26.16645050048828,,,25.914329528808594,28.123090744018555,30.03413963317871,30.49193000793457,31.813640594482425,33.18497085571289,34.7623291015625,35.79526901245117,38.25458908081055,42.281681060791016,46.1810188293457,49.22288131713867,55.55242538452149,57.73564147949219,61.41984176635742,58.47529983520508,59.577091217041016,58.38970947265625,59.24319839477539,60.31719970703125,58.59257888793945,58.02106094360352,59.15066146850586,53.16651916503906,46.35345077514648
A,Annual,BFA,Burkina Faso,WB_HCP_UISCR1,Primary school completion rate (%),_T,Total,PT,Percentage,1,One,WB_HCP,Human Capital Project (HCP),0,Units,A,Normal value,PU,Public,,7.469150066375732,6.956679821014404,7.141870021820068,6.8692097663879395,7.7117600440979,7.638790130615234,8.577309608459473,8.732370376586914,9.57234001159668,9.406929969787598,10.43175983428955,10.62751007080078,11.33071994781494,12.32794952392578,13.927379608154297,,15.672659873962402,16.6813907623291,16.345970153808594,19.138919830322266,19.45362091064453,25.7580509185791,25.22051048278809,26.058069229125977,17.9666805267334,21.832359313964844,,,21.97524070739746,23.895050048828125,25.292680740356445,26.13739013671875,27.757150650024418,29.141799926757812,30.662580490112305,31.960880279541016,34.068519592285156,37.81560134887695,42.725189208984375,46.2501106262207,52.78535079956055,56.28002166748047,61.34185028076172,59.98091125488281,60.71788024902344,60.30908966064453,61.64514923095703,62.84637069702149,61.82112884521485,62.04568099975586,63.84238052368164,58.38370132446289,51.733829498291016
A,Annual,BGD,Bangladesh,WB_HCP_UISCR1,Primary school completion rate (%),F,Female,PT,Percentage,1,One,WB_HCP,Human Capital Project (HCP),0,Units,A,Normal value,PU,Public,,,,,,,28.27313995361328,,,,,20.889259338378903,,,,,,,,,,,,,,,,,,,,,,,,68.14070129394531,,,59.90925979614258,65.91586303710938,68.51152038574219,,,,,,,,,,,122.0238037109375,114.66185760498048,115.55401611328124
A,Annual,BGD,Bangladesh,WB_HCP_UISCR1,Primary school completion rate (%),M,Male,PT,Percentage,1,One,WB_HCP,Human Capital Project (HCP),0,Units,A,Normal value,PU,Public,,,,,,,56.45568084716797,,,,,33.41056823730469,,,,,,,,,,,,,,,,,,,,,,,,63.65013122558594,,,54.86725997924805,60.720890045166016,61.752174377441406,,,,,,,,,,,118.19898223876952,100.95160675048828,101.12545013427734
A,Annual,BGD,Bangladesh,WB_HCP_UISCR1,Primary school completion rate (%),_T,Total,PT,Percentage,1,One,WB_HCP,Human Capital Project (HCP),0,Units,A,Normal value,PU,Public,,,,,,,42.66447067260742,31.124900817871097,,,,27.2650203704834,,,,,,,,45.09838104248047,,,,,,,,,,,,,,,,65.85954284667969,,,57.35232162475586,63.27941131591797,65.08084869384766,,,,,,,,,,,120.0828857421875,107.69793701171876,108.2103271484375
A,Annual,BGR,Bulgaria,WB_HCP_UISCR1,Primary school completion rate (%),F,Female,PT,Percentage,1,One,WB_HCP,Human Capital Project (HCP),0,Units,A,Normal value,PU,Public,,,,,,,,,,,,,,,,,98.38932800292967,100.76024627685548,103.84774780273438,105.42105102539062,101.67469787597656,95.00872039794922,90.78166198730467,86.90132904052734,87.14154815673828,85.68118286132812,89.48734283447266,91.57620239257812,92.98828887939452,93.84390258789062,95.52699279785156,100.30404663085938,101.52770233154295,101.94396209716795,102.79443359375,104.7441635131836,107.54329681396484,103.99154663085938,103.24413299560548,100.91619110107422,99.53479766845705,99.28729248046876,99.03523254394533,99.85723876953124,98.85475158691406,99.2664794921875,98.52214050292967,98.70162963867188,97.3978500366211,96.77660369873048,97.91490936279295,92.74388122558594,95.41210174560548,
A,Annual,BGR,Bulgaria,WB_HCP_UISCR1,Primary school completion rate (%),M,Male,PT,Percentage,1,One,WB_HCP,Human Capital Project (HCP),0,Units,A,Normal value,PU,Public,,,,,,,,,,,,,,,,,97.68084716796876,103.30039978027344,105.13021850585938,106.405029296875,103.81996154785156,93.16983032226562,93.5986785888672,89.52018737792969,89.82215118408203,88.50846099853516,92.37738800048828,95.04312133789062,96.8415298461914,98.32118225097656,96.10526275634766,102.23310089111328,102.44078063964844,103.4744873046875,104.65116119384766,105.1355209350586,108.38304138183594,104.13728332519533,103.88533782958984,100.32369232177734,100.0409927368164,100.61380767822266,99.9906005859375,101.69066619873048,99.09274291992188,99.86823272705078,97.78942108154295,99.1724624633789,96.70336151123048,97.45626068115234,97.49613189697266,95.7085418701172,95.99784088134766,
A,Annual,BGR,Bulgaria,WB_HCP_UISCR1,Primary school completion rate (%),_T,Total,PT,Percentage,1,One,WB_HCP,Human Capital Project (HCP),0,Units,A,Normal value,PU,Public,,94.00933074951172,93.88487243652344,94.41229248046876,97.75389099121094,87.89057159423828,90.370849609375,88.77081298828125,89.23233795166016,89.93155670166016,91.38616180419922,92.8207778930664,93.4603271484375,95.68123626708984,98.13191223144533,104.33627319335938,98.02838897705078,102.0536880493164,104.49915313720705,105.91990661621094,102.7638168334961,94.07585144042967,92.21161651611328,88.23014068603516,88.49859619140625,87.1141128540039,90.94786071777344,93.32557678222656,94.93376159667967,96.10832214355467,95.82306671142578,101.29319763183594,101.99697875976562,102.73252868652344,103.74468231201172,104.94425964355467,107.9726333618164,104.0666732788086,103.57604217529295,100.6114730834961,99.7935028076172,99.96659088134766,99.52725982666016,100.799560546875,98.9775390625,99.57666015625,98.14275360107422,98.9449234008789,97.0378875732422,97.1262664794922,97.70036315917967,94.2598114013672,95.7139129638672,
A,Annual,BHR,Bahrain,WB_HCP_UISCR1,Primary school completion rate (%),F,Female,PT,Percentage,1,One,WB_HCP,Human Capital Project (HCP),0,Units,A,Normal value,PU,Public,,,,,,,,,,,,,79.98316192626953,77.25019836425781,78.87255096435547,79.34705352783203,80.21053314208984,84.56002044677734,90.70564270019533,98.4997787475586,,100.08757019042967,93.44841766357422,86.92015075683594,80.4548568725586,81.86306762695312,81.16671752929688,,83.97109985351562,87.26885986328125,87.45960235595703,88.74960327148438,92.49417114257812,92.53913116455078,97.327392578125,97.1565399169922,,,,,,94.40569305419922,98.2040786743164,103.3828125,103.69815826416016,99.77892303466795,101.2823486328125,99.25115203857422,100.60745239257812,99.50794219970705,,,93.4154281616211,89.67569732666016
A,Annual,BHR,Bahrain,WB_HCP_UISCR1,Primary school completion rate (%),M,Male,PT,Percentage,1,One,WB_HCP,Human Capital Project (HCP),0,Units,A,Normal value,PU,Public,,,,,,,,,,,,,98.83040618896484,85.73908996582031,82.1612777709961,86.63636016845703,83.28446197509766,82.63005065917969,89.40946197509766,94.07501983642578,,95.37772369384766,89.92086791992188,85.33379364013672,75.74849700927734,75.61605834960938,75.51512145996094,,77.20599365234375,83.77409362792969,81.57817840576172,80.8447494506836,86.06143188476562,86.40106201171875,87.5427474975586,90.75144958496094,,,,,,92.65399932861328,98.1797103881836,104.7688980102539,103.86683654785156,98.98600769042967,99.52407836914062,100.54969787597656,97.27252960205078,99.79804229736328,,,92.48969268798828,89.07331085205078
A,Annual,BHR,Bahrain,WB_HCP_UISCR1,Primary school completion rate (%),_T,Total,PT,Percentage,1,One,WB_HCP,Human Capital Project (HCP),0,Units,A,Normal value,PU,Public,,,,,,,,,,,,,89.66412353515625,81.6020278930664,80.55355834960938,83.0647964477539,81.77538299560547,83.57614135742188,90.04237365722656,96.23280334472656,,97.64743041992188,91.59747314453124,86.0894775390625,78.00557708740234,78.6166000366211,78.23165893554688,,80.4505386352539,85.44204711914062,84.36829376220703,84.56767272949219,89.06977081298828,89.26368713378906,92.13922119140624,93.79524230957033,,,,,,93.50768280029295,98.19156646728516,104.09880828857422,103.78502655029295,99.37207794189452,100.38671875,99.9090576171875,98.90895080566406,99.65667724609376,,,92.94422912597656,89.36876678466797
A,Annual,BHS,"Bahamas, The",WB_HCP_UISCR1,Primary school completion rate (%),F,Female,PT,Percentage,1,One,WB_HCP,Human Capital Project (HCP),0,Units,A,Normal value,PU,Public,,,,,,,,,,,,,,,,,,,,,,,,,,,,,,78.56427001953125,,,,,,92.92748260498048,85.78227233886719,89.40357208251953,87.7093276977539,87.05812072753906,79.5086898803711,87.86798095703125,84.2370376586914,76.04415130615234,77.33013153076172,,,,,,,,,
A,Annual,BHS,"Bahamas, The",WB_HCP_UISCR1,Primary school completion rate (%),M,Male,PT,Percentage,1,One,WB_HCP,Human Capital Project (HCP),0,Units,A,Normal value,PU,Public,,,,,,,,,,,,,,,,,,,,,,,,,,,,,,72.60758209228516,,,,,,92.31453704833984,89.46280670166016,94.05880737304688,88.34541320800781,87.05667877197266,79.4570083618164,85.23751831054688,88.59568786621094,77.88668060302734,78.02265167236328,,,,,,,,,
A,Annual,BHS,"Bahamas, The",WB_HCP_UISCR1,Primary school completion rate (%),_T,Total,PT,Percentage,1,One,WB_HCP,Human Capital Project (HCP),0,Units,A,Normal value,PU,Public,,,,,,,,,,,,,,,,,,,,,,,,,89.85330200195312,,,,,75.52790832519531,,,,,,92.62014770507812,87.62963104248047,91.7297821044922,88.02584075927734,87.05741119384766,79.48294067382812,86.56002044677734,86.3908920288086,76.95330047607422,77.67328643798828,,,,,,,,,
A,Annual,BIH,Bosnia and Herzegovina,WB_HCP_UISCR1,Primary school completion rate (%),F,Female,PT,Percentage,1,One,WB_HCP,Human Capital Project (HCP),0,Units,A,Normal value,PU,Public,,,,,,,,,,,,,,,,,,,,,,,,,,,,,,,,,,,,,,,,,72.43892669677734,77.52809143066406,77.16560363769531,76.02825164794922,84.29618072509766,91.3972396850586,90.0918197631836,90.15966796875,87.60030364990234,91.4811782836914,89.38321685791016,89.26759338378906,86.51412200927734,86.36253356933594
A,Annual,BIH,Bosnia and Herzegovina,WB_HCP_UISCR1,Primary school completion rate (%),M,Male,PT,Percentage,1,One,WB_HCP,Human Capital Project (HCP),0,Units,A,Normal value,PU,Public,,,,,,,,,,,,,,,,,,,,,,,,,,,,,,,,,,,,,,,,,71.64102935791016,78.18580627441406,77.34973907470703,76.52236938476562,84.71631622314453,91.94821166992188,91.5753173828125,90.82537841796876,89.2712631225586,91.26392364501952,90.96124267578124,88.40019989013672,87.48335266113281,86.35124969482422
A,Annual,BIH,Bosnia and Herzegovina,WB_HCP_UISCR1,Primary school completion rate (%),_T,Total,PT,Percentage,1,One,WB_HCP,Human Capital Project (HCP),0,Units,A,Normal value,PU,Public,,,,,,,,,,,,,,,,,,,,,,,,,,,,,,,,,,,,,,,,,72.03115844726562,77.8637924194336,77.25971984863281,76.28125,84.51165008544922,91.679443359375,90.84964752197266,90.49909973144533,88.45281982421875,91.37007904052734,90.1913833618164,88.82295227050781,87.01071166992188,86.35677337646484
A,Annual,BLR,Belarus,WB_HCP_UISCR1,Primary school completion rate (%),F,Female,PT,Percentage,1,One,WB_HCP,Human Capital Project (HCP),0,Units,A,Normal value,PU,Public,,,,,,,,,,,,,,,,,,,,,,,,90.15476989746094,91.5576629638672,90.19206237792967,86.73802947998047,90.23502349853516,,96.59622955322266,101.8705596923828,106.22756958007812,128.95089721679688,102.71176147460938,101.27120208740234,99.75019073486328,98.70655059814452,97.52049255371094,93.1044921875,,,97.50743103027344,96.3839111328125,93.74417877197266,93.21077728271484,92.9050521850586,94.20340728759766,94.43546295166016,96.189453125,97.98148345947266,94.544677734375,92.68389892578124,91.02303314208984,91.62383270263672
A,Annual,BLR,Belarus,WB_HCP_UISCR1,Primary school completion rate (%),M,Male,PT,Percentage,1,One,WB_HCP,Human Capital Project (HCP),0,Units,A,Normal value,PU,Public,,,,,,,,,,,,,,,,,,,,,,,,92.38819122314452,96.06192779541016,95.8876724243164,90.88957977294922,96.26483154296876,,100.6845474243164,105.45752716064452,110.93663787841795,134.97860717773438,106.35133361816406,107.84668731689452,107.82746887207033,105.38677978515624,101.63294982910156,95.40843200683594,,,100.35688018798828,98.78742218017578,96.01673889160156,95.27364349365234,95.25003051757812,94.5438995361328,96.75173950195312,97.30048370361328,100.19635772705078,96.63493347167967,94.36412811279295,95.32405090332033,93.5679931640625
A,Annual,BLR,Belarus,WB_HCP_UISCR1,Primary school completion rate (%),_T,Total,PT,Percentage,1,One,WB_HCP,Human Capital Project (HCP),0,Units,A,Normal value,PU,Public,,101.0527572631836,97.85592651367188,99.26068115234376,95.3626480102539,96.93158721923828,100.42520904541016,99.70646667480467,101.35726928710938,98.81410217285156,97.67926025390624,94.84626007080078,95.05895233154295,95.01676940917967,96.41680145263672,97.83177947998048,96.74304962158205,,,,88.59654235839844,92.13804626464844,86.45098114013672,91.27574920654295,93.8189468383789,93.05603790283205,88.8298110961914,93.27462768554688,,98.6606903076172,103.68269348144533,108.6018295288086,131.99000549316406,104.5489501953125,104.60413360595705,103.84416961669922,102.09073638916016,99.6099624633789,94.27644348144533,96.99031066894533,96.133056640625,98.95630645751952,97.60529327392578,94.8986587524414,94.2574462890625,94.09764099121094,94.37683868408205,95.61382293701172,96.756591796875,99.11107635498048,95.6100616455078,93.54051208496094,93.21389770507812,92.61653137207033
A,Annual,BLZ,Belize,WB_HCP_UISCR1,Primary school completion rate (%),F,Female,PT,Percentage,1,One,WB_HCP,Human Capital Project (HCP),0,Units,A,Normal value,PU,Public,,,,,,,,,,,,,,,,,,,,,,,94.0415496826172,,,92.5994110107422,98.53587341308594,,,96.18917846679688,96.49181365966795,103.41094970703124,,101.39924621582033,100.7031478881836,102.17063903808594,99.9123077392578,105.8033218383789,98.34117126464844,102.43446350097656,97.63758850097656,103.91349029541016,109.4514617919922,103.2650909423828,102.83338165283205,105.07547760009766,105.9806671142578,102.45382690429688,104.17334747314452,103.02703094482422,105.12541198730467,111.15231323242188,103.9843978881836,92.72030639648438
A,Annual,BLZ,Belize,WB_HCP_UISCR1,Primary school completion rate (%),M,Male,PT,Percentage,1,One,WB_HCP,Human Capital Project (HCP),0,Units,A,Normal value,PU,Public,,,,,,,,,,,,,,,,,,,,,,,93.41657257080078,,,92.2021713256836,98.4811019897461,,,97.73560333251952,100.55140686035156,98.12030029296876,,96.00480651855467,99.6143569946289,103.0678482055664,103.07470703125,101.24224090576172,97.4541473388672,99.1019515991211,101.89501190185548,101.64640045166016,106.01560974121094,102.4879379272461,104.9744873046875,106.14169311523438,105.54277801513672,102.94493865966795,104.7643585205078,102.5142593383789,105.2631607055664,114.62020111083984,107.44680786132812,95.87252044677734
A,Annual,BLZ,Belize,WB_HCP_UISCR1,Primary school completion rate (%),_T,Total,PT,Percentage,1,One,WB_HCP,Human Capital Project (HCP),0,Units,A,Normal value,PU,Public,,,,,,,,,,,,,,,,,,,,,,,93.7235336303711,,,92.3988265991211,98.50800323486328,,,96.97071838378906,98.55168151855467,100.70501708984376,,98.65545654296876,100.15055847167967,102.6241226196289,101.50702667236328,103.5085220336914,97.8954620361328,100.75758361816406,99.78083801269533,102.77068328857422,107.71385192871094,102.87252807617188,103.91400146484376,105.61421966552734,105.7593002319336,102.70304870605467,104.47447967529295,102.7652816772461,105.19567108154295,112.92658996582033,105.75588989257812,94.33306884765624
A,Annual,BMU,Bermuda,WB_HCP_UISCR1,Primary school completion rate (%),F,Female,PT,Percentage,1,One,WB_HCP,Human Capital Project (HCP),0,Units,A,Normal value,PU,Public,,,,,,86.02793884277344,,,,,,,,,,,,,,,,,,,,,,,,,,103.39425659179688,108.60758972167967,106.42674255371094,,,,,,,,97.93509674072266,91.76470947265624,111.00628662109376,,,,,,,,,,
A,Annual,BMU,Bermuda,WB_HCP_UISCR1,Primary school completion rate (%),M,Male,PT,Percentage,1,One,WB_HCP,Human Capital Project (HCP),0,Units,A,Normal value,PU,Public,,,,,,76.66033935546875,,,,,,,,,,,,,,,,,,,,,,,,,,107.08860778808594,108.43990325927734,109.40859985351562,,,,,,,,119.76048278808594,116.95906066894533,107.84883880615234,,,,,,,,,,
A,Annual,BMU,Bermuda,WB_HCP_UISCR1,Primary school completion rate (%),_T,Total,PT,Percentage,1,One,WB_HCP,Human Capital Project (HCP),0,Units,A,Normal value,PU,Public,,,,,,81.22567749023438,,,,,,,,,,,,,,,,,,,,,,,,,,105.2699203491211,108.524169921875,107.88436126708984,104.3537368774414,104.96552276611328,104.59609985351562,,,,116.69085693359376,108.7667236328125,104.3988265991211,109.36556243896484,101.73776245117188,104.99195098876952,,,,,,,,
A,Annual,BOL,Bolivia,WB_HCP_UISCR1,Primary school completion rate (%),F,Female,PT,Percentage,1,One,WB_HCP,Human Capital Project (HCP),0,Units,A,Normal value,PU,Public,,,,,,,,,,,,,,,,,,,,,,,,,,,,,,,,,,,,,,,,,97.81828308105467,97.7385025024414,98.7406997680664,95.99178314208984,91.86830139160156,89.00408935546875,89.74640655517578,90.79193878173828,93.5634765625,90.85948944091795,92.42285919189452,,96.9193115234375,96.31253051757812
A,Annual,BOL,Bolivia,WB_HCP_UISCR1,Primary school completion rate (%),M,Male,PT,Percentage,1,One,WB_HCP,Human Capital Project (HCP),0,Units,A,Normal value,PU,Public,,,,,,,,,,,,,,,,,,,,,,,,,,,,,,,,,,,,,,,,,97.13736724853516,97.01676177978516,97.72157287597656,95.05338287353516,91.56613159179688,90.017578125,90.35172271728516,91.90596771240234,94.75785064697266,90.7982177734375,91.814453125,,96.18453979492188,96.0972137451172
A,Annual,BOL,Bolivia,WB_HCP_UISCR1,Primary school completion rate (%),_T,Total,PT,Percentage,1,One,WB_HCP,Human Capital Project (HCP),0,Units,A,Normal value,PU,Public,,,,,,,,,,,,,,,,,,,,,,,,,,,,,,,,,,,,,,,,,97.47084045410156,97.3701629638672,98.22054290771484,95.51280975341795,91.71405792236328,89.52144622802734,90.05542755126953,91.36071014404295,94.17327880859376,90.82820892333984,92.1121826171875,,96.54411315917967,96.2025909423828
A,Annual,BRA,Brazil,WB_HCP_UISCR1,Primary school completion rate (%),F,Female,PT,Percentage,1,One,WB_HCP,Human Capital Project (HCP),0,Units,A,Normal value,PU,Public,,83.24783325195312,65.23973083496094,68.11290740966797,70.51181030273438,,,,,,,,,,,,,,,,,,,,,,,,,,,,,,,,,,,,,,,,,,,,,,,,,
A,Annual,BRA,Brazil,WB_HCP_UISCR1,Primary school completion rate (%),M,Male,PT,Percentage,1,One,WB_HCP,Human Capital Project (HCP),0,Units,A,Normal value,PU,Public,,78.39788818359375,61.56711959838867,63.370731353759766,65.03398895263672,,,,,,,,,,,,,,,,,,,,,,,,,,,,,,,,,,,,,,,,,,,,,,,,,
A,Annual,BRA,Brazil,WB_HCP_UISCR1,Primary school completion rate (%),_T,Total,PT,Percentage,1,One,WB_HCP,Human Capital Project (HCP),0,Units,A,Normal value,PU,Public,76.44180297851562,80.81014251708984,63.39358901977539,65.7283935546875,67.75662231445312,67.7146987915039,65.25402069091797,65.4124526977539,67.2868423461914,69.42558288574219,71.6910629272461,72.2169189453125,73.5881576538086,,76.23551177978516,76.20783233642578,,81.34982299804688,,,,,93.07222747802734,92.28108978271484,89.65158081054688,,,,,,,,,,,,,,,,,,,,,,,,,,,,,
A,Annual,BRB,Barbados,WB_HCP_UISCR1,Primary school completion rate (%),F,Female,PT,Percentage,1,One,WB_HCP,Human Capital Project (HCP),0,Units,A,Normal value,PU,Public,,,,,,,,,,,,,,,,,,,,,,,,,,,,,,96.69638061523438,95.95404815673828,102.70530700683594,101.0184326171875,107.15715789794922,99.52755737304688,99.78105926513672,97.49722290039062,97.01986694335938,97.98255157470705,98.48155975341795,97.37967681884766,97.10830688476562,,,,,,,88.61607360839844,84.5130386352539,97.32247161865234,101.80123901367188,89.81012725830078,97.93814086914062
A,Annual,BRB,Barbados,WB_HCP_UISCR1,Primary school completion rate (%),M,Male,PT,Percentage,1,One,WB_HCP,Human Capital Project (HCP),0,Units,A,Normal value,PU,Public,,,,,,,,,,,,,,,,,,,,,,,,,,,,,,101.73824310302734,99.75704956054688,104.04376983642578,101.34356689453124,107.71144104003906,106.8493194580078,99.39923858642578,107.2625732421875,100.0555191040039,98.2113800048828,95.76496124267578,92.26038360595705,95.29293823242188,,,,,,,84.9286117553711,79.93952178955078,90.94465637207033,98.739501953125,93.57405090332033,95.57357025146484
A,Annual,BRB,Barbados,WB_HCP_UISCR1,Primary school completion rate (%),_T,Total,PT,Percentage,1,One,WB_HCP,Human Capital Project (HCP),0,Units,A,Normal value,PU,Public,,,,,,,,,,,,,,,,,,,,,,,,,,,,,,99.2492904663086,97.88176727294922,103.37966918945312,101.1818618774414,107.43512725830078,103.18170166015624,99.5899429321289,102.36901092529295,98.5330810546875,98.0973129272461,97.10688018798828,94.7657699584961,96.1785125732422,,,,,,,86.7227783203125,82.16412353515625,94.06900024414062,100.24420166015624,91.72370910644533,96.73638153076172
A,Annual,BRN,Brunei Darussalam,WB_HCP_UISCR1,Primary school completion rate (%),F,Female,PT,Percentage,1,One,WB_HCP,Human Capital Project (HCP),0,Units,A,Normal value,PU,Public,,,99.8907699584961,99.41921997070312,107.56085205078124,90.81580352783205,104.70348358154295,102.19387817382812,109.1370620727539,103.39659881591795,93.30689239501952,101.7786636352539,85.2801513671875,94.36813354492188,60.909088134765625,,144.86346435546875,,,,,,,,,,,89.78912353515625,94.75994873046876,97.70491790771484,98.21917724609376,102.40331268310548,103.0022430419922,107.60930633544922,105.0314483642578,105.87728881835938,105.0187530517578,105.03597259521484,104.5335693359375,104.02503967285156,107.17071533203124,108.83639526367188,103.68436431884766,104.55621337890624,97.616943359375,100.20870971679688,103.9570541381836,102.36981964111328,102.77953338623048,95.6383285522461,100.38131713867188,,,97.70045471191406
A,Annual,BRN,Brunei Darussalam,WB_HCP_UISCR1,Primary school completion rate (%),M,Male,PT,Percentage,1,One,WB_HCP,Human Capital Project (HCP),0,Units,A,Normal value,PU,Public,,,101.39391326904295,98.82869720458984,100.8450698852539,93.28082275390624,105.77549743652344,102.2791976928711,96.01918029785156,101.31951141357422,94.2029037475586,96.42526245117188,91.04277801513672,87.0940170288086,66.95980072021484,,126.45523834228516,,,,,,,,,,,87.3981704711914,95.96491241455078,100.64756774902344,101.875,112.26915740966795,109.9201202392578,115.84886169433594,106.9433364868164,101.35244750976562,104.4317626953125,105.5085906982422,105.22286224365234,103.53231048583984,109.16136169433594,111.29296112060548,104.3326187133789,103.33606719970705,98.06451416015624,99.4537124633789,104.51763153076172,104.11280822753906,101.89910888671876,93.08700561523438,100.32630920410156,,,94.78579711914062
A,Annual,BRN,Brunei Darussalam,WB_HCP_UISCR1,Primary school completion rate (%),_T,Total,PT,Percentage,1,One,WB_HCP,Human Capital Project (HCP),0,Units,A,Normal value,PU,Public,,,100.66348266601562,99.1123504638672,104.03840637207033,92.11103057861328,105.26444244384766,102.23806762695312,102.3921127319336,102.32784271240234,93.76805114746094,99.01866912841795,88.25286865234375,90.60565948486328,64.05841064453125,,135.30638122558594,,,,,102.31269073486328,100.6905288696289,91.9138412475586,87.49810791015625,81.63005065917969,,88.54222106933594,95.3896484375,99.24430084228516,100.13072204589844,107.55314636230467,106.60845947265624,111.89144897460938,106.02176666259766,103.54905700683594,104.71659088134766,105.27863311767578,104.88870239257812,103.76820373535156,108.20616149902344,110.10570526123048,104.02066040039062,103.92212677001952,97.84606170654295,99.82435607910156,104.2445068359375,103.26728057861328,102.3255844116211,94.3204574584961,100.35286712646484,,,96.1914520263672
A,Annual,BTN,Bhutan,WB_HCP_UISCR1,Primary school completion rate (%),F,Female,PT,Percentage,1,One,WB_HCP,Human Capital Project (HCP),0,Units,A,Normal value,PU,Public,,,,,,,,,4.516129970550537,5.120820045471191,,,,,,,,,,,,,,21.028940200805664,25.830259323120117,,,,44.7589111328125,50.15317153930664,51.524131774902344,51.085479736328125,,,,,72.18277740478516,,84.38340759277344,88.6407470703125,98.94661712646484,99.05095672607422,107.06053924560548,102.0493621826172,103.07161712646484,100.4123992919922,102.0382308959961,99.60579681396484,89.48432922363281,82.08126831054688,89.99532318115234,97.0959014892578,86.86739349365234,
A,Annual,BTN,Bhutan,WB_HCP_UISCR1,Primary school completion rate (%),M,Male,PT,Percentage,1,One,WB_HCP,Human Capital Project (HCP),0,Units,A,Normal value,PU,Public,,,,,,,,,13.487950325012209,14.678500175476074,,,,,,,,,,,,,,28.446929931640625,32.45301055908203,,,,54.60602951049805,58.34273910522461,58.04877853393555,57.368011474609375,,,,,69.47100830078125,,74.85592651367188,76.05152893066406,81.4161605834961,87.16542053222656,97.68575286865234,94.43158721923828,89.93417358398438,89.38004302978516,91.38703918457033,90.49042510986328,79.89205932617188,69.69178009033203,75.83872985839844,84.49820709228516,70.32967376708984,
A,Annual,BTN,Bhutan,WB_HCP_UISCR1,Primary school completion rate (%),_T,Total,PT,Percentage,1,One,WB_HCP,Human Capital Project (HCP),0,Units,A,Normal value,PU,Public,,,,,,,5.8140997886657715,6.195950031280518,9.053640365600586,9.95619010925293,,,,,,,,,19.963960647583008,,,,,24.79836082458496,29.19495010375977,,,,49.76438903808594,54.31523132324219,54.852760314941406,54.27790069580078,,,60.50672912597656,65.40837860107422,70.78336334228516,73.33035278320312,79.44841003417969,82.07106018066406,89.77334594726562,92.84966278076172,102.19741821289062,98.12947082519533,96.35317993164062,94.7904281616211,96.62175750732422,94.96681213378906,84.58547973632812,75.73297882080078,82.71399688720703,90.5886001586914,78.28633117675781,
A,Annual,BWA,Botswana,WB_HCP_UISCR1,Primary school completion rate (%),F,Female,PT,Percentage,1,One,WB_HCP,Human Capital Project (HCP),0,Units,A,Normal value,PU,Public,44.67975997924805,51.72113037109375,59.29853820800781,,,,,,,79.30004119873047,,92.70970153808594,95.96280670166016,87.1697769165039,87.46154022216797,95.07705688476562,104.3218994140625,105.01432037353516,98.94425964355467,96.36676788330078,96.2213134765625,95.70710754394533,95.18991088867188,93.61029815673828,98.52947998046876,94.68612670898438,96.45821380615234,,93.62077331542967,90.90989685058594,90.19914245605467,93.48281860351562,94.52465057373048,95.13704681396484,95.16607666015624,95.54673767089844,97.5789031982422,92.88526916503906,95.3886489868164,97.63288879394533,,,98.4614715576172,97.11840057373048,71.60997009277344,,,,,,,,93.3829574584961,
A,Annual,BWA,Botswana,WB_HCP_UISCR1,Primary school completion rate (%),M,Male,PT,Percentage,1,One,WB_HCP,Human Capital Project (HCP),0,Units,A,Normal value,PU,Public,44.30033874511719,48.59183120727539,54.84236145019531,,,,,,,53.68878173828125,,70.11927795410156,74.23399353027344,67.84013366699219,73.84181213378906,78.43480682373047,88.77252197265625,90.3792495727539,87.5280990600586,82.2283706665039,84.75569915771484,85.88262176513672,87.02037048339844,86.2463607788086,89.15889739990234,86.71705627441406,88.79802703857422,,88.9135513305664,85.33096313476562,85.68717193603516,87.94489288330078,90.35729217529295,90.32215118408205,90.2088623046875,87.63694763183594,90.79216003417967,88.47588348388672,91.47947692871094,95.50192260742188,,,94.59149932861328,93.37782287597656,,,,,,,,,88.6053466796875,
A,Annual,BWA,Botswana,WB_HCP_UISCR1,Primary school completion rate (%),_T,Total,PT,Percentage,1,One,WB_HCP,Human Capital Project (HCP),0,Units,A,Normal value,PU,Public,44.49589920043945,50.202171325683594,57.11650085449219,60.23040008544922,62.878421783447266,58.965450286865234,51.73519134521485,47.04253005981445,53.78287124633789,66.73042297363281,71.65228271484375,81.67720794677734,85.33663940429688,77.71900177001953,80.80049133300781,86.93219757080078,96.7140884399414,97.86450958251952,93.38166809082033,89.4928207397461,90.65657043457033,90.94831848144533,91.23178100585938,90.03064727783203,93.95784759521484,90.75897216796876,92.66522979736328,,91.27082824707033,88.11553192138672,87.93295288085938,90.70076751708984,92.4310531616211,92.71479034423828,92.66902923583984,91.55819702148438,94.15428161621094,90.65860748291016,93.41332244873048,96.555419921875,,,96.5031509399414,95.2251205444336,81.8389892578125,,,,,,,,90.96438598632812,
A,Annual,CAF,Central African Republic,WB_HCP_UISCR1,Primary school completion rate (%),F,Female,PT,Percentage,1,One,WB_HCP,Human Capital Project (HCP),0,Units,A,Normal value,PU,Public,,9.399649620056152,10.999919891357422,13.12539005279541,12.291299819946287,14.544989585876465,15.762709617614746,,16.605499267578125,,,16.487470626831055,16.472990036010742,14.785149574279783,,,27.7656307220459,20.955150604248047,22.11631965637207,20.532060623168945,19.87635040283203,20.1123104095459,15.545660018920898,,,,,,,,,,,,15.86814022064209,17.615489959716797,18.216569900512695,,23.495899200439453,25.98863983154297,26.525449752807617,28.676029205322266,30.338329315185547,,,,29.876529693603516,40.07559967041016,,,,,,
A,Annual,CAF,Central African Republic,WB_HCP_UISCR1,Primary school completion rate (%),M,Male,PT,Percentage,1,One,WB_HCP,Human Capital Project (HCP),0,Units,A,Normal value,PU,Public,,36.79730987548828,32.39036178588867,40.69601821899414,35.33829116821289,45.85269927978515,35.811668395996094,,51.61476135253906,,,37.15333938598633,37.72737884521485,34.75440979003906,,,48.33348846435547,37.40887069702149,38.54270935058594,38.98537063598633,42.08592987060547,36.27164840698242,28.97085952758789,,,,,,,,,,,,26.93869972229004,29.17061996459961,28.49970054626465,,39.0306396484375,41.52619171142578,44.83045959472656,45.20124816894531,46.584678649902344,,,,44.00577163696289,57.24900436401367,,,,,,
A,Annual,CAF,Central African Republic,WB_HCP_UISCR1,Primary school completion rate (%),_T,Total,PT,Percentage,1,One,WB_HCP,Human Capital Project (HCP),0,Units,A,Normal value,PU,Public,,23.155349731445312,21.7435302734375,26.9802303314209,23.878210067749023,30.289470672607425,25.847959518432617,27.484529495239254,34.20716094970703,,,26.900550842285156,27.199649810791016,24.8811092376709,,,38.2170295715332,29.32154083251953,30.47361946105957,29.92337989807129,31.184629440307617,28.33750915527344,22.37141990661621,,,,,,,,,,,,21.436790466308594,23.42725944519043,23.388179779052734,,31.31270980834961,33.80842971801758,35.73965835571289,36.99483108520508,38.516578674316406,,,,36.99489974975586,48.72856521606445,,,,,,
A,Annual,CAN,Canada,WB_HCP_UISCR1,Primary school completion rate (%),F,Female,PT,Percentage,1,One,WB_HCP,Human Capital Project (HCP),0,Units,A,Normal value,PU,Public,,,,,,,,,,,,,,,,,,,,,,,,,,,,,95.15072631835938,97.7160415649414,98.2839584350586,,,,,,,,,,,,,,,,,,,,,,,
A,Annual,CAN,Canada,WB_HCP_UISCR1,Primary school completion rate (%),M,Male,PT,Percentage,1,One,WB_HCP,Human Capital Project (HCP),0,Units,A,Normal value,PU,Public,,,,,,,,,,,,,,,,,,,,,,,,,,,,,94.41935729980467,97.18683624267578,98.24298858642578,,,,,,,,,,,,,,,,,,,,,,,
A,Annual,CAN,Canada,WB_HCP_UISCR1,Primary school completion rate (%),_T,Total,PT,Percentage,1,One,WB_HCP,Human Capital Project (HCP),0,Units,A,Normal value,PU,Public,,,,,,,,,,,,,,,,,,,,,,,,,,,,,94.77584075927734,97.4452896118164,98.26299285888672,,,,,,,,,,,,,,,,,,,,,,,
A,Annual,CHE,Switzerland,WB_HCP_UISCR1,Primary school completion rate (%),F,Female,PT,Percentage,1,One,WB_HCP,Human Capital Project (HCP),0,Units,A,Normal value,PU,Public,,,,,,,,51.33694839477539,59.25688171386719,57.48003005981445,57.02313995361328,54.43891906738281,54.26140975952149,54.66279983520508,53.50326156616211,52.78181838989258,52.55373001098633,51.98657989501953,51.85063171386719,52.11027145385742,51.85942077636719,53.14662170410156,54.45964813232422,57.86117935180664,60.56135940551758,,73.51754760742188,,,96.71009063720705,98.77063751220705,96.3894500732422,97.58953094482422,96.7873764038086,98.15341186523438,96.38204956054688,98.15379333496094,97.4160614013672,98.2243423461914,97.9227066040039,98.73095703125,97.71183013916016,97.71231842041016,94.7278289794922,97.3618392944336,97.5486068725586,95.21208190917967,97.267822265625,95.4034194946289,94.65081024169922,95.24658966064452,96.39420318603516,95.53803253173828,
A,Annual,CHE,Switzerland,WB_HCP_UISCR1,Primary school completion rate (%),M,Male,PT,Percentage,1,One,WB_HCP,Human Capital Project (HCP),0,Units,A,Normal value,PU,Public,,,,,,,,51.38315963745117,59.26340103149414,57.94847869873047,58.14297103881836,52.72018051147461,53.38270950317383,52.957279205322266,51.563228607177734,52.280391693115234,51.52178955078125,51.03511047363281,50.7370491027832,51.51604080200195,50.60247039794922,52.2906494140625,53.36944961547851,59.31818008422851,60.89606094360352,,73.18763732910156,,,93.97869110107422,95.11662292480467,93.6052017211914,94.949951171875,93.89732360839844,94.94740295410156,94.45823669433594,95.41007232666016,95.18518829345705,96.20294189453124,94.36878967285156,95.40339660644533,95.69110870361328,96.0019989013672,93.41169738769533,95.6439437866211,95.7562484741211,94.6052703857422,93.55619049072266,93.49877166748048,92.58878326416016,93.3654327392578,94.61750793457033,94.60749816894533,
A,Annual,CHE,Switzerland,WB_HCP_UISCR1,Primary school completion rate (%),_T,Total,PT,Percentage,1,One,WB_HCP,Human Capital Project (HCP),0,Units,A,Normal value,PU,Public,,,,,,,,51.36056900024414,59.260231018066406,57.7193489074707,57.594871520996094,53.56097030639648,53.81256866455078,53.785400390625,52.50716018676758,52.52360153198242,52.022010803222656,51.499481201171875,51.27936172485352,51.80852127075195,51.212158203125,52.70771026611328,53.901710510253906,58.60717010498047,60.73445892333984,,73.34751892089844,,,95.30953216552734,96.89360809326172,94.95616912841795,96.23560333251952,95.30541229248048,96.5045394897461,95.39788055419922,96.74520874023438,96.27063751220705,97.185546875,96.09335327148438,97.01891326904295,96.67462921142578,96.8369369506836,94.05010986328124,96.47811889648438,96.63136291503906,94.90242767333984,95.3591537475586,94.42372131347656,93.59322357177734,94.27581787109376,95.48120880126952,95.06360626220705,
A,Annual,CHL,Chile,WB_HCP_UISCR1,Primary school completion rate (%),F,Female,PT,Percentage,1,One,WB_HCP,Human Capital Project (HCP),0,Units,A,Normal value,PU,Public,80.59349060058594,88.60887908935547,93.19286346435548,94.91181182861328,93.10096740722656,92.98094177246094,94.39874267578124,90.93920135498048,,,,,,97.31214141845705,,,,,,,,,,,,,,,,,,,,,,,,,,,,95.18894958496094,97.52182006835938,96.61045837402344,98.1872329711914,97.63349151611328,97.8263931274414,97.52880859375,97.68946838378906,96.95401000976562,97.54086303710938,97.72306060791016,98.81352996826172,
A,Annual,CHL,Chile,WB_HCP_UISCR1,Primary school completion rate (%),M,Male,PT,Percentage,1,One,WB_HCP,Human Capital Project (HCP),0,Units,A,Normal value,PU,Public,79.17503356933594,86.62619018554688,91.20088958740234,91.8857192993164,90.15001678466795,90.1752471923828,91.49577331542967,89.47576904296875,,,,,,96.02996063232422,,,,,,,,,,,,,,,,,,,,,,,,,,,,94.9600067138672,97.29255676269533,97.37159729003906,98.1463394165039,97.90750885009766,98.94937896728516,98.75930786132812,98.59796905517578,97.91928100585938,98.38131713867188,100.66100311279295,101.6744613647461,
A,Annual,CHL,Chile,WB_HCP_UISCR1,Primary school completion rate (%),_T,Total,PT,Percentage,1,One,WB_HCP,Human Capital Project (HCP),0,Units,A,Normal value,PU,Public,79.87918853759766,87.61077880859375,92.19078063964844,93.39031219482422,91.6153564453125,91.5679702758789,92.93473815917967,90.20033264160156,,,,,,96.66203308105467,,,,,,,,,,,,,,,,,,,,,,,,,,,,95.0724105834961,97.40512084960938,96.9979019165039,98.16641998291016,97.77294921875,98.39784240722656,98.15495300292967,98.1518325805664,97.44532012939452,97.96858215332033,99.21807861328124,100.26937866210938,
A,Annual,CHN,China,WB_HCP_UISCR1,Primary school completion rate (%),F,Female,PT,Percentage,1,One,WB_HCP,Human Capital Project (HCP),0,Units,A,Normal value,PU,Public,,,,,,,,,,,,,,,,,,,,,,,,,,,90.08273315429688,91.51387786865234,,,,,,,,,92.97093963623048,97.07640075683594,105.72486114501952,106.3239288330078,105.37718200683594,,,,,,,,,,,,,
A,Annual,CHN,China,WB_HCP_UISCR1,Primary school completion rate (%),M,Male,PT,Percentage,1,One,WB_HCP,Human Capital Project (HCP),0,Units,A,Normal value,PU,Public,,,,,,,,,,,,,,,,,,,,,,,,,,,94.61534118652344,94.81458282470705,,,,,,,,,91.9295425415039,95.82393646240234,104.40898895263672,105.08717346191406,104.4826889038086,,,,,,,,,,,,,
A,Annual,CHN,China,WB_HCP_UISCR1,Primary school completion rate (%),_T,Total,PT,Percentage,1,One,WB_HCP,Human Capital Project (HCP),0,Units,A,Normal value,PU,Public,,,,,,,,,,,,,,,,,,,,110.74864196777344,106.3814926147461,100.18609619140624,93.71920013427734,92.28758239746094,87.98815155029297,96.91533660888672,92.43142700195312,93.22785949707033,,,,,,,,,92.41622924804688,96.40760040283205,105.02069091796876,105.66079711914062,104.89678955078124,,,,,,,,,,,,,
A,Annual,CIV,Cote d'Ivoire,WB_HCP_UISCR1,Primary school completion rate (%),F,Female,PT,Percentage,1,One,WB_HCP,Human Capital Project (HCP),0,Units,A,Normal value,PU,Public,,,,20.857479095458984,21.323009490966797,,27.680240631103516,30.275890350341797,32.19879913330078,34.161869049072266,37.63990020751953,42.30617904663086,,41.82749938964844,40.74983978271485,36.81373977661133,35.78852844238281,36.54642868041992,34.05836868286133,31.57868003845215,29.575389862060547,30.841869354248047,29.019840240478516,30.423280715942383,31.731199264526367,31.13397979736328,32.73854064941406,31.551040649414062,34.02779006958008,,33.35171890258789,37.49803161621094,,,,,32.5994987487793,35.83858108520508,,37.3548583984375,,46.70682144165039,45.870849609375,46.272010803222656,47.54729080200195,53.07746887207031,56.685081481933594,61.946720123291016,65.80007934570312,70.67089080810547,73.65033721923828,72.14321899414062,68.16448211669922,80.13632202148438
A,Annual,CIV,Cote d'Ivoire,WB_HCP_UISCR1,Primary school completion rate (%),M,Male,PT,Percentage,1,One,WB_HCP,Human Capital Project (HCP),0,Units,A,Normal value,PU,Public,,,,51.08348846435547,51.24774169921875,,58.38336944580078,63.11989974975586,64.42217254638672,68.19612884521484,71.72545623779297,76.20497131347656,,73.63237762451172,70.87245178222656,57.68278121948242,59.286659240722656,57.72468185424805,57.35586929321289,51.5526008605957,49.72542953491211,54.9928092956543,49.18918991088867,50.65187072753906,49.967010498046875,48.62630844116211,50.55979919433594,48.6143913269043,48.47771835327149,,52.27508163452149,56.525150299072266,,,,,52.73419952392578,51.48040008544922,,51.80110168457031,,56.849220275878906,59.52122116088867,57.10224151611328,58.51644134521485,62.90388107299805,65.90352630615234,73.2403335571289,74.15866088867188,76.2575912475586,77.48966979980469,75.24913787841797,69.02192687988281,80.31884002685547
A,Annual,CIV,Cote d'Ivoire,WB_HCP_UISCR1,Primary school completion rate (%),_T,Total,PT,Percentage,1,One,WB_HCP,Human Capital Project (HCP),0,Units,A,Normal value,PU,Public,,,,35.71548080444336,36.048858642578125,39.59983825683594,42.820350646972656,46.34489059448242,47.93304061889648,50.81438064575195,54.39986038208008,59.08235931396485,,57.8082389831543,55.99015045166016,47.4245491027832,47.77312850952149,47.36029815673828,45.80218124389648,41.47481918334961,39.5466194152832,42.802249908447266,39.032100677490234,40.50205993652344,40.861839294433594,39.94089126586914,41.75804901123047,40.22800064086914,41.405181884765625,44.71583938598633,42.87981033325195,47.06663131713867,,,,,42.7145881652832,43.70153045654297,,44.638919830322266,,51.84452819824219,52.800289154052734,51.78155899047851,53.127540588378906,58.073360443115234,61.36737823486328,67.6764907836914,70.0334701538086,73.4945068359375,75.58598327636719,73.70536804199219,68.5947036743164,80.22789001464844
A,Annual,CMR,Cameroon,WB_HCP_UISCR1,Primary school completion rate (%),F,Female,PT,Percentage,1,One,WB_HCP,Human Capital Project (HCP),0,Units,A,Normal value,PU,Public,,,,37.85939025878906,37.89030838012695,39.942378997802734,41.711910247802734,43.091739654541016,52.67815017700195,44.96955871582031,44.524261474609375,45.00799179077149,44.519508361816406,45.176979064941406,47.09067153930664,48.788761138916016,49.36389923095703,51.10688018798828,49.86164855957031,,54.51642990112305,51.12942886352539,,,,,,,,44.63774871826172,46.67300033569336,,,52.413719177246094,53.62779998779297,,47.04850006103515,49.4822998046875,64.89874267578125,64.77655792236328,66.53269958496094,65.2488021850586,69.43608093261719,,68.92054748535156,70.24404907226562,69.17323303222656,64.43132781982422,60.90401077270508,62.00592041015625,62.96552276611328,65.14958190917969,66.20838928222656,68.16094207763672
A,Annual,CMR,Cameroon,WB_HCP_UISCR1,Primary school completion rate (%),M,Male,PT,Percentage,1,One,WB_HCP,Human Capital Project (HCP),0,Units,A,Normal value,PU,Public,,,,56.81771087646485,55.69572830200195,57.76972961425781,58.94245147705078,59.1568489074707,70.25739288330078,59.19207000732422,56.61248016357422,56.48154067993164,54.778350830078125,54.70201873779297,56.811859130859375,58.49691009521485,59.01959991455078,60.62897872924805,61.05646133422851,,58.94987106323242,59.553558349609375,,,,,,,,53.59722137451172,54.0889892578125,,,61.82033157348633,64.64675903320312,,55.84212112426758,60.16210174560547,77.55101776123047,77.33377075195312,78.68875885009766,76.7823486328125,80.67545318603516,,78.40306854248047,78.75837707519531,77.56678009033203,71.97319030761719,67.94146728515625,68.86181640625,69.92969512939453,72.29267883300781,72.63382720947266,73.97342681884766
A,Annual,CMR,Cameroon,WB_HCP_UISCR1,Primary school completion rate (%),_T,Total,PT,Percentage,1,One,WB_HCP,Human Capital Project (HCP),0,Units,A,Normal value,PU,Public,,,,47.320308685302734,46.78179168701172,48.84925079345703,50.326141357421875,51.128360748291016,61.47677993774414,52.09164047241211,50.58124923706055,50.757938385009766,49.661720275878906,49.950870513916016,51.96149826049805,53.65155029296875,54.199668884277344,55.87519836425781,55.46735000610352,,56.73564147949219,55.34735107421875,,,,,,,,49.1237907409668,50.3857307434082,,,57.11983108520508,59.14316940307617,,51.451778411865234,54.83156967163086,71.2364501953125,71.067626953125,72.62217712402344,71.02845764160156,75.06964874267578,,73.67424011230469,74.5130615234375,73.3813705444336,68.21257019042969,64.43177032470703,65.4423599243164,66.45768737792969,68.73432159423828,69.43473815917969,71.08055877685547
A,Annual,COD,"Congo, Dem. Rep.",WB_HCP_UISCR1,Primary school completion rate (%),F,Female,PT,Percentage,1,One,WB_HCP,Human Capital Project (HCP),0,Units,A,Normal value,PU,Public,,21.326169967651367,23.246919631958008,,,,34.227500915527344,37.499488830566406,40.79772186279297,,42.09429168701172,45.0717887878418,46.57218933105469,49.86402893066406,53.62543869018555,,,,35.51295852661133,,,37.93606185913086,35.16450119018555,44.35491943359375,36.80524063110352,,,,,30.64674949645996,,,32.33295822143555,,,,,39.9390983581543,44.637481689453125,47.90740966796875,51.76055145263672,52.032039642333984,57.43621063232422,59.70970153808594,58.99211502075195,67.47125244140625,,,,,74.74075317382812,79.1898193359375,,74.14520263671875
A,Annual,COD,"Congo, Dem. Rep.",WB_HCP_UISCR1,Primary school completion rate (%),M,Male,PT,Percentage,1,One,WB_HCP,Human Capital Project (HCP),0,Units,A,Normal value,PU,Public,,62.692440032958984,64.83920288085938,,,,72.83097076416016,74.33235931396484,77.57634735107422,,75.01409912109375,75.69432067871094,78.13948822021484,78.82672119140625,79.78916931152344,,,,62.21223831176758,,,63.95780944824219,59.35832977294922,65.70700073242188,57.10675811767578,,,,,35.85456085205078,,,48.5714111328125,,,,,59.20851135253906,64.35134887695312,69.05863952636719,68.84404754638672,72.4988021850586,77.44677734375,73.82659149169922,70.98822021484375,67.5219497680664,,,,,82.72550201416016,86.11205291748047,,79.77850341796875
A,Annual,COD,"Congo, Dem. Rep.",WB_HCP_UISCR1,Primary school completion rate (%),_T,Total,PT,Percentage,1,One,WB_HCP,Human Capital Project (HCP),0,Units,A,Normal value,PU,Public,,41.95875930786133,43.99333953857422,,,,53.49998092651367,55.89183044433594,59.170501708984375,,58.55070877075195,60.38581848144531,62.36701965332031,64.36009216308594,66.72672271728516,,,,48.894439697265625,,,50.97930908203125,47.291648864746094,55.05648040771485,46.97610092163086,,,,,33.252159118652344,,,40.45172119140625,,,,,49.58829879760742,54.508270263671875,58.502681732177734,60.315731048583984,62.27853012084961,67.45004272460938,66.77137756347656,64.99114227294922,67.49658966064453,,,,,78.72899627685547,82.6475601196289,,76.95970153808594
A,Annual,COG,"Congo, Rep.",WB_HCP_UISCR1,Primary school completion rate (%),F,Female,PT,Percentage,1,One,WB_HCP,Human Capital Project (HCP),0,Units,A,Normal value,PU,Public,,,45.28789138793945,53.609230041503906,43.65398025512695,52.743709564208984,56.54983901977539,58.72943115234375,60.1605110168457,66.51019287109375,68.58512115478516,69.36446380615234,69.93805694580078,68.41960144042969,70.6808090209961,70.80787658691406,72.2242431640625,72.9362564086914,72.81468200683594,67.12876892089844,59.489349365234375,51.346168518066406,63.483680725097656,63.22858810424805,53.752201080322266,,47.79161834716797,,,30.49501037597656,,53.71718978881836,55.875858306884766,51.740211486816406,73.24034881591797,64.77454376220703,69.61715698242188,69.7149429321289,65.3784408569336,64.53771209716797,65.73037719726562,73.91236114501953,76.59117889404297,,,74.3932876586914,,,66.02635192871094,,,,,71.71734619140625
A,Annual,COG,"Congo, Rep.",WB_HCP_UISCR1,Primary school completion rate (%),M,Male,PT,Percentage,1,One,WB_HCP,Human Capital Project (HCP),0,Units,A,Normal value,PU,Public,,,65.23999786376953,75.09806060791016,63.469730377197266,72.01048278808594,72.4500503540039,74.61296844482422,73.80867004394531,81.27932739257812,81.6069564819336,77.82227325439453,79.1202163696289,70.95336151123047,76.0940170288086,73.09378051757812,72.5377197265625,71.17108154296875,73.08338165283203,67.9155502319336,60.02635955810547,60.45283889770508,62.51124954223633,64.80766296386719,55.86634826660156,,47.429168701171875,,,29.448589324951172,,53.79758834838867,57.122589111328125,54.93601989746094,80.1091079711914,69.70606994628906,76.87950134277344,74.75457763671875,69.59133911132812,69.60102844238281,70.10076141357422,75.4360580444336,68.00482177734375,,,66.30040740966797,,,64.35576629638672,,,,,71.94611358642578
A,Annual,COG,"Congo, Rep.",WB_HCP_UISCR1,Primary school completion rate (%),_T,Total,PT,Percentage,1,One,WB_HCP,Human Capital Project (HCP),0,Units,A,Normal value,PU,Public,,51.78636932373047,55.27816009521485,64.37275695800781,53.58198928833008,62.399051666259766,64.50679016113281,66.66206359863281,66.96318817138672,73.86168670654297,75.05191802978516,73.56564331054688,74.51274871826172,69.68537902832031,73.3998794555664,71.95806884765625,72.38172912597656,72.04898834228516,72.94983673095703,67.52519989013672,59.760650634765625,55.94742965698242,62.99290084838867,64.02604675292969,54.82081985473633,,47.60948944091797,,,29.96932029724121,,53.757568359375,56.501991271972656,53.345088958740234,76.68865966796875,67.24986267089844,73.26194763183594,72.24356842041016,67.49085998535156,67.0782470703125,67.9243392944336,74.67743682861328,72.2780990600586,,,70.32460021972656,,,65.18612670898438,,,,,71.83261108398438
A,Annual,COL,Colombia,WB_HCP_UISCR1,Primary school completion rate (%),F,Female,PT,Percentage,1,One,WB_HCP,Human Capital Project (HCP),0,Units,A,Normal value,PU,Public,37.24958038330078,55.79848098754883,57.09886169433594,60.84383010864258,62.06991958618164,,,,,,,,76.68477630615234,79.74241638183594,79.87490844726562,75.35093688964844,73.99044799804688,78.36869049072266,77.63275909423828,76.83387756347656,88.95379638671875,79.0676498413086,90.96819305419922,88.75218963623047,87.12763977050781,90.93031311035156,91.77261352539062,,97.25240325927734,98.86599731445312,101.64225769042967,,98.6187973022461,,105.75080871582033,108.8201675415039,114.70269775390624,116.7642593383789,116.2831573486328,121.8910903930664,121.28840637207033,118.81668090820312,113.07731628417967,102.9589614868164,102.17431640625,101.96910095214844,102.69677734375,106.48345947265624,105.1900634765625,103.18685913085938,99.61083984375,98.27411651611328,96.7505111694336,
A,Annual,COL,Colombia,WB_HCP_UISCR1,Primary school completion rate (%),M,Male,PT,Percentage,1,One,WB_HCP,Human Capital Project (HCP),0,Units,A,Normal value,PU,Public,60.78689956665039,49.67100143432617,50.078460693359375,53.01258850097656,53.397010803222656,,,,,,,,69.42462158203125,71.88471984863281,73.14495849609375,68.154296875,76.49185943603516,71.71665954589844,71.05033874511719,70.34905242919922,65.16838073730469,72.4489517211914,77.9148178100586,81.45967864990234,82.5838394165039,86.19326782226562,87.5032730102539,,93.00228118896484,94.29936981201172,98.82981872558594,,95.75628662109376,,103.0000228881836,106.1058578491211,111.70536041259766,112.81210327148438,113.19873046875,117.98174285888672,118.41922760009766,118.88540649414062,114.00347137451172,104.1848373413086,103.18212890625,102.82903289794922,103.56304931640624,106.26801300048828,105.94928741455078,103.8852767944336,99.64363861083984,100.07575988769533,97.46820068359376,
A,Annual,COL,Colombia,WB_HCP_UISCR1,Primary school completion rate (%),_T,Total,PT,Percentage,1,One,WB_HCP,Human Capital Project (HCP),0,Units,A,Normal value,PU,Public,49.17795181274414,52.69258117675781,53.539188385009766,56.87191009521485,57.66997146606445,,,,,,,,72.99384307861328,75.74848175048828,76.45365905761719,71.69184875488281,75.26260375976562,74.98590087890625,74.28555297851562,73.53697967529297,76.86209106445312,75.70362854003906,84.3321762084961,85.0447006225586,84.81732177734375,88.52182006835938,89.6014175415039,,95.09133911132812,96.54405975341795,100.22463989257812,96.9997787475586,97.1735610961914,,104.35856628417967,107.44419860839844,113.18077087402344,114.7544174194336,114.71237182617188,119.8979721069336,119.82415771484376,118.85179138183594,113.55069732666016,103.58582305908205,102.68987274169922,102.40923309326172,103.13993072509766,106.37325286865234,105.5780029296875,103.5436782836914,99.62760162353516,99.19447326660156,97.11710357666016,
A,Annual,COM,Comoros,WB_HCP_UISCR1,Primary school completion rate (%),F,Female,PT,Percentage,1,One,WB_HCP,Human Capital Project (HCP),0,Units,A,Normal value,PU,Public,,,,,,,,,,,,,,,,,49.8679084777832,43.576629638671875,,,,,38.29158020019531,,,,,,,44.75783920288086,,,52.1356315612793,51.32720184326172,57.133819580078125,,,57.416038513183594,60.058929443359375,,,,,77.36553192138672,84.20927429199219,,,81.85615539550781,,,,,,
A,Annual,COM,Comoros,WB_HCP_UISCR1,Primary school completion rate (%),M,Male,PT,Percentage,1,One,WB_HCP,Human Capital Project (HCP),0,Units,A,Normal value,PU,Public,,,,,,,,,,,,,,,,,71.66764831542969,54.29225158691406,,,,,44.66416931152344,,,,,,,48.58757019042969,,,57.23667907714844,54.89706039428711,56.8142204284668,,,60.842960357666016,75.54432678222656,,,,,70.70893859863281,75.06587982177734,,,80.97582244873047,,,,,,
A,Annual,COM,Comoros,WB_HCP_UISCR1,Primary school completion rate (%),_T,Total,PT,Percentage,1,One,WB_HCP,Human Capital Project (HCP),0,Units,A,Normal value,PU,Public,,,,,,,,,,,,56.26261138916016,,,,,60.939998626708984,49.01694869995117,,,,,41.510250091552734,36.678829193115234,44.488059997558594,,,,,46.69432830810547,,,54.76115036010742,53.187400817871094,56.96723937988281,,,59.17525100708008,67.99079895019531,,,,,73.91744232177734,79.4605712890625,,,81.40904235839844,,,,,,
A,Annual,CPV,Cabo Verde,WB_HCP_UISCR1,Primary school completion rate (%),F,Female,PT,Percentage,1,One,WB_HCP,Human Capital Project (HCP),0,Units,A,Normal value,PU,Public,,,,,13.70398998260498,15.473150253295898,,16.42074966430664,13.99254035949707,14.991950035095217,14.505200386047363,23.91156959533691,22.434579849243164,18.25469970703125,27.572769165039062,27.714149475097656,32.02376174926758,35.58129119873047,40.55268096923828,,50.806278228759766,,,,62.12995910644531,,,,96.99395751953124,,103.99369049072266,98.48245239257812,99.22628021240234,101.05396270751952,96.29918670654295,84.22855377197266,95.45384216308594,90.49520874023438,98.50572967529295,93.3517074584961,95.7150421142578,91.82267761230467,92.2021713256836,89.43517303466797,91.64591217041016,95.67308044433594,89.83731842041016,84.84562683105469,84.18605041503906,92.41404724121094,85.19568634033203,87.14806365966797,,
A,Annual,CPV,Cabo Verde,WB_HCP_UISCR1,Primary school completion rate (%),M,Male,PT,Percentage,1,One,WB_HCP,Human Capital Project (HCP),0,Units,A,Normal value,PU,Public,,,,,7.424590110778809,11.10828971862793,,12.839619636535645,13.610589981079102,11.74685001373291,18.522750854492188,29.27219009399414,25.074289321899418,23.557689666748047,30.104829788208008,31.48232078552246,32.1549186706543,36.12226867675781,41.14801025390625,,51.95214080810547,,,,64.08548736572266,,,,92.11743927001952,,99.05747985839844,94.69709014892578,96.26670837402344,95.25704193115234,94.3200912475586,77.28730773925781,89.16499328613281,85.3284912109375,92.29142761230467,90.76872253417967,94.73238372802734,87.36319732666016,91.78803253173828,89.93779754638672,96.11705017089844,94.05007934570312,89.9626235961914,82.16912078857422,79.37863159179688,95.0655517578125,85.81678009033203,87.88385772705078,,
A,Annual,CPV,Cabo Verde,WB_HCP_UISCR1,Primary school completion rate (%),_T,Total,PT,Percentage,1,One,WB_HCP,Human Capital Project (HCP),0,Units,A,Normal value,PU,Public,,,,,10.544750213623049,13.284040451049805,20.376100540161133,14.639399528503418,13.802820205688477,13.381999969482422,16.501880645751953,26.576679229736328,23.75143051147461,20.90679931640625,28.84242057800293,29.608110427856445,32.08980941772461,35.854148864746094,40.853519439697266,,51.38608932495117,,,,63.12232971191406,,,,94.52696228027344,,101.49918365478516,96.56598663330078,97.72621154785156,98.1152572631836,95.29720306396484,80.72474670410156,92.29036712646484,87.89707946777344,95.3664093017578,92.0365219116211,95.2138214111328,89.5569076538086,91.99217224121094,89.68966674804688,93.90521240234376,94.85301208496094,89.90071105957031,83.49143981933594,81.75383758544922,93.75691986083984,85.51049041748047,87.521240234375,,
A,Annual,CRI,Costa Rica,WB_HCP_UISCR1,Primary school completion rate (%),F,Female,PT,Percentage,1,One,WB_HCP,Human Capital Project (HCP),0,Units,A,Normal value,PU,Public,76.60012817382812,77.65547943115234,87.53717803955078,90.91974639892578,89.57054901123047,89.32398986816406,83.7334976196289,91.37259674072266,88.57936096191406,85.11721801757812,86.84707641601562,88.2711181640625,88.09317016601562,,,77.29158020019531,78.0159912109375,75.89248657226562,76.71399688720703,76.46009063720703,,79.98641204833984,82.54022979736328,84.08307647705078,82.98587799072266,81.4541015625,84.01206970214844,,,86.2701416015625,92.09380340576172,92.68778228759766,96.66475677490234,,96.45816802978516,95.90795135498048,91.4553680419922,93.4215087890625,96.40991973876952,99.1332015991211,99.6685028076172,99.85587310791016,96.9700927734375,96.06230926513672,99.69017791748048,95.10865020751952,95.30455017089844,95.488037109375,96.12445831298828,96.91593933105467,97.41429901123048,98.40249633789062,100.88761901855467,
A,Annual,CRI,Costa Rica,WB_HCP_UISCR1,Primary school completion rate (%),M,Male,PT,Percentage,1,One,WB_HCP,Human Capital Project (HCP),0,Units,A,Normal value,PU,Public,74.80352020263672,74.13024139404297,83.69377899169922,89.0712890625,88.55966186523438,84.07823181152344,79.86869049072266,86.73619079589844,83.68826293945312,82.40403747558594,84.56722259521484,85.94390106201172,85.5406265258789,,,74.9400634765625,77.36903381347656,75.30950164794922,75.35199737548828,74.54773712158203,,77.24208068847656,79.75811767578125,82.0555419921875,80.03736114501953,78.76480102539062,79.14775085449219,,,82.06658935546875,85.58287811279297,87.15673828125,91.98502349853516,,91.17218780517578,91.31717681884766,87.41931915283203,89.29678344726562,92.22000122070312,98.14417266845705,97.40496826171876,96.65251159667967,95.9896011352539,93.88160705566406,97.46623992919922,95.0770034790039,93.88311767578124,92.9420166015625,95.13877868652344,96.09661865234376,96.12566375732422,99.7296905517578,101.09848022460938,
A,Annual,CRI,Costa Rica,WB_HCP_UISCR1,Primary school completion rate (%),_T,Total,PT,Percentage,1,One,WB_HCP,Human Capital Project (HCP),0,Units,A,Normal value,PU,Public,75.68930053710938,75.86808776855469,85.58808898925781,89.98249053955078,89.0581283569336,86.66574096679688,81.77581787109375,89.02599334716797,86.10629272460938,83.74610900878906,85.6952896118164,87.0959701538086,86.80390167236328,79.4931869506836,72.38761138916016,76.0990982055664,77.68746185302734,75.59603881835938,76.02076721191406,75.48554992675781,74.65379333496094,78.58527374267578,81.118896484375,83.04682922363281,81.47824096679688,80.07868194580078,81.52274322509766,,,84.1167984008789,88.69593811035156,89.81683349609375,94.22064971923828,,93.69454956054688,93.51280212402344,89.37035369873047,91.2880630493164,94.25965118408205,98.62699127197266,98.5047607421875,98.21231079101562,96.47129821777344,94.93856811523438,98.53724670410156,95.0925064086914,94.5781478881836,94.1781234741211,95.62042999267578,96.4939422607422,96.75286865234376,99.08023071289062,100.99577331542967,
A,Annual,CUB,Cuba,WB_HCP_UISCR1,Primary school completion rate (%),F,Female,PT,Percentage,1,One,WB_HCP,Human Capital Project (HCP),0,Units,A,Normal value,PU,Public,,63.04294967651367,60.35089874267578,,,,,,,,,,,,,,,,,,,,,,,,,,,99.23091888427734,99.03157806396484,97.08586883544922,99.95052337646484,97.066162109375,95.84986877441406,96.61296844482422,96.43853759765624,97.90550994873048,92.66890716552734,97.9285888671875,96.35389709472656,95.29415130615234,92.3872299194336,91.7502670288086,96.48267364501952,96.27954864501952,95.52271270751952,96.2764663696289,91.5126724243164,91.321533203125,94.82398986816406,97.16995239257812,93.38551330566406,93.25373840332033
A,Annual,CUB,Cuba,WB_HCP_UISCR1,Primary school completion rate (%),M,Male,PT,Percentage,1,One,WB_HCP,Human Capital Project (HCP),0,Units,A,Normal value,PU,Public,,53.18547821044922,51.77233123779297,,,,,,,,,,,,,,,,,,,,,,,,,,,95.6522216796875,97.55103302001952,95.62428283691406,98.58509826660156,95.69277954101562,94.92521667480467,97.62023162841795,98.14923858642578,97.89539337158205,91.23516845703124,96.64730834960938,94.45130157470705,94.36234283447266,92.60836791992188,90.45758056640624,93.72248077392578,94.9604263305664,94.3718032836914,94.23867797851562,90.11920928955078,89.72010803222656,94.43869018554688,96.12776947021484,91.5014877319336,92.00372314453124
A,Annual,CUB,Cuba,WB_HCP_UISCR1,Primary school completion rate (%),_T,Total,PT,Percentage,1,One,WB_HCP,Human Capital Project (HCP),0,Units,A,Normal value,PU,Public,,58.01865005493164,55.9805793762207,65.2850112915039,77.06759643554688,82.260009765625,96.6645965576172,111.7581787109375,118.78723907470705,113.18879699707033,104.26297760009766,95.76248168945312,86.49176788330078,94.63166046142578,100.8016128540039,100.59729766845705,99.03209686279295,101.21952056884766,99.08899688720705,98.86640167236328,95.2527084350586,98.20342254638672,94.92276763916016,96.35706329345705,95.9380111694336,93.71312713623048,95.36450958251952,,,97.38784790039062,98.26872253417967,96.3328628540039,99.2477035522461,96.35903930664062,95.37342071533205,97.12911224365234,97.31031036376952,97.90032196044922,91.92823028564452,97.2666473388672,95.3740692138672,94.81549072265624,92.50055694580078,91.08804321289062,95.0668487548828,95.60201263427734,94.93060302734376,95.22663116455078,90.79403686523438,90.49581909179688,94.62593841552734,96.63475799560548,92.41787719726562,92.61190795898438
A,Annual,CYM,Cayman Islands,WB_HCP_UISCR1,Primary school completion rate (%),F,Female,PT,Percentage,1,One,WB_HCP,Human Capital Project (HCP),0,Units,A,Normal value,PU,Public,,,,,,,,,,,,,,,,,,,,,,,,,,,,,,107.44185638427734,102.97872161865234,100.39840698242188,108.2089614868164,,92.55319213867188,105.03597259521484,89.37728881835938,111.9565200805664,93.57142639160156,,,105.3968276977539,106.79012298583984,105.3511734008789,,,,,126.52330017089844,112.0879135131836,,110.94674682617188,91.81585693359376,86.56388092041016
A,Annual,CYM,Cayman Islands,WB_HCP_UISCR1,Primary school completion rate (%),M,Male,PT,Percentage,1,One,WB_HCP,Human Capital Project (HCP),0,Units,A,Normal value,PU,Public,,,,,,,,,,,,,,,,,,,,,,,,,,,,,,92.54386138916016,100.82644653320312,110.19608306884766,102.5830307006836,,100.70175170898438,90.8127212524414,106.36042022705078,87.16216278076172,105.98007202148438,,,103.96340942382812,107.59494018554688,110.42344665527344,,,,,97.86666870117188,91.4948501586914,,93.43434143066406,103.0302963256836,103.10077667236328
A,Annual,CYM,Cayman Islands,WB_HCP_UISCR1,Primary school completion rate (%),_T,Total,PT,Percentage,1,One,WB_HCP,Human Capital Project (HCP),0,Units,A,Normal value,PU,Public,,,,,,,,,,,,,,,,,,,,,,,,,,,,,,99.7742691040039,101.88678741455078,105.33596801757812,105.38033294677734,,96.64903259277344,97.8609619140625,98.0215835571289,99.12586975097656,100.0,,,104.6656265258789,107.1875,107.92079162597656,,,,,110.09174346923828,100.0,,101.49864196777344,97.45870208740234,94.17359924316406
A,Annual,CYP,Cyprus,WB_HCP_UISCR1,Primary school completion rate (%),F,Female,PT,Percentage,1,One,WB_HCP,Human Capital Project (HCP),0,Units,A,Normal value,PU,Public,,,,,,,,,,,,,,,,,,,,,,,,,,,,,,,97.27323150634766,98.57837677001952,100.90276336669922,102.75247192382812,86.37943267822266,98.52995300292967,99.53201293945312,98.10314178466795,97.71961212158205,99.85774993896484,100.85891723632812,101.55156707763672,99.6903305053711,97.85682678222656,100.0972137451172,97.79705047607422,98.93182373046876,101.15686798095705,101.86067962646484,102.1251983642578,99.40184020996094,100.74906158447266,100.14324188232422,
A,Annual,CYP,Cyprus,WB_HCP_UISCR1,Primary school completion rate (%),M,Male,PT,Percentage,1,One,WB_HCP,Human Capital Project (HCP),0,Units,A,Normal value,PU,Public,,,,,,,,,,,,,,,,,,,,,,,,,,,,,,,98.02642822265624,97.554931640625,100.01795959472656,98.89376831054688,87.38997650146484,99.00122833251952,98.99874877929688,97.68839263916016,98.38861083984376,99.50337982177734,97.87957763671876,101.91150665283205,100.413818359375,98.7890396118164,99.5754165649414,95.89253997802734,98.01718139648438,101.38008880615234,101.89154815673828,102.93862915039062,101.30786895751952,99.24272918701172,98.6455078125,
A,Annual,CYP,Cyprus,WB_HCP_UISCR1,Primary school completion rate (%),_T,Total,PT,Percentage,1,One,WB_HCP,Human Capital Project (HCP),0,Units,A,Normal value,PU,Public,,,,,,,,,,,,,,,,,,,,,,,,,,,,,,,97.65950012207033,98.04248809814452,100.45011901855467,100.72783660888672,86.89128875732422,98.77118682861328,99.25926208496094,97.88726043701172,98.06358337402344,99.67855072021484,99.31649017333984,101.73310089111328,100.06414031982422,98.33206939697266,99.82537841796876,96.81906127929688,98.46739196777344,101.2697296142578,101.87670135498048,102.54550170898438,100.36849975585938,99.9796371459961,99.37345123291016,
A,Annual,CZE,Czechia,WB_HCP_UISCR1,Primary school completion rate (%),F,Female,PT,Percentage,1,One,WB_HCP,Human Capital Project (HCP),0,Units,A,Normal value,PU,Public,,,,,,,,,,,,,,,,,,,,,,,,97.40213775634766,100.88300323486328,,107.27417755126952,,,99.42823791503906,101.90090942382812,97.82536315917967,102.53257751464844,100.5804672241211,100.14483642578124,106.73844909667967,104.31706237792967,105.08405303955078,101.04911041259766,100.78946685791016,101.85993957519533,100.80885314941406,98.97106170654295,99.25843048095705,99.55545806884766,97.42697143554688,97.97286987304688,97.31559753417967,93.3873062133789,96.514892578125,96.58863067626952,101.592529296875,102.67687225341795,
A,Annual,CZE,Czechia,WB_HCP_UISCR1,Primary school completion rate (%),M,Male,PT,Percentage,1,One,WB_HCP,Human Capital Project (HCP),0,Units,A,Normal value,PU,Public,,,,,,,,,,,,,,,,,,,,,,,,95.28582000732422,100.38957977294922,,109.45568084716795,,,99.95925903320312,101.54029846191406,97.86077880859376,101.19841003417967,101.83045959472656,99.97891235351562,107.39710235595705,105.72725677490234,106.45050048828124,101.68292999267578,100.22928619384766,102.32640075683594,100.29810333251952,99.90222930908205,98.21507263183594,99.08200073242188,96.6455307006836,97.39644622802734,97.17414855957033,93.98993682861328,95.18489837646484,96.79750061035156,100.66565704345705,103.52178955078124,
A,Annual,CZE,Czechia,WB_HCP_UISCR1,Primary school completion rate (%),_T,Total,PT,Percentage,1,One,WB_HCP,Human Capital Project (HCP),0,Units,A,Normal value,PU,Public,,,,,,,,,,,,,,,,,,,,,,,,96.3171615600586,100.63020324707033,101.9450225830078,108.39261627197266,,,99.699462890625,101.7165985107422,97.84349060058594,101.84626770019533,101.2231674194336,100.0598373413086,107.07642364501952,105.04151916503906,105.78514099121094,101.37406158447266,100.50150299072266,102.09890747070312,100.54447174072266,99.44953918457033,98.722412109375,99.31224822998048,97.02459716796876,97.67743682861328,97.24272918701172,93.69480895996094,95.833740234375,96.69519805908205,101.1166000366211,103.1099624633789,
A,Annual,DEU,Germany,WB_HCP_UISCR1,Primary school completion rate (%),F,Female,PT,Percentage,1,One,WB_HCP,Human Capital Project (HCP),0,Units,A,Normal value,PU,Public,,,,,,,,,,,,,,,,,,,,,,,,100.88211059570312,99.95902252197266,100.25495147705078,99.22917938232422,99.71875762939452,,100.14234924316406,99.05393981933594,107.02729034423828,103.38836669921876,102.06948852539062,102.83712768554688,101.0421371459961,99.6868667602539,102.2233428955078,102.80394744873048,104.00556182861328,101.13372802734376,103.63643646240234,102.05545043945312,101.80320739746094,99.2480010986328,101.87010955810548,100.09568786621094,97.649169921875,98.74008178710938,99.93087768554688,98.48719024658205,101.02101135253906,98.0000991821289,
A,Annual,DEU,Germany,WB_HCP_UISCR1,Primary school completion rate (%),M,Male,PT,Percentage,1,One,WB_HCP,Human Capital Project (HCP),0,Units,A,Normal value,PU,Public,,,,,,,,,,,,,,,,,,,,,,,,100.52664184570312,100.10430908203124,100.21389770507812,99.01978302001952,99.41339111328124,,101.1085968017578,98.99947357177734,107.1963882446289,103.68805694580078,101.93759155273438,103.16706085205078,100.9873275756836,98.98375701904295,101.39302825927734,102.4020004272461,103.47000885009766,101.58721923828124,103.51376342773438,101.53014373779295,102.18350219726562,99.71682739257812,102.30438995361328,99.32231903076172,97.5012664794922,98.4447021484375,99.35086822509766,98.28527069091795,100.9289321899414,97.53014373779295,
A,Annual,DEU,Germany,WB_HCP_UISCR1,Primary school completion rate (%),_T,Total,PT,Percentage,1,One,WB_HCP,Human Capital Project (HCP),0,Units,A,Normal value,PU,Public,,,,,,,,,,,,,,,,,,,,,,,,100.69985961914062,100.0334930419922,100.23394012451172,99.1219711303711,99.56201934814452,,100.6364974975586,99.02597045898438,107.11399841308594,103.54183959960938,102.0018081665039,103.00660705566406,101.0140380859375,99.32591247558594,101.79734802246094,102.59776306152344,103.7303466796875,101.36560821533205,103.57341003417967,101.78581237792967,101.99826049804688,99.48845672607422,102.09285736083984,99.6975326538086,97.57306671142578,98.58837127685548,99.63255310058594,98.38349151611328,100.97370147705078,97.7584228515625,
A,Annual,DMA,Dominica,WB_HCP_UISCR1,Primary school completion rate (%),F,Female,PT,Percentage,1,One,WB_HCP,Human Capital Project (HCP),0,Units,A,Normal value,PU,Public,,,,,,,,,,,,,,,,,,,135.40802001953125,,,,,,,,,,,119.86013793945312,109.97151184082033,113.16931915283205,105.4172821044922,99.85379791259766,106.99707794189452,111.76470947265624,99.4047622680664,101.6949234008789,97.59230041503906,91.20134735107422,87.52197265625,99.65695190429688,96.75213623046876,93.4973602294922,101.7013168334961,100.0,103.44168090820312,,,87.52399444580078,,82.85713958740234,85.30020904541016,85.71428680419922
A,Annual,DMA,Dominica,WB_HCP_UISCR1,Primary school completion rate (%),M,Male,PT,Percentage,1,One,WB_HCP,Human Capital Project (HCP),0,Units,A,Normal value,PU,Public,,,,,,,,,,,,,,,,,,,105.25624084472656,,,,,,,,,,,110.38575744628906,115.59220123291016,126.16541290283205,111.60713958740234,109.9423599243164,109.84529113769533,108.03948974609376,100.0,100.3016586303711,95.69377899169922,94.95797729492188,91.9014129638672,88.0,101.55171966552734,98.73645782470705,104.40882110595705,93.3823471069336,99.09420013427734,,,78.13121032714844,,88.48368835449219,83.56163787841797,92.54657745361328
A,Annual,DMA,Dominica,WB_HCP_UISCR1,Primary school completion rate (%),_T,Total,PT,Percentage,1,One,WB_HCP,Human Capital Project (HCP),0,Units,A,Normal value,PU,Public,,,,,,,,,,,,,,,,,,,119.9460906982422,,,,,,,,,,,115.26277923583984,112.7100067138672,119.5427703857422,108.4870834350586,104.9346923828125,108.44667053222656,109.86321258544922,99.70652770996094,100.99085235595705,96.63999938964844,93.08599853515624,89.70976257324219,93.86873626708984,99.14163208007812,96.08191680908205,103.01555633544922,96.6850814819336,101.20929718017578,,,82.91015625,,85.65966033935547,84.40644073486328,89.20635223388672
A,Annual,DNK,Denmark,WB_HCP_UISCR1,Primary school completion rate (%),F,Female,PT,Percentage,1,One,WB_HCP,Human Capital Project (HCP),0,Units,A,Normal value,PU,Public,,98.84191131591795,94.99408721923828,97.1362762451172,96.03965759277344,,,,,,,98.1639175415039,99.060791015625,99.53677368164062,98.59394073486328,99.67366790771484,98.42008209228516,98.77828216552734,99.4450912475586,99.53597259521484,99.9215087890625,99.31836700439452,98.61228942871094,100.49579620361328,100.75782775878906,,,,100.6324691772461,100.10682678222656,100.0,99.4754409790039,102.68148040771484,,100.06414794921876,98.8537368774414,103.7313003540039,100.0,99.55528259277344,98.78327178955078,99.54801940917967,101.07173919677734,99.76690673828124,99.30211639404295,100.18126678466795,99.76461791992188,100.89331817626952,101.10259246826172,99.6264190673828,100.52931213378906,99.65747833251952,99.5444564819336,99.57296752929688,
A,Annual,DNK,Denmark,WB_HCP_UISCR1,Primary school completion rate (%),M,Male,PT,Percentage,1,One,WB_HCP,Human Capital Project (HCP),0,Units,A,Normal value,PU,Public,,96.84893035888672,92.85018920898438,94.29737854003906,92.97994995117188,,,,,,,98.67410278320312,99.43444061279295,98.93544006347656,99.15621185302734,98.57964324951172,98.34503936767578,98.55622100830078,98.39646911621094,100.32308197021484,99.58811950683594,99.1137466430664,98.35086059570312,99.96298217773438,99.5310516357422,,,,99.8224105834961,99.942626953125,99.99668884277344,99.49846649169922,102.68096160888672,,99.93905639648438,98.2698974609375,103.12735748291016,100.0,98.17733764648438,98.16452026367188,99.0772933959961,101.0263214111328,99.53778839111328,98.73137664794922,100.11808013916016,99.4059066772461,102.0539093017578,102.24031066894533,101.17101287841795,100.72599792480467,99.7405014038086,99.79981231689452,100.1808624267578,
A,Annual,DNK,Denmark,WB_HCP_UISCR1,Primary school completion rate (%),_T,Total,PT,Percentage,1,One,WB_HCP,Human Capital Project (HCP),0,Units,A,Normal value,PU,Public,,97.82296752929688,93.8988265991211,95.68771362304688,94.4774169921875,91.72815704345705,98.17208099365234,94.5232391357422,98.18814086914062,106.8611831665039,107.95610809326172,98.42575073242188,99.25257110595705,99.22857666015624,98.88226318359376,99.11453247070312,98.38172912597656,98.66493225097656,98.9096221923828,99.93924713134766,99.75090026855467,99.21354675292967,98.47853088378906,100.22354888916016,100.1315689086914,,,,100.21758270263672,100.02252197265624,99.99829864501952,99.48728942871094,102.68121337890624,,100.0,98.55345153808594,103.42156219482422,100.0,98.84642791748048,98.46563720703124,99.30648803710938,101.0484390258789,99.65003204345705,99.01067352294922,100.1490478515625,99.58032989501952,101.4881362915039,101.68451690673828,100.41387939453124,100.6303482055664,99.70002746582033,99.67603302001952,99.88587951660156,
A,Annual,DOM,Dominican Republic,WB_HCP_UISCR1,Primary school completion rate (%),F,Female,PT,Percentage,1,One,WB_HCP,Human Capital Project (HCP),0,Units,A,Normal value,PU,Public,,35.5924186706543,,,,,,,,,,,,,,,,,,,,,,,,,,,,77.17711639404297,82.58049774169922,,95.90251159667967,,90.4875030517578,,89.33769226074219,95.24304962158205,,93.82454681396484,92.16488647460938,94.0067367553711,94.57364654541016,94.8155517578125,94.84764099121094,97.91731262207033,96.9923095703125,95.02313232421876,93.24401092529295,93.3884735107422,96.90383911132812,88.98847198486328,90.12213134765624,85.92904663085938
A,Annual,DOM,Dominican Republic,WB_HCP_UISCR1,Primary school completion rate (%),M,Male,PT,Percentage,1,One,WB_HCP,Human Capital Project (HCP),0,Units,A,Normal value,PU,Public,,32.05200958251953,,,,,,,,,,,,,,,,,,,,,,,,,,,,69.46302795410156,74.23725891113281,,87.65010070800781,,85.87104797363281,,82.492919921875,90.46743774414062,,94.16976165771484,93.51538848876952,92.0243911743164,92.37151336669922,93.55345916748048,95.70964050292967,101.41867065429688,101.7867431640625,97.13321685791016,94.29270935058594,94.525146484375,97.10415649414062,86.50411987304688,88.87615966796875,84.18347930908203
A,Annual,DOM,Dominican Republic,WB_HCP_UISCR1,Primary school completion rate (%),_T,Total,PT,Percentage,1,One,WB_HCP,Human Capital Project (HCP),0,Units,A,Normal value,PU,Public,,33.81576919555664,,,,,,,,,,52.36315155029297,,,,,,,,,,,,,62.321388244628906,,,,,73.276123046875,78.34146118164062,,91.71707916259766,,88.14385986328125,,85.86181640625,92.81842803955078,,93.99974822998048,92.85015869140624,93.00061798095705,93.45571899414062,94.17469787597656,95.28572082519533,99.69489288330078,99.43049621582033,96.09523010253906,93.77693176269533,93.96617126464844,97.0056610107422,87.72651672363281,89.48863220214844,85.03874969482422
A,Annual,DZA,Algeria,WB_HCP_UISCR1,Primary school completion rate (%),F,Female,PT,Percentage,1,One,WB_HCP,Human Capital Project (HCP),0,Units,A,Normal value,PU,Public,,,30.407560348510746,31.72723960876465,32.819549560546875,38.51087951660156,45.31814956665039,48.4841194152832,50.58877182006836,51.13983917236328,52.06132125854492,54.669921875,58.3691291809082,60.79610824584961,64.16387939453125,75.34706115722656,63.79589080810547,66.9457778930664,70.79708862304688,73.9700698852539,72.97209930419922,73.12499237060547,74.66336822509766,73.67931365966797,72.8135986328125,74.7941665649414,78.07466888427734,80.45973205566406,,83.15971374511719,82.47750854492188,89.62973022460938,92.68789672851562,94.50122833251952,97.1799774169922,98.57514190673828,86.94793701171875,99.31329345703124,110.76307678222656,97.57032775878906,97.66573333740234,97.44474792480467,99.44114685058594,101.97501373291016,101.77652740478516,98.41851043701172,100.85154724121094,102.80291748046876,103.52427673339844,100.29158020019533,102.21392059326172,99.59355926513672,96.09036254882812,100.72511291503906
A,Annual,DZA,Algeria,WB_HCP_UISCR1,Primary school completion rate (%),M,Male,PT,Percentage,1,One,WB_HCP,Human Capital Project (HCP),0,Units,A,Normal value,PU,Public,,,52.68775939941406,53.46253967285156,56.31502151489258,62.26382827758789,70.15461730957031,72.44255828857422,74.496337890625,73.17814636230469,71.12696075439453,76.06037139892578,75.23123931884766,77.74504089355469,83.1060562133789,99.3737564086914,81.13082885742188,83.1610336303711,87.20121002197266,91.70500946044922,89.55196380615234,85.74813079833984,86.97815704345703,85.48258209228516,83.32929229736328,83.48612213134766,85.77713012695312,84.67720031738281,,85.13255310058594,82.27162170410156,89.26892852783203,91.97554779052734,94.16419982910156,95.27747344970705,97.69344329833984,87.4758529663086,96.05484771728516,120.70455932617188,96.45011138916016,98.57742309570312,98.22997283935548,99.83905792236328,102.01725006103516,100.27031707763672,97.845947265625,100.1451187133789,101.86074829101562,101.89044952392578,99.1941375732422,102.2667465209961,99.90484619140624,93.3908462524414,98.6767120361328
A,Annual,DZA,Algeria,WB_HCP_UISCR1,Primary school completion rate (%),_T,Total,PT,Percentage,1,One,WB_HCP,Human Capital Project (HCP),0,Units,A,Normal value,PU,Public,,,41.91484069824219,42.92509841918945,44.919551849365234,50.75096893310547,58.173431396484375,60.91886901855469,63.00117874145508,62.58877944946289,61.968971252441406,65.78430938720703,67.12606048583984,69.59027862548828,73.9800796508789,87.77950286865234,72.74800109863281,75.29850769042969,79.23178100585938,83.0166015625,81.42395782470703,79.55686950683594,80.93756103515625,79.69111633300781,78.16477966308594,79.21781158447266,81.98786926269531,82.61121368408203,,84.17093658447266,82.37190246582031,89.44450378417969,92.3218994140625,94.32795715332033,96.20140838623048,98.12149047851562,87.21961212158203,97.63648986816406,115.88114166259766,97.00015258789062,98.13037872314452,97.84544372558594,99.64437866210938,101.99659729003906,101.00604248046876,98.12547302246094,100.48983764648438,102.32061004638672,102.68798828125,99.72988891601562,102.24093627929688,99.75267791748048,94.71138763427734,99.67884063720705
A,Annual,EAS,East Asia & Pacific,WB_HCP_UISCR1,Primary school completion rate (%),F,Female,PT,Percentage,1,One,WB_HCP,Human Capital Project (HCP),0,Units,A,Normal value,PU,Public,,,,,,,,,,,,,,,,,,,,,,,,,,93.31513214111328,90.64176177978516,91.3112335205078,92.80679321289062,94.19078063964844,96.18917083740234,98.20760345458984,97.08004760742188,96.65467071533205,95.8941879272461,95.45231628417967,94.70419311523438,97.23944854736328,102.02777099609376,102.70890045166016,102.5365219116211,101.34336853027344,99.4486083984375,100.06197357177734,96.55062103271484,94.84026336669922,96.76204681396484,98.25395965576172,99.44613647460938,98.72537231445312,96.83248901367188,98.4573211669922,98.39579010009766,
A,Annual,EAS,East Asia & Pacific,WB_HCP_UISCR1,Primary school completion rate (%),M,Male,PT,Percentage,1,One,WB_HCP,Human Capital Project (HCP),0,Units,A,Normal value,PU,Public,,,,,,,,,,,,,,,,,,,,,,,,,,96.24102020263672,93.49298095703124,93.933837890625,94.7105484008789,95.4390869140625,96.3147964477539,97.40648651123048,96.28732299804688,95.79801177978516,94.80964660644533,94.14827728271484,93.2937469482422,96.0493392944336,100.95480346679688,101.34657287597656,101.1819076538086,99.97383880615234,97.78543853759766,98.66800689697266,96.30644989013672,94.99137115478516,96.08123779296876,97.60140228271484,98.66015625,97.91477966308594,96.01087951660156,97.30571746826172,97.24964904785156,
A,Annual,EAS,East Asia & Pacific,WB_HCP_UISCR1,Primary school completion rate (%),_T,Total,PT,Percentage,1,One,WB_HCP,Human Capital Project (HCP),0,Units,A,Normal value,PU,Public,,,,,,,,,,,,,,,,,103.4182586669922,103.2225112915039,102.9337387084961,102.52533721923828,99.811279296875,95.6502914428711,91.76097869873048,91.41883087158205,89.29435729980469,94.82174682617188,92.10980987548828,92.66439056396484,93.78874969482422,94.83390045166016,96.25070190429688,97.7901611328125,96.66513061523438,96.20233917236328,95.3221435546875,94.7648696899414,93.96050262451172,96.61094665527344,101.4609375,101.98999786376952,101.82167053222656,100.62097930908205,98.57122802734376,99.32698059082033,96.4222412109375,94.9161605834961,96.39865112304688,97.9058609008789,99.02812957763672,98.29495239257812,96.39723205566406,97.84864044189452,97.78993225097656,
A,Annual,ECS,Europe & Central Asia,WB_HCP_UISCR1,Primary school completion rate (%),F,Female,PT,Percentage,1,One,WB_HCP,Human Capital Project (HCP),0,Units,A,Normal value,PU,Public,,,,,,,,,,,,,,,,,,,,,,,96.04004669189452,95.43718719482422,95.44862365722656,94.97010040283205,95.24816131591795,95.59378814697266,96.1755828857422,96.89968872070312,96.4248275756836,98.45020294189452,98.53343200683594,97.78610229492188,98.2894287109375,98.82511901855467,97.55535125732422,97.60469818115234,97.9078598022461,97.69087982177734,97.2585220336914,97.7509307861328,97.77818298339844,97.59190368652344,97.3801498413086,97.59081268310548,101.4980926513672,96.936767578125,96.16015625,97.217041015625,97.73193359375,98.1619873046875,97.85272979736328,97.79950714111328
A,Annual,ECS,Europe & Central Asia,WB_HCP_UISCR1,Primary school completion rate (%),M,Male,PT,Percentage,1,One,WB_HCP,Human Capital Project (HCP),0,Units,A,Normal value,PU,Public,,,,,,,,,,,,,,,,,,,,,,,96.72923278808594,96.00247955322266,96.07200622558594,95.98583984375,96.22730255126952,96.5686264038086,97.19432067871094,98.00743865966795,97.13487243652344,99.1906967163086,99.16133880615234,98.47720336914062,98.9717788696289,99.63314056396484,98.01911926269533,97.82747650146484,97.86952209472656,97.42613983154295,96.9917984008789,97.22360229492188,97.21575927734376,97.1268310546875,96.72164916992188,96.94589233398438,100.549072265625,96.15799713134766,95.60230255126952,96.82028198242188,97.3753433227539,97.9107437133789,97.60059356689452,97.5108413696289
A,Annual,ECS,Europe & Central Asia,WB_HCP_UISCR1,Primary school completion rate (%),_T,Total,PT,Percentage,1,One,WB_HCP,Human Capital Project (HCP),0,Units,A,Normal value,PU,Public,,94.5270004272461,94.4821319580078,94.76277160644533,95.0912094116211,95.38397979736328,95.2474136352539,95.2479476928711,95.55989837646484,95.27847290039062,95.3408432006836,94.92426300048828,94.86621856689452,94.88487243652344,95.2994384765625,95.60243225097656,96.11170959472656,95.65648651123048,97.34058380126952,95.92791748046876,96.20915222167967,96.40088653564452,96.38899230957033,95.72267150878906,95.76421356201172,95.4853286743164,95.74559783935548,96.08914184570312,96.69358825683594,97.46328735351562,96.7877426147461,98.82933807373048,98.85478973388672,98.13997650146484,98.6392593383789,99.23863983154295,97.79326629638672,97.7196807861328,97.88957214355467,97.55555725097656,97.1224136352539,97.4806900024414,97.48973083496094,97.35391998291016,97.04247283935548,97.25997161865234,101.01139068603516,96.53700256347656,95.87391662597656,97.0140609741211,97.5493621826172,98.03286743164062,97.72332763671876,97.65142059326172
A,Annual,ECU,Ecuador,WB_HCP_UISCR1,Primary school completion rate (%),F,Female,PT,Percentage,1,One,WB_HCP,Human Capital Project (HCP),0,Units,A,Normal value,PU,Public,,51.73569869995117,51.91102981567383,55.11104965209961,56.9876594543457,60.90182876586914,65.11441040039062,67.15406036376953,67.11167907714844,70.13941955566406,73.3155288696289,,,,,,,88.61430358886719,91.7767333984375,,,,,,91.63739013671876,89.61631774902344,89.17500305175781,92.35710144042967,,94.75086212158205,94.67117309570312,95.01358795166016,93.88477325439452,93.3007583618164,92.94918060302734,97.22618865966795,96.75,97.45519256591795,,97.35572052001952,102.58924102783205,106.14724731445312,106.03817749023438,104.81771850585938,106.41603088378906,99.74707794189452,97.23394012451172,99.73966217041016,99.06268310546876,96.39037322998048,95.78063201904295,94.70496368408205,100.74723052978516,101.45491027832033
A,Annual,ECU,Ecuador,WB_HCP_UISCR1,Primary school completion rate (%),M,Male,PT,Percentage,1,One,WB_HCP,Human Capital Project (HCP),0,Units,A,Normal value,PU,Public,,55.79109954833984,53.94163131713867,56.91312026977539,60.10160827636719,63.803340911865234,67.92391204833984,69.52362823486328,68.83335876464844,73.69471740722656,76.84007263183594,,,,,,,92.62467193603516,91.8414535522461,,,,,,90.47943115234376,88.27726745605469,88.05522155761719,91.60796356201172,,93.11338806152344,93.73197174072266,93.3218994140625,93.03952026367188,92.24105834960938,92.05512237548828,96.23030853271484,96.68955993652344,96.4784164428711,,96.33059692382812,101.381591796875,104.34903717041016,104.58123016357422,103.57982635498048,105.2242431640625,98.83329010009766,96.23887634277344,98.17440032958984,97.7218780517578,95.1813507080078,94.99041748046876,93.21172332763672,98.24468231201172,99.00093841552734
A,Annual,ECU,Ecuador,WB_HCP_UISCR1,Primary school completion rate (%),_T,Total,PT,Percentage,1,One,WB_HCP,Human Capital Project (HCP),0,Units,A,Normal value,PU,Public,,53.787200927734375,52.93812942504883,56.02251052856445,58.562538146972656,62.369140625,66.53502655029297,68.35222625732422,67.98238372802734,71.93778991699219,75.09868621826172,78.73503112792969,81.69274139404297,85.55815887451172,87.86311340332031,88.44599151611328,,90.64450073242188,91.80950164794922,,,,,,91.04994201660156,88.93656921386719,88.60617065429688,91.97624969482422,,93.91806030273438,94.19336700439452,94.15316009521484,93.45494079589844,92.76197814941406,92.49466705322266,96.71990966796876,96.71926879882812,96.95852661132812,,96.83426666259766,101.97467041015624,105.2316436767578,105.29595947265624,104.18685150146484,105.80829620361328,99.28074645996094,96.72535705566406,98.938720703125,98.37651824951172,95.77159881591795,95.37618255615234,93.94068145751952,99.46662902832033,100.19967651367188
A,Annual,EGY,"Egypt, Arab Rep.",WB_HCP_UISCR1,Primary school completion rate (%),F,Female,PT,Percentage,1,One,WB_HCP,Human Capital Project (HCP),0,Units,A,Normal value,PU,Public,,41.443721771240234,38.91122817993164,41.303958892822266,43.58219146728515,45.18442916870117,46.60477828979492,47.01810836791992,36.796871185302734,23.77475929260254,37.0317497253418,44.36146926879883,,,,,60.96099853515625,,,,,,,,,,,80.67273712158203,,87.42829132080078,86.76283264160156,85.37671661376953,86.0245132446289,82.73919677734375,84.14230346679688,83.56535339355469,81.60558319091797,85.18692016601562,,88.19731140136719,89.60163879394531,,,92.10447692871094,,,87.86392211914062,87.04849243164062,90.82488250732422,93.04583740234376,96.92626953125,97.4683609008789,,
A,Annual,EGY,"Egypt, Arab Rep.",WB_HCP_UISCR1,Primary school completion rate (%),M,Male,PT,Percentage,1,One,WB_HCP,Human Capital Project (HCP),0,Units,A,Normal value,PU,Public,,70.46366882324219,65.65367889404297,69.26834106445312,70.76471710205078,74.0582275390625,74.94834899902344,75.69084930419922,69.8356704711914,47.71173858642578,55.67219924926758,65.84777069091797,,,,,81.26943969726562,,,,,,,,,,,91.05728149414062,,93.73877716064452,92.06593322753906,89.42508697509766,85.76347351074219,84.61148071289062,85.37232208251953,88.92549133300781,82.95095825195312,87.79016876220703,,90.13648223876952,91.18817901611328,,,91.9427719116211,,,88.19715118408203,87.7691879272461,90.43125915527344,92.6637725830078,96.2362289428711,97.4771499633789,,
A,Annual,EGY,"Egypt, Arab Rep.",WB_HCP_UISCR1,Primary school completion rate (%),_T,Total,PT,Percentage,1,One,WB_HCP,Human Capital Project (HCP),0,Units,A,Normal value,PU,Public,,56.434608459472656,52.727149963378906,55.75191116333008,57.63056182861328,60.11396026611328,61.267860412597656,61.85908889770508,53.90605163574219,36.17831039428711,46.6981086730957,55.51253890991211,,,,,71.49230194091797,71.32808685302734,,,,,,,,,,85.99701690673828,,90.67249298095705,89.49212646484375,87.4627914428711,85.88980865478516,83.70610046386719,84.77787017822266,86.33477783203125,82.29962921142578,86.52886199951172,,89.19389343261719,90.41673278808594,,,92.02159118652344,,,88.03392028808594,87.41649627685547,90.62358856201172,92.8502197265625,96.57261657714844,97.47286987304688,,
A,Annual,ERI,Eritrea,WB_HCP_UISCR1,Primary school completion rate (%),F,Female,PT,Percentage,1,One,WB_HCP,Human Capital Project (HCP),0,Units,A,Normal value,PU,Public,,,,,,,,,,,,,,,,,,,,,,,,,26.75278091430664,33.07712173461914,42.02260971069336,46.176971435546875,,48.12070083618164,52.208248138427734,53.81558990478515,48.39326095581055,51.848480224609375,55.0377197265625,69.92572021484375,62.93526077270508,62.289981842041016,56.531280517578125,60.93368911743164,52.99570083618164,52.24142837524414,49.11180877685547,48.56011962890625,52.060001373291016,52.77627182006836,,59.206199645996094,57.88436126708984,54.35538482666016,,,51.55678939819336,
A,Annual,ERI,Eritrea,WB_HCP_UISCR1,Primary school completion rate (%),M,Male,PT,Percentage,1,One,WB_HCP,Human Capital Project (HCP),0,Units,A,Normal value,PU,Public,,,,,,,,,,,,,,,,,,,,,,,,,35.89262008666992,44.6220588684082,62.95499038696289,68.90078735351562,,61.36378860473633,64.10826110839844,64.06935119628906,64.53002166748047,72.06513214111328,81.896728515625,92.73976135253906,84.87100219726562,79.96080780029297,70.81452178955078,74.00077819824219,63.2552604675293,63.44947052001953,60.28321838378906,58.51982879638672,61.72370910644531,62.02375030517578,,68.15312194824219,67.8994369506836,64.4782485961914,,,61.688018798828125,
A,Annual,ERI,Eritrea,WB_HCP_UISCR1,Primary school completion rate (%),_T,Total,PT,Percentage,1,One,WB_HCP,Human Capital Project (HCP),0,Units,A,Normal value,PU,Public,,,,,,,,,,,,,,,,,,,,,,,,,31.311359405517575,38.83900833129883,52.475868225097656,57.52973937988281,,54.74081039428711,58.159698486328125,58.94351959228515,56.46847152709961,61.976539611816406,68.5010986328125,81.3664321899414,73.9410400390625,71.16004180908203,63.7064208984375,67.50077056884766,58.15129089355469,57.87773895263672,54.73149108886719,53.5726318359375,56.924827575683594,57.43307876586914,,63.71343994140625,62.92975997924805,59.455711364746094,,,56.66545867919922,
A,Annual,ESP,Spain,WB_HCP_UISCR1,Primary school completion rate (%),F,Female,PT,Percentage,1,One,WB_HCP,Human Capital Project (HCP),0,Units,A,Normal value,PU,Public,,,,,,,,,,,,101.2136688232422,100.49156951904295,100.09368896484376,103.77279663085938,103.48992919921876,102.7016372680664,101.95223999023438,106.88411712646484,103.36949157714844,103.40457916259766,,,103.7841567993164,104.6938705444336,,,,,,,,,,100.53440856933594,,99.89315032958984,99.83841705322266,99.15637969970705,98.57272338867188,99.07923889160156,96.6780014038086,97.06316375732422,96.70150756835938,96.69548797607422,96.2493133544922,95.28410339355467,97.18374633789062,96.25910186767578,97.2381820678711,96.53620147705078,99.13893127441406,98.696533203125,
A,Annual,ESP,Spain,WB_HCP_UISCR1,Primary school completion rate (%),M,Male,PT,Percentage,1,One,WB_HCP,Human Capital Project (HCP),0,Units,A,Normal value,PU,Public,,,,,,,,,,,,98.4189682006836,98.07691192626952,98.7981414794922,103.36380004882812,103.32830810546876,102.99597930908205,100.34750366210938,108.03386688232422,108.1220932006836,105.2632827758789,,,103.7206573486328,105.6316375732422,,,,,,,,,,100.60392761230467,,100.01544189453124,99.97979736328124,99.30303955078124,98.47551727294922,99.30992889404295,96.31012725830078,96.57859802246094,96.48528289794922,96.35265350341795,95.96092987060548,94.1537628173828,96.1960678100586,95.12254333496094,96.07376098632812,95.50817108154295,99.18939971923828,98.29891204833984,
A,Annual,ESP,Spain,WB_HCP_UISCR1,Primary school completion rate (%),_T,Total,PT,Percentage,1,One,WB_HCP,Human Capital Project (HCP),0,Units,A,Normal value,PU,Public,,,,,,,,,,,,99.7768325805664,99.24810028076172,99.42764282226562,103.5624771118164,103.40689086914062,102.85256958007812,101.12872314453124,107.47418975830078,105.80792999267578,104.35523223876952,,,103.75157928466795,105.17415618896484,,,,,,,,,,100.570068359375,,99.95606231689452,99.91104125976562,99.23150634765624,98.52284240722656,99.19822692871094,96.48922729492188,96.81300354003906,96.5905990600586,96.51920318603516,96.10134887695312,94.7013168334961,96.67601776123048,95.67240142822266,96.6371078491211,96.00534057617188,99.16503143310548,98.49152374267578,
A,Annual,EST,Estonia,WB_HCP_UISCR1,Primary school completion rate (%),F,Female,PT,Percentage,1,One,WB_HCP,Human Capital Project (HCP),0,Units,A,Normal value,PU,Public,,,,,,,,,,,,,,,,,,,,,,,,,,80.11003112792969,87.64189910888672,,89.6949462890625,95.38744354248048,99.06954193115234,102.1890106201172,102.25296020507812,104.10637664794922,106.01907348632812,102.50926971435548,102.47825622558594,101.33738708496094,101.94888305664062,100.12986755371094,100.5043487548828,100.17888641357422,98.03410339355467,97.97319793701172,99.00685119628906,96.44371795654295,98.17476654052734,95.99571990966795,96.81269073486328,97.1564712524414,95.94140625,98.197021484375,98.257568359375,
A,Annual,EST,Estonia,WB_HCP_UISCR1,Primary school completion rate (%),M,Male,PT,Percentage,1,One,WB_HCP,Human Capital Project (HCP),0,Units,A,Normal value,PU,Public,,,,,,,,,,,,,,,,,,,,,,,,,,77.77271270751953,86.22113037109375,,89.61724090576172,92.68138885498048,96.04483795166016,101.6274871826172,100.2935791015625,106.42646026611328,107.91246032714844,104.69149780273438,104.6040267944336,106.5922622680664,102.41590118408205,100.40061950683594,101.43779754638672,99.34890747070312,101.25910949707033,95.88642120361328,97.72039031982422,97.72296142578124,97.70606231689452,96.7496337890625,96.39888763427734,97.3871078491211,95.66828918457033,98.25401306152344,98.77940368652344,
A,Annual,EST,Estonia,WB_HCP_UISCR1,Primary school completion rate (%),_T,Total,PT,Percentage,1,One,WB_HCP,Human Capital Project (HCP),0,Units,A,Normal value,PU,Public,,,,,,,,,,,,,,,,,,,,,,,,,,78.91800689697266,86.91387176513672,,89.65516662597656,93.98577117919922,97.49063873291016,101.89920806884766,101.23692321777344,105.30977630615234,106.99421691894533,103.63308715820312,103.58187866210938,103.9924774169922,102.1875,100.26876831054688,100.98827362060548,99.74957275390624,99.6860122680664,96.88426208496094,98.34062957763672,97.09329986572266,97.93798065185548,96.38076782226562,96.59681701660156,97.2760772705078,95.80139923095705,98.22622680664062,98.52239227294922,
A,Annual,ETH,Ethiopia,WB_HCP_UISCR1,Primary school completion rate (%),F,Female,PT,Percentage,1,One,WB_HCP,Human Capital Project (HCP),0,Units,A,Normal value,PU,Public,,,,,,,,,,,,,11.014880180358888,,,,,19.31233024597168,18.315319061279297,17.548629760742188,,,,,12.3474702835083,12.009699821472168,12.840399742126465,,,13.99057960510254,15.280500411987305,18.928129196166992,21.55384063720703,24.259849548339844,27.48961067199707,34.76565170288086,40.68595886230469,41.58433151245117,45.540740966796875,49.74251937866211,55.81742858886719,50.985618591308594,51.412105560302734,,52.49732208251953,52.04236602783203,,,,,61.93852615356445,,60.88876724243164,55.44070053100586
A,Annual,ETH,Ethiopia,WB_HCP_UISCR1,Primary school completion rate (%),M,Male,PT,Percentage,1,One,WB_HCP,Human Capital Project (HCP),0,Units,A,Normal value,PU,Public,,,,,,,,,,,,,22.38291931152344,,,,,30.818470001220703,29.91762924194336,27.599199295043945,,,,,16.152009963989258,17.270200729370117,19.40308952331543,,,24.680419921875,26.98155975341797,33.495269775390625,37.91072845458984,41.01076889038086,42.3751106262207,47.73664093017578,49.6822395324707,50.1219596862793,51.444149017333984,51.53216171264648,59.16389083862305,54.94633483886719,50.95527648925781,,52.690547943115234,53.63272857666016,,,,,66.1771240234375,,63.35354995727539,56.351016998291016
A,Annual,ETH,Ethiopia,WB_HCP_UISCR1,Primary school completion rate (%),_T,Total,PT,Percentage,1,One,WB_HCP,Human Capital Project (HCP),0,Units,A,Normal value,PU,Public,,,,,,,,,,,,,16.72473907470703,,,,,25.08941078186035,24.14130973815918,22.598249435424805,,,,,14.277899742126465,14.68552017211914,16.184589385986328,,17.429000854492188,19.44908905029297,21.259010314941406,26.369190216064453,29.901750564575195,32.80609130859375,35.084590911865234,41.37371826171875,45.26681900024414,45.93083953857422,48.54301071166992,50.653228759765625,57.52033996582031,52.99978256225586,51.18000793457031,,52.59540939331055,52.84944152832031,,,,,64.09295654296875,,62.14180374145508,55.90358352661133
A,Annual,FIN,Finland,WB_HCP_UISCR1,Primary school completion rate (%),F,Female,PT,Percentage,1,One,WB_HCP,Human Capital Project (HCP),0,Units,A,Normal value,PU,Public,,,,,,,,,,,,,,,,,,99.40939331054688,99.53240203857422,99.55339050292967,99.78848266601562,99.20886993408205,99.86405181884766,99.56906127929688,99.29322052001952,99.44664764404295,100.1655731201172,,99.7032470703125,99.25289154052734,99.82568359375,99.28124237060548,98.89441680908205,98.89610290527344,99.2472915649414,98.90763092041016,99.40290832519533,98.97277069091795,98.8546905517578,99.44039154052734,98.91132354736328,99.28196716308594,98.7614517211914,98.9811782836914,99.0271987915039,99.49658966064452,99.16496276855467,99.20574951171876,99.59323120117188,99.36932373046876,98.9040298461914,99.4299774169922,98.1308364868164,
A,Annual,FIN,Finland,WB_HCP_UISCR1,Primary school completion rate (%),M,Male,PT,Percentage,1,One,WB_HCP,Human Capital Project (HCP),0,Units,A,Normal value,PU,Public,,,,,,,,,,,,,,,,,,99.69573211669922,99.23741912841795,99.44444274902344,99.75836944580078,99.57317352294922,99.88046264648438,98.7191162109375,99.62818908691406,99.33025360107422,98.24788665771484,,99.84056091308594,99.61231231689452,99.37937927246094,99.09471893310548,99.07524871826172,98.7895736694336,99.38488006591795,99.68900299072266,99.58863830566406,98.9324188232422,100.09522247314452,99.14630126953124,99.07122802734376,99.69927978515624,98.94937133789062,99.6066665649414,99.3895034790039,99.41670989990234,99.6816635131836,99.05811309814452,99.80692291259766,99.5010223388672,99.44525146484376,99.13780212402344,98.62493133544922,
A,Annual,FIN,Finland,WB_HCP_UISCR1,Primary school completion rate (%),_T,Total,PT,Percentage,1,One,WB_HCP,Human Capital Project (HCP),0,Units,A,Normal value,PU,Public,,,,,,,,,,,,,,,,,,99.55503845214844,99.380859375,99.49765014648438,99.77310943603516,99.39541625976562,99.87238311767578,99.1338882446289,99.46428680419922,99.38678741455078,99.1850128173828,99.87779998779295,99.77326965332033,99.43688201904295,99.5973129272461,99.18605041503906,98.98681640625,98.841552734375,99.31723022460938,99.30671691894533,99.49739837646484,98.9522476196289,99.4875717163086,99.28978729248048,98.9924774169922,99.49488830566406,98.85726165771484,99.30322265625,99.212158203125,99.45561981201172,99.42762756347656,99.12998962402344,99.7019500732422,99.43659973144533,99.1813507080078,99.28067779541016,98.3830795288086,
A,Annual,FJI,Fiji,WB_HCP_UISCR1,Primary school completion rate (%),F,Female,PT,Percentage,1,One,WB_HCP,Human Capital Project (HCP),0,Units,A,Normal value,PU,Public,,,,,,,,,,,95.813720703125,94.86235809326172,,93.52828979492188,93.01455688476562,97.29730224609376,97.92060089111328,,,,,,96.91988372802734,,97.3419189453125,98.62184143066406,96.7244110107422,96.66950225830078,101.0789031982422,93.68978881835938,89.1119384765625,93.71710968017578,96.9813003540039,,98.31671905517578,,98.4309310913086,,93.01180267333984,93.73755645751952,,93.93611907958984,96.06166076660156,94.3175048828125,94.73871612548828,98.3691177368164,96.8133544921875,98.7177963256836,99.56925964355467,98.79734802246094,96.49797058105467,109.8233642578125,107.77662658691406,110.4428939819336
A,Annual,FJI,Fiji,WB_HCP_UISCR1,Primary school completion rate (%),M,Male,PT,Percentage,1,One,WB_HCP,Human Capital Project (HCP),0,Units,A,Normal value,PU,Public,,,,,,,,,,,96.56378936767578,94.35724639892578,,94.27291107177734,93.86418151855467,97.29933166503906,100.02462005615234,,,,,,97.56934356689452,,98.3003387451172,96.6115264892578,95.52584075927734,98.6080093383789,97.10279846191406,94.0365982055664,91.77870178222656,90.5867691040039,92.68620300292967,,97.53150939941406,,98.69769287109376,,93.5109634399414,93.95973205566406,,95.67781829833984,96.1406707763672,96.44363403320312,96.74234008789062,101.09493255615234,99.40119934082033,103.05265808105467,100.454345703125,105.55371856689452,102.71141052246094,114.9333953857422,115.61296081542967,113.93891143798828
A,Annual,FJI,Fiji,WB_HCP_UISCR1,Primary school completion rate (%),_T,Total,PT,Percentage,1,One,WB_HCP,Human Capital Project (HCP),0,Units,A,Normal value,PU,Public,,,88.22889709472656,95.0508270263672,91.39864349365234,,99.8515396118164,100.39833068847656,105.15264892578124,100.46222686767578,96.1921615600586,94.60749816894533,,93.90451049804688,93.4441909790039,97.29833221435548,98.98487091064452,,,,,,97.24967956542967,,97.8301773071289,97.59628295898438,96.11216735839844,97.66111755371094,99.04286193847656,93.8676528930664,90.48098754882812,92.10807037353516,94.77092742919922,,97.91207885742188,,98.56851959228516,,93.2693862915039,93.85208892822266,,94.83171081542967,96.10221862792967,95.40625762939452,95.76206970214844,99.75836944580078,98.1283721923828,100.91426849365234,100.01680755615234,102.20564270019533,99.6302719116211,112.40117645263672,111.73040771484376,112.21044158935548
A,Annual,FRA,France,WB_HCP_UISCR1,Primary school completion rate (%),F,Female,PT,Percentage,1,One,WB_HCP,Human Capital Project (HCP),0,Units,A,Normal value,PU,Public,,97.25589752197266,96.18424987792967,,,,,,,,,,,,,,,,,,,,,,,,,,,,,,,,,,,,,,,,,,,,,,,,,,,
A,Annual,FRA,France,WB_HCP_UISCR1,Primary school completion rate (%),M,Male,PT,Percentage,1,One,WB_HCP,Human Capital Project (HCP),0,Units,A,Normal value,PU,Public,,92.71647644042967,91.56922912597656,,,,,,,,,,,,,,,,,,,,,,,,,,,,,,,,,,,,,,,,,,,,,,,,,,,
A,Annual,FRA,France,WB_HCP_UISCR1,Primary school completion rate (%),_T,Total,PT,Percentage,1,One,WB_HCP,Human Capital Project (HCP),0,Units,A,Normal value,PU,Public,,94.93936157226562,93.82898712158205,,,94.78195190429688,95.76107788085938,95.56400299072266,98.2719268798828,98.16049194335938,97.44152069091795,,,,,,102.20171356201172,100.9362335205078,98.55460357666016,98.87188720703124,99.65630340576172,99.2051010131836,101.60587310791016,,,,,,,98.61933135986328,92.93036651611328,,,,,,,,,,,,,,,,,,,,,,,
A,Annual,FSM,"Micronesia, Fed. Sts.",WB_HCP_UISCR1,Primary school completion rate (%),F,Female,PT,Percentage,1,One,WB_HCP,Human Capital Project (HCP),0,Units,A,Normal value,PU,Public,,,,,,,,,,,,,,,,,,,,,,,,,,,,,,,,,,,,,,,,,,,,94.75494384765624,92.68292999267578,86.6830062866211,85.25,82.69537353515625,89.72659301757812,85.99656677246094,80.94834899902344,84.6980972290039,90.13961791992188,
A,Annual,FSM,"Micronesia, Fed. Sts.",WB_HCP_UISCR1,Primary school completion rate (%),M,Male,PT,Percentage,1,One,WB_HCP,Human Capital Project (HCP),0,Units,A,Normal value,PU,Public,,,,,,,,,,,,,,,,,,,,,,,,,,,,,,,,,,,,,,,,,,,,93.75506591796876,96.05911254882812,95.1718521118164,90.35655975341795,81.04417419433594,90.86251068115234,89.07284545898438,76.22149658203125,85.16179656982422,83.6617431640625,
A,Annual,FSM,"Micronesia, Fed. Sts.",WB_HCP_UISCR1,Primary school completion rate (%),_T,Total,PT,Percentage,1,One,WB_HCP,Human Capital Project (HCP),0,Units,A,Normal value,PU,Public,,,,,,,,,,,,,,,,,,,,,,,,,,,,,,,,,,,,,,,,,,,,94.24040222167967,94.391357421875,90.92395782470705,87.83895111083984,81.87274932861328,90.28595733642578,87.56324005126953,78.53881072998047,84.93537902832031,86.80203247070312,
A,Annual,GAB,Gabon,WB_HCP_UISCR1,Primary school completion rate (%),F,Female,PT,Percentage,1,One,WB_HCP,Human Capital Project (HCP),0,Units,A,Normal value,PU,Public,,,48.067440032958984,46.7734489440918,,70.99855041503906,71.68538665771484,67.81297302246094,67.03008270263672,73.43949127197266,71.95121765136719,73.77010345458984,75.80552673339844,76.93241119384766,66.80101776123047,,,62.60752868652344,61.72874069213867,61.73167037963867,,,58.13346099853515,,,61.00484848022461,63.27452087402344,64.36634063720703,,,,,70.29608154296875,68.54058837890625,,,,,,,,,,,,,,,,74.649658203125,,82.35997009277344,,
A,Annual,GAB,Gabon,WB_HCP_UISCR1,Primary school completion rate (%),M,Male,PT,Percentage,1,One,WB_HCP,Human Capital Project (HCP),0,Units,A,Normal value,PU,Public,,,64.51560974121094,63.588470458984375,,83.21209716796875,91.4890594482422,83.22863006591797,85.88018035888672,83.99846649169922,84.70005798339844,90.374267578125,90.46029663085938,87.79731750488281,75.97575378417969,,,66.90592193603516,65.39948272705078,61.970088958740234,,,52.72066116333008,,,61.75505828857422,61.37940979003906,64.7046890258789,,,,,68.44634246826172,66.76698303222656,,,,,,,,,,,,,,,,71.19232177734375,,81.68472290039062,,
A,Annual,GAB,Gabon,WB_HCP_UISCR1,Primary school completion rate (%),_T,Total,PT,Percentage,1,One,WB_HCP,Human Capital Project (HCP),0,Units,A,Normal value,PU,Public,,,56.26396179199219,55.1556282043457,,77.0893783569336,81.56282806396484,75.5024185180664,76.43341064453125,78.70819854736328,78.31266021728516,82.05632781982422,83.119873046875,82.3558578491211,71.3823013305664,87.52117156982422,,64.75538635253906,63.56317901611328,61.8508415222168,,,55.425880432128906,,,61.38016891479492,62.326438903808594,64.53562927246094,,,,,69.37120819091797,67.6539077758789,,,,,,,,,,,,,,,,72.9149398803711,,82.02069854736328,,
A,Annual,GBR,United Kingdom,WB_HCP_UISCR1,Primary school completion rate (%),F,Female,PT,Percentage,1,One,WB_HCP,Human Capital Project (HCP),0,Units,A,Normal value,PU,Public,,,,,,,,,,,,,,,,,,,,,,,,,,,,,,,,,,,,,,,,,,,,,,98.92196655273438,98.59361267089844,98.5167007446289,98.46772003173828,100.19979858398438,99.59815216064452,99.404296875,99.8799285888672,
A,Annual,GBR,United Kingdom,WB_HCP_UISCR1,Primary school completion rate (%),M,Male,PT,Percentage,1,One,WB_HCP,Human Capital Project (HCP),0,Units,A,Normal value,PU,Public,,,,,,,,,,,,,,,,,,,,,,,,,,,,,,,,,,,,,,,,,,,,,,98.7992172241211,98.41439819335938,98.34942626953124,98.48287200927734,100.09220886230467,99.4573974609375,99.4883270263672,100.2852020263672,
A,Annual,GBR,United Kingdom,WB_HCP_UISCR1,Primary school completion rate (%),_T,Total,PT,Percentage,1,One,WB_HCP,Human Capital Project (HCP),0,Units,A,Normal value,PU,Public,,,,,,,,,,,,,,,,,,,,,,,,,,,,,,,,,,,,,,,,,,,,,,98.85903930664062,98.50179290771484,98.43099212646484,98.47547912597656,100.14472198486328,99.52609252929688,99.44734191894533,100.08743286132812,
A,Annual,GEO,Georgia,WB_HCP_UISCR1,Primary school completion rate (%),F,Female,PT,Percentage,1,One,WB_HCP,Human Capital Project (HCP),0,Units,A,Normal value,PU,Public,,,,,,,,,,,,,,,,,,,,,,,,,,,,,,,98.45247650146484,104.37989807128906,108.45996856689452,100.03270721435548,106.08338165283205,97.95491027832033,,,106.6823501586914,107.50103759765624,109.36399841308594,,104.55130004882812,107.3350601196289,106.00287628173828,105.2557601928711,118.22604370117188,118.9845199584961,101.3445281982422,97.8093032836914,92.75920867919922,87.30232238769531,110.6951675415039,105.98419952392578
A,Annual,GEO,Georgia,WB_HCP_UISCR1,Primary school completion rate (%),M,Male,PT,Percentage,1,One,WB_HCP,Human Capital Project (HCP),0,Units,A,Normal value,PU,Public,,,,,,,,,,,,,,,,,,,,,,,,,,,,,,,100.10894012451172,103.44381713867188,106.6144027709961,104.1231918334961,107.3260498046875,99.74883270263672,,,110.60440826416016,113.83808135986328,114.9644012451172,,109.14212799072266,112.0298080444336,110.4668197631836,108.84066772460938,122.72398376464844,122.3752212524414,103.64366912841795,99.1068115234375,97.27732849121094,90.19976806640624,111.85614776611328,107.94310760498048
A,Annual,GEO,Georgia,WB_HCP_UISCR1,Primary school completion rate (%),_T,Total,PT,Percentage,1,One,WB_HCP,Human Capital Project (HCP),0,Units,A,Normal value,PU,Public,,,,,,,,,,,,,,,,,,,,,,,,,,83.77249908447266,85.7684326171875,87.14421081542969,,88.02979278564453,99.2928237915039,103.90528869628906,107.52507781982422,102.10946655273438,106.71241760253906,98.86628723144533,97.9110336303711,105.2963409423828,108.6993637084961,110.7721176147461,112.26522827148438,,106.94548797607422,109.78131103515624,108.32756805419922,107.12882232666016,120.5789794921875,120.75231170654295,102.53822326660156,98.4816665649414,95.0958023071289,88.7954330444336,111.29254913330078,106.99535369873048
A,Annual,GHA,Ghana,WB_HCP_UISCR1,Primary school completion rate (%),F,Female,PT,Percentage,1,One,WB_HCP,Human Capital Project (HCP),0,Units,A,Normal value,PU,Public,,52.12150955200195,46.50862884521485,,41.840579986572266,42.423370361328125,44.2259407043457,45.868690490722656,47.17229843139648,48.08121871948242,50.48228073120117,52.96738052368164,,,,,,,,,,49.924190521240234,51.42900848388672,,,,,,,56.827449798583984,60.33266830444336,58.41004180908203,60.11640930175781,65.63345336914062,59.47307968139648,68.0017318725586,67.10868072509766,72.5710220336914,79.49852752685547,79.18092346191406,,84.51805877685547,100.13292694091795,89.31764221191406,87.48475646972656,92.36077880859376,,86.69114685058594,87.8575210571289,,,,91.7502670288086,
A,Annual,GHA,Ghana,WB_HCP_UISCR1,Primary school completion rate (%),M,Male,PT,Percentage,1,One,WB_HCP,Human Capital Project (HCP),0,Units,A,Normal value,PU,Public,,65.78289031982422,58.830230712890625,,54.20576095581055,56.925559997558594,60.70515060424805,62.86589813232422,66.07132720947266,66.7493667602539,68.15644836425781,73.0286636352539,,,,,,,,,,63.248779296875,64.98748779296875,,,,,,,65.78035736083984,69.4360122680664,66.03166961669922,67.66657257080078,65.06037139892578,70.74970245361328,75.12650299072266,72.2352523803711,79.10064697265625,85.66596984863281,88.29673767089844,,91.7288818359375,82.45999145507812,93.0096206665039,90.95836639404295,94.95852661132812,,88.9846420288086,88.21994018554688,,,,92.25862121582033,
A,Annual,GHA,Ghana,WB_HCP_UISCR1,Primary school completion rate (%),_T,Total,PT,Percentage,1,One,WB_HCP,Human Capital Project (HCP),0,Units,A,Normal value,PU,Public,,59.06108093261719,52.76544952392578,,48.08882141113281,49.73326873779297,52.51622009277344,54.41102981567383,56.643741607666016,57.42136001586914,59.3211784362793,63.012081146240234,,,,,,,,,,56.73104095458984,58.33707809448242,,,,,,,61.36180877685547,64.94454956054688,62.27186965942383,63.940670013427734,65.34326934814453,65.17967224121094,71.60626983642578,69.70140838623047,75.8752670288086,82.61856842041016,83.79139709472656,,88.16381072998047,91.1953582763672,91.18480682373048,89.2414321899414,93.67414855957033,,87.84977722167969,88.04061126708984,,,,92.00717163085938,
A,Annual,GIB,Gibraltar,WB_HCP_UISCR1,Primary school completion rate (%),F,Female,PT,Percentage,1,One,WB_HCP,Human Capital Project (HCP),0,Units,A,Normal value,PU,Public,,,,,,,,,,,,,,,,,,,,,,,,,,,,,,,,,,,,,,,,,,,,,,,109.40593719482422,124.27745819091795,,127.80748748779295,142.93478393554688,123.6966781616211,148.50299072265625,140.1129913330078
A,Annual,GIB,Gibraltar,WB_HCP_UISCR1,Primary school completion rate (%),M,Male,PT,Percentage,1,One,WB_HCP,Human Capital Project (HCP),0,Units,A,Normal value,PU,Public,,,,,,,,,,,,,,,,,,,,,,,,,,,,,,,,,,,,,,,,,,,,,,,107.69230651855467,118.23204040527344,,118.9189224243164,112.953369140625,140.5263214111328,115.30612182617188,134.92062377929688
A,Annual,GIB,Gibraltar,WB_HCP_UISCR1,Primary school completion rate (%),_T,Total,PT,Percentage,1,One,WB_HCP,Human Capital Project (HCP),0,Units,A,Normal value,PU,Public,,,,,,,,,,,,,,,,,,,,,,,,,,,,,,,,,,,,,,,,,,,,,,,108.53659057617188,121.18643951416016,,123.38710021972656,127.58621215820312,131.6708221435547,130.57850646972656,137.4316864013672
A,Annual,GIN,Guinea,WB_HCP_UISCR1,Primary school completion rate (%),F,Female,PT,Percentage,1,One,WB_HCP,Human Capital Project (HCP),0,Units,A,Normal value,PU,Public,,,,,,,,,,,,,,,10.19087028503418,8.922039985656738,8.52206039428711,7.709750175476074,5.999179840087891,6.094850063323975,8.43239974975586,8.717789649963379,8.679969787597656,9.78754997253418,10.768600463867188,10.110719680786133,,,14.521360397338867,17.006309509277344,20.021039962768555,22.356029510498047,26.188840866088867,28.674589157104492,36.989261627197266,42.6485481262207,47.88602828979492,49.20159912109375,43.16421127319336,48.04130935668945,46.90467834472656,53.54940414428711,55.13534164428711,55.9913215637207,57.98414993286133,54.06138610839844,53.941219329833984,48.10889434814453,48.92953872680664,49.77421951293945,53.6374397277832,56.36870193481445,,
A,Annual,GIN,Guinea,WB_HCP_UISCR1,Primary school completion rate (%),M,Male,PT,Percentage,1,One,WB_HCP,Human Capital Project (HCP),0,Units,A,Normal value,PU,Public,,,,,,,,,,,,,,,26.462860107421875,21.13504981994629,20.24052047729492,20.006149291992188,16.432809829711914,18.362529754638672,28.220590591430664,24.00425910949707,23.610519409179688,27.404300689697266,28.897930145263672,29.65620994567871,,,36.77547836303711,41.56927108764648,43.79705047607422,44.99604034423828,48.817020416259766,46.37839126586914,56.59225845336914,62.5994987487793,66.03343963623047,65.37181091308594,57.708858489990234,64.36579895019531,66.08252716064453,66.54664611816406,66.73629760742188,67.69725799560547,69.8333969116211,71.33748626708984,70.68183898925781,62.569732666015625,64.1341781616211,64.00891876220703,67.74931335449219,69.79818725585938,,
A,Annual,GIN,Guinea,WB_HCP_UISCR1,Primary school completion rate (%),_T,Total,PT,Percentage,1,One,WB_HCP,Human Capital Project (HCP),0,Units,A,Normal value,PU,Public,,,,,,,,17.737159729003906,19.161190032958984,,20.66180992126465,16.966480255126953,18.300519943237305,17.9112491607666,18.389259338378903,15.078789710998535,14.430780410766602,13.913260459899902,11.266440391540527,12.291890144348145,18.436019897460938,16.45085906982422,16.238330841064453,18.712270736694336,19.959239959716797,20.026609420776367,30.88554954528809,,25.817480087280273,29.47205924987793,32.083740234375,33.83856964111328,37.66432189941406,37.65871047973633,46.94654083251953,52.7905387878418,57.115989685058594,57.43199920654297,50.57109832763672,56.353328704833984,56.66735076904297,60.162593841552734,61.03778839111328,61.94099044799805,64.00247955322266,62.83464813232422,62.4415283203125,55.448631286621094,56.64527130126953,56.99654006958008,60.79780960083008,63.18391036987305,,
A,Annual,GMB,"Gambia, The",WB_HCP_UISCR1,Primary school completion rate (%),F,Female,PT,Percentage,1,One,WB_HCP,Human Capital Project (HCP),0,Units,A,Normal value,PU,Public,,9.886870384216309,10.789429664611816,10.603509902954102,10.76809024810791,12.690500259399414,11.533169746398926,9.213239669799805,13.251370429992676,12.879389762878418,14.132519721984863,14.640439987182615,15.999529838562012,17.41950035095215,21.078479766845703,23.407379150390625,26.1126708984375,28.70298957824707,,26.34095001220703,,,28.00943946838379,28.017559051513672,26.37820053100586,30.009519577026367,36.975341796875,33.324951171875,,53.09265899658203,53.419429779052734,55.046669006347656,53.67805862426758,58.34481048583984,58.45795822143555,57.71751022338867,57.01259994506836,65.08973693847656,72.91020965576172,,64.05722045898438,59.98455429077149,60.53724670410156,62.22333526611328,62.339210510253906,63.04679107666016,63.217674255371094,,,73.1986083984375,77.74110412597656,80.3265609741211,81.84919738769531,82.6219482421875
A,Annual,GMB,"Gambia, The",WB_HCP_UISCR1,Primary school completion rate (%),M,Male,PT,Percentage,1,One,WB_HCP,Human Capital Project (HCP),0,Units,A,Normal value,PU,Public,,25.62148094177246,28.28380012512207,27.547399520874023,26.775869369506836,27.583730697631836,27.595779418945312,22.17283058166504,27.642730712890625,29.510400772094727,33.268531799316406,33.16307067871094,38.62548065185547,43.27981948852539,49.20478057861328,49.9632682800293,50.86085891723633,55.26744079589844,,47.94981002807617,,,45.99467086791992,42.36594009399414,42.30281829833984,43.23426055908203,48.99750900268555,48.535701751708984,,67.82151794433594,66.53685760498047,66.58473205566406,64.83820343017578,65.8767318725586,63.88378143310547,59.84614944458008,57.89228057861328,63.35261917114258,66.42118835449219,,61.96012878417969,57.83839797973633,59.81893157958984,59.0146598815918,58.88957977294922,58.41933059692383,58.654170989990234,,,64.1037368774414,65.71615600585938,68.6016616821289,68.72012329101562,68.63282775878906
A,Annual,GMB,"Gambia, The",WB_HCP_UISCR1,Primary school completion rate (%),_T,Total,PT,Percentage,1,One,WB_HCP,Human Capital Project (HCP),0,Units,A,Normal value,PU,Public,,17.7120304107666,19.492809295654297,19.037750244140625,18.73933982849121,20.10301971435547,19.530059814453125,15.654999732971191,20.3870792388916,21.126850128173828,23.628530502319336,23.83987045288086,27.25053977966309,30.2987003326416,35.10778045654297,36.67488098144531,38.49544143676758,42.00239944458008,,37.15398025512695,,,37.00307846069336,35.19147872924805,34.349769592285156,36.62953186035156,42.98918151855469,40.9322395324707,,60.44486999511719,59.961158752441406,60.796539306640625,59.23733901977539,62.09553909301758,61.166900634765625,58.78290939331055,57.45378875732422,64.21685791015625,69.64556884765625,,63.00025177001953,58.902095794677734,60.17485809326172,60.60403823852539,60.59783554077149,60.7109489440918,60.91339111328125,,,68.60755920410156,71.67083740234375,74.407470703125,75.22073364257812,75.55651092529297
A,Annual,GNB,Guinea-Bissau,WB_HCP_UISCR1,Primary school completion rate (%),F,Female,PT,Percentage,1,One,WB_HCP,Human Capital Project (HCP),0,Units,A,Normal value,PU,Public,,,,,,,,,,6.928989887237549,3.8635799884796143,7.128039836883545,7.483560085296631,6.685319900512695,7.567210197448731,,,5.638360023498535,3.8718199729919434,,,,,,,,,,,,19.96200942993164,,,,,,,,,,56.20576858520508,,,,,,,,,,,,,
A,Annual,GNB,Guinea-Bissau,WB_HCP_UISCR1,Primary school completion rate (%),M,Male,PT,Percentage,1,One,WB_HCP,Human Capital Project (HCP),0,Units,A,Normal value,PU,Public,,,,,,,,,,20.55653953552246,16.30164909362793,21.688310623168945,23.277109146118164,18.00429916381836,15.919400215148926,,,12.015700340270996,7.915170192718506,,,,,,,,,,,,34.905479431152344,,,,,,,,,,69.9539794921875,,,,,,,,,,,,,
A,Annual,GNB,Guinea-Bissau,WB_HCP_UISCR1,Primary school completion rate (%),_T,Total,PT,Percentage,1,One,WB_HCP,Human Capital Project (HCP),0,Units,A,Normal value,PU,Public,,,,,,,7.1419901847839355,,,14.056690216064451,10.369609832763672,14.73058032989502,15.69452953338623,12.53501033782959,11.85319995880127,,,8.823909759521484,5.879909992218018,,,,,,,,,,,,27.488689422607425,,,,,,,,,,63.11418914794922,,,,,,,,,,,,,
A,Annual,GNQ,Equatorial Guinea,WB_HCP_UISCR1,Primary school completion rate (%),F,Female,PT,Percentage,1,One,WB_HCP,Human Capital Project (HCP),0,Units,A,Normal value,PU,Public,,,,,,,,,,,,,,,,,,,,,,,,,35.66434097290039,,,,,,32.287601470947266,,,22.664039611816406,,31.961259841918945,,,30.43478012084961,33.56309127807617,37.10726165771485,37.48625183105469,40.19572067260742,,,40.79513931274414,,,,,,,,
A,Annual,GNQ,Equatorial Guinea,WB_HCP_UISCR1,Primary school completion rate (%),M,Male,PT,Percentage,1,One,WB_HCP,Human Capital Project (HCP),0,Units,A,Normal value,PU,Public,,,,,,,,,,,,,,,,,,,,,,,,,39.91054153442383,,,,,,41.52521896362305,,,31.64002990722656,,33.82722854614258,,,32.666969299316406,34.44483947753906,35.80704879760742,35.2464714050293,37.4752311706543,,,37.43825912475586,,,,,,,,
A,Annual,GNQ,Equatorial Guinea,WB_HCP_UISCR1,Primary school completion rate (%),_T,Total,PT,Percentage,1,One,WB_HCP,Human Capital Project (HCP),0,Units,A,Normal value,PU,Public,,,,,,,,,,,,,,,,,,,,,,,,,37.792728424072266,,,,,,36.92213821411133,,,27.196090698242188,,32.894290924072266,,,31.553199768066406,34.00828170776367,36.44540023803711,36.337650299072266,38.794979095458984,,,39.06110000610352,,,,,,,,
A,Annual,GRC,Greece,WB_HCP_UISCR1,Primary school completion rate (%),F,Female,PT,Percentage,1,One,WB_HCP,Human Capital Project (HCP),0,Units,A,Normal value,PU,Public,,105.61990356445312,106.64659881591795,102.88240051269533,99.4210433959961,100.19587707519533,100.11795043945312,102.64594268798828,103.86813354492188,103.13162994384766,101.93251037597656,101.60482025146484,96.90025329589844,99.05906677246094,100.03247833251952,101.22833251953124,103.63249969482422,96.73161315917967,98.71437072753906,98.51973724365234,,,93.97947692871094,,,,,,,,,,,,94.1504364013672,98.55162048339844,98.55207824707033,98.54882049560548,,,97.2528076171875,94.97698974609376,97.28469848632812,94.26979064941406,95.28778839111328,96.93199920654295,98.2740707397461,97.72030639648438,97.07003784179688,97.97643280029295,97.7479476928711,95.7826919555664,99.25086212158205,
A,Annual,GRC,Greece,WB_HCP_UISCR1,Primary school completion rate (%),M,Male,PT,Percentage,1,One,WB_HCP,Human Capital Project (HCP),0,Units,A,Normal value,PU,Public,,109.07656860351562,109.1759262084961,107.26122283935548,101.87420654296876,100.47946166992188,99.212890625,100.90917205810548,103.71280670166016,103.84757232666016,102.97126770019533,103.36908721923828,99.3677215576172,99.7222137451172,101.6209716796875,103.43830871582033,106.70430755615234,97.91631317138672,99.56977081298828,98.32318115234376,,,94.35382080078124,,,,,,,,,,,,96.19029998779295,100.76629638671876,101.0147705078125,101.47593688964844,,,98.99369049072266,96.33365631103516,98.51396942138672,96.4881820678711,95.20069122314452,98.25672912597656,99.70169830322266,99.1371078491211,98.11717987060548,98.7669906616211,99.0608901977539,96.8777084350586,99.4436492919922,
A,Annual,GRC,Greece,WB_HCP_UISCR1,Primary school completion rate (%),_T,Total,PT,Percentage,1,One,WB_HCP,Human Capital Project (HCP),0,Units,A,Normal value,PU,Public,,107.38951110839844,107.94435119628906,105.12281799316406,100.68383026123048,100.34326171875,99.64600372314452,101.7418975830078,103.78761291503906,103.50079345703124,102.46695709228516,102.51091003417967,98.1623077392578,99.39903259277344,100.8462905883789,102.35845184326172,105.2049789428711,97.3380126953125,99.15264892578124,98.41885375976562,,,94.17208862304688,,,,,,,,,,,,95.20256805419922,99.67797088623048,99.81067657470705,100.03965759277344,,,98.1417007446289,95.66950225830078,97.91243743896484,95.40351104736328,95.24324035644533,97.61077880859376,99.00637817382812,98.44795989990234,97.6072235107422,98.38407135009766,98.41925811767578,96.3431167602539,99.3498992919922,
A,Annual,GRD,Grenada,WB_HCP_UISCR1,Primary school completion rate (%),F,Female,PT,Percentage,1,One,WB_HCP,Human Capital Project (HCP),0,Units,A,Normal value,PU,Public,,,,,,,,,85.6264419555664,87.23916625976562,,,,95.83332824707033,87.52108001708984,,,,,,,,,,,,,,,91.47058868408205,,,89.09803771972656,102.32171630859376,,104.9405288696289,,103.74752807617188,112.24696350097656,119.95841979980467,108.55332946777344,,,97.38407135009766,,,92.30769348144533,,106.32630157470705,,,82.27979278564453,,
A,Annual,GRD,Grenada,WB_HCP_UISCR1,Primary school completion rate (%),M,Male,PT,Percentage,1,One,WB_HCP,Human Capital Project (HCP),0,Units,A,Normal value,PU,Public,,,,,,,,,84.6385498046875,86.67192077636719,,,,91.36578369140624,81.30333709716797,,,,,,,,,,,,,,,96.39768981933594,,,94.14894104003906,100.39871978759766,,103.16622924804688,,100.379150390625,119.41748046875,134.09091186523438,123.87161254882812,,,105.5045928955078,,,101.23456573486328,,111.28860473632812,,,88.75621795654297,,
A,Annual,GRD,Grenada,WB_HCP_UISCR1,Primary school completion rate (%),_T,Total,PT,Percentage,1,One,WB_HCP,Human Capital Project (HCP),0,Units,A,Normal value,PU,Public,,,,,,,98.57787322998048,95.24327850341795,85.1274185180664,86.95305633544922,,,,93.51020050048828,84.28282928466797,82.36724853515625,,,,,,,,,,,,,,93.95924377441406,,,91.6634521484375,101.34146118164062,,104.03587341308594,,102.02996826171876,115.9068374633789,127.20365142822266,116.4094696044922,,,101.51780700683594,,,96.8553466796875,,108.85869598388672,,,85.58375549316406,,
A,Annual,GTM,Guatemala,WB_HCP_UISCR1,Primary school completion rate (%),F,Female,PT,Percentage,1,One,WB_HCP,Human Capital Project (HCP),0,Units,A,Normal value,PU,Public,,,,,,,28.30903053283691,28.54759979248047,29.5716495513916,,,,,,,,,,,,,,,,,,42.28678894042969,,,46.13209915161133,49.93574142456055,52.01274108886719,56.12174987792969,,63.293270111083984,67.42537689208984,70.99243927001953,71.8644790649414,74.8583984375,80.19532012939453,81.54714965820312,84.61521911621094,85.30490112304688,85.42205810546875,84.65496063232422,83.78788757324219,80.94998931884766,80.77564239501953,80.65760803222656,80.15650177001953,81.35460662841797,87.59683990478516,87.24044799804688,87.43997955322266
A,Annual,GTM,Guatemala,WB_HCP_UISCR1,Primary school completion rate (%),M,Male,PT,Percentage,1,One,WB_HCP,Human Capital Project (HCP),0,Units,A,Normal value,PU,Public,,,,,,,32.77939987182617,32.653141021728516,34.165531158447266,,,,,,,,,,,,,,,,,,50.87250900268555,,,55.1386604309082,58.675270080566406,60.53778839111328,63.92179107666016,,71.1865234375,74.9632797241211,77.37326049804688,77.24725341796875,79.9856185913086,85.6986083984375,86.20410919189453,87.89264678955078,87.53407287597656,87.4926986694336,87.68364715576172,86.47772979736328,82.31784057617188,83.15106964111328,82.81403350830078,81.29306030273438,81.31558990478516,89.3870620727539,86.78050231933594,85.44171142578125
A,Annual,GTM,Guatemala,WB_HCP_UISCR1,Primary school completion rate (%),_T,Total,PT,Percentage,1,One,WB_HCP,Human Capital Project (HCP),0,Units,A,Normal value,PU,Public,23.09943962097168,23.34450912475586,25.46571922302246,,,29.472990036010746,30.573999404907227,30.626079559326172,31.897369384765625,32.39414978027344,34.617008209228516,34.91244125366211,35.1468505859375,36.69664001464844,38.17797088623047,39.658470153808594,42.536251068115234,,,,,,,,,,46.63814926147461,,,50.7087287902832,54.37260818481445,56.33557891845703,60.07511138916016,,67.29341888427734,71.24495697021484,74.22409057617188,74.58805084228516,77.45271301269531,82.98013305664062,83.90350341796875,86.27352142333984,86.43312072753906,86.47004699707031,86.18781280517578,85.14929962158203,81.64192962646484,81.97701263427734,81.74809265136719,80.73143768310547,81.3348617553711,88.50311279296875,87.00755310058594,86.42790222167969
A,Annual,GUY,Guyana,WB_HCP_UISCR1,Primary school completion rate (%),F,Female,PT,Percentage,1,One,WB_HCP,Human Capital Project (HCP),0,Units,A,Normal value,PU,Public,,95.16175079345705,93.15631866455078,86.05998992919922,82.59407043457031,,77.59268951416016,85.03395080566406,83.81719970703125,83.74683380126953,80.9664306640625,,90.38127899169922,,,,,90.16973876953124,,,,,95.19075012207033,96.82351684570312,,83.06591033935547,90.50885772705078,88.65115356445312,,96.83653259277344,100.39913177490234,78.92185974121094,,69.58287811279297,,97.61930847167967,99.1057586669922,99.37535095214844,98.95465850830078,103.07083892822266,97.7519989013672,103.97473907470705,104.59117889404295,,,,,,,,,,,
A,Annual,GUY,Guyana,WB_HCP_UISCR1,Primary school completion rate (%),M,Male,PT,Percentage,1,One,WB_HCP,Human Capital Project (HCP),0,Units,A,Normal value,PU,Public,,96.3488311767578,89.29511260986328,88.3493423461914,86.43559265136719,,79.36324310302734,87.42674255371094,83.99146270751953,91.13025665283205,84.89530944824219,,91.14942932128906,,,,,88.45182800292969,,,,,92.3720932006836,91.4772720336914,,84.85807800292969,85.2519302368164,87.92447662353516,,98.20762634277344,96.05824279785156,89.5548324584961,,75.53648376464844,,96.12957763671876,99.93562316894533,96.79895782470705,99.83511352539062,103.51409149169922,99.00887298583984,105.75411224365234,106.40486145019533,,,,,,,,,,,
A,Annual,GUY,Guyana,WB_HCP_UISCR1,Primary school completion rate (%),_T,Total,PT,Percentage,1,One,WB_HCP,Human Capital Project (HCP),0,Units,A,Normal value,PU,Public,,95.75404357910156,91.23078155517578,87.2027587890625,84.51396179199219,,78.47982025146484,86.23407745361328,83.9046630859375,87.45436096191406,82.93926239013672,88.40335083007812,90.76634979248048,86.63565063476562,91.54824829101562,,,89.31504821777344,,,,,93.78550720214844,94.14865112304688,,83.9678726196289,87.8578109741211,88.28410339355469,,97.52996063232422,98.20530700683594,84.29031372070312,,72.59359741210938,,96.86485290527344,99.526611328125,98.06720733642578,99.40216827392578,103.29638671875,98.39202117919922,104.88159942626952,105.51624298095705,,,,,,,,,,,
A,Annual,HIC,High income,WB_HCP_UISCR1,Primary school completion rate (%),F,Female,PT,Percentage,1,One,WB_HCP,Human Capital Project (HCP),0,Units,A,Normal value,PU,Public,,,,,,,,,,94.49075317382812,96.2495574951172,96.1952133178711,95.87291717529295,95.83091735839844,96.47496032714844,96.39038848876952,96.72921752929688,96.94344329833984,96.74881744384766,96.21607208251952,96.63539123535156,96.11788940429688,96.55420684814452,96.6334991455078,97.03279876708984,97.08040618896484,97.31027221679688,97.5457992553711,97.78811645507812,98.06920623779295,97.72598266601562,98.82389068603516,98.35252380371094,98.24262237548828,98.1579132080078,97.8293685913086,97.83241271972656,98.09010314941406,98.20555114746094,98.45760345458984,98.7362823486328,98.63893127441406,99.31304931640624,98.26802825927734,98.0221710205078,98.26937103271484,97.76751708984376,98.00077056884766,97.20060729980467,99.5156707763672,98.9630889892578,98.7925262451172,97.72147369384766,97.97276306152344
A,Annual,HIC,High income,WB_HCP_UISCR1,Primary school completion rate (%),M,Male,PT,Percentage,1,One,WB_HCP,Human Capital Project (HCP),0,Units,A,Normal value,PU,Public,,,,,,,,,,94.553466796875,96.05377197265624,96.07129669189452,95.68688201904295,95.71402740478516,96.46949768066406,96.4609603881836,96.75435638427734,97.05476379394533,96.8900375366211,96.63065338134766,96.8351593017578,96.2824935913086,96.7255401611328,96.74813842773438,97.17240142822266,97.58216857910156,97.78330993652344,97.9639892578125,98.20584106445312,98.60131072998048,97.94608306884766,99.22682189941406,98.7397918701172,98.5719223022461,98.5704574584961,98.2984390258789,98.16902923583984,98.31046295166016,98.46183013916016,98.54492950439452,98.72216033935548,98.52510833740234,99.2191390991211,98.30474853515624,98.14566040039062,98.4627685546875,98.01506042480467,98.36994171142578,99.3941879272461,97.77948760986328,98.34111785888672,99.09770965576172,98.3614730834961,98.61512756347656
A,Annual,HIC,High income,WB_HCP_UISCR1,Primary school completion rate (%),_T,Total,PT,Percentage,1,One,WB_HCP,Human Capital Project (HCP),0,Units,A,Normal value,PU,Public,95.3501434326172,95.45858001708984,95.4862289428711,95.96466064453124,95.93588256835938,95.97338104248048,96.11605072021484,95.90912628173828,97.9364776611328,94.5238265991211,96.14977264404295,96.1319808959961,95.77764129638672,95.77094268798828,96.47144317626952,96.42571258544922,96.74188995361328,97.0015869140625,96.8234405517578,96.4308090209961,96.73890686035156,96.20350646972656,96.64370727539062,96.69387817382812,97.10516357421876,97.33727264404295,97.55213165283205,97.7589111328125,98.00041198730467,98.34024047851562,97.83760833740234,99.03147888183594,98.55235290527344,98.4058609008789,98.36360931396484,98.06098175048828,97.99669647216795,98.19650268554688,98.33203125,98.49604034423828,98.7219696044922,98.57750701904295,99.26316833496094,98.28704071044922,98.08670043945312,98.3616180419922,97.88787078857422,98.1843032836914,98.32064819335938,98.62403106689452,98.6434326171875,98.94937133789062,98.04979705810548,98.30245971679688
A,Annual,HKG,"Hong Kong SAR, China",WB_HCP_UISCR1,Primary school completion rate (%),F,Female,PT,Percentage,1,One,WB_HCP,Human Capital Project (HCP),0,Units,A,Normal value,PU,Public,,,,,,,,,,,102.62006378173828,101.37438201904295,100.2818603515625,99.45570373535156,100.20378875732422,100.77044677734376,,,,,,,,,,,,,,,,,,103.47222137451172,99.1698989868164,99.4168701171875,100.09114074707033,98.0952377319336,95.07813262939452,94.34783172607422,100.79808044433594,101.60975646972656,102.1903076171875,111.78838348388672,101.18431091308594,93.30451202392578,93.37786102294922,110.70175170898438,92.42160034179688,96.45578002929688,103.87188720703124,118.59243774414062,98.85455322265624,
A,Annual,HKG,"Hong Kong SAR, China",WB_HCP_UISCR1,Primary school completion rate (%),M,Male,PT,Percentage,1,One,WB_HCP,Human Capital Project (HCP),0,Units,A,Normal value,PU,Public,,,,,,,,,,,102.12798309326172,101.10318756103516,97.56207275390624,97.21173858642578,98.3280029296875,98.50396728515624,,,,,,,,,,,,,,,,,,104.84449768066406,100.61289978027344,102.24285888671876,100.8194808959961,97.15081024169922,96.40930938720705,96.46272277832033,102.57657623291016,103.64401245117188,102.43312072753906,110.48689270019533,101.31272888183594,97.3309097290039,98.07836151123048,111.95082092285156,93.31714630126952,97.64127349853516,105.02658081054688,119.55814361572266,100.9189224243164,
A,Annual,HKG,"Hong Kong SAR, China",WB_HCP_UISCR1,Primary school completion rate (%),_T,Total,PT,Percentage,1,One,WB_HCP,Human Capital Project (HCP),0,Units,A,Normal value,PU,Public,,,,,,,,,,,102.36604309082033,101.23433685302734,98.87004089355467,98.28727722167967,99.22252655029295,99.58268737792967,100.86273956298828,,,103.69432067871094,102.88105010986328,102.22702026367188,99.6769027709961,97.11998748779295,95.8734893798828,96.85159301757812,95.41898345947266,,,,,96.35926818847656,96.87628936767578,104.1769027709961,99.91017150878906,100.85904693603516,100.46691131591795,97.60482025146484,95.7638931274414,95.43460845947266,101.71627807617188,102.6644287109375,102.3167495727539,111.10433197021484,101.25093841552734,95.3511962890625,95.75472259521484,111.3474578857422,92.88591003417967,97.0689697265625,104.46907043457033,119.09475708007812,99.92469024658205,86.30091094970703
A,Annual,HND,Honduras,WB_HCP_UISCR1,Primary school completion rate (%),F,Female,PT,Percentage,1,One,WB_HCP,Human Capital Project (HCP),0,Units,A,Normal value,PU,Public,,,,,,,,,,,48.10274124145508,,52.00870895385742,,55.81523895263672,,,,,,,58.04362869262695,67.37835693359375,69.65650177001953,71.36393737792969,67.17214965820312,72.11192321777344,72.23451232910156,66.97151947021484,,,,,79.34635162353516,,79.15994262695312,84.55828857421875,,83.79666137695312,85.21392822265625,88.38118743896484,89.11660766601562,88.14827728271484,81.37622833251953,77.07630157470703,,79.18463897705078,80.48169708251953,,79.40875244140625,79.8690185546875,75.09420013427734,72.01583862304688,77.74801635742188
A,Annual,HND,Honduras,WB_HCP_UISCR1,Primary school completion rate (%),M,Male,PT,Percentage,1,One,WB_HCP,Human Capital Project (HCP),0,Units,A,Normal value,PU,Public,,,,,,,,,,,42.21112823486328,,46.82286834716797,,50.08686828613281,,,,,,,62.75273132324219,59.14519119262695,60.60573959350586,62.25226974487305,65.29486846923828,62.41814041137695,63.56774139404297,70.29476928710938,,,,,73.86258697509766,,73.19023132324219,78.69905853271484,,77.81697082519531,80.10511016845703,82.642578125,83.28491973876953,81.63054656982422,76.185791015625,72.94805145263672,,77.0884017944336,77.8319320678711,,74.38868713378906,74.70513153076172,70.39093780517578,67.8776626586914,73.84970092773438
A,Annual,HND,Honduras,WB_HCP_UISCR1,Primary school completion rate (%),_T,Total,PT,Percentage,1,One,WB_HCP,Human Capital Project (HCP),0,Units,A,Normal value,PU,Public,,,,,,,,,,,45.129520416259766,,49.39226150512695,,52.922630310058594,,,,,,,60.44029998779297,63.181270599365234,65.0399169921875,66.71317291259766,66.2138900756836,67.16461944580078,67.81253814697266,68.66632080078125,,,,,76.54808807373047,,76.11477661132812,81.56919860839844,,80.74263763427734,82.60398864746094,85.44895935058594,86.13587951660156,84.8156509399414,78.72109985351562,74.9632797241211,,78.111328125,79.1250228881836,,76.83767700195312,77.22457122802734,72.68583679199219,69.89642333984375,75.7510986328125
A,Annual,HRV,Croatia,WB_HCP_UISCR1,Primary school completion rate (%),F,Female,PT,Percentage,1,One,WB_HCP,Human Capital Project (HCP),0,Units,A,Normal value,PU,Public,,,,,,,,,,,,,,,,,,,,,,,,,,79.87117004394531,85.00398254394531,87.47840118408203,92.08895874023438,90.92133331298828,,101.78556823730467,98.54828643798828,101.870849609375,,100.66573333740234,99.45442962646484,100.0163116455078,97.38015747070312,97.00235748291016,97.26988983154295,97.65503692626952,97.68643188476562,97.49070739746094,97.21085357666016,101.76522827148438,97.93575286865234,98.2679672241211,101.38529205322266,99.72857666015624,100.807861328125,97.80294036865234,100.01629638671876,
A,Annual,HRV,Croatia,WB_HCP_UISCR1,Primary school completion rate (%),M,Male,PT,Percentage,1,One,WB_HCP,Human Capital Project (HCP),0,Units,A,Normal value,PU,Public,,,,,,,,,,,,,,,,,,,,,,,,,,80.77147674560547,87.06266784667969,89.44920349121094,93.72888946533205,92.52542877197266,,102.52742767333984,100.1432876586914,102.17427825927734,,101.50338745117188,100.91461944580078,99.34367370605467,96.9243392944336,97.31675720214844,97.61770629882812,97.5956573486328,98.3804702758789,98.01407623291016,98.1911392211914,100.43170166015624,97.11353302001952,98.54917907714844,100.20223236083984,99.14656829833984,100.25894165039062,98.20947265625,100.53604125976562,
A,Annual,HRV,Croatia,WB_HCP_UISCR1,Primary school completion rate (%),_T,Total,PT,Percentage,1,One,WB_HCP,Human Capital Project (HCP),0,Units,A,Normal value,PU,Public,,,,,,,,,,,,,,,,,,,,,,,,,84.17532348632812,80.32926177978516,86.05082702636719,88.47972106933594,92.9216079711914,91.7379379272461,,102.1639404296875,99.36749267578124,102.02667999267578,,101.09007263183594,100.20220947265624,99.6697769165039,97.1472625732422,97.16291046142578,97.44796752929688,97.6244888305664,98.04216003417967,97.75856018066406,97.71337890625,101.07581329345705,97.5143585205078,98.41345977783205,100.77880096435548,99.43070220947266,100.5280303955078,98.01248931884766,100.28173065185548,
A,Annual,HTI,Haiti,WB_HCP_UISCR1,Primary school completion rate (%),F,Female,PT,Percentage,1,One,WB_HCP,Human Capital Project (HCP),0,Units,A,Normal value,PU,Public,,,,,,,,,,25.416500091552734,25.88581085205078,,26.620729446411133,28.391149520874023,,31.19346046447754,32.67438888549805,34.76675033569336,,,,,,,,,,49.19670104980469,,,,,,,,,,,,,,,,,,,,,,,,,,
A,Annual,HTI,Haiti,WB_HCP_UISCR1,Primary school completion rate (%),M,Male,PT,Percentage,1,One,WB_HCP,Human Capital Project (HCP),0,Units,A,Normal value,PU,Public,,,,,,,,,,28.795560836791992,29.93989944458008,,30.70125961303711,33.562469482421875,,36.277381896972656,38.61674118041992,39.88584899902344,,,,,,,,,,53.377418518066406,,,,,,,,,,,,,,,,,,,,,,,,,,
A,Annual,HTI,Haiti,WB_HCP_UISCR1,Primary school completion rate (%),_T,Total,PT,Percentage,1,One,WB_HCP,Human Capital Project (HCP),0,Units,A,Normal value,PU,Public,,,,,,,,,,27.101259231567383,27.908279418945312,,28.658700942993164,30.975400924682617,,33.737449645996094,35.650169372558594,37.33174133300781,,,,,,,,,,51.29275131225586,,,,,,,,,,,,,,,,,,,,,,,,,,
A,Annual,HUN,Hungary,WB_HCP_UISCR1,Primary school completion rate (%),F,Female,PT,Percentage,1,One,WB_HCP,Human Capital Project (HCP),0,Units,A,Normal value,PU,Public,,,,,,,97.56841278076172,101.16326141357422,101.60247039794922,95.4688491821289,97.46350860595705,94.4272232055664,96.3166275024414,97.17613220214844,105.02017211914062,100.77474212646484,92.2196807861328,94.46278381347656,93.08551025390624,92.54647064208984,92.20127868652344,,,,,,,94.9004135131836,99.33984375,97.6618194580078,98.6530532836914,96.8905029296875,97.89376831054688,97.9729232788086,99.2405776977539,96.68860626220705,99.17095184326172,97.14099884033205,99.92687225341795,98.5040512084961,98.95372772216795,97.11022186279295,97.70539093017578,97.82511138916016,98.35604095458984,98.52471160888672,97.10971069335938,99.66364288330078,98.85346221923828,93.17814636230467,92.90496063232422,93.4152603149414,97.54862213134766,
A,Annual,HUN,Hungary,WB_HCP_UISCR1,Primary school completion rate (%),M,Male,PT,Percentage,1,One,WB_HCP,Human Capital Project (HCP),0,Units,A,Normal value,PU,Public,,,,,,,97.07418823242188,98.77783203125,99.80066680908205,95.54093170166016,95.23388671875,93.9852294921875,95.1860580444336,95.8284683227539,102.61823272705078,99.61466217041016,90.83804321289062,92.61485290527344,91.89269256591795,91.69345092773438,91.03710174560548,,,,,,,96.75665283203124,99.10671997070312,98.97428131103516,99.67195892333984,97.85743713378906,98.45198822021484,98.46156311035156,98.96317291259766,97.33809661865234,99.37606811523438,97.84252166748048,101.3976821899414,99.95127868652344,100.86663818359376,98.32456970214844,98.03672790527344,97.79116821289062,99.0740737915039,98.7607421875,96.51261138916016,100.49128723144533,97.39212799072266,92.94434356689452,93.66465759277344,95.13945770263672,97.30628967285156,
A,Annual,HUN,Hungary,WB_HCP_UISCR1,Primary school completion rate (%),_T,Total,PT,Percentage,1,One,WB_HCP,Human Capital Project (HCP),0,Units,A,Normal value,PU,Public,,93.18415069580078,91.2857894897461,96.64080810546876,96.22178649902344,96.40235900878906,97.31388854980467,99.92977905273438,100.67415618896484,95.50588989257812,96.31011962890624,94.19995880126952,95.73580169677734,96.48139190673828,103.78449249267578,100.17945098876952,91.510009765625,93.51273345947266,92.47498321533205,92.109130859375,91.60655975341795,87.36820983886719,89.37410736083984,92.28987884521484,,,,95.84562683105467,99.22061920166016,98.33509826660156,99.17481994628906,97.38382720947266,98.17928314208984,98.22312927246094,99.09900665283205,97.02124786376952,99.276123046875,97.50160217285156,100.68470001220705,99.2431869506836,99.93312072753906,97.7294692993164,97.87581634521484,97.80770111083984,98.7244873046875,98.64601135253906,96.80142211914062,100.08746337890624,98.10501861572266,93.0584487915039,93.29463958740234,94.2952117919922,97.42411041259766,
A,Annual,IDN,Indonesia,WB_HCP_UISCR1,Primary school completion rate (%),F,Female,PT,Percentage,1,One,WB_HCP,Human Capital Project (HCP),0,Units,A,Normal value,PU,Public,,,,,,,,,,,,,,,,,,,,,,,,,,96.94207000732422,96.35749053955078,94.70540618896484,,,,96.9952163696289,98.85150146484376,100.71491241455078,100.51055908203124,100.76133728027344,98.75238800048828,100.19568634033205,99.4838409423828,101.53864288330078,98.28561401367188,104.58345794677734,110.77253723144533,108.72053527832033,106.44229125976562,106.06783294677734,107.52417755126952,105.21925354003906,103.93875885009766,104.21119689941406,102.37030792236328,102.08961486816406,101.52794647216795,100.76299285888672
A,Annual,IDN,Indonesia,WB_HCP_UISCR1,Primary school completion rate (%),M,Male,PT,Percentage,1,One,WB_HCP,Human Capital Project (HCP),0,Units,A,Normal value,PU,Public,,,,,,,,,,,,,,,,,,,,,,,,,,93.62165832519533,93.45549011230467,96.07816314697266,,,,93.8589096069336,95.90648651123048,98.43287658691406,96.90086364746094,97.31993865966795,96.419677734375,100.343017578125,98.92330169677734,98.92881774902344,106.5655288696289,100.25045776367188,107.55921936035156,105.69309997558594,112.81330871582033,112.8070297241211,108.3821029663086,107.1217269897461,105.9558563232422,104.99073028564452,103.87614440917967,104.60812377929688,104.3702392578125,103.02561950683594
A,Annual,IDN,Indonesia,WB_HCP_UISCR1,Primary school completion rate (%),_T,Total,PT,Percentage,1,One,WB_HCP,Human Capital Project (HCP),0,Units,A,Normal value,PU,Public,,,52.67898941040039,53.25537109375,50.835411071777344,49.06739044189453,48.49562072753906,52.99374008178711,55.81351089477539,,,65.84779357910156,70.4250717163086,75.74275970458984,85.5808334350586,95.25543212890624,97.41674041748048,97.29324340820312,97.08490753173828,97.4142074584961,94.39588165283205,90.74120330810548,89.08670043945312,92.7073974609375,95.43936920166016,95.24152374267578,94.8697280883789,95.4097137451172,,,,95.38349151611328,97.33820343017578,99.54205322265624,98.65484619140624,98.99201202392578,97.55371856689452,100.2713623046875,99.19603729248048,100.19912719726562,102.53489685058594,102.35930633544922,109.12262725830078,107.1662139892578,109.71356201171876,109.52851104736328,107.9646987915039,106.19600677490234,104.97411346435548,104.61125946044922,103.14293670654295,103.38159942626952,102.98580169677734,101.92369079589844
A,Annual,IND,India,WB_HCP_UISCR1,Primary school completion rate (%),F,Female,PT,Percentage,1,One,WB_HCP,Human Capital Project (HCP),0,Units,A,Normal value,PU,Public,,27.518360137939453,,,29.206480026245117,,,,,,,,,,,,,50.3916015625,51.854679107666016,,,,,,,63.11288833618164,,,,60.5212287902832,63.211151123046875,68.77796936035156,71.19304656982422,79.40779876708984,,,,,98.262451171875,99.85877990722656,,96.01480865478516,,98.63304138183594,100.40245819091795,101.34305572509766,100.53192901611328,99.60208892822266,,97.2928695678711,99.0501480102539,99.64469909667967,,93.64913177490234
A,Annual,IND,India,WB_HCP_UISCR1,Primary school completion rate (%),M,Male,PT,Percentage,1,One,WB_HCP,Human Capital Project (HCP),0,Units,A,Normal value,PU,Public,,50.92346954345703,,,53.331268310546875,,,,,,,,,,,,,75.33908081054688,76.31231689453125,,,,,,,82.61942291259766,,,,76.63255310058594,79.0972671508789,83.39845275878906,85.58316040039062,86.23146057128906,,,,,98.2645492553711,98.80085754394533,,95.77971649169922,,95.45308685302734,97.76998138427734,98.5876922607422,98.19937896728516,97.6611328125,,95.4084014892578,97.23782348632812,98.57362365722656,,93.34232330322266
A,Annual,IND,India,WB_HCP_UISCR1,Primary school completion rate (%),_T,Total,PT,Percentage,1,One,WB_HCP,Human Capital Project (HCP),0,Units,A,Normal value,PU,Public,,39.65074920654297,,,41.702388763427734,,,,,,,,,,,,,63.32994079589844,64.54918670654297,,,,,,,73.25360870361328,,,,68.89942169189453,71.46900939941406,76.37680053710938,78.67822265625,82.96259307861328,,,,,98.2635498046875,99.30287170410156,,95.8912353515625,,96.97248077392578,99.0280990600586,99.9040069580078,99.3136749267578,98.58871459960938,,96.3093719482422,98.10421752929688,99.0854949951172,,93.48896026611328
A,Annual,IRL,Ireland,WB_HCP_UISCR1,Primary school completion rate (%),F,Female,PT,Percentage,1,One,WB_HCP,Human Capital Project (HCP),0,Units,A,Normal value,PU,Public,,,,,,,,,,,,,,,,,,,,,,,99.6202621459961,102.86174774169922,103.64851379394533,105.18657684326172,,,98.55631256103516,97.69889831542967,96.45503997802734,94.97606658935548,95.0243911743164,95.333740234375,96.78711700439452,95.54776763916016,,,,,,,,99.51770782470705,100.5870590209961,99.31555938720705,100.43134307861328,99.41789245605467,97.20471954345705,102.42154693603516,99.87866973876952,99.20519256591795,98.01814270019533,
A,Annual,IRL,Ireland,WB_HCP_UISCR1,Primary school completion rate (%),M,Male,PT,Percentage,1,One,WB_HCP,Human Capital Project (HCP),0,Units,A,Normal value,PU,Public,,,,,,,,,,,,,,,,,,,,,,,98.3121109008789,101.81981658935548,103.0932388305664,104.33601379394533,,,96.82736206054688,95.27464294433594,96.82013702392578,94.46002960205078,94.91026306152344,94.44032287597656,94.31314086914062,94.39800262451172,,,,,,,,96.2015609741211,99.11994171142578,98.12384796142578,98.98605346679688,97.22675323486328,97.44635772705078,98.938720703125,98.11637878417967,97.52574920654295,95.00264739990234,
A,Annual,IRL,Ireland,WB_HCP_UISCR1,Primary school completion rate (%),_T,Total,PT,Percentage,1,One,WB_HCP,Human Capital Project (HCP),0,Units,A,Normal value,PU,Public,,,,,,,,,,,,,,,,,,,,,,,98.94407653808594,102.32537841796876,103.36356353759766,104.7500228881836,,,97.66880798339844,96.4492416381836,96.6412124633789,94.71307373046876,94.96613311767578,94.87361907958984,95.5203628540039,94.95694732666016,,,,,,,,97.81537628173828,99.83773040771484,98.70777893066406,99.69187927246094,98.2880630493164,97.32833862304688,100.63231658935548,98.97643280029295,98.34578704833984,96.4699478149414,
A,Annual,IRN,"Iran, Islamic Rep.",WB_HCP_UISCR1,Primary school completion rate (%),F,Female,PT,Percentage,1,One,WB_HCP,Human Capital Project (HCP),0,Units,A,Normal value,PU,Public,,35.36204147338867,,,,,,,,,,,,,,,,74.14002227783203,76.86563873291016,78.0823974609375,80.86084747314453,84.286376953125,88.16008758544922,90.95165252685548,90.64122009277344,94.70744323730467,,93.9185028076172,,,92.33477020263672,94.62438201904295,91.6623306274414,86.88648223876953,103.80628204345705,115.47747802734376,103.4372787475586,102.2654037475586,105.56230926513672,107.22908782958984,106.14643096923828,104.61908721923828,101.87577056884766,,,98.83699035644533,98.07367706298828,95.77467346191406,,92.41140747070312,97.42456817626952,,,
A,Annual,IRN,"Iran, Islamic Rep.",WB_HCP_UISCR1,Primary school completion rate (%),M,Male,PT,Percentage,1,One,WB_HCP,Human Capital Project (HCP),0,Units,A,Normal value,PU,Public,,62.098819732666016,,,,,,,,,,,,,,,,93.21991729736328,93.0466079711914,93.1952896118164,94.48040771484376,98.73988342285156,102.30789184570312,104.11328887939452,101.47534942626952,104.53325653076172,,102.26837921142578,,,98.68660736083984,100.59725189208984,97.3131866455078,95.65338897705078,100.88443756103516,107.3106689453125,107.55606079101562,105.1221694946289,107.96755981445312,109.42607879638672,108.41742706298828,106.81571197509766,103.64893341064452,,,101.2565689086914,98.60999298095705,97.48590087890624,,101.55764770507812,98.64737701416016,,,
A,Annual,IRN,"Iran, Islamic Rep.",WB_HCP_UISCR1,Primary school completion rate (%),_T,Total,PT,Percentage,1,One,WB_HCP,Human Capital Project (HCP),0,Units,A,Normal value,PU,Public,,49.230281829833984,,,,,,,,,,,,,79.91310119628906,83.4034194946289,84.69660186767578,83.9806137084961,85.18285369873047,85.81675720214844,87.79485321044922,91.59635925292967,95.2762680053711,97.5548095703125,96.06948852539062,99.63204956054688,,98.11036682128906,,,95.54469299316406,97.64901733398438,94.52806091308594,91.3379364013672,102.32150268554688,111.3257293701172,105.5321273803711,103.71887969970705,106.78643798828124,108.34752655029295,107.30323028564452,105.73863983154295,102.77970886230467,,,100.07032012939452,98.34705352783205,96.6474380493164,,97.08075714111328,98.04900360107422,,,
A,Annual,IRQ,Iraq,WB_HCP_UISCR1,Primary school completion rate (%),F,Female,PT,Percentage,1,One,WB_HCP,Human Capital Project (HCP),0,Units,A,Normal value,PU,Public,,23.032339096069336,23.79318046569824,24.079679489135746,20.938749313354492,24.8629093170166,26.572099685668945,35.623470306396484,40.80438995361328,,53.66764831542969,,,47.4669189453125,,56.44123077392578,55.56438827514648,52.13167190551758,57.31105041503906,53.47114944458008,,,,55.3473014831543,,,,,,50.09896087646485,48.707740783691406,,,,60.957801818847656,,,53.272239685058594,,,,,,,,,,,,,,,,
A,Annual,IRQ,Iraq,WB_HCP_UISCR1,Primary school completion rate (%),M,Male,PT,Percentage,1,One,WB_HCP,Human Capital Project (HCP),0,Units,A,Normal value,PU,Public,,65.88562774658203,65.01786041259766,64.71772766113281,56.09955978393555,67.5477294921875,68.86134338378906,88.25849151611328,88.72514343261719,,94.6139907836914,,,63.78472137451172,,69.77677154541016,69.61843872070312,61.88943862915039,63.48210906982422,65.0360107421875,,,,66.92855072021484,,,,,,62.09912872314453,60.04050064086914,,,,82.34219360351562,,,72.7031021118164,,,,,,,,,,,,,,,,
A,Annual,IRQ,Iraq,WB_HCP_UISCR1,Primary school completion rate (%),_T,Total,PT,Percentage,1,One,WB_HCP,Human Capital Project (HCP),0,Units,A,Normal value,PU,Public,,44.78107833862305,44.72412872314453,44.720680236816406,38.806358337402344,46.557010650634766,48.06568908691406,62.377960205078125,65.180908203125,,74.51376342773438,,,55.779388427734375,,63.236968994140625,62.727149963378906,57.10636138916016,60.45772171020508,59.368778228759766,,,,61.2576789855957,,,,,,56.22589874267578,54.49094009399414,,,,71.8681869506836,,,63.18383026123047,,,,,,,,,,,,,,,,
A,Annual,ISL,Iceland,WB_HCP_UISCR1,Primary school completion rate (%),F,Female,PT,Percentage,1,One,WB_HCP,Human Capital Project (HCP),0,Units,A,Normal value,PU,Public,,,,,,,,,,,,,,,,,,,,,,,,,,,,,98.97802734375,98.57142639160156,99.5386962890625,98.55137634277344,98.6824188232422,98.6475067138672,98.53412628173828,98.74327087402344,98.633056640625,98.8753890991211,99.16356658935548,98.27821350097656,99.23882293701172,99.00238037109376,99.20709228515624,99.02957153320312,98.24475860595705,99.26181030273438,99.80943298339844,98.89093780517578,98.41120910644533,99.63980102539062,98.14733123779295,98.49182891845705,99.23262786865234,
A,Annual,ISL,Iceland,WB_HCP_UISCR1,Primary school completion rate (%),M,Male,PT,Percentage,1,One,WB_HCP,Human Capital Project (HCP),0,Units,A,Normal value,PU,Public,,,,,,,,,,,,,,,,,,,,,,,,,,,,,98.62651824951172,100.20491790771484,99.86300659179688,100.12557983398438,99.73673248291016,99.95893096923828,98.74729919433594,100.29215240478516,98.97915649414062,99.22614288330078,98.68016052246094,99.09365844726562,98.97503662109376,99.4114990234375,98.69564819335938,99.41441345214844,99.11669158935548,98.93411254882812,99.24883270263672,98.97869110107422,99.7794418334961,99.15218353271484,98.62328338623048,98.57142639160156,98.67575073242188,
A,Annual,ISL,Iceland,WB_HCP_UISCR1,Primary school completion rate (%),_T,Total,PT,Percentage,1,One,WB_HCP,Human Capital Project (HCP),0,Units,A,Normal value,PU,Public,,,,,,,,,,,,,,,,,,,,,,,,,,,,,98.80519104003906,99.40135192871094,99.71021270751952,99.36929321289062,99.21875,99.31263732910156,98.64383697509766,99.5458526611328,98.80648040771484,99.05474090576172,98.91525268554688,98.69583892822266,99.10262298583984,99.2118682861328,98.9558563232422,99.22444915771484,98.69110107421876,99.0966796875,99.52706909179688,98.9356918334961,99.11504364013672,99.3886489868164,98.39193725585938,98.53270721435548,98.94510650634766,
A,Annual,ISR,Israel,WB_HCP_UISCR1,Primary school completion rate (%),F,Female,PT,Percentage,1,One,WB_HCP,Human Capital Project (HCP),0,Units,A,Normal value,PU,Public,,,,,,,,,,,,,,,,,,,,,,,,,,,,,,,,,96.6890106201172,96.9427490234375,98.17906951904295,94.7952880859375,94.86614227294922,96.60861206054688,93.77950286865234,99.74571990966795,96.29739379882812,96.05774688720705,99.37901306152344,95.90608978271484,95.2189483642578,99.55061340332033,94.94671630859376,99.72335815429688,95.24652099609376,94.46498107910156,99.25585174560548,95.2168426513672,95.19204711914062,
A,Annual,ISR,Israel,WB_HCP_UISCR1,Primary school completion rate (%),M,Male,PT,Percentage,1,One,WB_HCP,Human Capital Project (HCP),0,Units,A,Normal value,PU,Public,,,,,,,,,,,,,,,,,,,,,,,,,,,,,,,,,96.2887725830078,96.42790985107422,97.74584197998048,94.2358627319336,94.32891082763672,94.60324096679688,92.79425811767578,98.12875366210938,95.62699127197266,95.53360748291016,97.59259033203124,95.40373229980467,95.29200744628906,98.05419921875,94.8722686767578,98.1573486328125,94.8363265991211,94.4468231201172,97.7418212890625,94.22760009765624,94.64649963378906,
A,Annual,ISR,Israel,WB_HCP_UISCR1,Primary school completion rate (%),_T,Total,PT,Percentage,1,One,WB_HCP,Human Capital Project (HCP),0,Units,A,Normal value,PU,Public,,,,,,,,,,,,,,,,,,,,,,,,,,,,,,,,,96.48371887207033,96.67865753173828,97.95767974853516,94.50772857666016,94.5910415649414,95.58171844482422,93.27352905273438,98.91715240478516,95.9538803100586,95.78897094726562,98.46147918701172,95.6485595703125,95.25626373291016,98.78568267822266,94.90853881835938,98.91864776611328,95.0361328125,94.45567321777344,98.4821319580078,94.7109375,94.91195678710938,
A,Annual,ITA,Italy,WB_HCP_UISCR1,Primary school completion rate (%),F,Female,PT,Percentage,1,One,WB_HCP,Human Capital Project (HCP),0,Units,A,Normal value,PU,Public,,94.1689682006836,100.02642822265624,100.9294662475586,100.30101013183594,104.70435333251952,102.47567749023438,103.1268081665039,102.38358306884766,101.85304260253906,103.47604370117188,101.23445892333984,100.52501678466795,100.21647644042967,99.93772888183594,99.62451171875,100.0871810913086,99.80889129638672,100.77316284179688,100.80754089355467,103.97464752197266,101.5204086303711,102.33040618896484,,105.54358673095705,101.3420867919922,102.22869873046876,101.29768371582033,,101.00324249267578,101.39183807373048,101.41323852539062,99.86737060546876,100.151611328125,102.56619262695312,102.24918365478516,101.87770080566406,102.61515045166016,105.560791015625,101.33200073242188,101.23155212402344,100.6379165649414,98.949462890625,99.63214874267578,99.24002838134766,98.95825958251952,98.33863067626952,99.61377716064452,98.66256713867188,97.96859741210938,98.59683227539062,97.68512725830078,96.9419174194336,
A,Annual,ITA,Italy,WB_HCP_UISCR1,Primary school completion rate (%),M,Male,PT,Percentage,1,One,WB_HCP,Human Capital Project (HCP),0,Units,A,Normal value,PU,Public,,93.18836212158205,99.40413665771484,100.29354095458984,100.46917724609376,104.54480743408205,103.01838684082033,103.2498016357422,102.56977081298828,102.57756805419922,103.50933074951172,101.58425903320312,100.1794662475586,100.16314697265624,100.08138275146484,100.17987060546876,100.51895141601562,101.6135711669922,101.6612319946289,101.2856216430664,104.3689422607422,102.26618194580078,102.71585083007812,,101.59969329833984,103.78070068359376,103.94420623779295,101.99427032470705,,101.81626892089844,101.56043243408205,101.99083709716795,100.1624526977539,101.00929260253906,102.87677001953124,102.76708984375,102.54438018798828,103.36904907226562,105.48078918457033,102.10874938964844,101.71871948242188,101.2123031616211,99.19568634033205,99.50421142578124,99.39251708984376,98.94245910644533,98.6330108642578,99.52987670898438,98.99519348144533,98.74835968017578,98.83734893798828,97.74266815185548,97.35299682617188,
A,Annual,ITA,Italy,WB_HCP_UISCR1,Primary school completion rate (%),_T,Total,PT,Percentage,1,One,WB_HCP,Human Capital Project (HCP),0,Units,A,Normal value,PU,Public,,93.66412353515624,99.70738220214844,100.60372161865234,100.38697052001952,104.62264251708984,102.75272369384766,103.1896514892578,102.47876739501952,102.22386932373048,103.49308776855467,101.41355895996094,100.34796142578124,100.18913269042967,100.01112365722656,99.90830993652344,100.30760955810548,100.7307586669922,101.22664642333984,101.0518569946289,104.17627716064452,101.90193939208984,102.52720642089844,,103.52239990234376,102.5893783569336,103.10530090332033,101.65483856201172,,101.42089080810548,101.4782485961914,101.7095184326172,100.01907348632812,100.5914306640625,102.72569274902344,102.51544952392578,102.2209930419922,103.00318145751952,105.51959991455078,101.73261260986328,101.48210144042967,100.93434143066406,99.07630157470705,99.56632995605467,99.31852722167967,98.95012664794922,98.4906234741211,99.5705108642578,98.83381652832033,98.369140625,98.72059631347656,97.71479034423828,97.15345764160156,
A,Annual,JAM,Jamaica,WB_HCP_UISCR1,Primary school completion rate (%),F,Female,PT,Percentage,1,One,WB_HCP,Human Capital Project (HCP),0,Units,A,Normal value,PU,Public,,,,,,,91.038330078125,90.53180694580078,,93.76805114746094,89.25340270996094,91.7197036743164,,,93.98123931884766,,,94.06472778320312,97.00208282470705,96.50794982910156,95.47667694091795,93.4983367919922,,88.66458892822266,,,,,,,83.69943237304688,79.88758087158203,88.25121307373047,,82.81626892089844,,,84.1612319946289,,82.04782104492188,88.36829376220703,88.01750946044922,105.14057159423828,98.81298828125,93.43704223632812,90.77063751220705,87.4463882446289,90.58551788330078,84.97454833984375,89.60823059082031,74.86267852783203,,,80.18231964111328
A,Annual,JAM,Jamaica,WB_HCP_UISCR1,Primary school completion rate (%),M,Male,PT,Percentage,1,One,WB_HCP,Human Capital Project (HCP),0,Units,A,Normal value,PU,Public,,,,,,,81.13260650634766,80.35054779052734,,83.39337158203125,82.22260284423828,82.29270935058594,,,86.81269073486328,,,88.03782653808594,89.39198303222656,88.70597839355469,88.35391998291016,84.93614959716797,,82.61022186279297,,,,,,,77.75457763671875,72.99939727783203,82.39759826660156,,80.76265716552734,,,81.51307678222656,,81.04798889160156,87.77765655517578,87.55526733398438,102.93872833251952,99.54178619384766,94.68440246582033,90.0476303100586,88.39087677001953,88.94217681884766,85.82814025878906,89.8763198852539,84.50917053222656,,,78.79395294189453
A,Annual,JAM,Jamaica,WB_HCP_UISCR1,Primary school completion rate (%),_T,Total,PT,Percentage,1,One,WB_HCP,Human Capital Project (HCP),0,Units,A,Normal value,PU,Public,,,,,,,86.05670928955078,85.4089584350586,,88.54379272460938,85.71106719970703,86.96774291992188,,,90.36158752441406,87.75824737548828,88.89568328857422,91.0195083618164,93.1565170288086,92.5641632080078,91.87506103515624,89.16629791259766,,85.60185241699219,,,,,,,80.68408966064453,76.3917465209961,85.2787094116211,,81.7724609375,,,82.81507110595703,,81.5394287109375,88.06794738769531,87.78247833251953,104.02108001708984,99.18353271484376,94.07141876220705,90.4028778076172,87.9267807006836,89.7497329711914,85.40872192382812,89.74461364746094,79.7702407836914,,,79.47544860839844
A,Annual,JOR,Jordan,WB_HCP_UISCR1,Primary school completion rate (%),F,Female,PT,Percentage,1,One,WB_HCP,Human Capital Project (HCP),0,Units,A,Normal value,PU,Public,,,54.178611755371094,59.58187103271485,70.03645324707031,80.29691314697266,85.03559112548828,86.99105072021484,92.3316879272461,92.71681213378906,95.6530303955078,96.22075653076172,97.21395111083984,94.86251831054688,99.13662719726562,100.2970199584961,,87.65512084960938,87.313720703125,86.98696899414062,89.8780517578125,93.93012237548828,95.8501434326172,97.81651306152344,101.83280181884766,,98.19595336914062,,,92.97763061523438,89.00318908691406,,85.54348754882812,88.82791137695312,89.97724914550781,94.8951416015625,94.44847106933594,97.13922882080078,94.9107666015625,,,85.28251647949219,,89.20397186279297,94.46714782714844,,94.85382843017578,94.04467010498048,95.09342956542967,96.32669830322266,97.04518127441406,96.17066955566406,95.50611114501952,97.64256286621094
A,Annual,JOR,Jordan,WB_HCP_UISCR1,Primary school completion rate (%),M,Male,PT,Percentage,1,One,WB_HCP,Human Capital Project (HCP),0,Units,A,Normal value,PU,Public,,,74.6235580444336,79.94683837890625,91.7117919921875,99.68708801269533,99.2271728515625,100.48773956298828,102.94029998779295,104.2508773803711,105.52088165283205,104.77645111083984,103.9049301147461,98.714111328125,101.6243133544922,101.47956085205078,,88.20214080810547,89.56465148925781,89.0816421508789,90.5999526977539,94.08660888671876,96.91419219970705,97.0982437133789,102.91191864013672,,96.82559204101562,,,92.63471221923828,87.05303955078125,,85.75186920166016,88.62824249267578,90.3439483642578,93.8769302368164,92.1014633178711,96.48680114746094,94.96463012695312,,,85.33740234375,,89.29036712646484,94.29019927978516,,93.75287628173828,94.7467803955078,96.34339141845705,97.20355224609376,98.246337890625,97.7288589477539,96.04805755615234,96.72566223144533
A,Annual,JOR,Jordan,WB_HCP_UISCR1,Primary school completion rate (%),_T,Total,PT,Percentage,1,One,WB_HCP,Human Capital Project (HCP),0,Units,A,Normal value,PU,Public,,,64.66468811035156,70.02684783935547,81.16191101074219,90.25446319580078,92.3275909423828,93.9305191040039,97.78961181640624,98.65541076660156,100.73757934570312,100.6334228515625,100.6691665649414,96.85372924804688,100.42357635498048,100.90879821777344,,87.93788146972656,88.47624206542969,88.0673828125,90.24978637695312,94.01062774658205,96.39718627929688,97.44743347167967,102.38699340820312,,97.49298858642578,,,92.80200958251952,88.0011978149414,,85.65052032470703,88.72537231445312,90.1655502319336,94.37236785888672,93.24369049072266,96.8044662475586,94.93839263916016,,,85.31063842773438,,89.24822235107422,94.37683868408205,,94.2947006225586,94.39926147460938,95.72471618652344,96.76859283447266,97.65013122558594,96.95693969726562,95.78035736083984,97.17064666748048
A,Annual,JPN,Japan,WB_HCP_UISCR1,Primary school completion rate (%),F,Female,PT,Percentage,1,One,WB_HCP,Human Capital Project (HCP),0,Units,A,Normal value,PU,Public,,103.45011901855467,100.58534240722656,99.64203643798828,98.62911224365234,97.60143280029295,95.57395935058594,96.40637969970705,121.66255950927734,82.96640014648438,101.76612854003906,102.78057098388672,100.02449798583984,99.84455871582033,100.37017822265624,99.44747924804688,102.70364379882812,105.3210220336914,104.03473663330078,103.44915771484376,104.2821273803711,105.49111938476562,105.5632781982422,,105.40959167480467,,,,107.4792022705078,104.63490295410156,,,,,,,,,,,,,,,,,,,,,,,,
A,Annual,JPN,Japan,WB_HCP_UISCR1,Primary school completion rate (%),M,Male,PT,Percentage,1,One,WB_HCP,Human Capital Project (HCP),0,Units,A,Normal value,PU,Public,,103.88728332519533,101.07015228271484,99.76773834228516,98.86327362060548,97.6798324584961,95.9242935180664,96.7031707763672,120.75322723388672,83.76925659179688,101.4868621826172,102.83262634277344,100.20436096191406,99.99909210205078,100.6382064819336,99.59020233154295,102.7384033203125,105.50906372070312,104.04306030273438,103.7624282836914,104.3526611328125,105.64573669433594,105.8930435180664,,106.27324676513672,,,,108.10164642333984,105.07440185546876,,,,,,,,,,,,,,,,,,,,,,,,
A,Annual,JPN,Japan,WB_HCP_UISCR1,Primary school completion rate (%),_T,Total,PT,Percentage,1,One,WB_HCP,Human Capital Project (HCP),0,Units,A,Normal value,PU,Public,,103.67286682128906,100.83244323730467,99.70622253417967,98.7488021850586,97.6415023803711,95.75301361083984,96.5579071044922,121.1960220336914,83.37608337402344,101.6229476928711,102.80726623535156,100.1166534423828,99.92369842529295,100.50736236572266,99.5205307006836,102.72142791748048,105.4172592163086,104.03900146484376,103.60941314697266,104.31822967529295,105.57025146484376,105.73191833496094,,105.85018920898438,,,,107.7972183227539,104.85952758789062,,,,,,,,,,,,,,,,,,,,,,,,
A,Annual,KAZ,Kazakhstan,WB_HCP_UISCR1,Primary school completion rate (%),F,Female,PT,Percentage,1,One,WB_HCP,Human Capital Project (HCP),0,Units,A,Normal value,PU,Public,,,,,,,,,,,,,,,,,,,,,,,,,98.00302124023438,94.56659698486328,,,,,92.57845306396484,93.4849090576172,94.73280334472656,95.63095092773438,101.5692367553711,101.23918151855467,98.94728088378906,98.69412994384766,102.28546142578124,99.80156707763672,101.3535385131836,107.2634048461914,102.42999267578124,101.68307495117188,102.34716796875,100.4457778930664,98.80536651611328,99.81578826904295,102.1975326538086,98.5701675415039,100.09703826904295,96.83567810058594,103.72710418701172,105.60875701904295
A,Annual,KAZ,Kazakhstan,WB_HCP_UISCR1,Primary school completion rate (%),M,Male,PT,Percentage,1,One,WB_HCP,Human Capital Project (HCP),0,Units,A,Normal value,PU,Public,,,,,,,,,,,,,,,,,,,,,,,,,100.18791198730467,98.05773162841795,,,,,95.1146469116211,97.80074310302734,98.56976318359376,99.94924926757812,105.6697235107422,105.9289093017578,103.03951263427734,101.48278045654295,102.99659729003906,100.37020874023438,100.95287322998048,107.63782501220705,101.9830551147461,101.57270050048828,102.62763214111328,100.48063659667967,99.8005599975586,99.41315460205078,100.6786117553711,98.2828598022461,101.61761474609376,97.15949249267578,102.62374114990234,105.61216735839844
A,Annual,KAZ,Kazakhstan,WB_HCP_UISCR1,Primary school completion rate (%),_T,Total,PT,Percentage,1,One,WB_HCP,Human Capital Project (HCP),0,Units,A,Normal value,PU,Public,,,,,,,,,,,,,,,,,,,,,,,,,99.08377075195312,96.2937469482422,,95.07795715332033,92.6247329711914,,93.84812927246094,95.64447021484376,96.6513671875,97.79147338867188,103.62338256835938,103.58912658691406,100.99771118164062,100.09854125976562,102.64698028564452,100.0922393798828,101.148681640625,107.4547119140625,102.20160675048828,101.62667846679688,102.4906005859375,100.46361541748048,99.31481170654295,99.60958862304688,101.41922760009766,98.42286682128906,100.87751770019533,97.00196838378906,103.16028594970705,105.61051177978516
A,Annual,KEN,Kenya,WB_HCP_UISCR1,Primary school completion rate (%),F,Female,PT,Percentage,1,One,WB_HCP,Human Capital Project (HCP),0,Units,A,Normal value,PU,Public,36.18035125732422,38.73828887939453,41.80244064331055,43.913299560546875,,,,55.29143905639648,57.459861755371094,,76.347900390625,76.66580963134766,,,,,,,,,,,,,,,,,,,,,,,84.3051528930664,86.52684783935547,,,,,,,,,99.8065185546875,102.03447723388672,102.50728607177734,,,,,,,
A,Annual,KEN,Kenya,WB_HCP_UISCR1,Primary school completion rate (%),M,Male,PT,Percentage,1,One,WB_HCP,Human Capital Project (HCP),0,Units,A,Normal value,PU,Public,57.3366813659668,58.69269180297851,61.43836975097656,61.390769958496094,,,,68.56298065185547,69.01338195800781,,84.98497009277344,83.21353912353516,,,,,,,,,,,,,,,,,,,,,,,87.91960906982422,89.32765197753906,,,,,,,,,99.33229064941406,102.134521484375,102.94524383544922,,,,,,,
A,Annual,KEN,Kenya,WB_HCP_UISCR1,Primary school completion rate (%),_T,Total,PT,Percentage,1,One,WB_HCP,Human Capital Project (HCP),0,Units,A,Normal value,PU,Public,46.737510681152344,48.699440002441406,51.60688018798828,52.64297103881836,,56.5771598815918,58.27799987792969,61.92702865600586,63.237831115722656,83.17083740234375,80.66890716552734,79.94248962402344,,,,,,,,,,,,,,,,,,,,,,,86.1129379272461,87.9280014038086,,,,,,,,,99.56896209716795,102.08457946777344,102.7265853881836,,,,,,,
A,Annual,KGZ,Kyrgyz Republic,WB_HCP_UISCR1,Primary school completion rate (%),F,Female,PT,Percentage,1,One,WB_HCP,Human Capital Project (HCP),0,Units,A,Normal value,PU,Public,,,,,,,,,,,,,,,,,,,,,,,,,,,,,,87.37429809570312,87.93746948242188,87.19700622558594,87.2783432006836,86.19991302490234,91.76612854003906,97.12793731689452,96.6972885131836,93.6884536743164,94.4751434326172,97.31475067138672,95.82421112060548,95.21765899658205,94.48524475097656,96.0038070678711,97.88175964355467,102.4248275756836,98.07486724853516,96.1550064086914,98.1222152709961,100.60376739501952,100.37737274169922,95.85698699951172,93.65481567382812,92.29083251953124
A,Annual,KGZ,Kyrgyz Republic,WB_HCP_UISCR1,Primary school completion rate (%),M,Male,PT,Percentage,1,One,WB_HCP,Human Capital Project (HCP),0,Units,A,Normal value,PU,Public,,,,,,,,,,,,,,,,,,,,,,,,,,,,,,94.3607406616211,90.77311706542967,90.72814178466795,90.9300765991211,87.13475799560547,91.3808822631836,96.83421325683594,96.43512725830078,95.55998229980467,96.4866180419922,98.38932800292967,97.6660614013672,97.82428741455078,96.73345184326172,98.89969635009766,101.07345581054688,105.49324035644533,100.8589324951172,98.55895233154295,99.7480926513672,104.04798889160156,101.45096588134766,96.76878356933594,95.10541534423828,93.68295288085938
A,Annual,KGZ,Kyrgyz Republic,WB_HCP_UISCR1,Primary school completion rate (%),_T,Total,PT,Percentage,1,One,WB_HCP,Human Capital Project (HCP),0,Units,A,Normal value,PU,Public,,,,,,,,,,,,,,,,,,,,,,,,,,99.49002838134766,95.84266662597656,,,90.78328704833984,89.36122131347656,88.97268676757812,89.12124633789062,86.67471313476562,91.57032012939452,96.97852325439452,96.56388092041016,94.64012145996094,95.49593353271484,97.85894775390624,96.7557144165039,96.5340805053711,95.62020111083984,97.46369934082033,99.49057006835938,103.97234344482422,99.47943878173828,97.37004089355467,98.945068359375,102.3484878540039,100.9220962524414,96.3200225830078,94.39239501953124,92.99964141845705
A,Annual,KHM,Cambodia,WB_HCP_UISCR1,Primary school completion rate (%),F,Female,PT,Percentage,1,One,WB_HCP,Human Capital Project (HCP),0,Units,A,Normal value,PU,Public,,,,,,,,,,,,,,,,,,,,,,,,,,,,13.387080192565918,28.006349563598633,37.48934173583984,,48.04069137573242,57.47079086303711,64.97354125976562,78.69439697265625,91.80416870117188,96.9684600830078,98.2570571899414,95.70858764648438,98.14066314697266,89.45024871826172,89.49983215332031,95.93685150146484,90.9454116821289,94.89672088623048,94.45433044433594,92.810791015625,91.68376922607422,91.33004760742188,96.01215362548828,99.224609375,98.9710464477539,93.73223114013672,92.66019439697266
A,Annual,KHM,Cambodia,WB_HCP_UISCR1,Primary school completion rate (%),M,Male,PT,Percentage,1,One,WB_HCP,Human Capital Project (HCP),0,Units,A,Normal value,PU,Public,,,,,,,,,,,,,,,,,,,,,,,,,,,,22.2806396484375,39.8419303894043,48.5301399230957,,59.44596099853515,67.2235336303711,73.73780059814453,86.80581665039062,96.16412353515624,98.73345947265624,99.9026107788086,97.67102813720705,100.32179260253906,90.09259796142578,89.82559204101562,95.94122314453124,97.33572387695312,93.1117706298828,89.9493637084961,86.40416717529297,85.21234130859375,85.56009674072266,88.15695190429688,90.82205963134766,90.57516479492188,87.8344497680664,87.25294494628906
A,Annual,KHM,Cambodia,WB_HCP_UISCR1,Primary school completion rate (%),_T,Total,PT,Percentage,1,One,WB_HCP,Human Capital Project (HCP),0,Units,A,Normal value,PU,Public,,,,,,,,,,,,,,,,,,,,,,,,,,,,17.88532066345215,33.994590759277344,43.107810974121094,,53.83565139770508,62.42013168334961,69.4156723022461,82.80174255371094,94.01184844970705,97.86267852783205,99.09105682373048,96.70278930664062,99.24437713623048,89.77686309814453,89.66569519042969,95.93907928466795,94.204833984375,93.9857177734375,92.15255737304688,89.53253173828125,88.36894989013672,88.3711166381836,91.98020935058594,94.9092788696289,94.6577606201172,90.70025634765624,89.880615234375
A,Annual,KIR,Kiribati,WB_HCP_UISCR1,Primary school completion rate (%),F,Female,PT,Percentage,1,One,WB_HCP,Human Capital Project (HCP),0,Units,A,Normal value,PU,Public,,,,,,,,68.82640838623047,78.35549926757812,64.23358154296875,76.60099029541016,123.26168823242188,115.69921112060548,123.4246597290039,114.73088073730467,112.39192962646484,117.4351577758789,110.2418212890625,110.92668914794922,115.0666732788086,105.2699203491211,113.6645965576172,101.36673736572266,101.35592651367188,,107.90306091308594,117.55647277832033,122.88556671142578,,100.8341064453125,90.1924819946289,111.39241027832033,106.56475067138672,106.64305114746094,111.84210968017578,109.375,104.68084716796876,98.9229507446289,105.21250915527344,,,,,,106.08773803710938,94.0,102.0960693359375,,,,94.51264190673828,98.25174713134766,102.8493881225586,105.85140991210938
A,Annual,KIR,Kiribati,WB_HCP_UISCR1,Primary school completion rate (%),M,Male,PT,Percentage,1,One,WB_HCP,Human Capital Project (HCP),0,Units,A,Normal value,PU,Public,,,,,,,,70.11493682861328,73.47630310058594,63.7795295715332,74.42395782470703,118.16010284423828,113.11475372314452,120.0,123.20442199707033,122.22222137451172,119.97187042236328,105.09642028808594,106.38298034667967,112.10191345214844,100.86100769042967,112.88783264160156,108.97154998779295,104.8034896850586,,103.98365783691406,116.31841278076172,112.98076629638672,,103.98583221435548,99.9128875732422,112.5,105.18707275390624,113.9748992919922,111.2593765258789,116.47254943847656,114.37962341308594,134.4381561279297,104.52417755126952,,,,,,99.3907699584961,86.13595581054688,100.26132202148438,,,,96.60649871826172,98.8283920288086,101.91040802001952,100.8238296508789
A,Annual,KIR,Kiribati,WB_HCP_UISCR1,Primary school completion rate (%),_T,Total,PT,Percentage,1,One,WB_HCP,Human Capital Project (HCP),0,Units,A,Normal value,PU,Public,,,,,,,,69.49051666259766,75.83187103271484,63.99766159057617,75.47618865966797,120.6388168334961,114.37782287597656,121.68350219726562,119.02098083496094,117.36654663085938,118.71885681152344,107.6277084350586,108.61016845703124,113.5504913330078,103.0169677734375,113.2684097290039,105.24553680419922,103.10938262939452,104.5112762451172,105.91285705566406,116.92774200439452,117.8484115600586,,102.44564819335938,95.17642211914062,111.9613037109375,105.8566436767578,110.41307830810548,111.54338836669922,112.99915313720705,109.6153793334961,116.89852905273438,104.86357879638672,,,,,,102.69197082519533,90.03607177734375,101.17749786376952,,,,95.5595703125,98.54216766357422,102.37299346923828,103.2913818359375
A,Annual,KNA,St. Kitts and Nevis,WB_HCP_UISCR1,Primary school completion rate (%),F,Female,PT,Percentage,1,One,WB_HCP,Human Capital Project (HCP),0,Units,A,Normal value,PU,Public,,,,,,,,,,,,,,,,,,,,,,,106.1269073486328,,,,,,,,106.0869598388672,104.33838653564452,106.95066833496094,90.09217071533205,112.70587921142578,108.85166931152344,,101.22248840332033,93.9024429321289,107.26392364501952,102.1791763305664,113.28501892089844,111.83879089355467,117.4731216430664,111.97772216796876,116.61808013916016,110.03040313720705,,,,,130.0613555908203,,
A,Annual,KNA,St. Kitts and Nevis,WB_HCP_UISCR1,Primary school completion rate (%),M,Male,PT,Percentage,1,One,WB_HCP,Human Capital Project (HCP),0,Units,A,Normal value,PU,Public,,,,,,,,,,,,,,,,,,,,,,,135.14100646972656,,,,,,,,96.50923919677734,97.53592681884766,107.57894897460938,106.84326934814452,109.1549301147461,112.74510192871094,,103.01508331298828,96.50872802734376,106.06796264648438,103.34928131103516,103.125,111.08312225341795,111.55914306640624,105.94901275634766,119.70149230957033,111.28527069091795,,,,,131.09756469726562,,
A,Annual,KNA,St. Kitts and Nevis,WB_HCP_UISCR1,Primary school completion rate (%),_T,Total,PT,Percentage,1,One,WB_HCP,Human Capital Project (HCP),0,Units,A,Normal value,PU,Public,,,,,,,,,,,,,,,,,,,,,,,120.6971664428711,,,,,,,,101.16156005859376,100.84387969970705,107.27469635009766,98.64713287353516,110.9283218383789,110.77481842041016,,102.1065673828125,95.1911163330078,106.66667175292967,102.76775360107422,108.1927719116211,111.4609603881836,114.51612854003906,108.98876190185548,118.14158630371094,110.6481475830078,,,,,130.58103942871094,,
A,Annual,KOR,"Korea, Rep.",WB_HCP_UISCR1,Primary school completion rate (%),F,Female,PT,Percentage,1,One,WB_HCP,Human Capital Project (HCP),0,Units,A,Normal value,PU,Public,,90.0343017578125,89.03311157226562,98.4486083984375,98.45462799072266,97.17768096923828,105.77197265625,102.28147888183594,99.402587890625,103.39202117919922,96.84850311279295,97.1544418334961,96.41309356689452,96.44740295410156,103.16716766357422,103.6275634765625,103.07974243164062,105.53884887695312,102.58744049072266,94.0418472290039,98.19097137451172,89.82903289794922,97.29190826416016,96.68791961669922,104.08252716064452,108.1822509765625,,100.38947296142578,98.53643798828124,99.89248657226562,101.46826171875,99.70453643798828,95.22338104248048,100.66864013671876,100.65869140625,98.87956237792967,98.80779266357422,100.3079833984375,99.41927337646484,101.74152374267578,101.78729248046876,97.58905029296876,101.6322784423828,104.3877182006836,97.57331085205078,100.2437973022461,103.49098205566406,97.73358154296876,96.42794799804688,99.91236114501952,101.17008972167967,98.46749877929688,95.64100646972656,
A,Annual,KOR,"Korea, Rep.",WB_HCP_UISCR1,Primary school completion rate (%),M,Male,PT,Percentage,1,One,WB_HCP,Human Capital Project (HCP),0,Units,A,Normal value,PU,Public,,93.60408782958984,93.82859802246094,102.27274322509766,99.470458984375,98.4158935546875,107.89347076416016,101.85414123535156,100.37346649169922,104.1236801147461,96.64327239990234,97.65531158447266,95.88404083251952,96.6015167236328,103.79202270507812,104.40589141845705,102.54631042480467,105.89208984375,102.2739715576172,95.76016235351562,98.83599853515624,90.31465911865234,97.44187927246094,97.42243194580078,104.39830017089844,109.27458953857422,,101.38655853271484,98.56217193603516,101.36920166015624,99.25045776367188,99.4373779296875,94.08019256591795,99.29170989990234,99.76757049560548,98.93768310546876,99.19190216064452,100.14034271240234,100.29946899414062,101.41226959228516,101.15308380126952,97.64801788330078,102.47427368164062,104.42079162597656,98.82903289794922,100.77897644042967,104.09195709228516,97.97144317626952,97.0765609741211,99.8991928100586,101.23120880126952,98.48436737060548,96.4462432861328,
A,Annual,KOR,"Korea, Rep.",WB_HCP_UISCR1,Primary school completion rate (%),_T,Total,PT,Percentage,1,One,WB_HCP,Human Capital Project (HCP),0,Units,A,Normal value,PU,Public,,91.88204193115234,91.50755310058594,100.4210968017578,98.98097229003906,97.81832122802734,106.86473846435548,102.06057739257812,99.9049072265625,103.76851654052734,96.74317169189452,97.4120635986328,96.14066314697266,96.5267562866211,103.48816680908205,104.02648162841795,102.80509948730467,105.72028350830078,102.4260025024414,94.92308044433594,98.52076721191406,90.07823944091795,97.3689193725586,97.06472778320312,104.24446105957033,108.74266815185548,,100.90711975097656,98.54985809326172,100.65888214111328,100.28671264648438,99.56268310546876,94.61557006835938,99.9381332397461,100.1836166381836,98.9105987548828,99.01258850097656,100.2191925048828,99.88057708740234,101.57019805908205,101.45429229736328,97.619873046875,102.07160186767578,104.40496826171876,98.22702026367188,100.52174377441406,103.80220794677734,97.85685729980467,96.7625503540039,99.90557861328124,101.20156860351562,98.4761962890625,96.0547332763672,
A,Annual,KWT,Kuwait,WB_HCP_UISCR1,Primary school completion rate (%),F,Female,PT,Percentage,1,One,WB_HCP,Human Capital Project (HCP),0,Units,A,Normal value,PU,Public,,47.22863006591797,44.637481689453125,40.444480895996094,39.313270568847656,47.395870208740234,67.8993911743164,57.35892868041992,62.77804946899414,60.96722030639648,68.43582916259766,77.57804107666016,78.49342346191406,83.4079818725586,84.24620819091797,79.13671875,76.14327239990234,70.88327026367188,,,,,62.59709167480469,,82.78263854980469,78.94405364990234,90.23120880126952,85.78228759765625,,89.33100128173828,95.18987274169922,87.88687133789062,95.70716094970705,103.73419189453124,105.0395965576172,111.9344482421875,,109.52433013916016,,,101.90387725830078,101.61315155029295,96.85565185546876,96.52394104003906,,,,,,,,,,
A,Annual,KWT,Kuwait,WB_HCP_UISCR1,Primary school completion rate (%),M,Male,PT,Percentage,1,One,WB_HCP,Human Capital Project (HCP),0,Units,A,Normal value,PU,Public,,55.79391860961914,52.33243942260742,52.473670959472656,48.91910934448242,56.29399108886719,76.98468780517578,63.82558822631836,69.0595474243164,72.15709686279297,75.3553466796875,84.79820251464844,85.53462219238281,86.11493682861328,83.45121765136719,79.42738342285156,76.68379211425781,72.7272720336914,,,,,64.94927978515625,,83.43273162841797,65.69351196289062,89.16702270507812,83.62068939208984,,91.10281372070312,93.28743743896484,85.6100082397461,95.65242004394533,100.30536651611328,102.30811309814452,116.37230682373048,,105.708740234375,,,100.4804229736328,99.21833801269533,95.5780792236328,93.75080108642578,,,,,,,,,,
A,Annual,KWT,Kuwait,WB_HCP_UISCR1,Primary school completion rate (%),_T,Total,PT,Percentage,1,One,WB_HCP,Human Capital Project (HCP),0,Units,A,Normal value,PU,Public,,51.657020568847656,48.60393142700195,46.63134002685547,44.24831008911133,51.96538162231445,72.55805206298828,60.67047119140625,65.99356079101562,66.68814086914062,71.97106170654297,81.26495361328125,82.09329223632812,84.79248809814453,83.83959197998047,79.28520202636719,76.41957092285156,71.82295989990234,,,,,63.79261016845703,,83.11280822753906,72.21173095703125,89.68988800048828,84.68226623535156,,90.23377227783205,94.21727752685548,86.7174072265625,95.6789093017578,101.9582977294922,103.6227569580078,114.24131774902344,,107.54586791992188,,,101.17130279541016,100.3821792602539,96.19937133789062,95.09866333007812,,,,,,,,,,
A,Annual,LAO,Lao PDR,WB_HCP_UISCR1,Primary school completion rate (%),F,Female,PT,Percentage,1,One,WB_HCP,Human Capital Project (HCP),0,Units,A,Normal value,PU,Public,,,,,,,,,,,,,,,,,,,,,,,34.90642166137695,37.80131912231445,40.993690490722656,,48.69789123535156,51.085750579833984,56.44248962402344,61.84066009521485,61.29267883300781,62.38776016235352,64.01461029052734,64.39613342285156,65.50496673583984,69.14353942871094,71.67865753173828,74.66797637939453,77.03083801269531,78.1785888671875,81.80564880371094,86.40924072265625,90.70651245117188,96.58677673339844,99.1816635131836,99.89453887939452,98.50698852539062,100.14251708984376,97.30390167236328,93.19860076904295,90.25023651123048,90.62024688720705,89.10533905029297,90.47579956054688
A,Annual,LAO,Lao PDR,WB_HCP_UISCR1,Primary school completion rate (%),M,Male,PT,Percentage,1,One,WB_HCP,Human Capital Project (HCP),0,Units,A,Normal value,PU,Public,,,,,,,,,,,,,,,,,,,,,,,44.29610824584961,46.847381591796875,53.0638313293457,,61.08293914794922,64.68460083007812,68.51249694824219,74.48523712158203,72.56478118896484,71.54297637939453,71.16712188720703,71.22818756103516,72.56495666503906,76.66486358642578,82.0914306640625,84.16178131103516,85.03131103515625,86.0361099243164,87.16674041748047,92.2193603515625,95.15685272216795,100.12639617919922,101.46082305908205,102.2059326171875,100.66253662109376,101.4785385131836,99.1546859741211,93.83216857910156,91.66896057128906,89.7559814453125,89.00189208984375,89.457763671875
A,Annual,LAO,Lao PDR,WB_HCP_UISCR1,Primary school completion rate (%),_T,Total,PT,Percentage,1,One,WB_HCP,Human Capital Project (HCP),0,Units,A,Normal value,PU,Public,,,,,,,,,,,,,,,,,,,41.342159271240234,,42.86119079589844,,39.67010116577149,42.39017868041992,47.116329193115234,,54.98038864135742,57.985408782958984,62.561519622802734,68.25438690185547,67.02333068847656,67.05354309082031,67.66983795166016,67.89408874511719,69.12255096435547,72.98809051513672,76.97559356689453,79.48916625976562,81.09822082519531,82.1803207397461,84.53758239746094,89.35810852050781,92.96148681640624,98.38397216796876,100.34333038330078,101.07270050048828,99.6043472290039,100.82189178466795,98.24398040771484,93.52037811279295,90.9710693359375,90.18082427978516,89.05270385742188,89.95738983154297
A,Annual,LBN,Lebanon,WB_HCP_UISCR1,Primary school completion rate (%),F,Female,PT,Percentage,1,One,WB_HCP,Human Capital Project (HCP),0,Units,A,Normal value,PU,Public,,,,,,,,,,,,,,,,,,,,,,,,,,,,,69.90544891357422,,,,,,,,,,,,,,,,,,,,,,,,,69.67711639404297
A,Annual,LBN,Lebanon,WB_HCP_UISCR1,Primary school completion rate (%),M,Male,PT,Percentage,1,One,WB_HCP,Human Capital Project (HCP),0,Units,A,Normal value,PU,Public,,,,,,,,,,,,,,,,,,,,,,,,,,,,,68.20787811279297,,,,,,,,,,,,,,,,,,,,,,,,,66.93020629882812
A,Annual,LBN,Lebanon,WB_HCP_UISCR1,Primary school completion rate (%),_T,Total,PT,Percentage,1,One,WB_HCP,Human Capital Project (HCP),0,Units,A,Normal value,PU,Public,,,,,,,,,,,,,,,,,,,,,,,,,,,,66.48326873779297,69.03742218017578,,,,,,,,,,,,,,,,,,,,,,,,,68.2726821899414
A,Annual,LBR,Liberia,WB_HCP_UISCR1,Primary school completion rate (%),F,Female,PT,Percentage,1,One,WB_HCP,Human Capital Project (HCP),0,Units,A,Normal value,PU,Public,,,,,,,,,17.215259552001953,,,,,,,,,,,,,,,,,,,,,,,,,,,,57.55836868286133,,53.33509826660156,52.56975936889648,,57.9323844909668,,,52.76921844482422,,59.94974899291992,54.441776275634766,,,,59.66268539428711,59.35245895385742,
A,Annual,LBR,Liberia,WB_HCP_UISCR1,Primary school completion rate (%),M,Male,PT,Percentage,1,One,WB_HCP,Human Capital Project (HCP),0,Units,A,Normal value,PU,Public,,,,,,,,,38.55022048950195,,,,,,,,,,,,,,,,,,,,,,,,,,,,69.94212341308594,,64.00254821777344,64.54512786865234,,69.82868957519531,,,63.3275146484375,,61.63787460327149,59.98950958251953,,,,57.85672378540039,57.021263122558594,
A,Annual,LBR,Liberia,WB_HCP_UISCR1,Primary school completion rate (%),_T,Total,PT,Percentage,1,One,WB_HCP,Human Capital Project (HCP),0,Units,A,Normal value,PU,Public,,,,,,,,,27.858930587768555,,,,,,,,,,,,,,,,,,,,,,,,,,,,63.750091552734375,,58.68056869506836,58.57851028442383,,63.91397857666016,,,58.09025573730469,,60.8017692565918,57.244014739990234,,,,58.74956512451172,58.17350006103515,
A,Annual,LBY,Libya,WB_HCP_UISCR1,Primary school completion rate (%),F,Female,PT,Percentage,1,One,WB_HCP,Human Capital Project (HCP),0,Units,A,Normal value,PU,Public,,22.669429779052734,46.22119903564453,47.132911682128906,56.79880905151367,73.74565887451172,67.98722076416016,77.7968978881836,80.9390869140625,80.88941192626953,79.9498519897461,87.39063262939453,,99.57685089111328,,,,,,,,,,,,,,,,,,,,,,,,,,,,,,,,,,,,,,,,
A,Annual,LBY,Libya,WB_HCP_UISCR1,Primary school completion rate (%),M,Male,PT,Percentage,1,One,WB_HCP,Human Capital Project (HCP),0,Units,A,Normal value,PU,Public,,63.00836944580078,105.68765258789062,83.90846252441406,94.6884307861328,104.63670349121094,94.46952056884766,92.7918472290039,93.35173797607422,92.9299774169922,89.41246032714844,94.26368713378906,,108.84990692138672,,,,,,,,,,,,,,,,,,,,,,,,,,,,,,,,,,,,,,,,
A,Annual,LBY,Libya,WB_HCP_UISCR1,Primary school completion rate (%),_T,Total,PT,Percentage,1,One,WB_HCP,Human Capital Project (HCP),0,Units,A,Normal value,PU,Public,,44.42341995239258,78.26103973388672,66.84789276123047,76.83010864257812,89.98506164550781,81.86023712158203,85.6207275390625,87.39163208007812,87.12957763671875,84.8444595336914,90.94168853759766,,104.35872650146484,,,,,,,,,,,,,,,,,,,,,,,,,,,,,,,,,,,,,,,,
A,Annual,LCA,St. Lucia,WB_HCP_UISCR1,Primary school completion rate (%),F,Female,PT,Percentage,1,One,WB_HCP,Human Capital Project (HCP),0,Units,A,Normal value,PU,Public,,,,,,,,,,,,,,117.76274871826172,110.72960662841795,,,,,,107.67122650146484,96.77771759033205,,100.71272277832033,,,,,,,,,111.28175354003906,107.06163787841795,105.45455169677734,100.36563110351562,108.1558074951172,102.12637329101562,99.87522888183594,97.26026916503906,93.5153579711914,95.97045135498048,97.0926284790039,96.05168914794922,97.70467376708984,,89.88941955566406,89.43547821044922,89.88294219970703,91.08659362792967,95.87541961669922,,107.2866668701172,89.65516662597656
A,Annual,LCA,St. Lucia,WB_HCP_UISCR1,Primary school completion rate (%),M,Male,PT,Percentage,1,One,WB_HCP,Human Capital Project (HCP),0,Units,A,Normal value,PU,Public,,,,,,,,,,,,,,106.5138702392578,101.50060272216795,,,,,,108.78884887695312,103.84615325927734,,109.41873168945312,,,,,,,,,105.5619888305664,108.85417175292967,108.81159210205078,104.0139617919922,108.44496154785156,112.9051284790039,96.90908813476562,100.5653305053711,95.13157653808594,95.90328979492188,94.10169219970705,90.45642852783205,98.4859390258789,,97.1820297241211,89.85736846923828,93.07009887695312,94.5107421875,84.05342102050781,,99.2523422241211,89.63584899902344
A,Annual,LCA,St. Lucia,WB_HCP_UISCR1,Primary school completion rate (%),_T,Total,PT,Percentage,1,One,WB_HCP,Human Capital Project (HCP),0,Units,A,Normal value,PU,Public,,,,,,,,,,,,,,112.08524322509766,106.0661163330078,,,,,,108.23625183105467,100.35106658935548,,105.10591888427734,,,,,,,,,108.39427185058594,107.97293090820312,107.17037200927734,102.23213958740234,108.30357360839844,107.59796905517578,98.3707275390625,98.94400024414062,94.33836364746094,95.9368667602539,95.59918975830078,93.20182800292967,98.10690307617188,,93.6021728515625,89.64827728271484,91.50595092773438,92.85420989990234,89.76026153564453,,103.21817016601562,89.64539337158203
A,Annual,LCN,Latin America & Caribbean,WB_HCP_UISCR1,Primary school completion rate (%),F,Female,PT,Percentage,1,One,WB_HCP,Human Capital Project (HCP),0,Units,A,Normal value,PU,Public,66.55943298339844,70.06816864013672,64.2955093383789,66.44525146484375,67.97274017333984,68.62081146240234,68.97399139404297,71.0696029663086,72.13134002685547,73.86699676513672,75.63861083984375,76.6095962524414,77.95236206054688,79.56390380859375,81.2705078125,81.19502258300781,82.5936279296875,83.90077209472656,84.43775177001953,85.21481323242188,86.7392807006836,87.09960174560547,89.41474914550781,89.27472686767578,88.59834289550781,89.1858901977539,89.636962890625,90.41168975830078,91.3440399169922,91.89895629882812,92.24665832519533,92.22946166992188,93.54483795166016,93.82440185546876,94.5299835205078,95.27678680419922,96.24256896972656,97.3503875732422,97.33283233642578,97.739501953125,98.1039581298828,98.16384887695312,99.09410095214844,98.87602996826172,99.1889419555664,97.74556732177734,97.30127716064452,96.4760971069336,95.79666137695312,95.76544952392578,96.37629699707033,96.99748229980467,96.97756958007812,96.64411163330078
A,Annual,LCN,Latin America & Caribbean,WB_HCP_UISCR1,Primary school completion rate (%),M,Male,PT,Percentage,1,One,WB_HCP,Human Capital Project (HCP),0,Units,A,Normal value,PU,Public,67.03349304199219,68.12747192382812,62.73175048828125,64.47399139404297,65.79096221923828,66.51773071289062,67.1458969116211,69.27140045166016,70.24208068847656,72.1017837524414,73.6624526977539,74.68163299560547,75.96778869628906,77.49807739257812,79.20777893066406,79.00373840332031,80.95600891113281,81.38764190673828,81.68282318115234,82.27593231201172,82.35267639160156,83.78791046142578,85.29598236083984,85.53560638427734,85.15087127685547,85.80835723876953,86.40167236328125,87.26289367675781,88.37146759033203,88.84001159667969,89.46073150634766,89.21379852294922,90.3718719482422,90.68106842041016,91.29412078857422,91.93778228759766,93.0736083984375,94.06565856933594,94.27120208740234,94.83409881591795,95.27253723144533,95.4871063232422,96.30843353271484,96.28125762939452,96.83721160888672,95.51952362060548,95.03321075439452,94.09349060058594,93.2780532836914,92.96308135986328,93.35228729248048,94.15125274658205,93.83680725097656,94.37130737304688
A,Annual,LCN,Latin America & Caribbean,WB_HCP_UISCR1,Primary school completion rate (%),_T,Total,PT,Percentage,1,One,WB_HCP,Human Capital Project (HCP),0,Units,A,Normal value,PU,Public,66.7918930053711,69.08255767822266,63.502689361572266,65.44876861572266,66.87123107910156,67.56027221679688,68.05307006835938,70.16439056396484,71.17801666259766,72.97344207763672,74.63532257080078,75.63075256347656,76.94747924804688,78.51966857910156,80.22844696044922,80.08941650390625,81.76891326904297,82.63583374023438,83.04842376708984,83.72994995117188,84.52005767822266,85.42777252197266,87.33822631835938,87.39209747314453,86.86351013183594,87.48619842529297,88.00833892822266,88.82572937011719,89.84564971923828,90.35574340820312,90.8445816040039,90.71115112304688,91.94683837890624,92.24128723144533,92.90003967285156,93.59484100341795,94.64788055419922,95.69712829589844,95.79370880126952,96.28057098388672,96.68328094482422,96.82298278808594,97.6985092163086,97.56124877929688,97.98887634277344,96.62339782714844,96.15960693359376,95.28681182861328,94.5342025756836,94.35246276855467,94.82421875,95.5446319580078,95.38273620605467,95.49884033203124
A,Annual,LIC,Low income,WB_HCP_UISCR1,Primary school completion rate (%),F,Female,PT,Percentage,1,One,WB_HCP,Human Capital Project (HCP),0,Units,A,Normal value,PU,Public,,,28.189870834350582,28.929269790649418,29.40641975402832,30.020660400390625,30.86566925048828,32.105281829833984,32.56267166137695,32.91859817504883,33.23200988769531,34.208641052246094,34.77219009399414,34.71855163574219,35.53651809692383,35.31740188598633,35.660518646240234,34.898658752441406,34.057220458984375,34.14057922363281,34.62517166137695,35.1511116027832,34.91878128051758,35.4835090637207,34.465301513671875,34.53321075439453,35.36183166503906,35.1249885559082,35.0713005065918,35.32651901245117,36.11206817626953,37.85942840576172,39.33776092529297,41.62068176269531,43.00278854370117,46.226051330566406,48.16025161743164,49.537471771240234,52.525390625,56.34986114501953,57.212608337402344,56.722049713134766,57.795440673828125,57.22676086425781,58.689579010009766,59.433311462402344,60.70808029174805,61.53594970703125,62.50436019897461,63.0086784362793,63.660850524902344,64.7754898071289,63.91944885253906,63.01218032836914
A,Annual,LIC,Low income,WB_HCP_UISCR1,Primary school completion rate (%),M,Male,PT,Percentage,1,One,WB_HCP,Human Capital Project (HCP),0,Units,A,Normal value,PU,Public,,,45.78987121582031,46.35844039916992,46.84344100952149,47.776309967041016,48.53855895996094,49.71686935424805,50.4687614440918,50.78593063354492,51.12411117553711,52.24924087524414,52.580318450927734,51.26477813720703,51.3508186340332,50.89662170410156,51.055908203125,50.02865982055664,49.13055038452149,48.68962860107422,49.395599365234375,49.396488189697266,48.92398834228515,49.11336135864258,47.91896057128906,47.92327117919922,48.43151092529297,48.21382141113281,47.88914108276367,48.063270568847656,49.500919342041016,52.31911087036133,54.412559509277344,56.750999450683594,57.80974960327149,60.49542999267578,61.514041900634766,62.74393081665039,64.75440216064453,67.2173080444336,67.40692138671875,67.0687484741211,66.6214370727539,64.46871948242188,64.82627868652344,64.51038360595703,65.5724105834961,66.21830749511719,67.5383529663086,68.20622253417969,69.02110290527344,69.81240844726562,68.80213165283203,67.68070983886719
A,Annual,LIC,Low income,WB_HCP_UISCR1,Primary school completion rate (%),_T,Total,PT,Percentage,1,One,WB_HCP,Human Capital Project (HCP),0,Units,A,Normal value,PU,Public,37.01422882080078,36.45344161987305,37.06584167480469,37.718711853027344,38.199310302734375,38.97452926635742,39.77933120727539,40.98931884765625,41.59552001953125,41.93115997314453,42.2564811706543,43.307899475097656,43.75484848022461,43.06275939941406,43.50883102416992,43.168941497802734,43.417449951171875,42.52198028564453,41.65031814575195,41.46997833251953,42.06806945800781,42.33095932006836,41.98019027709961,42.35905075073242,41.25508117675781,41.294471740722656,41.96205139160156,41.736209869384766,41.545448303222656,41.759159088134766,42.87467956542969,45.16193008422851,46.95003890991211,49.260990142822266,50.4811897277832,53.43181991577149,54.90351867675781,56.20669174194336,58.69987106323242,61.83872985839844,62.361698150634766,61.94731140136719,62.2513313293457,60.883731842041016,61.78725051879883,61.99549865722656,63.16447067260742,63.90058898925781,65.04737091064453,65.63455963134766,66.36994171142578,67.32164764404297,66.38863372802734,65.3737564086914
A,Annual,LIE,Liechtenstein,WB_HCP_UISCR1,Primary school completion rate (%),F,Female,PT,Percentage,1,One,WB_HCP,Human Capital Project (HCP),0,Units,A,Normal value,PU,Public,,,,,,,,,,,,,,,,,,,,,,,,,,,,,,,,,,97.53694915771484,103.86473083496094,101.84332275390624,109.13977813720705,103.19635009765624,101.44927978515624,96.83258056640624,106.63507080078124,100.46083068847656,98.97435760498048,,84.45596313476562,112.5,103.09278106689452,84.77156829833984,111.1702117919922,95.45455169677734,100.0,94.70899200439452,,
A,Annual,LIE,Liechtenstein,WB_HCP_UISCR1,Primary school completion rate (%),M,Male,PT,Percentage,1,One,WB_HCP,Human Capital Project (HCP),0,Units,A,Normal value,PU,Public,,,,,,,,,,,,,,,,,,,,,,,,,,,,,,,,,,83.12236022949219,114.91712951660156,102.35848999023438,95.16908264160156,103.00428771972656,105.8823471069336,91.96428680419922,116.29212951660156,101.06951904296876,105.3140106201172,,100.0,99.44444274902344,97.53694915771484,96.31578826904295,103.6082534790039,93.59606170654295,107.96019744873048,84.32202911376953,,
A,Annual,LIE,Liechtenstein,WB_HCP_UISCR1,Primary school completion rate (%),_T,Total,PT,Percentage,1,One,WB_HCP,Human Capital Project (HCP),0,Units,A,Normal value,PU,Public,,,,,,,,,,,,,,,,,,,,,,,,,,,,,,,,,,89.7727279663086,109.02062225341795,102.097900390625,101.78117370605467,103.09735107421876,103.64964294433594,94.38201904296876,111.0539779663086,100.74256896972656,102.23880767822266,,92.24806213378906,105.74713134765624,100.25189208984376,90.43927764892578,107.32984161376952,94.45909881591795,104.37158203125,88.94117736816406,,
A,Annual,LKA,Sri Lanka,WB_HCP_UISCR1,Primary school completion rate (%),F,Female,PT,Percentage,1,One,WB_HCP,Human Capital Project (HCP),0,Units,A,Normal value,PU,Public,64.27381896972656,,,,,,,,,,,,,85.29740142822266,,89.42656707763672,91.86026763916016,91.74221801757812,,93.75347900390624,93.94165802001952,96.75399017333984,96.17302703857422,,,,,,98.6638412475586,,,103.12571716308594,105.82646942138672,100.68862915039062,,97.00594329833984,97.4106674194336,95.21160125732422,91.6978988647461,91.3257827758789,96.5194320678711,95.85456085205078,94.85543060302734,95.48045349121094,95.02562713623048,94.7861785888672,95.75138092041016,97.08440399169922,,95.93609619140624,96.32307434082033,98.2793197631836,97.15338134765624,
A,Annual,LKA,Sri Lanka,WB_HCP_UISCR1,Primary school completion rate (%),M,Male,PT,Percentage,1,One,WB_HCP,Human Capital Project (HCP),0,Units,A,Normal value,PU,Public,64.75531768798828,,,,,,,,,,,,,86.390869140625,,94.30573272705078,93.32630920410156,92.6323013305664,,94.84535217285156,93.5584716796875,96.84393310546876,96.18549346923828,,,,,,99.10148620605467,,,104.1335906982422,108.85584259033205,101.74046325683594,,97.74009704589844,97.3869400024414,95.96259307861328,91.67347717285156,91.53948974609376,97.55286407470705,98.5233917236328,94.56963348388672,96.50048065185548,95.57486724853516,95.25132751464844,96.2857894897461,97.01844024658205,,95.78934478759766,96.8337631225586,98.83075714111328,95.2374038696289,
A,Annual,LKA,Sri Lanka,WB_HCP_UISCR1,Primary school completion rate (%),_T,Total,PT,Percentage,1,One,WB_HCP,Human Capital Project (HCP),0,Units,A,Normal value,PU,Public,64.51878356933594,,80.84889221191406,,73.12838745117188,71.03887176513672,42.78329086303711,59.00577926635742,74.67745208740234,78.04161071777344,84.97096252441406,92.93222045898438,87.0068588256836,85.85221862792969,89.61096954345703,91.90142059326172,92.60394287109376,92.19393920898438,,94.30845642089844,93.74675750732422,96.79976654052734,96.17938232421876,,,,,,98.88716888427734,,,103.6390609741211,107.36380004882812,101.2213897705078,,97.37785339355467,97.39864349365234,95.59242248535156,91.68551635742188,91.43412017822266,97.04297637939452,97.20528411865234,94.71099853515624,95.9955596923828,95.30307006835938,95.02137756347656,96.02176666259766,97.05101776123048,,95.86188507080078,96.5811538696289,98.5569839477539,96.1759262084961,
A,Annual,LMC,Lower middle income,WB_HCP_UISCR1,Primary school completion rate (%),F,Female,PT,Percentage,1,One,WB_HCP,Human Capital Project (HCP),0,Units,A,Normal value,PU,Public,39.34688949584961,39.511600494384766,39.55379867553711,40.412498474121094,40.79705810546875,41.774600982666016,42.38513946533203,43.086971282958984,44.00188827514648,44.824649810791016,46.380760192871094,47.90256118774414,49.247108459472656,50.58359146118164,52.33995056152344,53.008079528808594,54.13840103149414,55.24565124511719,56.06172180175781,56.867950439453125,58.22452926635742,59.236698150634766,60.08531188964844,61.2258186340332,62.33403015136719,63.455718994140625,63.443450927734375,63.410858154296875,63.44300079345703,63.82917022705078,65.63346862792969,69.16132354736328,70.2335433959961,74.18061065673828,76.0564193725586,78.37330627441406,80.75949096679688,82.34137725830078,83.83329010009766,85.58775329589844,85.43247985839844,85.03240966796875,86.60504150390625,87.06526947021484,88.2269515991211,88.71575927734375,88.72618103027344,88.6768798828125,88.44232940673828,88.3746566772461,89.2415771484375,89.46028137207031,95.4422836303711,86.95580291748047
A,Annual,LMC,Lower middle income,WB_HCP_UISCR1,Primary school completion rate (%),M,Male,PT,Percentage,1,One,WB_HCP,Human Capital Project (HCP),0,Units,A,Normal value,PU,Public,58.3302001953125,58.479270935058594,58.6543083190918,59.67380905151367,60.09349822998047,61.41056060791016,62.19853973388672,62.42668151855469,63.506980895996094,63.965030670166016,65.25276947021484,66.7931900024414,68.0661392211914,69.31810760498047,70.94949340820312,71.41748809814453,72.29316711425781,73.22065734863281,73.7928695678711,74.20818328857422,75.07058715820312,75.67640686035156,76.06629943847656,76.72046661376953,77.26119232177734,77.86956787109375,77.28144073486328,76.63362121582031,76.10386657714844,75.86504364013672,77.35829162597656,79.83135223388672,80.70404815673828,80.97872924804688,82.3970718383789,84.162109375,85.6665267944336,86.1756362915039,86.45137023925781,87.61305236816406,87.1487808227539,86.73518371582031,86.95234680175781,86.9427719116211,88.30906677246094,88.86888885498047,88.84252166748047,88.77792358398438,88.93443298339844,88.30872344970703,89.18110656738281,89.78713989257812,96.38720703125,87.52848815917969
A,Annual,LMC,Lower middle income,WB_HCP_UISCR1,Primary school completion rate (%),_T,Total,PT,Percentage,1,One,WB_HCP,Human Capital Project (HCP),0,Units,A,Normal value,PU,Public,49.09830856323242,49.25553894042969,49.36402130126953,50.30244827270508,50.70394134521485,51.85750961303711,52.55807876586914,53.01396942138672,54.01390075683594,54.651580810546875,56.07223892211914,57.60736846923828,58.91624069213867,60.20970916748047,61.9033203125,62.46918869018555,63.46952819824219,64.48406982421875,65.1784896850586,65.78173828125,66.88390350341797,67.6872329711914,68.29811096191406,69.18824768066406,70.00778198242188,70.86903381347656,70.56037139892578,70.2107162475586,69.95525360107422,70.01876831054688,71.66072845458984,74.64675903320312,75.61958312988281,77.68018341064453,79.31989288330078,81.35337829589844,83.28694152832031,84.31790161132812,85.18524932861328,86.63388061523438,86.3190689086914,85.91252899169922,86.78472137451172,87.0025634765625,88.26949310302734,88.79425048828125,88.7857666015625,88.72866821289062,88.69548797607422,88.34043884277344,89.21083068847656,89.6294937133789,95.93099975585938,87.25443267822266
A,Annual,LSO,Lesotho,WB_HCP_UISCR1,Primary school completion rate (%),F,Female,PT,Percentage,1,One,WB_HCP,Human Capital Project (HCP),0,Units,A,Normal value,PU,Public,,,43.834449768066406,49.73255157470703,61.73086929321289,65.65630340576172,61.087520599365234,57.77027130126953,59.63166046142578,61.54317092895508,62.29420852661133,62.9888916015625,63.47518157958984,63.62294006347656,62.4210205078125,61.790889739990234,61.91630172729492,66.29071044921875,68.39349365234375,67.71077728271484,70.80850982666016,71.7037124633789,73.49291229248047,72.87212371826172,74.8521728515625,77.0347671508789,72.60807800292969,71.27713012695312,71.16754913330078,68.34789276123047,66.79991912841797,68.77085876464844,71.68343353271484,74.57581329345703,78.48770141601562,75.347900390625,97.90611267089844,92.2036590576172,88.5574722290039,88.65775299072266,89.72479248046875,88.76065826416016,88.93122863769531,90.77838897705078,89.15113067626953,87.8156967163086,88.36865997314453,,,87.64299011230469,81.45662689208984,87.7769546508789,79.31603240966797,75.7191162109375
A,Annual,LSO,Lesotho,WB_HCP_UISCR1,Primary school completion rate (%),M,Male,PT,Percentage,1,One,WB_HCP,Human Capital Project (HCP),0,Units,A,Normal value,PU,Public,,,26.023040771484375,27.13343048095703,32.96562957763672,34.61589050292969,32.909488677978516,29.844179153442383,29.15848922729492,29.748260498046875,28.76004981994629,30.389930725097656,30.892839431762695,33.18880081176758,34.784671783447266,35.11159133911133,34.64535903930664,35.52265930175781,37.10868835449219,37.807498931884766,38.92496871948242,39.57761001586914,42.65312957763672,43.41537857055664,46.212459564208984,51.2877082824707,50.25231170654297,49.422698974609375,50.16410827636719,51.2725715637207,48.97026062011719,51.69601058959961,52.96791076660156,56.22840118408203,58.082740783691406,53.5177001953125,69.76734161376953,69.09810638427734,67.77369689941406,66.60323333740234,69.78109741210938,71.28533172607422,70.83443450927734,71.3956069946289,71.7664566040039,70.7936782836914,73.85679626464844,,,77.97559356689453,70.85452270507812,77.83950805664062,69.80903625488281,66.49723052978516
A,Annual,LSO,Lesotho,WB_HCP_UISCR1,Primary school completion rate (%),_T,Total,PT,Percentage,1,One,WB_HCP,Human Capital Project (HCP),0,Units,A,Normal value,PU,Public,,31.81270980834961,34.924339294433594,38.443851470947266,47.389251708984375,50.212158203125,47.091590881347656,43.906280517578125,44.52848052978515,45.79050064086914,45.608741760253906,46.74951171875,47.22629928588867,48.43463134765625,48.61886978149414,48.461090087890625,48.26129913330078,50.79383850097656,52.65298080444336,52.69129180908203,54.8294792175293,55.62857818603515,58.0837287902832,58.17237854003906,60.57564926147461,64.21524047851562,61.48762893676758,60.41577911376953,60.708038330078125,59.83333969116211,57.89384078979492,60.23408126831055,62.3242301940918,65.40138244628906,68.29070281982422,64.44583892822266,83.86190795898438,80.67640686035156,78.18305969238281,77.64282989501953,79.76619720458984,80.03883361816406,79.90428161621094,81.11701202392578,80.4921646118164,79.34463500976562,81.1535415649414,,,82.8508071899414,76.18840789794922,82.84357452392578,74.59312438964844,71.13348388671875
A,Annual,LTU,Lithuania,WB_HCP_UISCR1,Primary school completion rate (%),F,Female,PT,Percentage,1,One,WB_HCP,Human Capital Project (HCP),0,Units,A,Normal value,PU,Public,,,,,,,,,,,,,,,,,,,,,,,,,,87.91557312011719,91.55496978759766,91.34783172607422,,94.90516662597656,101.79447174072266,102.26937103271484,102.43759155273438,100.68186950683594,102.537841796875,101.61934661865234,102.72817993164062,103.87400817871094,98.32919311523438,97.97361755371094,99.4632797241211,97.77615356445312,100.5485382080078,101.4021224975586,100.86499786376952,100.2538070678711,100.62664031982422,101.61113739013672,103.4509735107422,110.02992248535156,108.4395980834961,99.44847106933594,100.3318862915039,
A,Annual,LTU,Lithuania,WB_HCP_UISCR1,Primary school completion rate (%),M,Male,PT,Percentage,1,One,WB_HCP,Human Capital Project (HCP),0,Units,A,Normal value,PU,Public,,,,,,,,,,,,,,,,,,,,,,,,,,90.77200317382812,94.44654083251952,96.71025848388672,,100.2144775390625,102.006591796875,103.15509033203124,102.69113159179688,102.02989959716795,103.9420928955078,102.44737243652344,102.05355834960938,104.54186248779295,98.51912689208984,100.10021209716795,99.27044677734376,100.3379898071289,101.63672637939452,101.37474822998048,101.2056121826172,97.2029037475586,100.64521026611328,101.55400848388672,104.7463836669922,110.43028259277344,107.80690002441406,101.19879913330078,100.8604965209961,
A,Annual,LTU,Lithuania,WB_HCP_UISCR1,Primary school completion rate (%),_T,Total,PT,Percentage,1,One,WB_HCP,Human Capital Project (HCP),0,Units,A,Normal value,PU,Public,,,,,,,,,,,,,,,,,,,,,,,,,,89.34764862060547,93.00309753417967,94.05059051513672,,97.57125854492188,101.90319061279295,102.72062683105467,102.5675277709961,101.36676788330078,103.25765991210938,102.04354095458984,102.38198852539062,104.21470642089844,98.42682647705078,99.0762710571289,99.36398315429688,99.0966567993164,101.1034927368164,101.38800048828124,101.04054260253906,98.67507934570312,100.63612365722656,101.58206176757812,104.10890197753906,110.23483276367188,108.11569213867188,100.33875274658205,100.60552978515624,
A,Annual,LUX,Luxembourg,WB_HCP_UISCR1,Primary school completion rate (%),F,Female,PT,Percentage,1,One,WB_HCP,Human Capital Project (HCP),0,Units,A,Normal value,PU,Public,,,,,,85.31226348876953,83.98767852783203,86.14572143554688,84.975830078125,88.12229919433594,,,,83.39852142333984,,,,,,,,,,,,,,,,,,,,,,,,,,,89.59068298339844,84.54309844970703,85.47176361083984,84.75189208984375,83.82804870605469,82.62814331054688,81.55738067626953,82.55503845214844,75.91356658935547,79.21399688720703,79.23381042480469,79.0376968383789,78.00985717773438,
A,Annual,LUX,Luxembourg,WB_HCP_UISCR1,Primary school completion rate (%),M,Male,PT,Percentage,1,One,WB_HCP,Human Capital Project (HCP),0,Units,A,Normal value,PU,Public,,,,,,81.24771881103516,79.53819274902344,82.42707824707031,83.60031127929688,80.09496307373047,,,,78.10337829589844,,,,,,,,,,,,,,,,,,,,,,,,,,,86.24669647216797,82.15074157714844,82.10621643066406,83.0071792602539,79.50350189208984,78.68388366699219,76.71190643310547,74.68656921386719,77.44178771972656,76.52596282958984,75.4002914428711,74.74343872070312,77.66825866699219,
A,Annual,LUX,Luxembourg,WB_HCP_UISCR1,Primary school completion rate (%),_T,Total,PT,Percentage,1,One,WB_HCP,Human Capital Project (HCP),0,Units,A,Normal value,PU,Public,,,,,,83.22399139404297,81.67375183105469,84.24253845214844,84.29673767089844,83.96672058105469,,,,80.66413879394531,,,,,,,,,,,,,,,,,,,,,,,,,,,87.86225891113281,83.33067321777344,83.72274780273438,83.87625122070312,81.59065246582031,80.56880187988281,79.0113525390625,78.40264892578125,76.69661712646484,77.86260223388672,77.27542877197266,76.81288146972656,77.83651733398438,
A,Annual,LVA,Latvia,WB_HCP_UISCR1,Primary school completion rate (%),F,Female,PT,Percentage,1,One,WB_HCP,Human Capital Project (HCP),0,Units,A,Normal value,PU,Public,,,,,,,,,,,,,,,,,,,,,,,,,,,,,,97.82801818847656,98.84652709960938,100.17198944091795,99.31806182861328,99.71334838867188,103.55754089355467,101.55332946777344,102.72525787353516,100.0,101.48980712890624,99.09040069580078,100.30441284179688,98.98338317871094,98.49459838867188,98.75627136230467,99.92059326171876,101.06717681884766,97.9887924194336,99.00700378417967,99.1960220336914,98.63890075683594,98.9471664428711,98.02063751220705,98.52375793457033,
A,Annual,LVA,Latvia,WB_HCP_UISCR1,Primary school completion rate (%),M,Male,PT,Percentage,1,One,WB_HCP,Human Capital Project (HCP),0,Units,A,Normal value,PU,Public,,,,,,,,,,,,,,,,,,,,,,,,,,,,,,102.4991683959961,99.98358154296876,100.7528305053711,99.80756378173828,102.25657653808594,106.32369995117188,102.43334197998048,102.66439819335938,103.2597427368164,103.2120132446289,102.94966888427734,103.96354675292967,100.51522827148438,98.5692367553711,100.05258178710938,100.78279876708984,99.0074691772461,98.12654113769533,99.59776306152344,97.64386749267578,97.98906707763672,97.73423767089844,98.12033081054688,98.37525939941406,
A,Annual,LVA,Latvia,WB_HCP_UISCR1,Primary school completion rate (%),_T,Total,PT,Percentage,1,One,WB_HCP,Human Capital Project (HCP),0,Units,A,Normal value,PU,Public,,,,,,,,,,,,,,,,,,,,,,,,,,70.4172592163086,73.45713806152344,85.64662170410156,,100.17459869384766,99.42994689941406,100.46698760986328,99.56717681884766,101.00830841064452,104.95696258544922,102.00334930419922,102.69387817382812,101.66496276855467,102.3786163330078,101.09027099609376,102.19275665283205,99.76600646972656,98.53286743164062,99.41632843017578,100.35784149169922,100.01094818115234,98.06009674072266,99.3118133544922,98.39913940429688,98.30753326416016,98.3287582397461,98.07154083251952,98.44830322265624,
A,Annual,MAC,"Macao SAR, China",WB_HCP_UISCR1,Primary school completion rate (%),F,Female,PT,Percentage,1,One,WB_HCP,Human Capital Project (HCP),0,Units,A,Normal value,PU,Public,,,,,,,,,,,,,,,,,,,,,101.53540802001952,,101.62323760986328,93.0386734008789,,,,,,91.91748046875,98.13333129882812,100.30113220214844,104.5527572631836,99.6689682006836,102.15384674072266,94.75666046142578,97.17262268066406,90.80110168457033,92.2702178955078,91.5073471069336,97.22445678710938,97.88672637939452,99.62030792236328,98.68421173095705,94.4736785888672,99.70587921142578,90.84210968017578,115.8235321044922,100.57142639160156,91.36000061035156,90.3846206665039,96.03845977783205,93.77777862548828,92.1999969482422
A,Annual,MAC,"Macao SAR, China",WB_HCP_UISCR1,Primary school completion rate (%),M,Male,PT,Percentage,1,One,WB_HCP,Human Capital Project (HCP),0,Units,A,Normal value,PU,Public,,,,,,,,,,,,,,,,,,,,,105.49713134765624,,98.2240982055664,95.91687774658205,,,,,,94.3981475830078,92.60286712646484,95.5916519165039,99.35897064208984,99.13131713867188,103.43267822265624,92.58055877685548,95.43453979492188,92.36228942871094,91.45559692382812,93.81817626953124,98.83062744140624,96.3923797607422,104.14788055419922,97.04762268066406,95.9499969482422,85.38095092773438,95.6500015258789,98.23809814453124,91.29167175292967,88.9259262084961,89.75862121582031,95.53571319580078,88.96774291992188,87.09091186523438
A,Annual,MAC,"Macao SAR, China",WB_HCP_UISCR1,Primary school completion rate (%),_T,Total,PT,Percentage,1,One,WB_HCP,Human Capital Project (HCP),0,Units,A,Normal value,PU,Public,,,,,,,,,,,,,,,,,,,,,103.55145263671876,,99.91500091552734,94.48516082763672,,,,,,93.18720245361328,95.30233001708984,97.85413360595705,101.84851837158205,99.38983917236328,102.80921936035156,93.63191223144533,96.26930236816406,91.6091079711914,91.8502197265625,92.72411346435548,98.05333709716795,97.12393951416016,101.94219970703124,97.8249969482422,95.23076629638672,91.78946685791016,93.30769348144533,106.10526275634766,95.62222290039062,90.09615325927734,90.05455017089844,95.77777862548828,91.20690155029295,89.52381134033203
A,Annual,MAR,Morocco,WB_HCP_UISCR1,Primary school completion rate (%),F,Female,PT,Percentage,1,One,WB_HCP,Human Capital Project (HCP),0,Units,A,Normal value,PU,Public,,,,20.17786979675293,21.1247501373291,22.543720245361328,,26.97871971130371,29.30851936340332,31.657590866088867,33.080448150634766,34.5589485168457,36.00600814819336,36.400760650634766,36.82463073730469,43.57304000854492,42.88719177246094,42.62776947021485,38.88195037841797,33.736080169677734,40.18016052246094,37.330108642578125,36.83012008666992,37.588600158691406,38.06449890136719,39.88628005981445,42.06874084472656,44.162479400634766,46.19889068603515,48.85641860961914,52.05358123779297,54.758941650390625,56.970359802246094,62.62403106689453,71.26732635498047,76.92961120605469,80.68064880371094,80.37644958496094,78.4561996459961,76.7551498413086,80.43028259277344,85.48139190673828,94.54779052734376,93.83934783935548,94.83756256103516,94.74056243896484,93.50550842285156,91.69384765625,91.83965301513672,94.53148651123048,97.1926498413086,99.90119171142578,102.35629272460938,105.73442840576172
A,Annual,MAR,Morocco,WB_HCP_UISCR1,Primary school completion rate (%),M,Male,PT,Percentage,1,One,WB_HCP,Human Capital Project (HCP),0,Units,A,Normal value,PU,Public,,,,36.9603385925293,37.431209564208984,40.157920837402344,,45.16999053955078,48.74251937866211,51.638179779052734,54.56623077392578,55.29457092285156,57.406639099121094,58.25601959228515,59.20671844482422,68.16657257080078,65.57855224609375,64.21556091308594,60.91984939575195,52.22283935546875,58.67333984375,54.7646484375,53.114540100097656,53.09653091430664,52.8350715637207,54.980369567871094,56.57680892944336,58.26939010620117,60.4399299621582,61.76850128173828,65.07865142822266,65.6943130493164,66.92162322998047,69.21672821044922,76.67462921142578,82.56619262695312,87.22712707519531,87.06591033935547,84.16754150390625,81.41519927978516,84.36660766601562,88.90756225585938,96.35475158691406,93.85275268554688,95.96807861328124,96.64601135253906,94.98355865478516,91.13085174560548,90.89347076416016,94.11682891845705,96.65154266357422,100.68057250976562,99.76631927490234,103.70081329345705
A,Annual,MAR,Morocco,WB_HCP_UISCR1,Primary school completion rate (%),_T,Total,PT,Percentage,1,One,WB_HCP,Human Capital Project (HCP),0,Units,A,Normal value,PU,Public,,28.06800079345703,27.730249404907227,28.73992919921875,29.425609588623047,31.49751091003418,34.129058837890625,36.225399017333984,39.19837951660156,41.83687973022461,44.03313064575195,45.13330078125,46.91482162475586,47.532718658447266,48.221920013427734,56.08504867553711,54.43035888671875,53.60406875610352,50.08327865600586,43.1302604675293,49.576961517333984,46.17229080200195,45.0894889831543,45.47018051147461,45.58256149291992,47.58171844482422,49.46873092651367,51.3537483215332,53.458709716796875,55.435791015625,58.699859619140625,60.35036087036133,62.073848724365234,66.00888061523438,74.0426025390625,79.81990814208984,84.03720092773438,83.80744171142578,81.38783264160156,79.1504898071289,82.45638275146484,87.24713134765625,95.4793472290039,93.84625244140624,95.41838836669922,95.71690368652344,94.26103973388672,91.4058609008789,91.35543060302734,94.31922912597656,96.91558074951172,100.30059814453124,101.02822875976562,104.69107055664062
A,Annual,MCO,Monaco,WB_HCP_UISCR1,Primary school completion rate (%),F,Female,PT,Percentage,1,One,WB_HCP,Human Capital Project (HCP),0,Units,A,Normal value,PU,Public,,,,,,,,,,,,,,,,,,,,,,120.3125,119.69696807861328,,,,,,,,,,,,,,,,,,,,,,,,162.04379272460938,,,,,,,
A,Annual,MCO,Monaco,WB_HCP_UISCR1,Primary school completion rate (%),M,Male,PT,Percentage,1,One,WB_HCP,Human Capital Project (HCP),0,Units,A,Normal value,PU,Public,,,,,,,,,,,,,,,,,,,,,,108.2089614868164,113.74046325683594,,,,,,,,,,,,,,,,,,,,,,,,138.57142639160156,,,,,,,
A,Annual,MCO,Monaco,WB_HCP_UISCR1,Primary school completion rate (%),_T,Total,PT,Percentage,1,One,WB_HCP,Human Capital Project (HCP),0,Units,A,Normal value,PU,Public,,,,,,,,,,,,,,,,,,,,,,114.12213897705078,116.73004150390624,,,,,,,,,,,,,,,,,,,,,,,,150.18051147460938,,,,,,,
A,Annual,MDA,Moldova,WB_HCP_UISCR1,Primary school completion rate (%),F,Female,PT,Percentage,1,One,WB_HCP,Human Capital Project (HCP),0,Units,A,Normal value,PU,Public,,,,,,,,,,,,,,,,,,,,,,,,,,,,,,,,,,,,,,,,,,,,,109.70230102539062,106.48829650878906,106.2061767578125,106.79566955566406,101.09544372558594,99.70591735839844,104.06185913085938,,,
A,Annual,MDA,Moldova,WB_HCP_UISCR1,Primary school completion rate (%),M,Male,PT,Percentage,1,One,WB_HCP,Human Capital Project (HCP),0,Units,A,Normal value,PU,Public,,,,,,,,,,,,,,,,,,,,,,,,,,,,,,,,,,,,,,,,,,,,,108.58341979980467,107.70551300048828,107.01699829101562,107.65737915039062,102.42449188232422,105.06643676757812,104.20905303955078,,,
A,Annual,MDA,Moldova,WB_HCP_UISCR1,Primary school completion rate (%),_T,Total,PT,Percentage,1,One,WB_HCP,Human Capital Project (HCP),0,Units,A,Normal value,PU,Public,,,,,,,,,,,,,,,,,,,,,,,,,,,,,,,,,,,,,,,,,,,,,109.12548065185548,107.11296844482422,106.62077331542967,107.24091339111328,101.78157806396484,102.42738342285156,104.13768005371094,,,
A,Annual,MDG,Madagascar,WB_HCP_UISCR1,Primary school completion rate (%),F,Female,PT,Percentage,1,One,WB_HCP,Human Capital Project (HCP),0,Units,A,Normal value,PU,Public,,22.236330032348633,24.380279541015625,25.521549224853516,,28.310300827026367,,,,,,,,,,,,,37.66593170166016,34.942420959472656,34.686981201171875,33.76089096069336,30.604990005493164,31.883739471435547,29.679630279541016,28.31060028076172,29.75279998779297,,29.590959548950195,32.80904006958008,35.56338882446289,35.18867874145508,35.15385055541992,38.85382843017578,44.691200256347656,55.736289978027344,54.536739349365234,58.77077865600586,65.57137298583984,73.19892883300781,70.59150695800781,71.69532775878906,70.34288024902344,69.68655395507812,69.79996490478516,69.97650909423828,68.45944213867188,67.77960205078125,65.81893157958984,63.32810592651367,61.751224517822266,65.6064453125,61.97725296020508,63.25065612792969
A,Annual,MDG,Madagascar,WB_HCP_UISCR1,Primary school completion rate (%),M,Male,PT,Percentage,1,One,WB_HCP,Human Capital Project (HCP),0,Units,A,Normal value,PU,Public,,28.399410247802734,31.40019989013672,29.799659729003903,,32.4163818359375,,,,,,,,,,,,,33.61491012573242,32.8542594909668,32.8956184387207,31.74894905090332,30.07996940612793,30.66555976867676,27.66655921936035,28.443950653076172,27.882320404052734,,28.753599166870117,31.543859481811523,34.59867858886719,33.52067947387695,33.6378288269043,37.23265838623047,42.42108154296875,54.63043975830078,53.62281036376953,58.00141143798828,64.25813293457031,71.18431091308594,67.90447235107422,68.61016082763672,66.66856384277344,65.42698669433594,65.1815414428711,65.27412414550781,63.672950744628906,62.25112533569336,60.4730110168457,58.23870468139648,56.62578582763672,60.78820037841797,56.7387580871582,57.614501953125
A,Annual,MDG,Madagascar,WB_HCP_UISCR1,Primary school completion rate (%),_T,Total,PT,Percentage,1,One,WB_HCP,Human Capital Project (HCP),0,Units,A,Normal value,PU,Public,,25.3411808013916,27.918359756469727,27.678489685058594,,30.381290435791016,,,,,,,,,,,,,35.62163162231445,33.888301849365234,33.78234100341797,32.7446403503418,30.339740753173828,31.26820945739746,28.662309646606445,28.378000259399418,28.80746078491211,,29.16790008544922,32.17013168334961,35.07632064819336,34.34605026245117,34.38739013671875,38.034149169921875,43.5429801940918,55.176998138427734,54.07469177246094,58.381858825683594,64.90762329101562,72.18083190917969,69.23423767089844,70.13771057128906,68.488525390625,67.53787231445312,67.47068786621094,67.60498046875,66.04513549804688,64.99119567871094,63.12284851074219,60.75994491577149,59.16339874267578,63.17198944091797,59.32897186279297,60.40061950683594
A,Annual,MDV,Maldives,WB_HCP_UISCR1,Primary school completion rate (%),F,Female,PT,Percentage,1,One,WB_HCP,Human Capital Project (HCP),0,Units,A,Normal value,PU,Public,,,,,,,,,,,,,,,,,,,,,,,,,,,,118.50198364257812,,,,,,,,133.5413360595703,124.79183197021484,,107.2135009765625,108.30303192138672,100.60877990722656,101.04942321777344,94.08849334716795,87.85977935791016,93.52873992919922,91.92498779296876,95.571533203125,92.95929718017578,95.91622924804688,94.89361572265624,,,101.47181701660156,98.15630340576172
A,Annual,MDV,Maldives,WB_HCP_UISCR1,Primary school completion rate (%),M,Male,PT,Percentage,1,One,WB_HCP,Human Capital Project (HCP),0,Units,A,Normal value,PU,Public,,,,,,,,,,,,,,,,,,,,,,,,,,,,114.62297058105467,,,,,,,,131.1920166015625,122.18511199951172,,103.4036102294922,110.21163940429688,108.66008758544922,101.4510269165039,92.18551635742188,90.3000030517578,95.68668365478516,94.6440887451172,98.39645385742188,92.8760757446289,87.4644775390625,88.8955078125,,,93.2026824951172,98.72860717773438
A,Annual,MDV,Maldives,WB_HCP_UISCR1,Primary school completion rate (%),_T,Total,PT,Percentage,1,One,WB_HCP,Human Capital Project (HCP),0,Units,A,Normal value,PU,Public,,,,,,,,,,,,,,,,,,,,,,,,,,,,116.48600006103516,,,,,,,,132.29957580566406,123.41123962402344,,105.17965698242188,109.32202911376952,104.89048767089844,101.26158142089844,93.0855484008789,89.14185333251953,94.66063690185548,93.35391235351562,97.05724334716795,92.91558074951172,91.4787826538086,91.7524185180664,,,97.10430145263672,98.4593505859375
A,Annual,MEA,Middle East and North Africa,WB_HCP_UISCR1,Primary school completion rate (%),F,Female,PT,Percentage,1,One,WB_HCP,Human Capital Project (HCP),0,Units,A,Normal value,PU,Public,35.845279693603516,35.72209167480469,35.99340057373047,37.42007827758789,38.79961013793945,41.538230895996094,43.75926971435547,46.105350494384766,45.525970458984375,43.478721618652344,48.04804992675781,51.57725143432617,53.25709915161133,55.08480072021485,57.60530090332031,61.83219146728515,61.98508071899414,62.3189582824707,63.94710922241211,64.79975891113281,66.98385620117188,68.3277816772461,70.12177276611328,71.30084991455078,72.03990173339844,74.09432983398438,75.02826690673828,75.7149887084961,76.60980987548828,77.5942611694336,77.51837158203125,79.12539672851562,79.45098114013672,79.59203338623047,84.34603881835938,86.6231689453125,83.1661376953125,84.69615936279297,86.14405822753906,86.11724853515625,87.71257781982422,88.23856353759766,89.47045135498047,84.97917175292969,85.05558013916016,84.09474182128906,83.65663146972656,83.367919921875,84.09905242919922,84.12493133544922,86.05740356445312,86.16449737548828,87.70065307617188,89.08342742919922
A,Annual,MEA,Middle East and North Africa,WB_HCP_UISCR1,Primary school completion rate (%),M,Male,PT,Percentage,1,One,WB_HCP,Human Capital Project (HCP),0,Units,A,Normal value,PU,Public,61.24367141723633,61.25323867797851,61.235130310058594,62.83575820922851,63.92475128173828,67.8861312866211,69.84722137451172,72.41146087646484,72.37906646728516,67.54390716552734,70.14636993408203,73.71353912353516,73.86138153076172,74.7535629272461,76.95118713378906,81.42069244384766,80.13018035888672,79.22604370117188,79.79438018798828,80.2472915649414,81.72380828857422,82.63433074951172,83.96395874023438,84.50021362304688,84.29615020751953,85.55670928955078,85.87545776367188,85.85591888427734,86.09013366699219,86.36470031738281,85.70081329345703,86.9451904296875,86.3161392211914,87.23124694824219,89.55127716064453,91.88165283203124,89.45539093017578,90.47972106933594,92.65186309814452,91.0870132446289,92.44596862792967,92.53913879394533,93.41177368164062,88.47206115722656,88.67449951171875,87.8601303100586,87.01866912841797,86.82608795166016,87.81495666503906,88.55870056152344,89.37116241455078,89.72589111328125,90.58690643310548,92.08036041259766
A,Annual,MEA,Middle East and North Africa,WB_HCP_UISCR1,Primary school completion rate (%),_T,Total,PT,Percentage,1,One,WB_HCP,Human Capital Project (HCP),0,Units,A,Normal value,PU,Public,48.94390869140625,48.88785171508789,49.00984954833984,50.51953125,51.74079895019531,55.106449127197266,57.20542907714844,59.67105865478515,59.38045120239258,55.902530670166016,59.46210861206055,63.013309478759766,63.89929962158203,65.23993682861328,67.58978271484375,71.93533325195312,71.3381118774414,71.02799987792969,72.09944152832031,72.72898864746094,74.53912353515625,75.6446762084961,77.18852996826172,78.03204345703125,78.28639221191406,79.93421936035156,80.55232238769531,80.87956237792969,81.44084167480469,82.06683349609375,81.69413757324219,83.12091064453125,82.96198272705078,83.49868774414062,87.00869750976562,89.30793762207031,86.37870788574219,87.65599822998047,89.47740936279297,88.65711975097656,90.13052368164062,90.4444808959961,91.49053192138672,86.76782989501953,86.90599060058594,86.01730346679688,85.37403106689453,85.1340103149414,85.9975814819336,86.39070129394531,87.74964141845703,87.98429107666016,89.17478942871094,90.6143569946289
A,Annual,MEX,Mexico,WB_HCP_UISCR1,Primary school completion rate (%),F,Female,PT,Percentage,1,One,WB_HCP,Human Capital Project (HCP),0,Units,A,Normal value,PU,Public,,,,,,64.68399047851562,66.21949005126953,71.65631866455078,,,,,,,,,,,,,,,,91.85945892333984,93.17027282714844,96.53289031982422,97.43006896972656,96.87322998046876,,97.58544921875,96.61682891845705,97.6611328125,99.19341278076172,98.73275756835938,100.59034729003906,101.39624786376952,101.49080657958984,102.35466003417967,101.7268524169922,100.03424072265624,100.47683715820312,100.32388305664062,107.06739807128906,110.6262435913086,111.76715087890624,106.05902862548828,104.65299987792967,104.38610076904295,102.48616790771484,102.86598205566406,103.16136169433594,103.0739288330078,102.46614074707033,
A,Annual,MEX,Mexico,WB_HCP_UISCR1,Primary school completion rate (%),M,Male,PT,Percentage,1,One,WB_HCP,Human Capital Project (HCP),0,Units,A,Normal value,PU,Public,,,,,,70.9767837524414,72.97303771972656,77.79206085205078,,,,,,,,,,,,,,,,92.89968872070312,94.58061981201172,98.07760620117188,99.50395965576172,99.07660675048828,,97.64881896972656,96.87519073486328,97.38506317138672,98.24143981933594,97.7925262451172,98.95459747314452,99.61569213867188,100.39734649658205,101.21643829345705,100.7208023071289,99.47049713134766,99.63761901855467,100.05406951904295,105.931640625,109.74797821044922,111.31979370117188,105.92887115478516,104.7496566772461,104.26580047607422,102.25623321533205,102.0931167602539,102.05364990234376,102.57540130615234,102.02043914794922,
A,Annual,MEX,Mexico,WB_HCP_UISCR1,Primary school completion rate (%),_T,Total,PT,Percentage,1,One,WB_HCP,Human Capital Project (HCP),0,Units,A,Normal value,PU,Public,,,,,,67.83161926269531,69.59139251708984,74.71853637695312,74.7667007446289,79.42086029052734,82.83007049560547,86.05583190917969,88.53157806396484,90.23290252685548,94.93071746826172,94.80520629882812,96.50469970703124,95.2176513671875,93.1177978515625,92.9806137084961,91.7957000732422,91.0740737915039,92.10885620117188,92.38137817382812,93.87738037109376,97.30711364746094,98.47167205810548,97.98262786865234,,97.61762237548828,96.74742889404295,97.52152252197266,98.71173858642578,98.25662994384766,99.76130676269533,100.49330139160156,100.93618774414062,101.77731323242188,101.2164077758789,99.7480926513672,100.05081176757812,100.18697357177734,106.49128723144533,110.1805419921875,111.53988647460938,105.99284362792967,104.70217895507812,104.32485961914062,102.3691177368164,102.47265625,102.59771728515624,102.82019805908205,102.23927307128906,
A,Annual,MHL,Marshall Islands,WB_HCP_UISCR1,Primary school completion rate (%),F,Female,PT,Percentage,1,One,WB_HCP,Human Capital Project (HCP),0,Units,A,Normal value,PU,Public,,,,,,,,,,,,,,,,,,,,,,,,,,,,,,87.5843505859375,,,105.8091278076172,80.8450698852539,,80.2147216796875,89.73561096191406,94.77021026611328,91.85304260253906,93.4713363647461,,91.81817626953124,,,,,100.35906982421876,,,118.73726654052734,114.8535614013672,108.3507308959961,99.5689697265625,
A,Annual,MHL,Marshall Islands,WB_HCP_UISCR1,Primary school completion rate (%),M,Male,PT,Percentage,1,One,WB_HCP,Human Capital Project (HCP),0,Units,A,Normal value,PU,Public,,,,,,,,,,,,,,,,,,,,,,,,,,,,,,103.90428161621094,,,97.56722259521484,88.7417221069336,,87.26483154296875,85.7979507446289,89.16914367675781,93.05760955810548,90.13062286376952,,87.03704071044922,,,,,96.50350189208984,,,117.24137878417967,112.1703872680664,110.94049835205078,91.28205108642578,
A,Annual,MHL,Marshall Islands,WB_HCP_UISCR1,Primary school completion rate (%),_T,Total,PT,Percentage,1,One,WB_HCP,Human Capital Project (HCP),0,Units,A,Normal value,PU,Public,,,,,,,,,,,,,,,,,,,,,,,,,,,,,,96.02606201171876,,,101.52925872802734,84.91468048095703,,83.8421401977539,87.70738983154297,91.87738800048828,92.47888946533205,91.7236099243164,,89.35388946533203,,,,,98.40567016601562,,,117.96643829345705,113.49124908447266,109.6999969482422,94.94757080078124,
A,Annual,MKD,North Macedonia,WB_HCP_UISCR1,Primary school completion rate (%),F,Female,PT,Percentage,1,One,WB_HCP,Human Capital Project (HCP),0,Units,A,Normal value,PU,Public,,,,,,,,,,,,,,,,,,,,,,,,,,91.61827850341795,92.6221923828125,94.4604721069336,,97.28489685058594,101.09529876708984,100.1000518798828,100.48058319091795,95.177001953125,97.76052856445312,95.7987823486328,95.2186279296875,94.498291015625,99.01537322998048,95.7110595703125,,,,97.755859375,95.45655822753906,96.7422866821289,,93.55316925048828,93.9877471923828,91.01164245605467,90.41622161865234,91.82330322265624,93.592529296875,
A,Annual,MKD,North Macedonia,WB_HCP_UISCR1,Primary school completion rate (%),M,Male,PT,Percentage,1,One,WB_HCP,Human Capital Project (HCP),0,Units,A,Normal value,PU,Public,,,,,,,,,,,,,,,,,,,,,,,,,,91.04683685302734,94.53936004638672,94.98045349121094,,101.75859832763672,101.6960678100586,100.35199737548828,97.1076431274414,96.4589614868164,97.0672607421875,95.8580322265625,96.38327026367188,95.23444366455078,97.74616241455078,96.04216003417967,,,,98.08587646484376,95.41683959960938,94.59957122802734,,94.72209930419922,94.32073211669922,91.27937316894533,90.40045928955078,91.45285034179688,93.24299621582033,
A,Annual,MKD,North Macedonia,WB_HCP_UISCR1,Primary school completion rate (%),_T,Total,PT,Percentage,1,One,WB_HCP,Human Capital Project (HCP),0,Units,A,Normal value,PU,Public,,,,,,,,,,,,,,,,,,,,,,,,92.20269775390624,92.13951873779295,91.32701873779295,93.5982666015625,94.72544860839844,98.31836700439452,99.56902313232422,101.4049072265625,100.23088073730467,98.7415771484375,95.83413696289062,97.40476989746094,95.82904052734376,95.82383728027344,94.8785400390625,98.35958099365234,95.8816909790039,,,,97.92633056640624,95.43612670898438,95.62700653076172,,94.15418243408205,94.16026306152344,91.14946746826172,90.40802001953124,91.63092803955078,93.41336822509766,
A,Annual,MLI,Mali,WB_HCP_UISCR1,Primary school completion rate (%),F,Female,PT,Percentage,1,One,WB_HCP,Human Capital Project (HCP),0,Units,A,Normal value,PU,Public,,,,,,,,,,8.563570022583008,,7.342430114746094,,,7.281710147857666,6.864530086517334,,6.525889873504639,6.232190132141113,,,,,,,,,,,,22.062170028686523,24.126630783081055,26.301849365234375,29.183269500732425,30.657079696655273,32.34714126586914,37.08015060424805,39.78617858886719,43.89202880859375,46.33903884887695,49.379669189453125,50.1256217956543,47.58171081542969,,47.43690872192383,45.72256088256836,45.47615814208984,44.50382995605469,,,,,,48.380401611328125
A,Annual,MLI,Mali,WB_HCP_UISCR1,Primary school completion rate (%),M,Male,PT,Percentage,1,One,WB_HCP,Human Capital Project (HCP),0,Units,A,Normal value,PU,Public,,,,,,,,,,17.698469161987305,,15.145219802856444,,,14.411259651184082,13.725330352783203,,12.014060020446776,11.46718978881836,,,,,,,,,,,,35.098411560058594,40.771018981933594,40.783939361572266,44.499359130859375,46.08171844482422,48.005401611328125,53.85293960571289,56.7081298828125,59.08787155151367,59.98711013793945,62.65879821777344,62.734249114990234,56.54042053222656,,54.02037811279297,51.22465896606445,51.58803939819336,49.295711517333984,,,,,,51.00431823730469
A,Annual,MLI,Mali,WB_HCP_UISCR1,Primary school completion rate (%),_T,Total,PT,Percentage,1,One,WB_HCP,Human Capital Project (HCP),0,Units,A,Normal value,PU,Public,,9.997119903564451,9.034290313720703,9.33707046508789,10.086799621582031,,11.301639556884766,13.45164966583252,12.477499961853027,13.132969856262209,11.656579971313477,11.246089935302734,,11.35842990875244,10.85688018798828,10.309639930725098,9.463700294494627,9.29086971282959,8.873189926147461,,,,,,,,,,,,28.662839889526367,32.54936981201172,33.63045883178711,36.932159423828125,38.46495819091797,40.27241897583008,45.566280364990234,48.346458435058594,51.583290100097656,53.24982833862305,56.09992980957031,56.50693893432617,52.118019104003906,51.866111755371094,50.77125930786133,48.50984954833984,48.572418212890625,46.93080139160156,,,,,,49.708160400390625
A,Annual,MLT,Malta,WB_HCP_UISCR1,Primary school completion rate (%),F,Female,PT,Percentage,1,One,WB_HCP,Human Capital Project (HCP),0,Units,A,Normal value,PU,Public,,108.17900848388672,121.41118621826172,117.3606185913086,128.6216278076172,111.09784698486328,86.88742065429688,114.4439468383789,98.94365692138672,105.76316833496094,105.30034637451172,117.38214874267578,100.0,99.09413146972656,99.65753173828124,97.5700912475586,94.67857360839844,102.71346282958984,99.2475814819336,101.92237854003906,101.0672378540039,101.87522888183594,104.75145721435548,104.49983215332033,105.5595703125,100.0,106.76236724853516,97.93282318115234,100.60865783691406,98.5876693725586,104.93782806396484,102.64205932617188,102.4488296508789,100.96942901611328,102.60458374023438,102.41969299316406,102.93509674072266,99.57805633544922,102.33274841308594,94.74388122558594,101.06828308105467,98.91007995605467,97.3985366821289,100.37254333496094,100.89021301269533,100.05188751220705,99.64592742919922,99.4823989868164,100.15167236328124,97.64434051513672,96.25502014160156,98.4979476928711,94.79521942138672,
A,Annual,MLT,Malta,WB_HCP_UISCR1,Primary school completion rate (%),M,Male,PT,Percentage,1,One,WB_HCP,Human Capital Project (HCP),0,Units,A,Normal value,PU,Public,,103.7602767944336,121.02835083007812,116.89527893066406,131.96144104003906,114.81342315673828,95.27426147460938,107.40583801269533,97.12474060058594,102.7131805419922,104.54163360595705,115.74331665039062,100.41509246826172,100.56732177734376,90.993896484375,105.73912811279295,106.02288055419922,112.21734619140624,99.96656036376952,105.54615783691406,101.72756958007812,102.25225067138672,108.00141143798828,100.4903564453125,105.01683807373048,105.7439422607422,102.01847076416016,106.4223403930664,100.40775299072266,99.40377807617188,104.9913330078125,102.40055084228516,102.3063735961914,101.94621276855467,100.9886474609375,103.02079010009766,101.20845794677734,99.0990982055664,101.26934051513672,96.4119873046875,102.99591064453124,99.90689086914062,100.78817749023438,100.4906768798828,97.39685821533205,96.51960754394533,96.94947814941406,99.48766326904295,100.64396667480467,98.87979125976562,99.27381134033205,98.44927215576172,96.2264175415039,
A,Annual,MLT,Malta,WB_HCP_UISCR1,Primary school completion rate (%),_T,Total,PT,Percentage,1,One,WB_HCP,Human Capital Project (HCP),0,Units,A,Normal value,PU,Public,,105.91510772705078,121.21468353271484,117.12175750732422,130.33473205566406,113.00560760498048,91.17584228515624,110.84416198730467,98.01596069335938,104.20426940917967,104.91168212890624,116.5404281616211,100.21280670166016,99.84564971923828,95.19851684570312,101.8018035888672,100.5197525024414,107.63052368164062,99.61943817138672,103.79769134521484,101.40869140625,102.06749725341795,106.40589141845705,102.4377899169922,105.27874755859376,102.9568862915039,104.27288818359376,102.29637908935548,100.50557708740234,99.0037078857422,104.96491241455078,102.51805114746094,102.37547302246094,101.47058868408205,101.7663803100586,102.72947692871094,102.0327606201172,99.32968139648438,101.77342224121094,95.60034942626952,102.04315948486328,99.4022979736328,99.13967895507812,100.43401336669922,99.13751220703124,98.23544311523438,98.2576675415039,99.48516845703124,100.40943908691406,98.2835464477539,97.7966766357422,98.47328186035156,95.5248794555664,
A,Annual,MMR,Myanmar,WB_HCP_UISCR1,Primary school completion rate (%),F,Female,PT,Percentage,1,One,WB_HCP,Human Capital Project (HCP),0,Units,A,Normal value,PU,Public,,31.2001895904541,29.45347023010254,36.27661895751953,35.276161193847656,,,,,,,,,,,,,,,,,,,,,,,,,73.2126693725586,78.57466888427734,78.37477111816406,79.07243347167969,81.06024169921875,83.37677001953125,,,94.51119232177734,94.95664978027344,95.43466186523438,97.82171630859376,,,,,,,,105.00202941894533,,,,,
A,Annual,MMR,Myanmar,WB_HCP_UISCR1,Primary school completion rate (%),M,Male,PT,Percentage,1,One,WB_HCP,Human Capital Project (HCP),0,Units,A,Normal value,PU,Public,,41.07427978515625,38.99422836303711,48.04420852661133,44.4193115234375,,,,,,,,,,,,,,,,,,,,,,,,,74.90785217285156,80.1259536743164,77.01873779296875,77.00833129882812,78.72325897216797,81.46233367919922,,,86.14485168457031,89.96434783935547,90.38285064697266,90.48394012451172,,,,,,,,102.2435302734375,,,,,
A,Annual,MMR,Myanmar,WB_HCP_UISCR1,Primary school completion rate (%),_T,Total,PT,Percentage,1,One,WB_HCP,Human Capital Project (HCP),0,Units,A,Normal value,PU,Public,,36.20880889892578,34.2955207824707,42.25347137451172,39.92316055297851,,,,,,,,,,,,,,,,,,,,,,,,,74.07821655273438,79.36675262451172,77.6823501586914,78.01841735839844,79.86675262451172,82.39897918701172,,88.92349243164062,90.23224639892578,92.40235900878906,92.84844970703124,94.0639877319336,,,,,,,,103.58843231201172,,,,,
A,Annual,MNE,Montenegro,WB_HCP_UISCR1,Primary school completion rate (%),F,Female,PT,Percentage,1,One,WB_HCP,Human Capital Project (HCP),0,Units,A,Normal value,PU,Public,,,,,,,,,,,,,,,,,,,,,,,,,,,,,,,,,,,,,,,,,,73.40101623535156,96.8624496459961,,,99.66574096679688,97.26902770996094,98.41223907470705,100.65064239501952,97.89894104003906,101.2651596069336,99.31829833984376,109.61077880859376,108.66372680664062
A,Annual,MNE,Montenegro,WB_HCP_UISCR1,Primary school completion rate (%),M,Male,PT,Percentage,1,One,WB_HCP,Human Capital Project (HCP),0,Units,A,Normal value,PU,Public,,,,,,,,,,,,,,,,,,,,,,,,,,,,,,,,,,,,,,,,,,75.4265365600586,95.64910888671876,,,100.1848373413086,97.63329315185548,97.17720794677734,100.43377685546876,99.41204833984376,101.95339965820312,99.1117706298828,111.43646240234376,104.96224212646484
A,Annual,MNE,Montenegro,WB_HCP_UISCR1,Primary school completion rate (%),_T,Total,PT,Percentage,1,One,WB_HCP,Human Capital Project (HCP),0,Units,A,Normal value,PU,Public,,,,,,,,,,,,,,,,,,,,,,,,,,,,,,,,,,,,,,,,,,74.44853210449219,96.2360382080078,,,99.93222045898438,97.4612274169922,97.7640609741211,100.53662109375,98.68656158447266,101.62875366210938,99.21189880371094,110.56034088134766,106.7341537475586
A,Annual,MNG,Mongolia,WB_HCP_UISCR1,Primary school completion rate (%),F,Female,PT,Percentage,1,One,WB_HCP,Human Capital Project (HCP),0,Units,A,Normal value,PU,Public,,,,,,,,,,,,,,,,,,,,,,,,,,74.59355163574219,79.99614715576172,78.65567016601562,89.0168228149414,87.94222259521484,89.11872863769531,93.4867172241211,97.86055755615234,101.28459167480467,99.46964263916016,100.29332733154295,,,,,,,,,,99.94882202148438,97.54383087158205,93.28361511230467,98.44786834716795,96.80921173095705,97.64346313476562,91.37967681884766,95.57749938964844,96.02275848388672
A,Annual,MNG,Mongolia,WB_HCP_UISCR1,Primary school completion rate (%),M,Male,PT,Percentage,1,One,WB_HCP,Human Capital Project (HCP),0,Units,A,Normal value,PU,Public,,,,,,,,,,,,,,,,,,,,,,,,,,69.93086242675781,74.61750030517578,70.87268829345703,84.40380859375,84.43849182128906,84.4646987915039,88.75865173339844,94.79263305664062,98.02435302734376,99.6822280883789,97.30335235595705,,,,,,,,,,98.49684143066406,95.97896575927734,93.26581573486328,96.01156616210938,96.60025787353516,96.4484634399414,90.13799285888672,95.98743438720705,94.51609802246094
A,Annual,MNG,Mongolia,WB_HCP_UISCR1,Primary school completion rate (%),_T,Total,PT,Percentage,1,One,WB_HCP,Human Capital Project (HCP),0,Units,A,Normal value,PU,Public,,,,,,,,,95.3590316772461,99.50531768798828,98.17735290527344,,,97.61029815673828,,,,,,,,,,,,72.25404357910156,77.30345916748047,74.7586669921875,86.70995330810547,86.19172668457031,86.7894287109375,91.11556243896484,96.31957244873048,99.64266204833984,99.5769500732422,98.78089904785156,,,,,,,,,,99.20647430419922,96.7439193725586,93.27452087402344,97.20264434814452,96.70225524902344,97.03199005126952,90.74403381347656,95.78755950927734,95.2509307861328
A,Annual,MOZ,Mozambique,WB_HCP_UISCR1,Primary school completion rate (%),F,Female,PT,Percentage,1,One,WB_HCP,Human Capital Project (HCP),0,Units,A,Normal value,PU,Public,,,,5.398429870605469,,,,,,,,,23.143489837646484,18.770469665527344,22.85099983215332,23.916919708251953,35.43442153930664,25.986780166625977,20.099689483642575,21.359729766845703,23.629919052124023,24.042600631713867,22.49159049987793,22.558040618896484,21.991880416870117,21.291059494018555,,,,11.327810287475586,12.84980010986328,14.731160163879396,17.595659255981445,,24.229679107666016,34.88554000854492,34.68621826171875,39.52619934082031,52.273380279541016,50.6257209777832,54.9852409362793,51.542179107666016,49.548919677734375,47.74330139160156,47.9269905090332,48.58842086791992,,46.64616012573242,51.71646881103515,54.41223907470703,58.229679107666016,,69.52323150634766,56.1578254699707
A,Annual,MOZ,Mozambique,WB_HCP_UISCR1,Primary school completion rate (%),M,Male,PT,Percentage,1,One,WB_HCP,Human Capital Project (HCP),0,Units,A,Normal value,PU,Public,,,,11.927499771118164,,,,,,,,,47.74943161010742,36.78816986083984,42.966251373291016,42.13475036621094,53.32233047485352,40.51787185668945,34.38322830200195,34.69377899169922,37.01142120361328,36.64059829711914,33.32752990722656,33.73126983642578,34.447811126708984,33.59817886352539,,,,17.513710021972656,20.299360275268555,23.97920036315918,27.89112091064453,,36.114540100097656,50.18212890625,49.35462188720703,53.45085144042969,67.37319946289062,63.26136016845703,65.68364715576172,61.34428024291992,58.13417053222656,55.46638870239258,54.68278121948242,55.08293151855469,,52.9665412902832,58.2872314453125,61.61722183227539,64.85090637207031,,77.29918670654297,58.97025680541992
A,Annual,MOZ,Mozambique,WB_HCP_UISCR1,Primary school completion rate (%),_T,Total,PT,Percentage,1,One,WB_HCP,Human Capital Project (HCP),0,Units,A,Normal value,PU,Public,,,,8.742239952087402,,,,,,,,,35.68421936035156,27.95219993591309,33.04568099975586,33.10197067260742,44.41048812866211,33.27809143066406,27.239240646362305,28.0006103515625,30.282649993896484,30.30447006225586,27.887880325317383,28.12166976928711,28.19533920288086,27.421829223632812,,,,14.411250114440918,16.564250946044922,19.3441104888916,22.73110008239746,,30.15921974182129,42.516571044921875,42.00334930419922,46.46923065185547,59.79928970336914,56.923221588134766,60.31753921508789,56.42919921875,53.82984924316406,51.59526062011719,51.29743957519531,51.83055114746094,,49.80384063720703,55.00016021728515,58.01353073120117,61.5411491394043,,73.41551208496094,57.56681442260742
A,Annual,MRT,Mauritania,WB_HCP_UISCR1,Primary school completion rate (%),F,Female,PT,Percentage,1,One,WB_HCP,Human Capital Project (HCP),0,Units,A,Normal value,PU,Public,,,,,,,5.718490123748779,5.341529846191406,6.0736799240112305,9.15651035308838,,15.815970420837402,,,,21.5781192779541,24.102519989013672,22.205799102783203,28.017539978027344,24.809370040893555,20.868730545043945,25.086729049682617,24.234350204467773,26.372270584106445,25.854509353637695,26.50469970703125,28.18977928161621,32.11056137084961,38.4946403503418,40.43770980834961,,41.03593826293945,39.68783187866211,,,38.80744934082031,40.00341033935547,50.9569091796875,,67.17252349853516,,,67.39412689208984,69.2242202758789,66.16986083984375,67.02992248535156,,65.60021209716797,72.11202239990234,72.43122100830078,,,,
A,Annual,MRT,Mauritania,WB_HCP_UISCR1,Primary school completion rate (%),M,Male,PT,Percentage,1,One,WB_HCP,Human Capital Project (HCP),0,Units,A,Normal value,PU,Public,,,,,,,15.001500129699709,15.490110397338867,17.66275978088379,22.109149932861328,,34.135040283203125,,,,37.88542175292969,39.77891159057617,42.84239959716797,47.54262161254883,42.232391357421875,35.53855895996094,38.56649017333984,36.63605880737305,36.67879104614258,36.399200439453125,37.560638427734375,37.63713836669922,42.26171875,46.890350341796875,47.66897964477539,,46.82809066772461,43.55537033081055,,,40.37174987792969,41.48284149169922,51.47893142700195,,65.66015625,,,70.53111267089844,71.8164291381836,67.6237564086914,66.39884185791016,,63.29526138305664,67.20819091796875,60.19287872314453,,,,
A,Annual,MRT,Mauritania,WB_HCP_UISCR1,Primary school completion rate (%),_T,Total,PT,Percentage,1,One,WB_HCP,Human Capital Project (HCP),0,Units,A,Normal value,PU,Public,,,,,,,10.408889770507812,10.46891975402832,11.92844009399414,15.699060440063477,18.780439376831055,25.073959350585938,,28.84345054626465,,29.826969146728516,32.03157043457031,32.643009185791016,37.8961181640625,33.625640869140625,28.2935791015625,31.91093063354492,30.51375961303711,31.589460372924805,31.190359115600582,32.09703826904297,32.96770095825195,37.24382019042969,42.73863983154297,44.09231948852539,,43.963809967041016,41.642879486083984,,,39.59867858886719,40.75188064575195,51.22100067138672,,66.41410064697266,,,68.93717956542969,70.49549102783203,66.885986328125,66.71765899658203,,64.44998168945312,69.65589141845703,66.28121948242188,,,,
A,Annual,MUS,Mauritius,WB_HCP_UISCR1,Primary school completion rate (%),F,Female,PT,Percentage,1,One,WB_HCP,Human Capital Project (HCP),0,Units,A,Normal value,PU,Public,,,,,,,,,,,,,,101.33165740966795,95.08551025390624,103.03302001953124,131.91529846191406,97.87114715576172,96.34649658203124,62.44208908081055,100.73420715332033,101.5656280517578,101.29009246826172,96.8776397705078,95.48438262939452,94.48206329345705,93.5227279663086,92.17417907714844,98.10871887207033,100.75566864013672,100.5668487548828,102.44065856933594,98.73252868652344,99.8901824951172,96.11255645751952,97.96868133544922,93.19261932373048,98.27481842041016,94.49114227294922,94.16179656982422,100.73185729980467,97.81681823730467,94.02877807617188,98.47865295410156,93.04454803466795,98.2494125366211,95.02774047851562,92.2343521118164,97.39013671875,93.79512786865234,92.14276885986328,94.91458129882812,,89.87413024902344
A,Annual,MUS,Mauritius,WB_HCP_UISCR1,Primary school completion rate (%),M,Male,PT,Percentage,1,One,WB_HCP,Human Capital Project (HCP),0,Units,A,Normal value,PU,Public,,,,,,,,,,,,,,101.61144256591795,88.945068359375,99.9711685180664,126.22357940673828,97.6819076538086,94.68360900878906,59.42491912841797,99.51834869384766,99.86605072021484,97.2989273071289,95.12635040283205,93.87908935546876,93.77189636230467,91.8083267211914,91.8314437866211,91.63603973388672,97.76962280273438,101.1745834350586,99.98150634765624,97.10262298583984,96.734130859375,95.13995361328124,97.98970794677734,92.07127380371094,96.60899353027344,96.20990753173828,93.16145324707033,99.0576629638672,95.68802642822266,90.63021087646484,95.14959716796876,93.501220703125,94.0173568725586,94.1933364868164,91.3076629638672,94.15838623046876,91.51376342773438,93.22769927978516,93.3999481201172,,90.45989990234376
A,Annual,MUS,Mauritius,WB_HCP_UISCR1,Primary school completion rate (%),_T,Total,PT,Percentage,1,One,WB_HCP,Human Capital Project (HCP),0,Units,A,Normal value,PU,Public,,,,,,,,,,,,,,101.47437286376952,91.95635223388672,101.47347259521484,129.01596069335938,97.77474212646484,95.49938201904295,60.90422058105469,100.11431121826172,100.69960021972656,99.25714111328124,95.98528289794922,94.66654205322266,94.12026977539062,92.6490707397461,91.9993896484375,94.80828857421876,99.23085021972656,100.87545776367188,101.1899185180664,97.9020004272461,98.27094268798828,95.625732421875,97.9792709350586,92.6295928955078,97.43589782714844,95.35365295410156,93.65299224853516,99.8756332397461,96.72830963134766,92.29499816894533,96.7915496826172,93.2743911743164,96.08599090576172,94.60578918457033,91.7583999633789,95.73372650146484,92.6466064453125,92.6865234375,94.15154266357422,,90.17017364501952
A,Annual,MWI,Malawi,WB_HCP_UISCR1,Primary school completion rate (%),F,Female,PT,Percentage,1,One,WB_HCP,Human Capital Project (HCP),0,Units,A,Normal value,PU,Public,,,,,14.226160049438477,14.517419815063477,15.642800331115724,19.009910583496097,21.512659072875977,23.05246925354004,23.73508071899414,25.647069931030273,22.390960693359375,26.24955940246582,25.527509689331055,27.159589767456055,27.560819625854492,28.1212100982666,22.768770217895508,23.53487968444824,25.30088996887207,27.475189208984375,30.14365005493164,29.97403907775879,32.243019104003906,43.51279830932617,52.898319244384766,,,63.51811981201172,62.146270751953125,65.9078369140625,68.2146987915039,,60.87528991699219,61.23892974853515,61.69388961791992,62.5449104309082,67.08171844482422,69.06002807617188,68.78011322021484,70.47716522216797,72.53506469726562,76.92156982421875,76.30595397949219,,,,,79.84127044677734,,74.59225463867188,,73.00236511230469
A,Annual,MWI,Malawi,WB_HCP_UISCR1,Primary school completion rate (%),M,Male,PT,Percentage,1,One,WB_HCP,Human Capital Project (HCP),0,Units,A,Normal value,PU,Public,,,,,28.67310905456543,30.94805908203125,34.635780334472656,40.80815124511719,40.715110778808594,43.38304901123047,43.346649169921875,45.9970588684082,47.84611129760742,42.87112045288086,40.05971145629883,40.80142974853515,39.2625617980957,39.40924835205078,32.32326126098633,32.76308059692383,34.266639709472656,35.95112991333008,37.1581916809082,38.644161224365234,40.73432922363281,55.81993103027344,66.89006805419922,,,74.64954376220703,72.05299377441406,71.91162109375,77.17214965820312,,66.53150177001953,66.19584655761719,65.310791015625,65.26644134521484,70.65426635742188,70.17932891845703,69.933349609375,71.69214630126953,75.37937927246094,79.24595642089844,77.38761901855469,,72.05462646484375,,,72.69386291503906,,66.31787872314453,59.73261260986328,63.9097785949707
A,Annual,MWI,Malawi,WB_HCP_UISCR1,Primary school completion rate (%),_T,Total,PT,Percentage,1,One,WB_HCP,Human Capital Project (HCP),0,Units,A,Normal value,PU,Public,,,,,21.290109634399418,22.55297088623047,24.93494033813477,29.67884063720703,30.91247940063477,32.997650146484375,33.33332824707031,35.619590759277344,34.890289306640625,34.430511474609375,32.698890686035156,33.90705871582031,33.36117172241211,33.7280387878418,27.50606918334961,28.133079528808594,29.78005027770996,31.714000701904297,33.65058135986328,34.30342102050781,36.47737121582031,49.640750885009766,59.83750915527344,,,69.00401306152344,67.02609252929688,68.86363983154297,72.62185668945312,,63.65113830566406,63.66653060913086,63.46213150024414,63.87464141845703,68.82717895507812,69.60807800292969,69.34535217285156,71.07386779785156,73.93345642089844,78.06613159179688,76.83934783935547,,35.64341354370117,,,76.29367065429688,,70.47640991210938,73.89537048339844,68.4686279296875
A,Annual,MYS,Malaysia,WB_HCP_UISCR1,Primary school completion rate (%),F,Female,PT,Percentage,1,One,WB_HCP,Human Capital Project (HCP),0,Units,A,Normal value,PU,Public,,,,,84.00904083251953,,,,,,99.85830688476562,97.60523986816406,97.3756103515625,101.05359649658205,100.14993286132812,97.26377868652344,,98.2119369506836,99.11448669433594,96.92239379882812,95.8981475830078,97.82369232177734,,100.11824798583984,,,,,102.64127349853516,99.87760162353516,106.5809326171875,,94.0592269897461,91.7322998046875,93.67810821533205,97.17933654785156,96.07502746582033,96.79373931884766,100.49240112304688,102.53851318359376,99.2281723022461,100.5827178955078,106.93746948242188,102.1865234375,100.98941802978516,100.27980041503906,97.1600570678711,94.89273834228516,93.29634857177734,94.5649871826172,101.04592895507812,103.1158218383789,96.32720947265624,100.03546142578124
A,Annual,MYS,Malaysia,WB_HCP_UISCR1,Primary school completion rate (%),M,Male,PT,Percentage,1,One,WB_HCP,Human Capital Project (HCP),0,Units,A,Normal value,PU,Public,,,,,91.73155975341795,,,,,,102.71656036376952,99.16494750976562,98.85994720458984,102.58238983154295,101.26101684570312,97.83151245117188,,98.56884765625,99.6977996826172,97.59591674804688,95.610107421875,97.67703247070312,,99.8977279663086,,,,,101.21365356445312,100.51313018798828,105.6285171508789,,93.317626953125,90.9266128540039,93.14250183105467,97.4830093383789,94.66883850097656,95.07274627685548,98.7689437866211,101.02792358398438,97.98332214355467,98.83931732177734,104.15341186523438,99.65421295166016,99.08879089355467,98.7448959350586,94.98583221435548,92.68952941894533,91.5654296875,92.788818359375,99.50779724121094,99.15948486328124,93.96703338623048,97.57606506347656
A,Annual,MYS,Malaysia,WB_HCP_UISCR1,Primary school completion rate (%),_T,Total,PT,Percentage,1,One,WB_HCP,Human Capital Project (HCP),0,Units,A,Normal value,PU,Public,,,,,87.95321655273438,,,,,,101.32008361816406,98.4029312133789,98.13490295410156,101.8356704711914,100.71842956542967,97.55436706542967,,98.39476013183594,99.41342163085938,97.26766204833984,95.75045013427734,97.74846649169922,,100.0050811767578,,,,,101.90770721435548,100.2043228149414,106.09100341796876,,93.67720794677734,91.31749725341795,93.4025421142578,97.3357391357422,95.3494110107422,95.90628051757812,99.60550689697266,101.7614517211914,98.58724212646484,99.6830062866211,105.49871826171876,100.87806701660156,100.00846862792967,99.4893035888672,96.04283142089844,93.76273345947266,92.4092025756836,93.65409088134766,100.25521087646484,101.07636260986328,95.10989379882812,98.76658630371094
A,Annual,NAC,North America,WB_HCP_UISCR1,Primary school completion rate (%),F,Female,PT,Percentage,1,One,WB_HCP,Human Capital Project (HCP),0,Units,A,Normal value,PU,Public,,,,,,,,,,,,,,,,,,,,,,,,,,,,,,99.5290069580078,99.58122253417967,99.44326782226562,99.30967712402344,99.1716079711914,99.0344009399414,98.89801788330078,98.7611312866211,98.62532043457033,98.4897232055664,98.35370635986328,98.21727752685548,98.07887268066406,97.94027709960938,97.8063735961914,97.6691436767578,97.5339584350586,97.39810180664062,97.26286315917967,95.72319793701172,102.8925323486328,101.36731719970705,100.09976959228516,94.46028900146484,94.45187377929688
A,Annual,NAC,North America,WB_HCP_UISCR1,Primary school completion rate (%),M,Male,PT,Percentage,1,One,WB_HCP,Human Capital Project (HCP),0,Units,A,Normal value,PU,Public,,,,,,,,,,,,,,,,,,,,,,,,,,,,,,100.20842742919922,100.3050537109375,100.29972076416016,100.30039978027344,100.29505157470705,100.29148864746094,100.28884887695312,100.28312683105467,100.28119659423828,100.28009033203124,100.27906036376952,100.2802505493164,100.27771759033205,100.2768096923828,100.26969146728516,100.26216888427734,100.25582885742188,100.25003814697266,100.2441177368164,103.96711730957033,97.79701232910156,100.0222396850586,101.52324676513672,97.42292022705078,97.421142578125
A,Annual,NAC,North America,WB_HCP_UISCR1,Primary school completion rate (%),_T,Total,PT,Percentage,1,One,WB_HCP,Human Capital Project (HCP),0,Units,A,Normal value,PU,Public,,,,,,,,,,,,,,,,,,,,,,,,,,,,,,99.87684631347656,99.95182037353516,99.88150787353516,99.8164291381836,99.74600982666016,99.67693328857422,99.60870361328124,99.53887939453124,99.47126007080078,99.40457153320312,99.33766174316406,99.27124786376952,99.20231628417967,99.13417053222656,99.06488037109376,98.99349975585938,98.92378997802734,98.85417938232422,98.78457641601562,99.93427276611328,100.2917022705078,100.68073272705078,100.8257827758789,95.97765350341795,95.9726791381836
A,Annual,NAM,Namibia,WB_HCP_UISCR1,Primary school completion rate (%),F,Female,PT,Percentage,1,One,WB_HCP,Human Capital Project (HCP),0,Units,A,Normal value,PU,Public,,,,,,,,,,,,,,,,,,,,,,,85.74340057373047,,81.4880599975586,,,,107.68229675292967,104.29601287841795,99.70092010498048,98.56137084960938,97.60929107666016,95.4762725830078,83.21782684326172,83.51563262939453,82.7005615234375,,83.44317626953125,91.27092742919922,90.94654083251952,,93.78977966308594,94.44708251953124,,,,,102.1773910522461,,,,,
A,Annual,NAM,Namibia,WB_HCP_UISCR1,Primary school completion rate (%),M,Male,PT,Percentage,1,One,WB_HCP,Human Capital Project (HCP),0,Units,A,Normal value,PU,Public,,,,,,,,,,,,,,,,,,,,,,,72.2059097290039,,73.75594329833984,,,,98.90177917480467,97.20204162597656,90.84998321533205,94.43306732177734,90.01093292236328,89.85665130615234,77.30425262451172,79.38565063476562,77.82156372070312,,76.6192398071289,86.24246978759766,86.43948364257812,,90.77086639404295,91.3590316772461,,,,,98.41014862060548,,,,,
A,Annual,NAM,Namibia,WB_HCP_UISCR1,Primary school completion rate (%),_T,Total,PT,Percentage,1,One,WB_HCP,Human Capital Project (HCP),0,Units,A,Normal value,PU,Public,,,,,,,,,,,,,,,,,,,,,,,79.03166198730469,,77.65731048583984,74.93988037109375,85.1358413696289,,103.3485336303711,100.79924011230467,95.34388732910156,96.5315170288086,93.87539672851562,92.71472930908205,80.31066131591797,81.48599243164062,80.30171966552734,,80.08434295654297,88.7957534790039,88.72676849365234,,92.30071258544922,92.92321014404295,,,,,100.3201675415039,,,,,
A,Annual,NCL,New Caledonia,WB_HCP_UISCR1,Primary school completion rate (%),F,Female,PT,Percentage,1,One,WB_HCP,Human Capital Project (HCP),0,Units,A,Normal value,PU,Public,,,,,,,,,,,,,97.13391876220705,98.7660675048828,93.9534912109375,91.9438705444336,91.58390045166016,85.3838119506836,89.90972137451172,87.58808135986328,100.22247314453124,,,,,,,,,,,,,,,,,,,,,,,,,,,,,,,,,
A,Annual,NCL,New Caledonia,WB_HCP_UISCR1,Primary school completion rate (%),M,Male,PT,Percentage,1,One,WB_HCP,Human Capital Project (HCP),0,Units,A,Normal value,PU,Public,,,,,,,,,,,,,98.1332015991211,93.66266632080078,95.8855972290039,81.19960021972656,85.92479705810547,81.1031723022461,84.82189178466797,83.9323501586914,94.5593032836914,,,,,,,,,,,,,,,,,,,,,,,,,,,,,,,,,
A,Annual,NCL,New Caledonia,WB_HCP_UISCR1,Primary school completion rate (%),_T,Total,PT,Percentage,1,One,WB_HCP,Human Capital Project (HCP),0,Units,A,Normal value,PU,Public,,,,,,,,,,,,,97.64163208007812,96.1762466430664,94.93380737304688,86.48925018310547,88.71424865722656,83.21244049072266,87.32984161376953,85.73722076416016,97.3597412109375,,,,,,,,,,,,,,,,,,,,,,,,,,,,,,,,,
A,Annual,NER,Niger,WB_HCP_UISCR1,Primary school completion rate (%),F,Female,PT,Percentage,1,One,WB_HCP,Human Capital Project (HCP),0,Units,A,Normal value,PU,Public,,3.0612099170684814,3.8354899883270264,3.9275600910186768,4.112959861755371,4.415939807891846,4.89201021194458,5.617040157318115,6.712679862976074,8.916460037231445,10.230819702148438,10.608839988708496,11.186690330505373,12.11888027191162,13.382840156555176,13.738889694213867,15.26243019104004,15.753979682922363,,10.390410423278809,10.709759712219238,12.434269905090332,12.743680000305176,12.10402011871338,,9.535079956054688,13.593649864196776,13.18869972229004,13.854080200195312,14.225939750671388,14.204319953918455,14.876049995422363,16.394020080566406,16.243600845336914,20.41588973999023,22.51330947875977,24.960559844970703,30.20029067993164,30.00251007080078,31.848249435424805,33.141510009765625,36.80498123168945,40.732540130615234,43.755340576171875,52.66062927246094,63.87482070922851,67.87779235839844,60.89719009399414,,60.162540435791016,51.130802154541016,57.402618408203125,50.31834030151367,46.77238082885742
A,Annual,NER,Niger,WB_HCP_UISCR1,Primary school completion rate (%),M,Male,PT,Percentage,1,One,WB_HCP,Human Capital Project (HCP),0,Units,A,Normal value,PU,Public,,6.856550216674805,8.12205982208252,8.1572904586792,7.940420150756836,8.558259963989258,9.498330116271973,10.17074966430664,12.398489952087402,11.222359657287598,16.351640701293945,18.48962020874023,22.26272964477539,23.691959381103516,25.55476951599121,24.68269920349121,27.203569412231445,27.647390365600582,,17.756309509277344,20.706010818481445,21.375940322875977,22.142709732055664,18.445049285888672,,16.539880752563477,13.820770263671877,21.232959747314453,22.118000030517575,23.13011932373047,21.475830078125,23.297199249267575,24.882999420166016,23.38277053833008,31.161869049072266,34.74605178833008,37.97481155395508,45.682498931884766,42.44697952270508,44.89876174926758,44.0538215637207,49.79769134521485,52.78425979614258,54.90766143798828,66.6794204711914,77.61471557617188,81.40103149414062,70.5309066772461,,70.40162658691406,56.484432220458984,64.45059967041016,55.57286834716797,48.98543167114258
A,Annual,NER,Niger,WB_HCP_UISCR1,Primary school completion rate (%),_T,Total,PT,Percentage,1,One,WB_HCP,Human Capital Project (HCP),0,Units,A,Normal value,PU,Public,,4.9900898933410645,6.013969898223877,6.077660083770752,6.058350086212158,6.520740032196045,7.231510162353516,7.929140090942383,9.59829044342041,10.086350440979004,13.33545970916748,14.605460166931152,16.80328941345215,17.98624038696289,19.55759048461914,19.299409866333008,21.34197998046875,21.82010078430176,,14.154629707336426,15.821669578552246,17.00786018371582,17.549779891967773,15.34535026550293,,13.109919548034668,13.709449768066406,17.288219451904297,18.063880920410156,18.761829376220703,17.90843963623047,19.1660099029541,20.71758079528809,19.87936019897461,25.88895034790039,28.741710662841797,31.584449768066406,38.077049255371094,36.33551025390625,38.49256896972656,38.698001861572266,43.41769027709961,46.861351013183594,49.42995071411133,59.79206848144531,70.86245727539062,74.75330352783203,65.79386901855469,,65.3655014038086,53.85112380981445,60.983680725097656,52.987918853759766,47.896728515625
A,Annual,NGA,Nigeria,WB_HCP_UISCR1,Primary school completion rate (%),F,Female,PT,Percentage,1,One,WB_HCP,Human Capital Project (HCP),0,Units,A,Normal value,PU,Public,,,,,,,,,,,,,,,,,,,,,,,,,,,,,,,74.91835021972656,,,,71.20533752441406,73.73473358154297,78.38407897949219,69.73162078857422,62.56568908691406,67.20410919189453,68.037109375,,,,,,,,,,,,,
A,Annual,NGA,Nigeria,WB_HCP_UISCR1,Primary school completion rate (%),M,Male,PT,Percentage,1,One,WB_HCP,Human Capital Project (HCP),0,Units,A,Normal value,PU,Public,,,,,,,,,,,,,,,,,,,,,,,,,,,,,,,92.69091796875,,,,87.45651245117188,89.82318878173828,99.67031860351562,88.04769134521484,73.83843231201172,77.9078369140625,77.79553985595703,,,,,,,,,,,,,
A,Annual,NGA,Nigeria,WB_HCP_UISCR1,Primary school completion rate (%),_T,Total,PT,Percentage,1,One,WB_HCP,Human Capital Project (HCP),0,Units,A,Normal value,PU,Public,,,,,,,,,,,,,,,,,,,,,,,,,,,,,,,83.9067611694336,,,,79.4437484741211,81.89727020263672,89.1874008178711,79.02440643310547,68.28411102294922,72.63529968261719,72.99082946777344,,,,,,,,,,,,,
A,Annual,NIC,Nicaragua,WB_HCP_UISCR1,Primary school completion rate (%),F,Female,PT,Percentage,1,One,WB_HCP,Human Capital Project (HCP),0,Units,A,Normal value,PU,Public,27.89974021911621,31.375240325927734,31.428150177001953,34.1939811706543,,,,37.057491302490234,36.388240814208984,32.26763916015625,36.93265914916992,,33.483428955078125,32.55120086669922,31.606060028076172,34.73276138305664,41.82434844970703,51.51029968261719,52.75371170043945,,,,,52.447059631347656,57.71498107910156,52.95914077758789,,,,67.94017028808594,67.6256332397461,68.9516830444336,75.93232727050781,74.97206115722656,75.52686309814453,78.8518295288086,77.98777770996094,78.31456756591797,77.51009368896484,,81.46749114990234,,,,,,,,,,,,81.8785629272461,
A,Annual,NIC,Nicaragua,WB_HCP_UISCR1,Primary school completion rate (%),M,Male,PT,Percentage,1,One,WB_HCP,Human Capital Project (HCP),0,Units,A,Normal value,PU,Public,25.828060150146484,28.936519622802734,28.664989471435547,30.384220123291016,,,,31.166250228881836,30.924230575561523,27.162330627441406,29.447010040283203,,26.67346954345703,26.687179565429688,24.644189834594727,25.780210494995117,31.70083999633789,39.187068939208984,39.128868103027344,,,,,43.657020568847656,49.48868942260742,45.62350082397461,,,,63.85240936279297,61.47050094604492,61.384639739990234,69.37760925292969,69.44286346435547,70.45223999023438,74.18929290771484,73.08818054199219,72.70748138427734,71.59207153320312,,77.22100830078125,,,,,,,,,,,,79.51484680175781,
A,Annual,NIC,Nicaragua,WB_HCP_UISCR1,Primary school completion rate (%),_T,Total,PT,Percentage,1,One,WB_HCP,Human Capital Project (HCP),0,Units,A,Normal value,PU,Public,26.85664939880371,30.147859573364254,30.03809928894043,32.27762985229492,29.989280700683594,,,34.095951080322266,33.64112091064453,29.699949264526367,33.167449951171875,,30.05763053894043,29.60218048095703,28.10590934753418,30.2337703704834,36.73823165893555,45.322391510009766,45.91539001464844,40.00740814208984,37.8331298828125,41.05646896362305,43.50038146972656,48.04005813598633,53.5894889831543,49.27859115600586,,,,65.88861846923828,64.53529357910156,65.15191650390625,72.64099884033203,72.19654846191406,72.98065185546875,76.51209259033203,75.52039337158203,75.48786163330078,74.5256118774414,,79.3237533569336,,,,,,,,,,,,80.6800308227539,
A,Annual,NLD,Netherlands,WB_HCP_UISCR1,Primary school completion rate (%),F,Female,PT,Percentage,1,One,WB_HCP,Human Capital Project (HCP),0,Units,A,Normal value,PU,Public,,97.38472747802734,97.79102325439452,96.36489868164062,96.82671356201172,96.35476684570312,96.09622192382812,97.1095962524414,97.84407043457033,96.75038146972656,96.58537292480467,95.8811492919922,97.6846923828125,98.44444274902344,99.34871673583984,100.20223999023438,,,,,,,,,,,,,,,,,,,,,,,,,,,,,,,,,,,,,,
A,Annual,NLD,Netherlands,WB_HCP_UISCR1,Primary school completion rate (%),M,Male,PT,Percentage,1,One,WB_HCP,Human Capital Project (HCP),0,Units,A,Normal value,PU,Public,,94.39585876464844,94.91773223876952,92.89479064941406,93.28971099853516,92.86119842529295,92.2969207763672,93.98136138916016,93.90281677246094,93.3564224243164,93.11476135253906,91.32666015625,93.27657318115234,94.59744262695312,95.14183044433594,95.74002075195312,,,,,,,,,,,,,,,,,,,,,,,,,,,,,,,,,,,,,,
A,Annual,NLD,Netherlands,WB_HCP_UISCR1,Primary school completion rate (%),_T,Total,PT,Percentage,1,One,WB_HCP,Human Capital Project (HCP),0,Units,A,Normal value,PU,Public,,95.85643768310548,96.32127380371094,94.59262084960938,95.01934051513672,94.5657730102539,94.14910125732422,95.50665283203124,95.82745361328124,95.0130386352539,94.81178283691406,93.55130004882812,95.42993927001952,96.47663879394533,97.20130157470705,97.9226531982422,,,,,,,,,,,,,,,,,,,,,,,,,,,,,,,,,,,,,,
A,Annual,NOR,Norway,WB_HCP_UISCR1,Primary school completion rate (%),F,Female,PT,Percentage,1,One,WB_HCP,Human Capital Project (HCP),0,Units,A,Normal value,PU,Public,,104.46885681152344,,99.7602767944336,99.14317321777344,100.9592514038086,99.50067138671876,98.94660186767578,100.34661865234376,99.79171752929688,99.35584259033205,99.83811950683594,99.7097396850586,,99.978271484375,100.06970977783205,99.54344177246094,99.53273010253906,99.4375,99.13880920410156,99.99208068847656,99.55889129638672,99.1414566040039,98.35315704345705,,,,,99.97663879394533,99.40972900390624,99.21222686767578,99.48725128173828,99.33674621582033,98.80612182617188,99.5179214477539,99.5837173461914,99.85479736328124,99.66101837158205,99.94448852539062,100.09307098388672,99.62580871582033,99.847900390625,100.37943267822266,99.63220977783205,99.94294738769533,99.16825103759766,99.20703125,99.4237289428711,99.43496704101562,99.29225158691406,99.3518295288086,99.24889373779295,99.20024871826172,
A,Annual,NOR,Norway,WB_HCP_UISCR1,Primary school completion rate (%),M,Male,PT,Percentage,1,One,WB_HCP,Human Capital Project (HCP),0,Units,A,Normal value,PU,Public,,95.14109802246094,,99.48957061767578,98.77351379394533,100.17256927490234,98.63078308105467,98.54846954345705,99.84590911865234,99.60505676269533,99.73729705810548,99.4797821044922,99.47096252441406,,99.5,99.3441925048828,99.90564727783205,99.71556854248048,99.6518783569336,99.3424072265625,99.3469696044922,99.01619720458984,99.4093780517578,98.4141082763672,,,,,99.76336669921876,99.3204116821289,98.97998809814452,98.97770690917967,99.4066162109375,98.5955581665039,99.14187622070312,99.39476013183594,99.13741302490234,99.29653930664062,99.65865325927734,100.44590759277344,99.83686065673828,99.82942962646484,98.97431182861328,99.96589660644533,99.51532745361328,99.93441772460938,99.20751190185548,99.57125854492188,99.51470184326172,99.38156127929688,99.02385711669922,99.16265106201172,99.35310363769533,
A,Annual,NOR,Norway,WB_HCP_UISCR1,Primary school completion rate (%),_T,Total,PT,Percentage,1,One,WB_HCP,Human Capital Project (HCP),0,Units,A,Normal value,PU,Public,,99.69593048095705,99.93991088867188,99.62194061279295,98.95317840576172,100.55641174316406,99.05735778808594,98.7409210205078,100.08856964111328,99.695556640625,99.5511474609375,99.65399932861328,99.58734893798828,,99.73407745361328,99.69837188720705,99.72978973388672,99.62541961669922,99.54676055908205,99.24286651611328,99.66185760498048,99.28022003173828,99.27873229980467,98.38453674316406,,,,,99.86724853515624,99.3636703491211,99.09400177001952,99.22618865966795,99.37261962890624,98.69818878173828,99.3245086669922,99.48605346679688,99.48831176757812,99.47370147705078,99.79727935791016,100.2744598388672,99.73426818847656,99.83846282958984,99.65788269042967,99.80310821533205,99.72508239746094,99.55799102783205,99.20728302001952,99.49916076660156,99.47567749023438,99.33802795410156,99.18359375,99.20449829101562,99.2787628173828,
A,Annual,NPL,Nepal,WB_HCP_UISCR1,Primary school completion rate (%),F,Female,PT,Percentage,1,One,WB_HCP,Human Capital Project (HCP),0,Units,A,Normal value,PU,Public,,,,,,,,,,,,,,,,,,,,,,,40.585750579833984,,,,,,,52.25849914550781,54.68294906616211,56.445220947265625,60.86526107788086,62.22898864746094,63.07867813110352,67.93916320800781,71.95146179199219,,78.91886138916016,,,,109.12097930908205,108.05821228027344,111.54454803466795,115.10330963134766,121.67424774169922,125.40611267089844,,123.14176177978516,,96.33428192138672,95.0081787109375,113.8485107421875
A,Annual,NPL,Nepal,WB_HCP_UISCR1,Primary school completion rate (%),M,Male,PT,Percentage,1,One,WB_HCP,Human Capital Project (HCP),0,Units,A,Normal value,PU,Public,,,,,,,,,,,,,,,,,,,,,,,70.35540771484375,,,,,,,70.21257019042969,73.159912109375,70.51123809814453,75.49183654785156,75.0391616821289,76.09842681884766,79.56143188476562,80.93888092041016,,82.06494903564453,,,,103.1135711669922,102.3890380859375,103.94148254394533,106.6526870727539,112.8193588256836,116.32611846923828,,113.42475128173828,,105.0326156616211,106.42363739013672,116.17704010009766
A,Annual,NPL,Nepal,WB_HCP_UISCR1,Primary school completion rate (%),_T,Total,PT,Percentage,1,One,WB_HCP,Human Capital Project (HCP),0,Units,A,Normal value,PU,Public,,,,,,,,,,,,,,,,,,,45.13745880126953,,,50.98003005981445,55.85211181640625,,,,,,,61.409629821777344,64.09516143798828,63.6132698059082,68.31993865966797,68.75459289550781,69.70894622802734,73.85685729980469,76.52657318115234,,80.51892852783203,,,,106.07308197021484,105.18211364746094,107.68781280517578,110.8179931640625,117.1851577758789,120.80172729492188,,118.21051025390624,,100.75732421875,100.81922912597656,115.0352554321289
A,Annual,NRU,Nauru,WB_HCP_UISCR1,Primary school completion rate (%),F,Female,PT,Percentage,1,One,WB_HCP,Human Capital Project (HCP),0,Units,A,Normal value,PU,Public,,,,,,,,,,,,,,,,,,,,,,,,,,,,,,,,90.83332824707033,,,,,,90.26548767089844,,,,,101.88678741455078,,100.0,,123.07691955566406,,,99.21875,97.7443618774414,,,113.63636016845705
A,Annual,NRU,Nauru,WB_HCP_UISCR1,Primary school completion rate (%),M,Male,PT,Percentage,1,One,WB_HCP,Human Capital Project (HCP),0,Units,A,Normal value,PU,Public,,,,,,,,,,,,,,,,,,,,,,,,,,,,,,,,87.40740966796875,,,,,,89.5999984741211,,,,,88.8888931274414,,125.9259262084961,,117.7966079711914,,,104.89510345458984,88.7417221069336,,,109.35672760009766
A,Annual,NRU,Nauru,WB_HCP_UISCR1,Primary school completion rate (%),_T,Total,PT,Percentage,1,One,WB_HCP,Human Capital Project (HCP),0,Units,A,Normal value,PU,Public,,,,,,,,,,,,,,,,,,,,,,,,,,,,,,,,89.01960754394531,,,,,,89.91596984863281,,,,,95.3271026611328,,112.96295928955078,,120.42552947998048,,,102.21401977539062,92.95774841308594,,,111.3846206665039
A,Annual,NZL,New Zealand,WB_HCP_UISCR1,Primary school completion rate (%),F,Female,PT,Percentage,1,One,WB_HCP,Human Capital Project (HCP),0,Units,A,Normal value,PU,Public,99.74867248535156,101.5025634765625,102.6227035522461,102.61724090576172,101.33785247802734,100.4454116821289,100.02671813964844,101.15953063964844,100.49574279785156,100.52327728271484,,,,,,,,,,,,,,,,,,,,,,,,,,,,,,,,,,,,,,,,,,,,
A,Annual,NZL,New Zealand,WB_HCP_UISCR1,Primary school completion rate (%),M,Male,PT,Percentage,1,One,WB_HCP,Human Capital Project (HCP),0,Units,A,Normal value,PU,Public,102.3881607055664,101.62492370605467,102.6919937133789,102.47477722167967,102.09593963623048,101.78166961669922,100.95153045654295,100.49925994873048,100.0512466430664,101.34474182128906,,,,,,,,,,,,,,,,,,,,,,,,,,,,,,,,,,,,,,,,,,,,
A,Annual,NZL,New Zealand,WB_HCP_UISCR1,Primary school completion rate (%),_T,Total,PT,Percentage,1,One,WB_HCP,Human Capital Project (HCP),0,Units,A,Normal value,PU,Public,101.09503936767578,101.56484985351562,102.65795135498048,102.54461669921876,101.7251205444336,101.12924194335938,100.5002899169922,100.82227325439452,100.26925659179688,100.94242095947266,,,,,,,,,,,,,,,,,,,,,,,,,,,,,,,,,,,,,,,,,,,,
A,Annual,OMN,Oman,WB_HCP_UISCR1,Primary school completion rate (%),F,Female,PT,Percentage,1,One,WB_HCP,Human Capital Project (HCP),0,Units,A,Normal value,PU,Public,,,,,0.7799100279808044,0.8420600295066833,3.0533599853515625,,8.2989501953125,13.152549743652344,,,,24.919479370117188,31.18899917602539,31.550189971923828,37.774131774902344,40.83773040771485,48.94620895385742,57.376461029052734,65.46874237060547,,70.29138946533203,,71.51274871826172,74.4410629272461,77.84989166259766,79.82241821289062,80.07605743408203,81.11392211914062,81.81514739990234,82.8384017944336,83.15216827392578,86.69122314453125,,,,,,94.21613311767578,,117.1750030517578,108.04206848144533,102.74913024902344,104.24394989013672,98.8685531616211,101.24095153808594,107.24913787841795,97.49945068359376,99.146728515625,92.34735870361328,88.95954132080078,86.82652282714844,94.3437728881836
A,Annual,OMN,Oman,WB_HCP_UISCR1,Primary school completion rate (%),M,Male,PT,Percentage,1,One,WB_HCP,Human Capital Project (HCP),0,Units,A,Normal value,PU,Public,,,,,2.473860025405884,8.158599853515625,13.180520057678224,,30.435550689697266,37.53303146362305,,,,52.01618957519531,58.37971878051758,55.84196090698242,55.286468505859375,55.735408782958984,61.07162857055664,68.03157806396484,67.70889282226562,,74.8807601928711,,72.76593780517578,75.87213897705078,76.55425262451172,77.22257995605469,78.7567367553711,80.2883529663086,84.89398956298828,83.9623031616211,88.64112854003906,89.13390350341797,,,,,,96.76502990722656,,115.87957763671876,107.78948211669922,97.53254699707033,102.4620132446289,99.14624786376952,100.93891143798828,106.47042846679688,98.1771469116211,99.34517669677734,91.9504623413086,88.07270050048828,86.36302185058594,94.58490753173828
A,Annual,OMN,Oman,WB_HCP_UISCR1,Primary school completion rate (%),_T,Total,PT,Percentage,1,One,WB_HCP,Human Capital Project (HCP),0,Units,A,Normal value,PU,Public,,,,,1.6402900218963623,4.560379981994629,8.203009605407715,18.02535057067871,19.562179565429688,25.559600830078125,,,,38.71051025390625,45.02973175048828,43.912940979003906,46.82624053955078,48.59284973144531,55.26681900024414,62.92034912109375,66.63168334960938,,72.68119049072266,,72.16089630126953,75.1798095703125,77.18285369873047,78.4853286743164,79.39781951904297,80.69001007080078,83.38310241699219,83.41029357910156,85.90995025634766,87.93975067138672,,,,,,95.51788330078124,,116.51107788085938,107.91313934326172,100.08563995361328,103.34007263183594,99.00985717773438,101.08650207519533,106.85188293457033,97.84481048583984,99.24761962890624,92.14588165283205,88.50686645507812,86.59046173095703,94.46643829345705
A,Annual,PAK,Pakistan,WB_HCP_UISCR1,Primary school completion rate (%),F,Female,PT,Percentage,1,One,WB_HCP,Human Capital Project (HCP),0,Units,A,Normal value,PU,Public,,,,,,,,,,,,,,,,,,,,,,,,,,,,,,,,,,,,45.411319732666016,45.92879104614258,47.67781066894531,47.13774108886719,47.06005096435547,49.65678024291992,47.47394943237305,50.40781021118164,50.603553771972656,51.14541244506836,,51.8511848449707,,55.65963363647461,58.3580322265625,,62.74131393432617,63.192832946777344,
A,Annual,PAK,Pakistan,WB_HCP_UISCR1,Primary school completion rate (%),M,Male,PT,Percentage,1,One,WB_HCP,Human Capital Project (HCP),0,Units,A,Normal value,PU,Public,,,,,,,,,,,,,,,,,,,,,,,,,,,,,,,,,,,,62.772090911865234,60.18272018432617,58.7038688659668,58.3466911315918,58.624229431152344,60.90721130371094,58.26310729980469,59.99469757080078,60.97018051147461,62.33259582519531,,63.4856071472168,,68.16155242919922,68.37617492675781,,73.47162628173828,72.78540802001953,
A,Annual,PAK,Pakistan,WB_HCP_UISCR1,Primary school completion rate (%),_T,Total,PT,Percentage,1,One,WB_HCP,Human Capital Project (HCP),0,Units,A,Normal value,PU,Public,,,,,,,,,,,,,,,,,,,,,,,,,,,,,,,,,,,,54.383819580078125,53.29896926879883,53.3750114440918,52.92850875854492,53.035770416259766,55.4675178527832,53.04642868041992,55.35502243041992,55.94743728637695,56.91347122192383,,57.836936950683594,,62.085601806640625,63.49869537353515,,68.23321533203125,68.09741973876953,
A,Annual,PAN,Panama,WB_HCP_UISCR1,Primary school completion rate (%),F,Female,PT,Percentage,1,One,WB_HCP,Human Capital Project (HCP),0,Units,A,Normal value,PU,Public,66.04399108886719,69.82601165771484,74.33162689208984,79.9781723022461,81.57218933105469,83.93142700195312,99.3370590209961,94.15331268310548,92.17384338378906,90.73960876464844,87.66937255859375,85.12397003173828,85.13745880126953,85.9403305053711,81.06273651123047,83.89450073242188,83.85816192626953,84.36312103271484,82.825927734375,84.3304214477539,,,,,,,,,,89.00401306152344,90.8462371826172,91.05319213867188,91.62378692626952,,93.52941131591795,93.1492919921875,91.4949188232422,96.64112091064452,99.97225189208984,99.85043334960938,96.04483795166016,100.044921875,101.79547882080078,99.9764175415039,96.1684799194336,,,89.27752685546875,,86.6181869506836,86.94445037841797,94.2257308959961,92.89314270019533,92.72007751464844
A,Annual,PAN,Panama,WB_HCP_UISCR1,Primary school completion rate (%),M,Male,PT,Percentage,1,One,WB_HCP,Human Capital Project (HCP),0,Units,A,Normal value,PU,Public,65.9876937866211,70.3564224243164,73.51319885253906,78.8458023071289,81.61212158203125,85.24114990234375,95.60476684570312,93.64430236816406,89.80613708496094,89.19368743896484,84.0517578125,83.5619125366211,81.05934143066406,83.15635681152344,80.89938354492188,82.3330078125,82.94593811035156,83.69145965576172,82.42890167236328,83.84712219238281,,,,,,,,,,89.43698120117188,91.7879409790039,91.02873992919922,91.19918823242188,,93.38056182861328,93.66368865966795,91.66439819335938,95.89631652832033,99.59488677978516,100.07894134521484,95.52657318115234,99.74510955810548,101.65467834472656,100.55502319335938,98.19296264648438,,,90.42659759521484,,86.31324005126953,87.08030700683594,95.30216979980467,92.6489715576172,92.79060363769533
A,Annual,PAN,Panama,WB_HCP_UISCR1,Primary school completion rate (%),_T,Total,PT,Percentage,1,One,WB_HCP,Human Capital Project (HCP),0,Units,A,Normal value,PU,Public,66.0154800415039,70.09465026855469,73.9172592163086,79.40486907958984,81.5924072265625,84.59464263916016,97.44763946533205,93.89562225341795,90.97490692138672,89.9564208984375,85.83511352539062,84.3316421508789,83.06905364990234,84.52799224853516,80.97982025146484,83.1014404296875,83.39469909667969,84.02169799804688,82.6240234375,84.08453369140625,,,,,,,,,,89.22496795654297,91.3267822265625,91.04071807861328,91.407470703125,,93.45359802246094,93.41136932373048,91.581298828125,96.26123809814452,99.77960968017578,99.96714782714844,95.78002166748048,99.89167785644533,101.7235107421875,100.2722625732422,97.20366668701172,,,89.8650131225586,92.76283264160156,86.46233367919922,87.01386260986328,94.77577209472656,92.76837158203124,92.75611877441406
A,Annual,PER,Peru,WB_HCP_UISCR1,Primary school completion rate (%),F,Female,PT,Percentage,1,One,WB_HCP,Human Capital Project (HCP),0,Units,A,Normal value,PU,Public,63.06047821044922,,,,,,,76.3010482788086,75.43248748779297,75.29119873046875,75.56729125976562,73.1387710571289,,,,,,,,,,,,81.90926361083984,,83.94037628173828,,,91.4654312133789,96.79020690917967,95.22210693359376,91.28117370605467,91.57298278808594,97.00820922851562,97.49817657470705,98.07203674316406,99.54963684082033,102.40383911132812,101.9689712524414,99.92105865478516,102.53430938720705,99.9561767578125,94.2466812133789,97.66021728515624,98.68817901611328,101.0118637084961,101.51349639892578,91.44769287109376,89.16497802734375,90.81405639648438,,102.3136215209961,102.42809295654295,103.88981628417967
A,Annual,PER,Peru,WB_HCP_UISCR1,Primary school completion rate (%),M,Male,PT,Percentage,1,One,WB_HCP,Human Capital Project (HCP),0,Units,A,Normal value,PU,Public,64.65869140625,,,,,,,91.15641021728516,89.67466735839844,89.0721206665039,85.31671142578125,83.43327331542969,,,,,,,,,,,,86.25457763671875,,85.01409149169922,,,95.1810073852539,99.87521362304688,98.68502807617188,94.4979476928711,94.03224182128906,98.80081176757812,99.72136688232422,100.07122039794922,101.67806243896484,104.52861785888672,103.91644287109376,101.93814849853516,104.33026885986328,102.1884765625,97.14405059814452,99.6938705444336,100.0,102.40428161621094,102.93402099609376,92.69625091552734,89.74173736572266,91.31063842773438,,102.19480895996094,102.72368621826172,104.3162078857422
A,Annual,PER,Peru,WB_HCP_UISCR1,Primary school completion rate (%),_T,Total,PT,Percentage,1,One,WB_HCP,Human Capital Project (HCP),0,Units,A,Normal value,PU,Public,63.867919921875,,,65.9334487915039,69.53974914550781,71.04843139648438,77.08233642578125,83.79553985595703,82.61554718017578,82.23690032958984,80.47659301757812,78.32424926757812,,,,80.93319702148438,,,,,,,,84.10616302490234,,84.48381805419922,,,93.34747314453124,98.3533706665039,96.97676849365234,92.91002655029295,92.81802368164062,97.91519165039062,98.6212921142578,99.08080291748048,100.62252807617188,103.47396850585938,102.94854736328124,100.9344482421875,103.4362564086914,101.0776596069336,95.70320129394533,98.6836929321289,99.34954833984376,101.71533203125,102.23204803466795,92.08036041259766,89.45751953125,91.06607818603516,,102.25325775146484,102.578369140625,104.1066436767578
A,Annual,PHL,Philippines,WB_HCP_UISCR1,Primary school completion rate (%),F,Female,PT,Percentage,1,One,WB_HCP,Human Capital Project (HCP),0,Units,A,Normal value,PU,Public,,,,,,,,,,,,88.86267852783203,,91.88262176513672,91.59178161621094,89.86811828613281,87.89893341064453,86.5870132446289,85.56716918945312,86.58895874023438,,,,,,,,,91.2157211303711,91.17272186279295,,106.47640228271484,98.46749114990234,98.83106994628906,96.55402374267578,96.91278076171876,93.85694885253906,92.55793762207033,94.83660888671876,94.71475219726562,,,,,100.2162094116211,,,105.9645767211914,109.83113098144533,101.57147979736328,99.61161041259766,92.81452941894533,89.13935089111328,80.87689971923828
A,Annual,PHL,Philippines,WB_HCP_UISCR1,Primary school completion rate (%),M,Male,PT,Percentage,1,One,WB_HCP,Human Capital Project (HCP),0,Units,A,Normal value,PU,Public,,,,,,,,,,,,84.3548812866211,,86.59979248046875,86.61515045166016,84.85037994384766,82.78748321533203,84.2203369140625,85.00496673583984,85.8019790649414,,,,,,,,,84.52684783935547,85.42233276367188,,96.32357788085938,90.45857238769533,91.15615844726562,89.5415267944336,89.30439758300781,86.2279281616211,86.1812515258789,88.39910125732422,88.49504089355469,,,,,95.1237335205078,,,103.01321411132812,111.86247253417967,100.51358795166016,96.71724700927734,89.50831604003906,86.90650939941406,80.54681396484375
A,Annual,PHL,Philippines,WB_HCP_UISCR1,Primary school completion rate (%),_T,Total,PT,Percentage,1,One,WB_HCP,Human Capital Project (HCP),0,Units,A,Normal value,PU,Public,,,,,,,,,,,,86.55445861816406,,89.18338775634766,89.05284881591797,87.3127670288086,85.29783630371094,85.38350677490234,85.28112030029297,86.18753814697266,89.23358154296875,,,,,,,,87.79457092285156,88.23085021972656,,101.28072357177734,94.3622817993164,94.89774322509766,92.96073150634766,93.02021026611328,89.94627380371094,89.28318786621094,91.53292846679688,91.51695251464844,,,,,97.59192657470705,,,104.43645477294922,110.88218688964844,101.02381896972656,98.11262512207033,91.10198211669922,87.9826889038086,80.70597076416016
A,Annual,PLW,Palau,WB_HCP_UISCR1,Primary school completion rate (%),F,Female,PT,Percentage,1,One,WB_HCP,Human Capital Project (HCP),0,Units,A,Normal value,PU,Public,,,,,,,,,,,,,,,,,,,,,,,,,,,,,,,88.23529052734375,,,,,,,,,,,,,117.75701141357422,95.53571319580078,,,,,,,98.38710021972656,82.25806427001953,82.2033920288086
A,Annual,PLW,Palau,WB_HCP_UISCR1,Primary school completion rate (%),M,Male,PT,Percentage,1,One,WB_HCP,Human Capital Project (HCP),0,Units,A,Normal value,PU,Public,,,,,,,,,,,,,,,,,,,,,,,,,,,,,,,108.57142639160156,,,,,,,,,,,,,113.67520904541016,101.5999984741211,,,,,,,98.4496078491211,93.79844665527344,99.24242401123048
A,Annual,PLW,Palau,WB_HCP_UISCR1,Primary school completion rate (%),_T,Total,PT,Percentage,1,One,WB_HCP,Human Capital Project (HCP),0,Units,A,Normal value,PU,Public,,,,,,,,,,,,,,,,,,,,,,,,,,,,,,,98.55072021484376,,,,99.00743865966795,,,,,,,,,115.625,98.7341766357422,,,,,,,98.4189682006836,88.14229583740234,91.1999969482422
A,Annual,PNG,Papua New Guinea,WB_HCP_UISCR1,Primary school completion rate (%),F,Female,PT,Percentage,1,One,WB_HCP,Human Capital Project (HCP),0,Units,A,Normal value,PU,Public,,,,,,,,,,,,,,,,,,47.56875991821289,50.459930419921875,51.27742004394531,49.10068893432617,47.25762939453125,46.74177169799805,,51.56550979614258,51.10523986816406,50.06119155883789,47.91707992553711,46.99420166015625,,49.00440979003906,48.94758987426758,49.08599853515625,51.36091995239258,,,,,,,,,,,66.27256774902344,,69.66404724121094,,,,,,,
A,Annual,PNG,Papua New Guinea,WB_HCP_UISCR1,Primary school completion rate (%),M,Male,PT,Percentage,1,One,WB_HCP,Human Capital Project (HCP),0,Units,A,Normal value,PU,Public,,,,,,,,,,,,,,,,,,51.57360076904297,54.83626937866211,53.88650894165039,52.94655990600586,49.895511627197266,50.87554168701172,,56.36809158325195,54.91350936889648,55.581058502197266,51.74335861206055,52.761470794677734,,54.53791046142578,54.88499069213867,56.14141082763672,56.75539016723633,,,,,,,,,,,74.71296691894531,,77.26278686523438,,,,,,,
A,Annual,PNG,Papua New Guinea,WB_HCP_UISCR1,Primary school completion rate (%),_T,Total,PT,Percentage,1,One,WB_HCP,Human Capital Project (HCP),0,Units,A,Normal value,PU,Public,,,,,,,,,,,,,,,,,,49.73120880126953,52.83190155029297,52.69655990600586,51.19858932495117,48.69668960571289,48.993038177490234,,54.15892028808594,53.150901794433594,53.01200866699219,49.95433044433594,50.05393981933594,,51.926361083984375,52.07749938964844,52.81074142456055,54.221641540527344,,,,,,,,,,,70.71558380126953,,73.65702056884766,,,,,,,
A,Annual,POL,Poland,WB_HCP_UISCR1,Primary school completion rate (%),F,Female,PT,Percentage,1,One,WB_HCP,Human Capital Project (HCP),0,Units,A,Normal value,PU,Public,,,,,,,,,,,,,,,,,,,,,,,,,,,,,,,,,,,,,,,,96.73336791992188,97.01869201660156,96.80020904541016,96.55796813964844,96.1321792602539,96.20345306396484,99.9403076171875,101.26425170898438,106.82366943359376,93.84088897705078,94.29234313964844,,,98.05145263671876,
A,Annual,POL,Poland,WB_HCP_UISCR1,Primary school completion rate (%),M,Male,PT,Percentage,1,One,WB_HCP,Human Capital Project (HCP),0,Units,A,Normal value,PU,Public,,,,,,,,,,,,,,,,,,,,,,,,,,,,,,,,,,,,,,,,96.7493667602539,97.48223876953124,97.17215728759766,97.0783233642578,96.51323699951172,96.19886016845705,99.0123291015625,99.65122985839844,103.73867797851562,94.507080078125,95.04889678955078,,,98.444091796875,
A,Annual,POL,Poland,WB_HCP_UISCR1,Primary school completion rate (%),_T,Total,PT,Percentage,1,One,WB_HCP,Human Capital Project (HCP),0,Units,A,Normal value,PU,Public,,99.34992980957033,99.43415069580078,97.76685333251952,102.31886291503906,100.94448852539062,99.61817169189452,100.06961059570312,99.8082275390625,98.49166870117188,98.04000091552734,93.9251480102539,94.90386199951172,93.94152069091795,94.20516967773438,93.60037231445312,96.36383819580078,96.51753997802734,96.16236114501952,96.62024688720705,96.96565246582033,95.83939361572266,97.23876190185548,100.57533264160156,99.167236328125,95.82388305664062,96.69847869873048,98.35421752929688,96.5334930419922,98.57267761230467,98.40543365478516,98.82454681396484,98.68205261230467,98.8339385986328,99.1626205444336,99.01614379882812,99.17713928222656,98.6768035888672,,96.74156951904295,97.25617980957033,96.99128723144533,96.82462310791016,96.32758331298828,96.20110321044922,99.4639892578125,100.43733978271484,105.2383270263672,94.18228149414062,94.68038940429688,,,98.25334930419922,
A,Annual,PRI,Puerto Rico,WB_HCP_UISCR1,Primary school completion rate (%),F,Female,PT,Percentage,1,One,WB_HCP,Human Capital Project (HCP),0,Units,A,Normal value,PU,Public,,,,,,,,,,,,,,,,,,,,,,,,,,,,,,,,,,,,,,,,,,,,,,91.98323059082033,,,88.17430114746094,,,,,64.50834655761719
A,Annual,PRI,Puerto Rico,WB_HCP_UISCR1,Primary school completion rate (%),M,Male,PT,Percentage,1,One,WB_HCP,Human Capital Project (HCP),0,Units,A,Normal value,PU,Public,,,,,,,,,,,,,,,,,,,,,,,,,,,,,,,,,,,,,,,,,,,,,,89.29283905029297,,,83.47840118408203,,,,,73.57086944580078
A,Annual,PRI,Puerto Rico,WB_HCP_UISCR1,Primary school completion rate (%),_T,Total,PT,Percentage,1,One,WB_HCP,Human Capital Project (HCP),0,Units,A,Normal value,PU,Public,,,,,,,,,,,,,,,,,,,,,,,,,,,,,,,,,,,,,,,,,,,,,,90.6042022705078,,,85.77120208740234,,,,,69.1488037109375
A,Annual,PRK,"Korea, Dem. People's Rep.",WB_HCP_UISCR1,Primary school completion rate (%),F,Female,PT,Percentage,1,One,WB_HCP,Human Capital Project (HCP),0,Units,A,Normal value,PU,Public,,,,,,,,,,,,,,,,,,,,,,,,,,,,,,,,,,,,,,,,98.78292846679688,,,,,,,,,,,,,,
A,Annual,PRK,"Korea, Dem. People's Rep.",WB_HCP_UISCR1,Primary school completion rate (%),M,Male,PT,Percentage,1,One,WB_HCP,Human Capital Project (HCP),0,Units,A,Normal value,PU,Public,,,,,,,,,,,,,,,,,,,,,,,,,,,,,,,,,,,,,,,,99.76994323730467,,,,,,,,,,,,,,
A,Annual,PRK,"Korea, Dem. People's Rep.",WB_HCP_UISCR1,Primary school completion rate (%),_T,Total,PT,Percentage,1,One,WB_HCP,Human Capital Project (HCP),0,Units,A,Normal value,PU,Public,,,,,,,,,,,,,,,,,,,,,,,,,,,,,,,,,,,,,,,,99.28904724121094,,,,,,,,,,,,,,
A,Annual,PRT,Portugal,WB_HCP_UISCR1,Primary school completion rate (%),F,Female,PT,Percentage,1,One,WB_HCP,Human Capital Project (HCP),0,Units,A,Normal value,PU,Public,,,55.923431396484375,61.85152053833008,67.41056060791016,73.8343734741211,67.37644958496094,,,,,,,,,,,,,,,,,,,,,,,,,,,,,,,,,,,,,,,,,,99.24781799316406,100.43264770507812,101.67252349853516,102.415283203125,103.80606842041016,
A,Annual,PRT,Portugal,WB_HCP_UISCR1,Primary school completion rate (%),M,Male,PT,Percentage,1,One,WB_HCP,Human Capital Project (HCP),0,Units,A,Normal value,PU,Public,,,51.956321716308594,58.286041259765625,62.17768096923828,72.54714965820312,64.55760955810547,,,,,,,,,,,,,,,,,,,,,,,,,,,,,,,,,,,,,,,,,,100.33019256591795,102.13153839111328,103.3596420288086,105.56542205810548,103.24568176269533,
A,Annual,PRT,Portugal,WB_HCP_UISCR1,Primary school completion rate (%),_T,Total,PT,Percentage,1,One,WB_HCP,Human Capital Project (HCP),0,Units,A,Normal value,PU,Public,,,53.90975189208984,60.036590576171875,64.74749755859375,73.18167877197266,65.95246887207031,,,,,,,,,,,,,,,,,,,,,,,,,,,,,,,,,,,,,,,,,,99.79843139648438,101.29998779296876,102.5364227294922,104.0180206298828,103.52059173583984,
A,Annual,PRY,Paraguay,WB_HCP_UISCR1,Primary school completion rate (%),F,Female,PT,Percentage,1,One,WB_HCP,Human Capital Project (HCP),0,Units,A,Normal value,PU,Public,44.381370544433594,,44.86042022705078,47.87247085571289,48.76713943481445,49.04486846923828,50.023048400878906,51.45555877685547,52.61362838745117,,56.61003112792969,59.921138763427734,60.741451263427734,63.89826965332031,65.75801849365234,67.60833740234375,67.09713745117188,68.28314971923828,68.38716125488281,69.21160888671875,70.68663787841797,76.13736724853516,76.68253326416016,83.93173217773438,82.56868743896484,84.09552001953125,87.23320007324219,,97.3943099975586,93.8209991455078,95.22293853759766,95.4439697265625,96.17479705810548,98.4124984741211,97.94464874267578,99.25843811035156,98.7259292602539,100.70867156982422,101.56851959228516,102.62014770507812,100.51190185546876,96.58605194091795,95.39469146728516,,,,95.9818878173828,,,,82.4103012084961,,85.77783966064453,89.80757904052734
A,Annual,PRY,Paraguay,WB_HCP_UISCR1,Primary school completion rate (%),M,Male,PT,Percentage,1,One,WB_HCP,Human Capital Project (HCP),0,Units,A,Normal value,PU,Public,47.72938919067383,,46.521488189697266,49.89173126220703,50.85934066772461,50.4622917175293,51.27846908569336,53.12200927734375,54.19173812866211,,58.85213088989258,61.61874008178711,63.09344100952149,65.89166259765625,67.14476013183594,68.98008728027344,67.52176666259766,68.61216735839844,68.72106170654297,68.70211791992188,70.25668334960938,73.89743041992188,74.27468872070312,80.17666625976562,79.74957275390625,80.88330841064453,84.69557189941406,,93.50611877441406,89.60629272460938,92.84034729003906,92.23834228515624,94.0172119140625,96.21456909179688,95.2212371826172,96.2294921875,96.5409164428711,97.95587158203124,98.87213897705078,99.01558685302734,98.56629180908205,94.91213989257812,93.85011291503906,,,,95.10983276367188,,,,83.53675842285156,,86.53946685791016,90.67363739013672
A,Annual,PRY,Paraguay,WB_HCP_UISCR1,Primary school completion rate (%),_T,Total,PT,Percentage,1,One,WB_HCP,Human Capital Project (HCP),0,Units,A,Normal value,PU,Public,46.09172058105469,47.632568359375,45.70949172973633,48.90330123901367,49.83161926269531,49.76457977294922,50.659969329833984,52.30112075805664,53.413841247558594,,57.74658966064453,60.78239822387695,61.94017028808594,64.91417694091797,66.46585083007812,68.30909729003906,67.31403350830078,68.4510726928711,68.55753326416016,68.95172882080078,70.4674301147461,74.99577331542969,75.45603942871094,82.01914978027344,81.13253021240234,82.4586410522461,85.93930053710938,,95.41110229492188,91.67096710205078,94.00691986083984,93.8073501586914,95.07264709472656,97.28914642333984,96.55303955078124,97.7110366821289,97.609619140625,99.30225372314452,100.1908187866211,100.77828979492188,99.5178680419922,95.73078918457033,94.60530090332033,95.32769012451172,98.02024841308594,95.65579223632812,95.53607177734376,,,,82.98597717285156,,86.16710662841797,90.2502899169922
A,Annual,PSE,West Bank and Gaza,WB_HCP_UISCR1,Primary school completion rate (%),F,Female,PT,Percentage,1,One,WB_HCP,Human Capital Project (HCP),0,Units,A,Normal value,PU,Public,,,,,,,,,,,,,,,,,,,,,,,,,,82.43402862548828,82.5382080078125,82.38182830810547,,92.29086303710938,93.90035247802734,97.10796356201172,94.96980285644533,100.37966918945312,94.16018676757812,96.05239868164062,,89.5066909790039,89.36341857910156,90.96157836914062,93.38433837890624,91.8269271850586,88.29936981201172,92.80110931396484,93.68586730957033,93.92481231689452,93.33911895751952,98.01599884033205,94.87093353271484,94.30531311035156,97.72541046142578,94.06288146972656,94.04984283447266,90.80648803710938
A,Annual,PSE,West Bank and Gaza,WB_HCP_UISCR1,Primary school completion rate (%),M,Male,PT,Percentage,1,One,WB_HCP,Human Capital Project (HCP),0,Units,A,Normal value,PU,Public,,,,,,,,,,,,,,,,,,,,,,,,,,82.92394256591797,83.35143280029297,82.50424194335938,,92.47171783447266,93.7071533203125,96.09002685546876,94.24099731445312,101.23255920410156,94.5368194580078,97.84091186523438,,90.81018829345705,92.34375762939452,93.49411010742188,99.821533203125,92.07427978515624,93.30307006835938,95.2435531616211,99.78742218017578,97.90760040283205,96.25624084472656,100.0119400024414,96.71198272705078,95.7346420288086,100.39254760742188,95.75961303710938,94.14315795898438,92.0990219116211
A,Annual,PSE,West Bank and Gaza,WB_HCP_UISCR1,Primary school completion rate (%),_T,Total,PT,Percentage,1,One,WB_HCP,Human Capital Project (HCP),0,Units,A,Normal value,PU,Public,,,,,,,,,,,,,,,,,,,,,,,,,,82.68408966064453,82.95329284667969,82.4443130493164,,92.3831024169922,93.8019027709961,96.58944702148438,94.59895324707033,100.81298065185548,94.35137176513672,96.95909881591795,,90.1670913696289,90.87383270263672,92.24485778808594,96.64544677734376,91.95211029052734,90.82878875732422,94.03433990478516,96.76319122314452,95.92949676513672,94.80651092529295,99.01937866210938,95.79850769042967,95.0270767211914,99.07553100585938,94.9236068725586,94.09728240966795,91.46485137939452
A,Annual,PYF,French Polynesia,WB_HCP_UISCR1,Primary school completion rate (%),F,Female,PT,Percentage,1,One,WB_HCP,Human Capital Project (HCP),0,Units,A,Normal value,PU,Public,,,,,,,,,,,,,,56.21062088012695,,,,,,,,,,,,,,,,,,,,,,,,,,,,,,,,,,,,,,,,
A,Annual,PYF,French Polynesia,WB_HCP_UISCR1,Primary school completion rate (%),M,Male,PT,Percentage,1,One,WB_HCP,Human Capital Project (HCP),0,Units,A,Normal value,PU,Public,,,,,,,,,,,,,,85.87444305419922,,,,,,,,,,,,,,,,,,,,,,,,,,,,,,,,,,,,,,,,
A,Annual,PYF,French Polynesia,WB_HCP_UISCR1,Primary school completion rate (%),_T,Total,PT,Percentage,1,One,WB_HCP,Human Capital Project (HCP),0,Units,A,Normal value,PU,Public,,,,,,,,,,,,,,71.06918334960938,,,,,,,,,,,,,,,,,,,,,,,,,,,,,,,,,,,,,,,,
A,Annual,QAT,Qatar,WB_HCP_UISCR1,Primary school completion rate (%),F,Female,PT,Percentage,1,One,WB_HCP,Human Capital Project (HCP),0,Units,A,Normal value,PU,Public,,54.204551696777344,62.19393157958984,63.89365005493164,58.82794952392578,61.36820983886719,60.04856872558594,58.63814926147461,72.86698150634766,74.25692749023438,73.85431671142578,70.80428314208984,77.96610260009766,,79.54931640625,81.19378662109375,81.6302719116211,73.2742691040039,79.92981719970703,81.23314666748047,80.9416275024414,80.961181640625,78.23008728027344,75.4524917602539,74.84980773925781,72.2515869140625,59.85197067260742,,96.10729217529295,96.52857971191406,,,,94.12256622314452,,90.51519775390624,91.00482940673828,94.21446228027344,96.8243179321289,100.42630004882812,,99.7480697631836,,98.50611877441406,91.43016815185548,93.0517120361328,93.50099182128906,100.78125,100.71346282958984,99.72293853759766,103.72400665283205,90.48374938964844,95.54045867919922,
A,Annual,QAT,Qatar,WB_HCP_UISCR1,Primary school completion rate (%),M,Male,PT,Percentage,1,One,WB_HCP,Human Capital Project (HCP),0,Units,A,Normal value,PU,Public,,60.25640869140625,49.64072036743164,43.55400848388672,38.031219482421875,37.71791076660156,43.08211135864258,45.69733047485352,57.213741302490234,56.35013961791992,57.386138916015625,58.63294982910156,66.6023178100586,,73.66255187988281,76.22174072265625,72.00420379638672,61.653900146484375,67.36811065673828,68.21041107177734,69.87071228027344,75.95780181884766,68.35025787353516,70.4997329711914,72.10389709472656,63.76123809814453,53.12797927856445,,87.97221374511719,93.90818786621094,,,,79.51274871826172,,79.20716094970703,83.09752655029297,90.03341674804688,93.99755859375,96.06179809570312,,96.01251983642578,,91.46581268310548,87.09574127197266,95.64813232421876,97.54518127441406,97.53547668457033,98.9616470336914,101.2495574951172,102.56880950927734,91.83966827392578,93.81300354003906,
A,Annual,QAT,Qatar,WB_HCP_UISCR1,Primary school completion rate (%),_T,Total,PT,Percentage,1,One,WB_HCP,Human Capital Project (HCP),0,Units,A,Normal value,PU,Public,,57.753761291503906,54.403568267822266,51.02362060546875,45.64200973510742,46.5006217956543,49.5595703125,50.83835983276367,63.76747131347656,64.17253875732422,64.810791015625,64.22469329833984,71.875,,76.41790771484375,78.56591796875,76.55962371826172,67.0433120727539,73.12017822265625,74.18805694580078,75.02628326416016,78.32943725585938,73.11247253417969,72.91265106201172,73.44248962402344,67.88648986816406,56.37799072265625,,91.85848999023438,95.16864776611328,,,,85.9227294921875,,84.39379119873047,86.78031921386719,92.00865936279295,95.33802795410156,98.15763092041016,,97.80078887939452,,94.79192352294922,89.20913696289062,94.36871337890624,95.54351806640624,99.11260223388672,99.82433319091795,100.50736236572266,103.1341781616211,91.17896270751952,94.64784240722656,
A,Annual,ROU,Romania,WB_HCP_UISCR1,Primary school completion rate (%),F,Female,PT,Percentage,1,One,WB_HCP,Human Capital Project (HCP),0,Units,A,Normal value,PU,Public,,,,,,,,,,,,,,,,,,,,,94.48989868164062,,,86.16499328613281,,,,,,96.17687225341795,93.93134307861328,104.5957489013672,101.17642974853516,95.71134948730467,92.62476348876952,91.9802017211914,92.40734100341795,,89.84060668945312,95.8681182861328,97.17691040039062,98.06233215332033,94.71045684814452,,,92.6963119506836,89.60899353027344,,87.94283294677734,87.48667907714844,86.77613830566406,88.50206756591797,82.7013168334961,
A,Annual,ROU,Romania,WB_HCP_UISCR1,Primary school completion rate (%),M,Male,PT,Percentage,1,One,WB_HCP,Human Capital Project (HCP),0,Units,A,Normal value,PU,Public,,,,,,,,,,,,,,,,,,,,,96.98622131347656,,,87.34613037109375,,,,,,99.05021667480467,94.0296630859375,105.34925842285156,101.0422592163086,96.41780090332033,93.60088348388672,92.9218521118164,92.71365356445312,,90.76641082763672,95.5345687866211,96.7294464111328,98.55883026123048,95.7480926513672,,,93.22998809814452,88.93148040771484,,88.04170227050781,87.6163330078125,86.64766693115234,89.34056091308594,83.01802825927734,
A,Annual,ROU,Romania,WB_HCP_UISCR1,Primary school completion rate (%),_T,Total,PT,Percentage,1,One,WB_HCP,Human Capital Project (HCP),0,Units,A,Normal value,PU,Public,,,,,,,,,,,,,,,,,,,,,95.7520523071289,,,86.75981903076172,,90.52578735351562,91.7800064086914,93.20894622802734,,97.62175750732422,93.98143768310548,104.97992706298828,101.1075210571289,96.07311248779295,93.12432098388672,92.4625473022461,92.56426239013672,,90.31584167480467,95.69670867919922,96.94674682617188,98.31755828857422,95.2439193725586,,,92.9707489013672,89.26061248779297,,87.99362182617188,87.55349731445312,86.70996856689453,88.93218994140625,82.86443328857422,
A,Annual,RUS,Russian Federation,WB_HCP_UISCR1,Primary school completion rate (%),F,Female,PT,Percentage,1,One,WB_HCP,Human Capital Project (HCP),0,Units,A,Normal value,PU,Public,,,,,,,,,,,,,,,,,,,,,,,,,91.9281005859375,92.20475006103516,,,,,,,,,,,,,,,,,,,95.66194915771484,98.12339782714844,95.5871810913086,,99.33300018310548,99.67565155029295,,,,
A,Annual,RUS,Russian Federation,WB_HCP_UISCR1,Primary school completion rate (%),M,Male,PT,Percentage,1,One,WB_HCP,Human Capital Project (HCP),0,Units,A,Normal value,PU,Public,,,,,,,,,,,,,,,,,,,,,,,,,91.60015869140624,92.7286605834961,,,,,,,,,,,,,,,,,,,94.39202880859376,96.59847259521484,94.31503295898438,,99.8524932861328,100.35608673095705,,,,
A,Annual,RUS,Russian Federation,WB_HCP_UISCR1,Primary school completion rate (%),_T,Total,PT,Percentage,1,One,WB_HCP,Human Capital Project (HCP),0,Units,A,Normal value,PU,Public,,,,,,,,,,,,,,,,,,,,,,,,,91.76136016845705,92.47100067138672,,,,97.00504302978516,95.4882583618164,99.0294189453125,,,,,,93.12904357910156,95.41204833984376,93.35452270507812,,90.60350799560548,95.74652862548828,94.75923919677734,95.01026153564452,97.34127807617188,94.93540954589844,,99.5994873046875,100.02433776855467,,,,
A,Annual,RWA,Rwanda,WB_HCP_UISCR1,Primary school completion rate (%),F,Female,PT,Percentage,1,One,WB_HCP,Human Capital Project (HCP),0,Units,A,Normal value,PU,Public,,15.201860427856444,16.21323013305664,18.64130973815918,19.324560165405273,21.840959548950195,,24.95060920715332,,,33.83396911621094,43.91851043701172,42.542510986328125,41.668800354003906,42.73847961425781,44.83277893066406,42.05915069580078,42.88521957397461,44.079681396484375,44.55236053466797,43.42734909057617,43.33866882324219,42.865478515625,,,,,,,24.298429489135746,19.425920486450195,24.489429473876953,30.37704086303711,41.773048400878906,40.6290397644043,,,,54.725128173828125,75.69171905517578,79.90682983398438,,79.05438232421875,63.988861083984375,69.13755798339844,68.32243347167969,73.73372650146484,85.44866180419922,91.02252960205078,102.37190246582033,,101.3481674194336,,65.06304931640625
A,Annual,RWA,Rwanda,WB_HCP_UISCR1,Primary school completion rate (%),M,Male,PT,Percentage,1,One,WB_HCP,Human Capital Project (HCP),0,Units,A,Normal value,PU,Public,,24.79129981994629,26.72895050048828,28.413190841674805,29.86737060546875,30.94239044189453,,32.71377944946289,,,38.68830108642578,49.487030029296875,48.46916961669922,45.73859024047851,47.115909576416016,48.14226150512695,45.03924179077149,44.407470703125,46.124298095703125,46.7772102355957,45.54899978637695,44.02547836303711,44.9964485168457,,,,,,,25.61429977416992,22.945730209350582,28.660520553588867,33.23400115966797,44.32884979248047,42.9334716796875,,,,51.34117889404297,69.4486312866211,71.74507141113281,,70.4848403930664,53.63063049316406,59.32406997680664,57.95920181274414,61.651851654052734,66.56812286376953,77.34832763671875,89.51914978027344,,89.3960189819336,,53.48754119873047
A,Annual,RWA,Rwanda,WB_HCP_UISCR1,Primary school completion rate (%),_T,Total,PT,Percentage,1,One,WB_HCP,Human Capital Project (HCP),0,Units,A,Normal value,PU,Public,,19.987180709838867,21.462589263916016,23.52046012878418,24.58868980407715,26.385339736938477,,28.82550048828125,26.706220626831055,,36.254058837890625,46.69377899169922,45.49502182006836,43.69540023803711,44.917110443115234,46.478790283203125,43.540470123291016,43.64133834838867,45.09489059448242,45.65713882446289,44.481231689453125,43.680049896240234,43.9256591796875,,,,,,,24.952800750732425,21.16880989074707,26.540939331054688,31.78219985961914,43.024688720703125,41.758399963378906,,,,53.05561828613281,72.60801696777344,75.87245178222656,,74.8167724609375,58.80752182006836,64.29730224609375,63.19805908203125,67.74500274658203,76.07218170166016,84.22334289550781,95.97730255126952,,95.40181732177734,,59.30424118041992
A,Annual,SAS,South Asia,WB_HCP_UISCR1,Primary school completion rate (%),F,Female,PT,Percentage,1,One,WB_HCP,Human Capital Project (HCP),0,Units,A,Normal value,PU,Public,29.62841033935547,29.792190551757812,30.351900100708008,30.70918083190918,31.072120666503903,32.16225051879883,32.81468963623047,33.496639251708984,34.9411506652832,36.18130874633789,37.50326156616211,38.89295959472656,40.35457992553711,41.775760650634766,43.31074142456055,44.8176383972168,46.413448333740234,47.9782600402832,49.340030670166016,50.76520919799805,52.09870147705078,53.50154876708984,54.892608642578125,56.17707061767578,57.554988861083984,58.97705841064453,58.73939895629883,58.48025894165039,58.23828125,57.98154830932617,60.18545150756836,64.28372955322266,66.37326049804688,72.42350769042969,75.20084381103516,78.12123107910156,80.69172668457031,83.42929077148438,85.73385620117188,87.54007720947266,86.99658203125,86.2160873413086,88.21450805664062,89.55805969238281,91.28221130371094,92.35941314697266,92.28656768798828,92.1740264892578,91.04432678222656,91.305419921875,92.35698699951172,92.67024993896484,103.15030670166016,88.32521057128906
A,Annual,SAS,South Asia,WB_HCP_UISCR1,Primary school completion rate (%),M,Male,PT,Percentage,1,One,WB_HCP,Human Capital Project (HCP),0,Units,A,Normal value,PU,Public,52.58528137207031,52.74890899658203,53.50138854980469,54.04695892333984,54.591548919677734,55.94805145263672,56.84632110595703,56.80649185180664,58.237159729003906,59.50102996826172,60.807838439941406,62.15306854248047,63.54336929321289,64.84429168701172,66.29197692871094,67.74842834472656,69.18379211425781,70.55390930175781,71.53900146484375,72.50193786621094,73.29277038574219,74.16929626464844,75.04873657226562,75.73861694335938,76.48725128173828,77.23188018798828,76.25911712646484,75.2657470703125,74.30107879638672,73.33145904541016,75.30877685546875,78.30551147460938,80.20008850097656,80.73786163330078,82.63793182373047,84.54653930664062,85.74462127685547,87.02063751220703,88.2091064453125,89.25904083251953,88.74420928955078,87.89031219482422,88.37357330322266,88.64617919921875,90.7007064819336,91.48162841796876,91.7133331298828,91.6151885986328,91.094970703125,90.76506042480467,92.00865173339844,92.8931121826172,104.25778198242188,89.19156646728516
A,Annual,SAS,South Asia,WB_HCP_UISCR1,Primary school completion rate (%),_T,Total,PT,Percentage,1,One,WB_HCP,Human Capital Project (HCP),0,Units,A,Normal value,PU,Public,41.49652862548828,41.65985107421875,42.31671142578125,42.768699645996094,43.22275924682617,44.450870513916016,45.230831146240234,45.54045104980469,46.97829818725586,48.23115921020508,49.54526138305664,50.91168975830078,52.339088439941406,53.699581146240234,55.19070053100586,56.6728515625,58.18653869628906,59.65224838256836,60.82666015625,62.01314163208008,63.067508697509766,64.20002746582031,65.32713317871094,66.30491638183594,67.360107421875,68.43402862548828,67.81645202636719,67.1787109375,66.5637435913086,65.93718719482422,68.02015686035156,71.54641723632812,73.53961181640625,76.736572265625,79.05853271484375,81.45561218261719,83.31575012207031,85.29601287841797,87.02430725097656,88.43657684326172,87.90782928466797,87.08892059326172,88.29680633544922,89.08428192138672,90.9798812866211,91.90292358398438,91.98861694335938,91.88387298583984,91.0706024169922,91.0248565673828,92.17707061767578,92.78761291503906,103.72824096679688,88.78077697753906
A,Annual,SAU,Saudi Arabia,WB_HCP_UISCR1,Primary school completion rate (%),F,Female,PT,Percentage,1,One,WB_HCP,Human Capital Project (HCP),0,Units,A,Normal value,PU,Public,,,,,,,,,,28.70220947265625,,,,,,,,,,,,,,,,,,,,,,,,,,84.57411193847656,,87.05687713623047,87.74262237548828,,,126.42980194091795,134.669189453125,101.54412841796876,,,,101.38906860351562,102.52731323242188,97.80864715576172,95.46803283691406,96.0771484375,120.35102081298828,
A,Annual,SAU,Saudi Arabia,WB_HCP_UISCR1,Primary school completion rate (%),M,Male,PT,Percentage,1,One,WB_HCP,Human Capital Project (HCP),0,Units,A,Normal value,PU,Public,,,,,,,,,,38.63508987426758,,,,,,,,,,,,,,,,,,,,,,,,,,94.48161315917967,,92.1552505493164,91.9036865234375,,,116.90509033203124,123.76629638671876,95.39933776855467,,,,99.34020233154295,101.24938201904295,99.18019104003906,96.92488861083984,96.83367156982422,119.89627838134766,
A,Annual,SAU,Saudi Arabia,WB_HCP_UISCR1,Primary school completion rate (%),_T,Total,PT,Percentage,1,One,WB_HCP,Human Capital Project (HCP),0,Units,A,Normal value,PU,Public,,,,,,,,,,34.05065155029297,,,,,,,,,,,,,,,,,,,,,,,,,,89.34269714355469,,89.61522674560547,89.86357879638672,,,121.3678970336914,128.91676330566406,98.31571197509766,,,,100.32974243164062,101.86862182617188,98.50849151611328,96.20864868164062,96.46363067626952,120.11913299560548,
A,Annual,SDN,Sudan,WB_HCP_UISCR1,Primary school completion rate (%),F,Female,PT,Percentage,1,One,WB_HCP,Human Capital Project (HCP),0,Units,A,Normal value,PU,Public,,,,,,,,,,,,,,,,,,,,,,,,,,,,,,,,,,,,,,,,,57.341331481933594,,55.82331848144531,57.811561584472656,58.048439025878906,59.757869720458984,61.86286926269531,64.61649322509766,64.29293823242188,,,,,
A,Annual,SDN,Sudan,WB_HCP_UISCR1,Primary school completion rate (%),M,Male,PT,Percentage,1,One,WB_HCP,Human Capital Project (HCP),0,Units,A,Normal value,PU,Public,,,,,,,,,,,,,,,,,,,,,,,,,,,,,,,,,,,,,,,,,70.69805908203125,,64.44683837890625,63.57345962524414,64.79850769042969,66.26036834716797,66.43026733398438,67.49476623535156,68.79277038574219,,,,,
A,Annual,SDN,Sudan,WB_HCP_UISCR1,Primary school completion rate (%),_T,Total,PT,Percentage,1,One,WB_HCP,Human Capital Project (HCP),0,Units,A,Normal value,PU,Public,,,,,,,,,,,,,,,,,,,,,,,,,,,,,,,,,,,,,,,,,64.09546661376953,,60.18421173095703,60.72468185424805,61.460838317871094,63.044769287109375,64.17162322998047,66.07209777832031,66.56889343261719,,,,,
A,Annual,SEN,Senegal,WB_HCP_UISCR1,Primary school completion rate (%),F,Female,PT,Percentage,1,One,WB_HCP,Human Capital Project (HCP),0,Units,A,Normal value,PU,Public,,18.001909255981445,18.218740463256836,,,,,,22.85051918029785,23.93140983581543,22.553510665893555,23.331470489501953,23.1571102142334,24.443119049072266,25.609159469604492,24.77326011657715,27.200660705566406,,30.615150451660156,30.89245986938477,31.60430908203125,,30.36220932006836,,29.86120986938477,,31.84028053283691,32.5449104309082,35.08177947998047,,32.77566909790039,37.62614059448242,41.19789123535156,41.817161560058594,44.2747688293457,49.350608825683594,48.62882995605469,50.42721176147461,58.67430877685547,59.93856048583984,59.63425064086914,62.66175079345703,62.83945083618164,63.70206832885742,64.93853759765625,62.93721008300781,,,,67.64640808105469,68.09333801269531,70.619873046875,59.67564010620117,69.38278198242188
A,Annual,SEN,Senegal,WB_HCP_UISCR1,Primary school completion rate (%),M,Male,PT,Percentage,1,One,WB_HCP,Human Capital Project (HCP),0,Units,A,Normal value,PU,Public,,32.88010025024414,32.54903030395508,,,,,,36.81298065185547,38.923091888427734,36.49861907958984,38.87936019897461,39.49140930175781,40.640769958496094,41.467918395996094,42.800559997558594,45.739410400390625,,51.029239654541016,51.83871841430664,50.12261962890625,,46.76224136352539,,46.05472946166992,,47.70697021484375,47.54228973388672,49.44295120239258,,45.01900863647461,50.364410400390625,51.9351692199707,51.00722122192383,51.8043212890625,56.999229431152344,52.5791015625,53.525150299072266,59.5661506652832,58.660160064697266,56.97002029418945,59.19770050048828,57.41268157958984,57.30210876464844,56.98085021972656,55.16053009033203,,,,55.68733978271485,54.98046875,56.65700912475586,54.83903121948242,53.36656951904297
A,Annual,SEN,Senegal,WB_HCP_UISCR1,Primary school completion rate (%),_T,Total,PT,Percentage,1,One,WB_HCP,Human Capital Project (HCP),0,Units,A,Normal value,PU,Public,,25.525890350341797,25.46376037597656,25.626489639282227,,,,,29.908960342407227,31.5074405670166,29.597230911254883,31.1843204498291,31.40350914001465,32.61600112915039,33.60734939575195,33.859798431396484,36.54413986206055,,40.88964080810547,41.42967987060547,40.91666030883789,,38.60393905639648,,37.99821090698242,,39.810211181640625,40.079471588134766,42.2954216003418,42.18172836303711,38.93003845214844,44.03038024902344,46.60049819946289,46.44440078735352,48.074668884277344,53.21184158325195,50.62382125854492,51.99153137207031,59.12482070922851,59.29280853271485,58.28850173950195,60.91120910644531,60.09650039672851,60.46519088745117,60.91278839111328,59.00497817993164,,,,61.59621047973633,61.46038055419922,63.55509185791016,57.22800064086914,61.27634811401367
A,Annual,SGP,Singapore,WB_HCP_UISCR1,Primary school completion rate (%),F,Female,PT,Percentage,1,One,WB_HCP,Human Capital Project (HCP),0,Units,A,Normal value,PU,Public,,,,,,,,,,,,,,,,,,,,,,,,,,,,,,,,,,,,,,,,,,,,,,,99.1869888305664,99.25125122070312,100.02590942382812,97.8157730102539,102.1751480102539,99.96884155273438,99.5066909790039,
A,Annual,SGP,Singapore,WB_HCP_UISCR1,Primary school completion rate (%),M,Male,PT,Percentage,1,One,WB_HCP,Human Capital Project (HCP),0,Units,A,Normal value,PU,Public,,,,,,,,,,,,,,,,,,,,,,,,,,,,,,,,,,,,,,,,,,,,,,,100.3677978515625,99.26496124267578,99.82317352294922,98.33158111572266,100.6635513305664,101.12545013427734,99.75470733642578,
A,Annual,SGP,Singapore,WB_HCP_UISCR1,Primary school completion rate (%),_T,Total,PT,Percentage,1,One,WB_HCP,Human Capital Project (HCP),0,Units,A,Normal value,PU,Public,,,,,,,,,,,,,,,,,,,,,,,,,,,,,,,,,,,,,,,,,,,,,,,99.78926849365234,99.25823974609376,99.9218292236328,98.07794952392578,101.40139770507812,100.5579833984375,99.6337432861328,
A,Annual,SLB,Solomon Islands,WB_HCP_UISCR1,Primary school completion rate (%),F,Female,PT,Percentage,1,One,WB_HCP,Human Capital Project (HCP),0,Units,A,Normal value,PU,Public,,,,,,30.23255920410156,,,,,47.12405014038086,47.495849609375,42.884071350097656,42.19721984863281,,,47.123661041259766,,,,,,,,,,,,,,,,,,,,,,,,,86.5053482055664,86.29093933105469,86.56315612792969,88.24047088623047,89.1763687133789,90.09453582763672,90.75072479248048,88.97373962402344,87.67859649658203,83.45295715332031,,,75.02943420410156
A,Annual,SLB,Solomon Islands,WB_HCP_UISCR1,Primary school completion rate (%),M,Male,PT,Percentage,1,One,WB_HCP,Human Capital Project (HCP),0,Units,A,Normal value,PU,Public,,,,,,57.00896072387695,,,,,68.5635986328125,61.93680953979492,57.27804183959961,54.79018020629883,,,61.057090759277344,,,,,,,,,,,,,,,,,,,,,,,,,82.2830810546875,81.84188842773438,83.09992218017578,83.79488372802734,85.79796600341797,84.9916763305664,83.61646270751953,81.10553741455078,80.65986633300781,80.31282806396484,,,68.38163757324219
A,Annual,SLB,Solomon Islands,WB_HCP_UISCR1,Primary school completion rate (%),_T,Total,PT,Percentage,1,One,WB_HCP,Human Capital Project (HCP),0,Units,A,Normal value,PU,Public,,,,,,44.372711181640625,,,,,58.53855895996094,55.16865921020508,50.51652908325195,48.855709075927734,47.45949172973633,,54.35261154174805,,,,60.6951904296875,71.10482025146484,67.28900146484375,67.71092224121094,69.25269317626953,,,,,,,,,,,,,,,,84.3476333618164,84.2840347290039,83.95061492919922,84.74227905273438,85.90519714355469,87.40351104736328,87.41944122314453,87.01580810546875,84.86030578613281,84.01403045654297,81.81539154052734,,,71.57056427001953
A,Annual,SLE,Sierra Leone,WB_HCP_UISCR1,Primary school completion rate (%),F,Female,PT,Percentage,1,One,WB_HCP,Human Capital Project (HCP),0,Units,A,Normal value,PU,Public,,,,,,,,,16.019750595092773,,,,,,,,,,,,,,,,,,,,,,,,,,,,,65.5577163696289,,,,64.97972106933594,61.31571578979492,59.91805267333984,,59.4024658203125,68.60758209228516,69.03736114501953,82.0191421508789,83.06363677978516,87.08876037597656,97.80697631835938,102.83847045898438,98.43651580810548
A,Annual,SLE,Sierra Leone,WB_HCP_UISCR1,Primary school completion rate (%),M,Male,PT,Percentage,1,One,WB_HCP,Human Capital Project (HCP),0,Units,A,Normal value,PU,Public,,,,,,,,,27.936410903930664,,,,,,,,,,,,,,,,,,,,,,,,,,,,,83.41268157958984,,,,66.83401489257812,62.42354965209961,60.95702362060547,,58.71451187133789,68.73511505126953,69.07120513916016,78.06163787841797,80.29167938232422,83.51622009277344,93.11764526367188,96.10677337646484,95.1051254272461
A,Annual,SLE,Sierra Leone,WB_HCP_UISCR1,Primary school completion rate (%),_T,Total,PT,Percentage,1,One,WB_HCP,Human Capital Project (HCP),0,Units,A,Normal value,PU,Public,,,,,,,,,21.998809814453125,,,,25.768720626831055,25.7977294921875,,,,,,,,,,,,,,,,,,,,,,,,74.5898666381836,,,,65.91793060302734,61.87638473510742,60.443870544433594,,59.05435562133789,68.672119140625,69.05448150634766,80.01641845703125,81.66159057617188,85.2825927734375,95.43763732910156,99.43869018554688,96.75473022460938
A,Annual,SLV,El Salvador,WB_HCP_UISCR1,Primary school completion rate (%),F,Female,PT,Percentage,1,One,WB_HCP,Human Capital Project (HCP),0,Units,A,Normal value,PU,Public,,39.60942840576172,43.96913146972656,49.444618225097656,51.14609909057617,,48.59014892578125,49.2447509765625,,,,46.64225006103515,50.19688034057617,53.01932907104492,51.28316879272461,,,63.88140106201172,67.38311767578125,64.38973999023438,,64.48676300048828,64.09227752685547,64.58426666259766,,65.74640655517578,69.97976684570312,,76.07746124267578,,83.08393096923828,84.4431381225586,85.21324920654297,86.16162872314453,,90.1685791015625,89.1430435180664,93.82198333740234,94.27525329589844,97.2098388671875,97.81493377685548,99.48702239990234,98.02294158935548,96.41001892089844,95.62432098388672,92.74019622802734,92.48567199707033,92.6736068725586,89.9770736694336,,84.50940704345703,85.87169647216797,82.37683868408203,82.68380737304688
A,Annual,SLV,El Salvador,WB_HCP_UISCR1,Primary school completion rate (%),M,Male,PT,Percentage,1,One,WB_HCP,Human Capital Project (HCP),0,Units,A,Normal value,PU,Public,,43.74517822265625,46.302921295166016,51.65298843383789,52.264678955078125,,49.203739166259766,49.74444961547851,,,,44.93975830078125,48.96150970458984,51.56510925292969,48.72407913208008,,,61.32268905639648,64.51412963867188,61.63761901855469,,62.734619140625,61.970008850097656,62.880001068115234,,64.45126342773438,71.26068878173828,,77.74935150146484,,89.03936004638672,86.49214172363281,86.16634368896484,86.46082305908203,,88.83811950683594,87.71524047851562,89.85331726074219,90.783447265625,93.63887786865234,97.23650360107422,97.63790893554688,95.76016998291016,93.85926055908205,92.80245971679688,92.811279296875,91.8200912475586,90.60516357421876,89.55381774902344,,81.88410949707031,81.94767761230469,77.43499755859375,79.34845733642578
A,Annual,SLV,El Salvador,WB_HCP_UISCR1,Primary school completion rate (%),_T,Total,PT,Percentage,1,One,WB_HCP,Human Capital Project (HCP),0,Units,A,Normal value,PU,Public,,41.730621337890625,45.16931915283203,50.580810546875,51.72063827514648,50.55881118774414,48.90462112426758,49.50046157836914,,,,45.78173828125,49.57378005981445,52.28936004638672,49.998329162597656,,,62.5977783203125,65.94380187988281,63.00846099853515,,63.60639190673828,63.02579879760742,63.72769927978515,,65.09768676757812,70.62039184570312,,76.91168975830078,,86.0596694946289,85.4702377319336,85.6927719116211,86.31275177001953,,89.49141693115234,88.41423797607422,91.79400634765624,92.48967742919922,95.38069152832033,97.51793670654295,98.53662109375,96.85968017578124,95.09803771972656,94.17157745361328,92.7768096923828,92.1429214477539,91.60841369628906,89.75904083251953,,83.15180206298828,83.8425521850586,79.81800079345703,80.95858001708984
A,Annual,SMR,San Marino,WB_HCP_UISCR1,Primary school completion rate (%),F,Female,PT,Percentage,1,One,WB_HCP,Human Capital Project (HCP),0,Units,A,Normal value,PU,Public,,,,,,,,,,,,,,,,,,,,,,,92.17391204833984,95.16129302978516,,,,,,,76.9784164428711,,,,,,,,96.62162017822266,92.9936294555664,94.18605041503906,95.42484283447266,92.85713958740234,,,,,,96.7741928100586,95.3608169555664,96.2732925415039,93.06358337402344,94.4751434326172,98.68421173095705
A,Annual,SMR,San Marino,WB_HCP_UISCR1,Primary school completion rate (%),M,Male,PT,Percentage,1,One,WB_HCP,Human Capital Project (HCP),0,Units,A,Normal value,PU,Public,,,,,,,,,,,,,,,,,,,,,,,92.59259033203124,95.0,,,,,,,88.3211669921875,,,,,,,,99.4047622680664,90.39547729492188,93.2203369140625,91.76470947265624,97.7900619506836,,,,,,93.2926788330078,92.43242645263672,96.21621704101562,94.89795684814452,92.30769348144533,93.6305694580078
A,Annual,SMR,San Marino,WB_HCP_UISCR1,Primary school completion rate (%),_T,Total,PT,Percentage,1,One,WB_HCP,Human Capital Project (HCP),0,Units,A,Normal value,PU,Public,,85.02993774414062,100.6135025024414,92.7536163330078,,,,,,,,,,100.31546020507812,96.75325012207033,104.19580078125,93.54839324951172,103.79309844970705,90.90908813476562,105.10948944091795,96.57794952392578,105.85774230957033,92.4000015258789,95.07575988769533,106.63899993896484,,,,,,82.60870361328125,,,,98.55072021484376,,,,98.1012725830078,91.61676788330078,93.69628143310548,93.49845123291016,95.31680297851562,,,,,,95.14286041259766,93.931396484375,96.24276733398438,94.0379409790039,93.42857360839844,96.1165008544922
A,Annual,SRB,Serbia,WB_HCP_UISCR1,Primary school completion rate (%),F,Female,PT,Percentage,1,One,WB_HCP,Human Capital Project (HCP),0,Units,A,Normal value,PU,Public,,,,,,,,,,,,,,,,,,,,,,,,,,,,,,,,,,,,,,102.61131286621094,106.29530334472656,97.96517181396484,95.39524841308594,100.80821990966795,98.29118347167967,98.53336334228516,103.0599136352539,101.52301025390624,99.64395141601562,100.91259765625,98.7015380859375,98.07971954345705,98.08001708984376,99.18344116210938,97.99051666259766,
A,Annual,SRB,Serbia,WB_HCP_UISCR1,Primary school completion rate (%),M,Male,PT,Percentage,1,One,WB_HCP,Human Capital Project (HCP),0,Units,A,Normal value,PU,Public,,,,,,,,,,,,,,,,,,,,,,,,,,,,,,,,,,,,,,102.6111297607422,106.11271667480467,97.97331237792967,95.9660186767578,100.4106903076172,97.70211029052734,97.4685287475586,102.12512969970705,102.28933715820312,100.50048828125,100.33058166503906,97.85830688476562,98.62751770019533,99.2621078491211,98.16374969482422,98.00418853759766,
A,Annual,SRB,Serbia,WB_HCP_UISCR1,Primary school completion rate (%),_T,Total,PT,Percentage,1,One,WB_HCP,Human Capital Project (HCP),0,Units,A,Normal value,PU,Public,,,,,,,,,,,,,,,,,,,,,,,,,,,,,,,,,,,,,,102.61122131347656,106.20208740234376,97.9693374633789,95.6875991821289,100.60411071777344,97.98844909667967,97.98583221435548,102.5783233642578,101.91657257080078,100.08252716064452,100.6136474609375,98.26622772216795,98.36312866210938,98.68878173828124,98.65824127197266,97.99755859375,
A,Annual,SSD,South Sudan,WB_HCP_UISCR1,Primary school completion rate (%),F,Female,PT,Percentage,1,One,WB_HCP,Human Capital Project (HCP),0,Units,A,Normal value,PU,Public,,,,,,,,,,,,,,,,,,,,,,,,,,,,,,,,,,,,,,,,,,19.67124938964844,,,,,,,,,,,,
A,Annual,SSD,South Sudan,WB_HCP_UISCR1,Primary school completion rate (%),M,Male,PT,Percentage,1,One,WB_HCP,Human Capital Project (HCP),0,Units,A,Normal value,PU,Public,,,,,,,,,,,,,,,,,,,,,,,,,,,,,,,,,,,,,,,,,,35.930538177490234,,,,,,,,,,,,
A,Annual,SSD,South Sudan,WB_HCP_UISCR1,Primary school completion rate (%),_T,Total,PT,Percentage,1,One,WB_HCP,Human Capital Project (HCP),0,Units,A,Normal value,PU,Public,,,,,,,,,,,,,,,,,,,,,,,,,,,,,,,,,,,,,,,,,,27.90121078491211,,,,20.554786682128903,,,,,,,,
A,Annual,SSF,Sub-Saharan Africa,WB_HCP_UISCR1,Primary school completion rate (%),F,Female,PT,Percentage,1,One,WB_HCP,Human Capital Project (HCP),0,Units,A,Normal value,PU,Public,,,40.20404815673828,40.663841247558594,41.187740325927734,41.96540069580078,42.653438568115234,43.68424987792969,44.91054153442383,46.48208999633789,47.192909240722656,48.40052032470703,49.05821990966797,49.826908111572266,51.933738708496094,50.07371139526367,50.15761947631836,49.51026916503906,48.605411529541016,47.60113906860352,48.46950912475586,49.18994140625,48.68756866455078,49.616458892822266,48.94675064086914,49.08654022216797,49.51974105834961,49.204891204833984,48.575469970703125,48.64535140991211,48.500389099121094,49.88869094848633,50.78995895385742,51.85261917114258,52.63557052612305,54.96971893310547,57.723358154296875,57.90065002441406,59.542198181152344,63.28200912475586,63.99251937866211,63.64112854003906,64.55648803710938,64.59767150878906,65.13764953613281,65.56720733642578,66.39778137207031,66.92243957519531,67.78553009033203,68.16925048828125,68.87970733642578,69.77559661865234,68.69819641113281,68.46219635009766
A,Annual,SSF,Sub-Saharan Africa,WB_HCP_UISCR1,Primary school completion rate (%),M,Male,PT,Percentage,1,One,WB_HCP,Human Capital Project (HCP),0,Units,A,Normal value,PU,Public,,,54.750850677490234,55.1652717590332,55.697208404541016,56.76502990722656,57.50196075439453,58.594120025634766,59.91693878173828,61.275028228759766,61.64352035522461,62.78696823120117,63.53126907348633,63.587608337402344,65.25393676757812,62.64944076538086,62.40092086791992,61.520389556884766,60.52595138549805,59.31639862060547,59.97616958618164,60.29344177246094,59.53371047973633,60.160518646240234,59.13898849487305,59.19660186767578,59.54172897338867,59.12527847290039,58.281978607177734,58.2883186340332,58.590309143066406,60.452518463134766,61.656009674072266,62.60652923583984,63.83176040649414,66.13330841064453,69.01000213623047,68.6362533569336,68.41729736328125,71.23342895507812,70.95645141601562,70.94171142578125,70.17276763916016,69.8716812133789,69.93952178955078,69.92247009277344,69.95587921142578,70.20784759521484,70.93856811523438,71.33714294433594,72.08329010009766,72.79429626464844,71.84063720703125,71.28633117675781
A,Annual,SSF,Sub-Saharan Africa,WB_HCP_UISCR1,Primary school completion rate (%),_T,Total,PT,Percentage,1,One,WB_HCP,Human Capital Project (HCP),0,Units,A,Normal value,PU,Public,47.27690124511719,47.21556854248047,47.51863098144531,47.955810546875,48.48392868041992,49.40705108642578,50.11956024169922,51.179229736328125,52.45426940917969,53.91862106323242,54.45825958251953,55.63637924194336,56.335819244384766,56.74555969238281,58.63417053222656,56.398799896240234,56.318721771240234,55.559669494628906,54.61151885986328,53.499298095703125,54.2624397277832,54.77845001220703,54.144309997558594,54.91893005371094,54.07234954833984,54.17430877685547,54.56084060668945,54.19112014770508,53.45518112182617,53.49018859863281,53.57368850708008,55.202049255371094,56.2554817199707,57.263031005859375,58.269779205322266,60.587989807128906,63.40367126464844,63.30377960205078,64.00865936279297,67.28430938720703,67.49758911132812,67.31683349609375,67.38494110107422,67.2551498413086,67.55790710449219,67.7615966796875,68.19146728515625,68.578857421875,69.37561798095703,69.76689910888672,70.49577331542969,71.2986068725586,70.28443908691406,69.88822174072266
A,Annual,STP,Sao Tome and Principe,WB_HCP_UISCR1,Primary school completion rate (%),F,Female,PT,Percentage,1,One,WB_HCP,Human Capital Project (HCP),0,Units,A,Normal value,PU,Public,,,,,,,,50.53321838378906,,,,,,,106.79244995117188,,,,68.54429626464844,,,,,,,,,,,47.802791595458984,,,60.92679977416992,57.25469970703125,71.0718002319336,74.31096649169922,,72.48490905761719,75.35662078857422,84.04818725585938,85.73432922363281,110.07646942138672,91.38079071044922,96.80719757080078,89.40055847167969,95.20309448242188,80.3980484008789,86.55522918701172,86.44068145751953,90.86805725097656,,,,
A,Annual,STP,Sao Tome and Principe,WB_HCP_UISCR1,Primary school completion rate (%),M,Male,PT,Percentage,1,One,WB_HCP,Human Capital Project (HCP),0,Units,A,Normal value,PU,Public,,,,,,,,42.74074172973633,,,,,,,112.16216278076172,,,,76.625,,,,,,,,,,,41.304351806640625,,,50.5505485534668,52.40456008911133,65.85848999023438,69.0737075805664,,68.3446273803711,71.6674575805664,80.14183807373047,78.87712860107422,106.84748840332033,90.59426879882812,94.6605987548828,85.58120727539062,82.32978820800781,77.9461898803711,82.74352264404297,83.77706909179688,85.05064392089844,,,,
A,Annual,STP,Sao Tome and Principe,WB_HCP_UISCR1,Primary school completion rate (%),_T,Total,PT,Percentage,1,One,WB_HCP,Human Capital Project (HCP),0,Units,A,Normal value,PU,Public,,,,,,,,46.43830108642578,,,49.7258415222168,88.26883697509766,111.29541778564452,111.44068145751952,109.48438262939452,102.23934936523438,,57.739479064941406,72.61006164550781,,77.91944122314453,,,,,,,,,44.497100830078125,,,55.60688018798828,54.76734924316406,68.39969635009766,71.6357192993164,,70.37493896484375,73.48522186279297,82.07637023925781,82.27789306640625,108.4525909423828,90.9869384765625,95.73986053466795,87.51001739501953,88.82169342041016,79.17767333984375,84.65319061279297,85.11241149902344,87.96796417236328,,,,
A,Annual,SUR,Suriname,WB_HCP_UISCR1,Primary school completion rate (%),F,Female,PT,Percentage,1,One,WB_HCP,Human Capital Project (HCP),0,Units,A,Normal value,PU,Public,,,,,,,71.4017105102539,85.26480865478516,77.87403106689453,82.70057678222656,,,,,,89.64705657958984,,81.99019622802734,79.19339752197266,86.82298278808594,,,,,,,,,,,,,,,,83.92630004882812,91.21468353271484,74.9000015258789,87.5831069946289,86.35144805908203,86.21981048583984,85.05449676513672,85.738037109375,86.28719329833984,89.33088684082031,88.23636627197266,87.44761657714844,82.47801208496094,82.53500366210938,86.18579864501953,90.96678161621094,82.03491973876953,,
A,Annual,SUR,Suriname,WB_HCP_UISCR1,Primary school completion rate (%),M,Male,PT,Percentage,1,One,WB_HCP,Human Capital Project (HCP),0,Units,A,Normal value,PU,Public,,,,,,,68.41332244873047,75.92964935302734,72.43656921386719,77.09729766845703,,,,,,79.08321380615234,,72.5064468383789,70.71713256835938,73.24710845947266,,,,,,,,,,,,,,,,70.90646362304688,77.83441925048828,69.1315689086914,77.80860137939453,79.03379821777344,79.44097137451172,76.79537963867188,76.89816284179688,74.74041748046875,77.02484893798828,79.08602142333984,75.46402740478516,76.16000366210938,76.60411071777344,75.49478149414062,80.37265014648438,71.85965728759766,,
A,Annual,SUR,Suriname,WB_HCP_UISCR1,Primary school completion rate (%),_T,Total,PT,Percentage,1,One,WB_HCP,Human Capital Project (HCP),0,Units,A,Normal value,PU,Public,,,,,,,69.87307739257812,80.49781799316406,75.1040267944336,79.8545913696289,,79.91403198242188,85.8664321899414,90.24241638183594,87.94634246826172,84.27191162109375,,77.16535186767578,74.88178253173828,79.92388916015625,,,,,,,,,,,,,,,,77.33403015136719,84.48681640625,72.02649688720703,82.72808074951172,82.68807983398438,82.79988861083984,80.87631225585938,81.25968170166016,80.42192840576172,83.10101318359375,83.61398315429688,81.36550903320312,79.27082061767578,79.52462768554688,83.64533233642578,87.86515045166016,76.86553192138672,,
A,Annual,SVK,Slovak Republic,WB_HCP_UISCR1,Primary school completion rate (%),F,Female,PT,Percentage,1,One,WB_HCP,Human Capital Project (HCP),0,Units,A,Normal value,PU,Public,,,,,,,,,,,,,,,,,,,,,,,98.6885223388672,96.95316314697266,97.5982437133789,97.01526641845705,97.22856903076172,98.5009765625,99.6018295288086,100.20535278320312,98.75435638427734,100.88378143310548,99.04695892333984,99.48686981201172,102.8681869506836,100.84552001953124,97.85977935791016,97.72238159179688,98.04483032226562,96.87261199951172,97.0864028930664,99.06745147705078,95.62663269042967,94.61190032958984,93.59149932861328,93.97527313232422,93.80416107177734,94.81204986572266,92.81514739990234,91.38371276855467,96.5482406616211,92.65296936035156,96.6477279663086,
A,Annual,SVK,Slovak Republic,WB_HCP_UISCR1,Primary school completion rate (%),M,Male,PT,Percentage,1,One,WB_HCP,Human Capital Project (HCP),0,Units,A,Normal value,PU,Public,,,,,,,,,,,,,,,,,,,,,,,97.31195831298828,96.01730346679688,97.49411010742188,96.65953826904295,97.4953384399414,98.34005737304688,99.4207000732422,100.97193908691406,98.92062377929688,101.1060028076172,99.98137664794922,99.53678131103516,103.69364166259766,101.24259185791016,98.2638931274414,96.80754852294922,97.31298828125,97.13442993164062,95.92278289794922,98.01950073242188,95.10360717773438,94.95947265625,92.45011138916016,93.73863983154295,93.63436126708984,93.83888244628906,91.47315979003906,91.6466827392578,97.08309173583984,91.66507720947266,93.87564849853516,
A,Annual,SVK,Slovak Republic,WB_HCP_UISCR1,Primary school completion rate (%),_T,Total,PT,Percentage,1,One,WB_HCP,Human Capital Project (HCP),0,Units,A,Normal value,PU,Public,,,,,,,,,,,,,,,,,,,,,,,97.9826202392578,96.47405242919922,97.5451431274414,96.83358764648438,97.36489868164062,98.4192123413086,99.50940704345705,100.59719848632812,98.83982849121094,100.99717712402344,99.52301788330078,99.51252746582033,103.28825378417967,101.0486831665039,98.06807708740234,97.25231170654295,97.66899871826172,97.0059585571289,96.48966217041016,98.52536010742188,95.3589324951172,94.79032135009766,93.00495910644533,93.85343933105467,93.71685028076172,94.3130111694336,92.12580108642578,91.51930236816406,96.81906127929688,92.14801788330078,95.2156982421875,
A,Annual,SVN,Slovenia,WB_HCP_UISCR1,Primary school completion rate (%),F,Female,PT,Percentage,1,One,WB_HCP,Human Capital Project (HCP),0,Units,A,Normal value,PU,Public,,,,,,,,,,,,,,,,,,,,,,,,,,,,98.061767578125,97.67002868652344,97.9560089111328,97.78607940673828,98.88330078125,96.3404312133789,105.4004135131836,,,,,94.30596923828124,95.39495086669922,97.48136138916016,96.98664855957033,97.50466918945312,97.8915023803711,97.38658142089844,98.7430191040039,96.62934112548828,97.18821716308594,98.63632202148438,97.29489135742188,97.42620849609376,97.7730712890625,97.73819732666016,
A,Annual,SVN,Slovenia,WB_HCP_UISCR1,Primary school completion rate (%),M,Male,PT,Percentage,1,One,WB_HCP,Human Capital Project (HCP),0,Units,A,Normal value,PU,Public,,,,,,,,,,,,,,,,,,,,,,,,,,,,99.13839721679688,98.59738159179688,99.05503845214844,99.82453155517578,97.71833038330078,97.4802703857422,104.40234375,,,,,94.4472427368164,96.06076049804688,97.6864013671875,97.65809631347656,96.8878402709961,96.7173080444336,97.60607147216795,97.78019714355467,96.5012664794922,97.7298583984375,97.00669860839844,97.21127319335938,96.18692016601562,96.62815856933594,96.79228973388672,
A,Annual,SVN,Slovenia,WB_HCP_UISCR1,Primary school completion rate (%),_T,Total,PT,Percentage,1,One,WB_HCP,Human Capital Project (HCP),0,Units,A,Normal value,PU,Public,,,,,,,,,,,,,,,,,,,,,,,,95.4805679321289,95.1767120361328,96.7037124633789,97.6391372680664,98.6072006225586,98.13987731933594,98.51583862304688,98.8369598388672,98.28742980957033,96.92548370361328,104.88385009765624,,,,,94.3789291381836,95.7362289428711,97.58753967285156,97.33177947998048,97.185791015625,97.28376770019533,97.49945068359376,98.24542236328124,96.56419372558594,97.4674072265625,97.79572296142578,97.251953125,96.79557800292967,97.17984771728516,97.25076293945312,
A,Annual,SWE,Sweden,WB_HCP_UISCR1,Primary school completion rate (%),F,Female,PT,Percentage,1,One,WB_HCP,Human Capital Project (HCP),0,Units,A,Normal value,PU,Public,,96.24462127685548,97.58251953125,97.29351806640624,96.74432373046876,97.11264038085938,97.0219497680664,97.84345245361328,97.85556030273438,98.49577331542967,99.1427001953125,99.5087890625,98.58419799804688,98.6265869140625,98.5278778076172,,,98.5889663696289,98.8448715209961,99.11196899414062,98.83270263671876,99.36717224121094,99.55715942382812,104.0432586669922,104.56639862060548,,,,,101.17552947998048,101.03504180908205,100.34996032714844,100.06768035888672,99.81681823730467,99.05061340332033,99.5318603515625,99.4617919921875,99.40521240234376,99.69418334960938,99.31243896484376,98.64713287353516,97.6236572265625,99.18666076660156,99.27497863769533,99.01744842529295,99.2691879272461,99.5113296508789,99.65846252441406,99.533447265625,98.74694061279295,99.5892105102539,99.71408081054688,99.90505981445312,
A,Annual,SWE,Sweden,WB_HCP_UISCR1,Primary school completion rate (%),M,Male,PT,Percentage,1,One,WB_HCP,Human Capital Project (HCP),0,Units,A,Normal value,PU,Public,,93.56183624267578,95.16536712646484,94.70919799804688,94.6657485961914,94.92841339111328,95.6416473388672,95.8521499633789,97.1594696044922,98.57158660888672,99.36019897460938,99.41236114501952,99.31697845458984,97.55132293701172,98.58577728271484,,,98.3204574584961,98.82335662841795,98.92327117919922,99.4313735961914,99.18464660644533,99.3750991821289,102.37969970703124,103.06600189208984,,,,,101.0775375366211,100.9984130859375,100.05431365966795,100.1666488647461,99.68699645996094,100.18356323242188,99.63923645019533,100.22511291503906,99.91020965576172,100.05963134765624,99.35709381103516,99.33866119384766,97.94963073730467,99.37106323242188,99.6375732421875,99.49038696289062,99.35875701904295,99.85948181152344,100.455322265625,100.20024871826172,99.1596221923828,99.75299072265624,99.91800689697266,99.8764190673828,
A,Annual,SWE,Sweden,WB_HCP_UISCR1,Primary school completion rate (%),_T,Total,PT,Percentage,1,One,WB_HCP,Human Capital Project (HCP),0,Units,A,Normal value,PU,Public,,94.86681365966795,96.34020233154295,95.97013854980467,95.6785888671875,95.99234771728516,96.31310272216795,96.82337188720705,97.49851989746094,98.53468322753906,99.2543716430664,99.45938873291016,98.9595718383789,98.0764389038086,98.5575714111328,,,98.4513931274414,98.8338623046875,99.01522064208984,99.13990783691406,99.27368927001952,99.46399688720705,103.191162109375,103.79763793945312,,,,,101.12521362304688,101.01634216308594,100.19760131835938,100.1185073852539,99.7502212524414,99.63378143310548,99.58704376220705,99.85169219970705,99.66287231445312,99.88204193115234,99.33524322509766,99.00186920166016,97.79181671142578,99.2811508178711,99.46161651611328,99.2604522705078,99.3150405883789,99.68985748291016,100.06906127929688,99.8755111694336,98.95915985107422,99.67352294921876,99.81922149658205,99.89032745361328,
A,Annual,SWZ,Eswatini,WB_HCP_UISCR1,Primary school completion rate (%),F,Female,PT,Percentage,1,One,WB_HCP,Human Capital Project (HCP),0,Units,A,Normal value,PU,Public,40.38727951049805,38.521270751953125,39.2127799987793,48.122589111328125,53.891841888427734,57.68354034423828,59.58884048461914,59.34807968139648,59.41748046875,58.554569244384766,60.52906036376953,60.76961898803711,62.49401092529297,63.932159423828125,64.09600830078125,65.1493911743164,66.60726165771484,64.2921371459961,67.72395324707031,64.87754821777344,65.1111068725586,62.897560119628906,63.739990234375,62.20579147338867,63.240928649902344,66.77957916259766,64.15685272216797,65.74295043945312,66.65074920654297,65.53771209716797,66.09368133544922,62.28424072265625,64.33165740966797,63.83768844604492,64.86190795898438,67.66696166992188,67.05497741699219,70.41230010986328,,78.17405700683594,85.27652740478516,85.28511047363281,85.83802032470703,86.7108383178711,87.81404876708984,93.61572265625,99.58206939697266,102.6272201538086,102.44396209716795,100.7673797607422,,,,91.11402130126952
A,Annual,SWZ,Eswatini,WB_HCP_UISCR1,Primary school completion rate (%),M,Male,PT,Percentage,1,One,WB_HCP,Human Capital Project (HCP),0,Units,A,Normal value,PU,Public,45.023189544677734,43.5614013671875,45.1590690612793,53.016300201416016,57.91025161743164,59.324729919433594,58.93815994262695,59.688758850097656,57.03596878051758,56.3467903137207,55.34423065185547,59.92572021484375,60.00746154785156,61.80364990234375,60.78342056274414,61.676849365234375,62.86627960205078,61.997169494628906,62.73749923706055,58.88188171386719,59.514888763427734,57.31446075439453,55.901031494140625,57.72126007080078,58.50675964355469,60.79206085205078,58.894561767578125,59.07421875,63.2309684753418,60.88964080810547,63.830360412597656,61.69371032714844,61.72911834716797,59.450828552246094,62.468658447265625,65.12361907958984,66.76827239990234,79.88955688476562,,82.5186996459961,86.04015350341797,86.526123046875,84.6535415649414,87.24781799316406,85.1767578125,92.76184844970705,100.6329116821289,100.54254150390624,100.83831787109376,95.3187026977539,,,,89.20393371582031
A,Annual,SWZ,Eswatini,WB_HCP_UISCR1,Primary school completion rate (%),_T,Total,PT,Percentage,1,One,WB_HCP,Human Capital Project (HCP),0,Units,A,Normal value,PU,Public,42.66901016235352,40.99277114868164,42.12165069580078,50.51300811767578,55.854129791259766,58.484989166259766,59.27064895629883,59.51491165161133,58.24858856201172,57.46767044067383,57.972259521484375,60.352901458740234,61.27378845214844,62.8856315612793,62.46474838256836,63.43838882446289,64.75189208984375,63.15127944946289,65.2413101196289,61.89023971557617,62.31748962402344,60.107200622558594,59.81760025024414,59.95951843261719,60.86408996582031,63.77191925048828,61.50981903076172,62.38800811767578,64.9431381225586,63.221309661865234,64.96784973144531,61.99100875854492,63.0411491394043,61.666778564453125,63.679908752441406,66.41398620605469,66.91410827636719,75.05426025390625,,80.29933166503906,85.65274047851562,85.89884185791016,85.25023651123047,86.97783660888672,86.5009765625,93.1901626586914,100.1065673828125,101.58538818359376,101.64051055908205,98.0370101928711,,,,90.15886688232422
A,Annual,SYC,Seychelles,WB_HCP_UISCR1,Primary school completion rate (%),F,Female,PT,Percentage,1,One,WB_HCP,Human Capital Project (HCP),0,Units,A,Normal value,PU,Public,87.15328216552734,96.39888763427734,104.4914093017578,,102.32557678222656,102.15827178955078,100.94674682617188,99.88194274902344,105.08876037597656,,100.61425018310548,95.3517608642578,95.5070571899414,102.93367004394533,98.48101043701172,95.41512298583984,102.92326354980467,98.3392562866211,95.97855377197266,103.58126831054688,,109.80892181396484,93.3252410888672,97.36511993408205,106.744873046875,,,106.7934799194336,112.43016815185548,110.37344360351562,111.85713958740234,114.85148620605467,102.53164672851562,117.63848114013672,105.61643981933594,117.4964370727539,,117.6380386352539,124.4186019897461,142.8865966796875,116.3879623413086,112.77603149414062,101.08358764648438,104.36186981201172,120.63491821289062,112.01248168945312,129.5025634765625,155.3047332763672,128.47340393066406,140.85821533203125,133.49917602539062,167.0403594970703,100.9055633544922,93.46330261230467
A,Annual,SYC,Seychelles,WB_HCP_UISCR1,Primary school completion rate (%),M,Male,PT,Percentage,1,One,WB_HCP,Human Capital Project (HCP),0,Units,A,Normal value,PU,Public,79.73153686523438,87.29139709472656,94.625,,89.72521209716797,88.87574005126953,95.55555725097656,87.47100067138672,92.8240737915039,,97.8520278930664,93.0741195678711,98.39308166503906,106.8627471923828,96.34146118164062,91.64649200439452,111.66667175292967,94.6820831298828,94.54544830322266,101.59786987304688,,104.66258239746094,100.35088348388672,99.1545867919922,116.17440032958984,,,111.69513702392578,100.12920379638672,106.77291107177734,113.96011352539062,120.36775207519533,104.63079071044922,113.97260284423828,103.80078887939452,112.45085144042967,,110.50476837158205,116.1290283203125,157.51072692871094,113.7254867553711,116.58537292480467,114.80262756347656,111.25198364257812,120.2211685180664,136.93182373046875,127.59739685058594,129.3310546875,129.4014129638672,161.91537475585938,122.36421966552734,147.10279846191406,98.83419799804688,94.63868713378906
A,Annual,SYC,Seychelles,WB_HCP_UISCR1,Primary school completion rate (%),_T,Total,PT,Percentage,1,One,WB_HCP,Human Capital Project (HCP),0,Units,A,Normal value,PU,Public,83.28671264648438,91.6722183227539,99.42196655273438,,95.94921112060548,95.47350311279295,98.23529052734376,93.62200164794922,98.88823699951172,,99.21308135986328,94.1939468383789,96.97733306884766,104.9375,97.39129638671876,93.50888061523438,107.344970703125,96.48712158203124,95.25066375732422,102.5727767944336,,107.1875,96.90292358398438,98.27691650390624,111.55779266357422,,,109.28524017333984,106.04026794433594,108.53659057617188,112.9101333618164,117.609619140625,103.587158203125,115.74858856201172,104.68855285644533,114.87039947509766,,113.86282348632812,120.0155792236328,150.05258178710938,114.98809814453124,114.65171813964844,107.7352523803711,107.83999633789062,120.41667175292967,123.26775360107422,128.52377319335938,140.54580688476562,128.93136596679688,150.45684814453125,127.82749938964844,156.16717529296875,99.87055206298828,94.0462417602539
A,Annual,SYR,Syrian Arab Republic,WB_HCP_UISCR1,Primary school completion rate (%),F,Female,PT,Percentage,1,One,WB_HCP,Human Capital Project (HCP),0,Units,A,Normal value,PU,Public,,36.145408630371094,39.5372314453125,41.03438186645508,46.078651428222656,48.497039794921875,52.0826301574707,55.1361198425293,57.60594940185547,55.49378967285156,55.20777130126953,57.61265182495117,62.24037170410156,65.9704818725586,69.97708892822266,74.62259674072266,78.31211853027344,79.47557067871094,80.0648193359375,84.9517822265625,85.0640869140625,87.28453063964844,92.15483856201172,85.10543823242188,87.75614166259766,87.60997772216797,89.3045883178711,87.7111587524414,87.42552185058594,87.90264892578125,88.14672088623047,89.92987823486328,91.21470642089844,101.75701141357422,101.87406158447266,105.4657974243164,108.8279037475586,108.14032745361328,107.90313720703124,107.85282135009766,106.12622833251952,104.75064849853516,104.21697998046876,61.74428176879883,,,,,,,56.73619079589844,56.79156875610352,59.579139709472656,63.05318832397461
A,Annual,SYR,Syrian Arab Republic,WB_HCP_UISCR1,Primary school completion rate (%),M,Male,PT,Percentage,1,One,WB_HCP,Human Capital Project (HCP),0,Units,A,Normal value,PU,Public,,73.54428100585938,77.93878173828125,77.51052856445312,81.19062805175781,86.63397216796875,90.04650115966797,92.04319763183594,92.79740142822266,87.97518920898438,84.5644302368164,84.14195251464844,88.23533630371094,90.30512237548828,90.50773620605467,92.79163360595705,93.8208999633789,93.9572525024414,93.35130310058594,93.8641586303711,94.92208099365234,96.81063079833984,101.70819854736328,94.51011657714844,96.85852813720705,94.80802917480467,95.60005950927734,95.24977111816406,94.16374206542967,94.60308837890624,94.44447326660156,96.31041717529295,98.69528198242188,104.64742279052734,105.83939361572266,108.73748779296876,110.74259948730467,109.96414947509766,108.9374008178711,108.6445770263672,107.93457794189452,105.50202178955078,105.78189086914062,62.3102912902832,,,,,,,54.68492126464844,54.76478958129883,57.0235481262207,60.72425842285156
A,Annual,SYR,Syrian Arab Republic,WB_HCP_UISCR1,Primary school completion rate (%),_T,Total,PT,Percentage,1,One,WB_HCP,Human Capital Project (HCP),0,Units,A,Normal value,PU,Public,,55.33340072631836,59.23122024536133,59.734500885009766,64.0763168334961,68.03939056396484,71.52828216552734,74.03768157958984,75.62934875488281,72.12505340576172,70.2341537475586,71.19297790527344,75.54544067382812,78.42212677001953,80.47817993164062,83.91117095947266,86.23747253417969,86.87454223632812,86.85453033447266,89.50743865966797,90.10382080078124,92.1551284790039,97.03948974609376,89.91425323486328,92.41184997558594,91.29149627685548,92.52388763427734,91.56478881835938,90.86917877197266,91.32682800292967,91.36480712890624,93.19036102294922,95.03710174560548,103.23432159423828,103.90071105957033,107.13809204101562,109.806640625,109.07267761230467,108.43182373046876,108.25758361816406,107.05056762695312,105.1346664428711,105.0168914794922,62.0336799621582,,,,,,,55.68474960327149,55.75249099731445,58.26871871948242,61.8590202331543
A,Annual,TCA,Turks and Caicos Islands,WB_HCP_UISCR1,Primary school completion rate (%),F,Female,PT,Percentage,1,One,WB_HCP,Human Capital Project (HCP),0,Units,A,Normal value,PU,Public,,,,,,,,,,,,,,,,,,,,,,,,,84.21053314208984,,,78.6259536743164,,,93.19728088378906,94.771240234375,105.59005737304688,,104.93827056884766,105.1724090576172,,,,100.0,,,,,68.25396728515625,70.73170471191406,,,130.43478393554688,,,99.28571319580078,95.60440063476562,
A,Annual,TCA,Turks and Caicos Islands,WB_HCP_UISCR1,Primary school completion rate (%),M,Male,PT,Percentage,1,One,WB_HCP,Human Capital Project (HCP),0,Units,A,Normal value,PU,Public,,,,,,,,,,,,,,,,,,,,,,,,,85.84071350097656,,,83.33332824707031,,,102.48446655273438,118.5628662109375,96.06742095947266,,112.20929718017578,114.03508758544922,,,,107.5117416381836,,,,,84.88888549804688,72.35022735595703,,,177.63157653808594,,,127.8688507080078,128.69564819335938,
A,Annual,TCA,Turks and Caicos Islands,WB_HCP_UISCR1,Primary school completion rate (%),_T,Total,PT,Percentage,1,One,WB_HCP,Human Capital Project (HCP),0,Units,A,Normal value,PU,Public,,,,,,,,,,,,,,,,,,,,,,,,,85.02203369140625,,,80.93385314941406,,,98.05194854736328,107.1875,100.58997344970705,,108.68263244628906,109.56522369384766,,,,103.56346893310548,,,,,76.10063171386719,71.49028015136719,,,152.80665588378906,,,112.59542083740234,110.73558807373048,
A,Annual,TCD,Chad,WB_HCP_UISCR1,Primary school completion rate (%),F,Female,PT,Percentage,1,One,WB_HCP,Human Capital Project (HCP),0,Units,A,Normal value,PU,Public,,,,,,,4.8524699211120605,4.490330219268799,,,,,,,,,,,3.739089965820313,4.674349784851074,6.3250298500061035,7.194250106811523,,,9.172419548034668,6.637129783630371,7.157279968261719,8.052650451660156,,11.55813980102539,12.844719886779783,14.50944995880127,16.624799728393555,20.86117935180664,22.645469665527344,20.355379104614254,21.376489639282227,,,23.22130012512207,23.690650939941406,26.804100036621097,27.16540908813477,30.16246032714844,,31.163440704345703,33.98640060424805,31.174449920654297,33.96255874633789,,,37.69419860839844,,
A,Annual,TCD,Chad,WB_HCP_UISCR1,Primary school completion rate (%),M,Male,PT,Percentage,1,One,WB_HCP,Human Capital Project (HCP),0,Units,A,Normal value,PU,Public,,,,,,,18.16609001159668,17.018939971923828,,,,,,,,,,,18.52557945251465,20.69417953491211,26.803869247436523,29.754709243774418,,,30.69569969177246,22.28125,22.625329971313477,24.305919647216797,,29.509859085083008,31.808069229125977,34.32925033569336,37.66194915771485,44.31917190551758,43.7640495300293,39.27309036254883,39.95886993408203,,,39.73286056518555,38.89997863769531,42.451019287109375,43.18257141113281,46.957271575927734,,46.53501892089844,49.84553146362305,44.44160842895508,46.674320220947266,,,49.19581985473633,,
A,Annual,TCD,Chad,WB_HCP_UISCR1,Primary school completion rate (%),_T,Total,PT,Percentage,1,One,WB_HCP,Human Capital Project (HCP),0,Units,A,Normal value,PU,Public,,15.002019882202148,,,12.702670097351074,,11.518400192260742,10.766900062561035,,,,,,,,,,,11.14696979522705,12.699549674987791,16.58534049987793,18.501850128173828,,,19.9860897064209,14.50316047668457,14.939599990844728,16.234689712524414,,20.605249404907227,22.40822982788086,24.50865936279297,27.24411964416504,32.708370208740234,33.321929931640625,29.92700958251953,30.783119201660156,,,31.577619552612305,31.389110565185547,34.72367858886719,35.271549224853516,38.66156005859375,,38.947540283203125,42.02077102661133,37.8997802734375,40.40903854370117,,,43.52962875366211,,
A,Annual,TGO,Togo,WB_HCP_UISCR1,Primary school completion rate (%),F,Female,PT,Percentage,1,One,WB_HCP,Human Capital Project (HCP),0,Units,A,Normal value,PU,Public,,12.187820434570312,15.344730377197266,,,,21.62441062927246,,28.926179885864254,30.09528923034668,31.557790756225582,29.558210372924805,29.112199783325195,28.74898910522461,24.328060150146484,19.321189880371097,19.925020217895508,18.939870834350582,23.3443603515625,18.221590042114254,22.542259216308594,22.95063018798828,23.740589141845703,,19.865310668945312,27.404560089111328,31.212820053100582,,,40.866790771484375,49.616458892822266,56.55820083618164,,59.229469299316406,61.589210510253906,61.06180953979492,61.02775955200195,,55.006221771240234,55.15848922729492,60.04412841796875,61.84550094604492,66.08084106445312,71.16030883789062,78.09651184082031,,90.77062225341795,89.01809692382812,87.9843521118164,85.11842346191406,86.16905212402344,86.78385162353516,87.48748779296875,90.2686996459961
A,Annual,TGO,Togo,WB_HCP_UISCR1,Primary school completion rate (%),M,Male,PT,Percentage,1,One,WB_HCP,Human Capital Project (HCP),0,Units,A,Normal value,PU,Public,,35.30632019042969,42.300498962402344,,,,59.211971282958984,,69.3328628540039,67.6319808959961,69.65914916992188,65.00923156738281,61.080528259277344,59.77254867553711,52.51934814453125,45.81190872192383,44.97386169433594,43.48630905151367,49.20602035522461,40.75001907348633,48.450958251953125,48.30791091918945,49.06861114501953,,40.29280090332031,56.512939453125,65.19702911376953,,,73.76206970214844,83.32256317138672,89.48368072509766,,84.99018859863281,85.49732208251953,84.07592010498047,83.00547790527344,,75.21002960205078,74.03514862060547,77.3475570678711,78.48429870605469,81.37741088867188,83.35906982421875,88.94355773925781,,96.80523681640624,96.01245880126952,92.24424743652344,88.25215148925781,88.79167938232422,90.9978485107422,90.76152801513672,91.12123107910156
A,Annual,TGO,Togo,WB_HCP_UISCR1,Primary school completion rate (%),_T,Total,PT,Percentage,1,One,WB_HCP,Human Capital Project (HCP),0,Units,A,Normal value,PU,Public,,23.700990676879883,28.77260971069336,,,,40.374961853027344,,49.09807968139648,48.836769104003906,50.58810043334961,47.27193832397461,45.09112930297851,44.2593994140625,38.42319107055664,32.57228088378906,32.46173095703125,31.229690551757812,36.295448303222656,29.505569458007812,35.518959045410156,35.654869079589844,36.43714141845703,,30.113529205322266,42.01908874511719,48.285919189453125,,,57.40851974487305,66.56757354736328,73.11347198486328,,72.18340301513672,73.61625671386719,72.64302825927734,72.09069061279297,,65.18257904052734,64.66935729980469,68.76515197753906,70.2357406616211,73.79974365234375,77.31938171386719,83.57514190673828,,93.8200225830078,92.5531997680664,90.13722229003906,86.70201110839844,87.49404907226562,88.91219329833984,89.14079284667969,90.69915771484376
A,Annual,THA,Thailand,WB_HCP_UISCR1,Primary school completion rate (%),F,Female,PT,Percentage,1,One,WB_HCP,Human Capital Project (HCP),0,Units,A,Normal value,PU,Public,,,,,,33.01520919799805,35.19895935058594,35.751258850097656,37.49356842041016,,,73.65863037109375,,,,,,,,,,,,,,,,,,85.29093170166016,85.78443145751953,86.71604919433594,,,,,,,,,,,,,,,,98.61351013183594,99.39157104492188,100.59101104736328,102.57838439941406,102.91826629638672,101.92064666748048,101.8542709350586
A,Annual,THA,Thailand,WB_HCP_UISCR1,Primary school completion rate (%),M,Male,PT,Percentage,1,One,WB_HCP,Human Capital Project (HCP),0,Units,A,Normal value,PU,Public,,,,,,40.977088928222656,42.49185943603515,42.4798583984375,43.69890975952149,,,75.93485260009766,,,,,,,,,,,,,,,,,,90.00176239013672,85.60726928710938,86.71867370605469,,,,,,,,,,,,,,,,98.0729522705078,98.88265991210938,101.51195526123048,102.87897491455078,104.08294677734376,102.8624038696289,104.18311309814452
A,Annual,THA,Thailand,WB_HCP_UISCR1,Primary school completion rate (%),_T,Total,PT,Percentage,1,One,WB_HCP,Human Capital Project (HCP),0,Units,A,Normal value,PU,Public,,,,,,37.0867805480957,38.92818832397461,39.19123077392578,40.66579055786133,,,74.82234954833984,,,,,,,,,,,,,,,,,,87.64466094970703,85.69365692138672,86.71739196777344,,,,,,,,,,,,,,,,98.3369598388672,99.13101196289062,101.06281280517578,102.73243713378906,103.51506805419922,102.40190887451172,103.04450988769533
A,Annual,TJK,Tajikistan,WB_HCP_UISCR1,Primary school completion rate (%),F,Female,PT,Percentage,1,One,WB_HCP,Human Capital Project (HCP),0,Units,A,Normal value,PU,Public,,,,,,,,,,,,,,,,,,,,,,,,,,,,,,,,,,,,,,,,93.39827728271484,97.61547088623048,95.61351013183594,89.28877258300781,,90.2748794555664,91.80248260498048,88.81194305419922,89.841796875,,,,,,
A,Annual,TJK,Tajikistan,WB_HCP_UISCR1,Primary school completion rate (%),M,Male,PT,Percentage,1,One,WB_HCP,Human Capital Project (HCP),0,Units,A,Normal value,PU,Public,,,,,,,,,,,,,,,,,,,,,,,,,,,,,,,,,,,,,,,,100.80480194091795,104.7223663330078,98.03922271728516,91.39055633544922,,90.86222839355467,92.58737182617188,90.4096221923828,90.63931274414062,,,,,,
A,Annual,TJK,Tajikistan,WB_HCP_UISCR1,Primary school completion rate (%),_T,Total,PT,Percentage,1,One,WB_HCP,Human Capital Project (HCP),0,Units,A,Normal value,PU,Public,,,,,,,,,,,,,,,,,,,,,,,,,,96.78634643554688,,67.07327270507812,,90.2898178100586,92.54886627197266,94.94232940673828,96.3629913330078,96.01509857177734,92.73686981201172,98.5595474243164,101.44497680664062,93.84010314941406,96.3792724609375,97.10030364990234,101.16649627685548,96.85761260986328,90.3670425415039,,90.57640075683594,92.2054214477539,89.63214111328125,90.25110626220705,,,,,,
A,Annual,TKM,Turkmenistan,WB_HCP_UISCR1,Primary school completion rate (%),_T,Total,PT,Percentage,1,One,WB_HCP,Human Capital Project (HCP),0,Units,A,Normal value,PU,Public,,,,,,,,,,,,,,,,,,,,,,,,,,,,,,,,,,,,,,,,,,,,,,,,,,,,110.14505767822266,107.96121978759766,
A,Annual,TLS,Timor-Leste,WB_HCP_UISCR1,Primary school completion rate (%),F,Female,PT,Percentage,1,One,WB_HCP,Human Capital Project (HCP),0,Units,A,Normal value,PU,Public,,,,,,,,,,,,,,,,,,,,,,,,,,,,,,,,,,,,,,,96.9670181274414,85.14897918701172,82.54196166992188,84.50511169433594,89.43388366699219,95.58724975585938,99.4632568359375,106.75262451171876,101.84911346435548,100.55769348144533,105.13795471191406,108.4445343017578,105.79400634765624,102.7619857788086,97.96125030517578,93.09039306640624
A,Annual,TLS,Timor-Leste,WB_HCP_UISCR1,Primary school completion rate (%),M,Male,PT,Percentage,1,One,WB_HCP,Human Capital Project (HCP),0,Units,A,Normal value,PU,Public,,,,,,,,,,,,,,,,,,,,,,,,,,,,,,,,,,,,,,,95.45146942138672,81.87435913085938,75.54573059082031,78.8349609375,82.48660278320312,87.51654052734375,93.51541900634766,96.4052276611328,93.7217025756836,93.70013427734376,96.36461639404295,97.17818450927734,96.29930877685548,99.1632843017578,72.785888671875,89.97411346435547
A,Annual,TLS,Timor-Leste,WB_HCP_UISCR1,Primary school completion rate (%),_T,Total,PT,Percentage,1,One,WB_HCP,Human Capital Project (HCP),0,Units,A,Normal value,PU,Public,,,,,,,,,,,,,,,,,,,,,,,,,,,,,,,,,,,,,,,96.18296813964844,83.44554138183594,78.88600158691406,81.54864501953125,85.83514404296875,91.42020416259766,96.38890075683594,101.38954162597656,97.6331024169922,97.00253295898438,100.59712982177734,102.62450408935548,100.89095306396484,100.90349578857422,84.96017456054688,91.47894287109376
A,Annual,TON,Tonga,WB_HCP_UISCR1,Primary school completion rate (%),F,Female,PT,Percentage,1,One,WB_HCP,Human Capital Project (HCP),0,Units,A,Normal value,PU,Public,,,,,,,,78.68731689453125,95.21002197265624,109.3635711669922,,117.11778259277344,97.98506927490234,,103.462158203125,89.70954132080078,95.25021362304688,,,,111.9439926147461,90.081298828125,,114.3987274169922,,,,,99.05254364013672,104.76611328125,,98.45276641845705,,,,106.83689880371094,104.2114028930664,,,,,,108.89488220214844,115.24663543701172,,,,,,,100.24834442138672,99.18032836914062,112.2564926147461,102.4115753173828
A,Annual,TON,Tonga,WB_HCP_UISCR1,Primary school completion rate (%),M,Male,PT,Percentage,1,One,WB_HCP,Human Capital Project (HCP),0,Units,A,Normal value,PU,Public,,,,,,,,80.30809783935547,87.98657989501953,110.6951904296875,,119.45002746582033,110.9598388671875,,104.2366714477539,87.56553649902344,92.7480926513672,,,,125.18968200683594,95.17344665527344,,104.17581939697266,,,,,99.54022979736328,98.1395263671875,,104.6047592163086,,,,108.70240783691406,101.40296173095705,,,,,,103.30448150634766,120.77104949951172,,,,,,,101.91897583007812,98.9669418334961,92.58516693115234,88.91769409179688
A,Annual,TON,Tonga,WB_HCP_UISCR1,Primary school completion rate (%),_T,Total,PT,Percentage,1,One,WB_HCP,Human Capital Project (HCP),0,Units,A,Normal value,PU,Public,,,,,,,,79.53668212890625,91.42957305908205,110.05937957763672,,118.33450317382812,104.77037811279295,,103.86824798583984,88.58267974853516,93.93331146240234,,,,118.83885955810548,92.7229995727539,,109.09091186523438,,,,,99.31062316894533,101.23812866210938,,101.61991119384766,,,,107.79688262939452,102.76663970947266,,,,,,105.9144287109375,118.18943786621094,,,,,,,101.14722442626952,99.06436920166016,101.46573638916016,94.9407958984375
A,Annual,TTO,Trinidad and Tobago,WB_HCP_UISCR1,Primary school completion rate (%),F,Female,PT,Percentage,1,One,WB_HCP,Human Capital Project (HCP),0,Units,A,Normal value,PU,Public,,,,,,,,,,,,,115.07774353027344,,,89.89965057373047,,,96.36509704589844,,,95.0807876586914,95.30033111572266,92.61271667480467,,,90.91525268554688,89.40495300292969,,98.18234252929688,92.734619140625,87.8518295288086,,89.60198974609375,93.8527603149414,91.18209838867188,,92.92427825927734,89.00390625,90.23786163330078,87.72933197021484,,,,,,,,,,,,,85.76667785644531
A,Annual,TTO,Trinidad and Tobago,WB_HCP_UISCR1,Primary school completion rate (%),M,Male,PT,Percentage,1,One,WB_HCP,Human Capital Project (HCP),0,Units,A,Normal value,PU,Public,,,,,,,,,,,,,111.65814208984376,,,93.37478637695312,,,90.36173248291016,,,89.11653900146484,91.1580581665039,91.174560546875,,,87.26651000976562,84.96727752685547,,95.30986785888672,90.19824981689452,85.28533172607422,,88.18306732177734,91.37962341308594,87.3572769165039,,91.5834732055664,88.490966796875,89.26007080078125,86.74108123779297,,,,,,,,,,,,,83.96785736083984
A,Annual,TTO,Trinidad and Tobago,WB_HCP_UISCR1,Primary school completion rate (%),_T,Total,PT,Percentage,1,One,WB_HCP,Human Capital Project (HCP),0,Units,A,Normal value,PU,Public,,,,,,,,,,,,,113.34678649902344,,,91.664306640625,,,93.31356048583984,,,92.04885864257812,93.19541931152344,91.8816375732422,,,89.06391143798828,87.15489959716797,,96.72567749023438,91.44734191894533,86.5502700805664,,88.88258361816406,92.59860229492188,89.24112701416016,,92.24246978759766,88.74298858642578,89.74073791503906,87.22682189941406,,,,,,,,,,,,,84.85128784179688
A,Annual,TUN,Tunisia,WB_HCP_UISCR1,Primary school completion rate (%),F,Female,PT,Percentage,1,One,WB_HCP,Human Capital Project (HCP),0,Units,A,Normal value,PU,Public,,,,42.702049255371094,,,48.59846115112305,50.4304084777832,52.37303161621094,44.722381591796875,46.643760681152344,63.11817932128906,50.19232940673828,52.65068817138672,56.20024108886719,56.699161529541016,59.02159118652344,59.47566986083984,59.452911376953125,64.0796890258789,71.20234680175781,66.90995788574219,,67.2095718383789,73.95469665527344,83.44429016113281,81.35147094726562,83.34684753417969,,84.56996154785156,85.51487731933594,88.93653106689453,91.53897094726562,93.83264923095705,96.01587677001952,97.71322631835938,,97.0740966796875,88.99176025390625,88.22416687011719,98.4923324584961,,,97.16226959228516,98.46656799316406,98.65455627441406,94.1388702392578,91.1806182861328,,,99.73973083496094,99.51782989501952,,
A,Annual,TUN,Tunisia,WB_HCP_UISCR1,Primary school completion rate (%),M,Male,PT,Percentage,1,One,WB_HCP,Human Capital Project (HCP),0,Units,A,Normal value,PU,Public,,,,77.13220977783203,,,80.71659851074219,80.3764877319336,84.0464096069336,69.72383117675781,72.30037689208984,96.17450714111328,72.49266052246094,71.36007690429688,73.18074798583984,70.78530883789062,71.83527374267578,72.15892791748047,70.3705825805664,75.3349380493164,80.65087127685547,75.78079986572266,,73.76628875732422,79.69515991210938,88.89322662353516,84.13992309570312,85.76570129394531,,84.7785873413086,85.9419174194336,88.21685791015625,90.74566650390624,92.69577026367188,94.31974792480467,95.98780822753906,,98.3671417236328,89.19493865966797,85.26130676269531,97.61000061035156,,,94.71951293945312,95.6659927368164,95.95378112792967,88.41240692138672,82.95525360107422,,,95.84619140625,94.98216247558594,,
A,Annual,TUN,Tunisia,WB_HCP_UISCR1,Primary school completion rate (%),_T,Total,PT,Percentage,1,One,WB_HCP,Human Capital Project (HCP),0,Units,A,Normal value,PU,Public,,56.62588119506836,54.069618225097656,60.262001037597656,61.09571838378906,66.82968139648438,64.89804077148438,65.6130599975586,68.44657135009766,57.42216110229492,59.69414138793945,79.96263122558594,61.58176040649414,62.23223876953125,64.92759704589844,63.969200134277344,65.64559936523438,66.04747009277344,65.09522247314453,69.88687133789062,76.07051849365234,71.47309875488281,67.20731353759766,70.56678771972656,76.88961029052734,86.22989654541016,82.77986145019531,84.58660125732422,,84.67707824707031,85.73448181152344,88.56593322753906,91.1300277709961,93.24610900878906,95.14109802246094,96.82456970214844,,97.73895263671876,89.09623718261719,86.70066833496094,98.0381317138672,,,95.90145111083984,97.02163696289062,97.2605209350586,91.18084716796876,86.93196868896484,,,97.7275619506836,97.1743621826172,,
A,Annual,TUR,Turkiye,WB_HCP_UISCR1,Primary school completion rate (%),F,Female,PT,Percentage,1,One,WB_HCP,Human Capital Project (HCP),0,Units,A,Normal value,PU,Public,,,,,,,,,,,,,,,80.90390014648438,84.5798110961914,92.60681915283205,88.81883239746094,103.7221221923828,88.08930969238281,88.77111053466797,91.7667236328125,97.65637969970705,91.91303253173828,92.2727508544922,90.45974731445312,,,,,,,,,,,,,,,,,,103.21900939941406,99.07711791992188,98.80111694335938,135.34007263183594,92.97721099853516,91.29519653320312,96.76567840576172,100.6878890991211,103.48430633544922,101.57106018066406,
A,Annual,TUR,Turkiye,WB_HCP_UISCR1,Primary school completion rate (%),M,Male,PT,Percentage,1,One,WB_HCP,Human Capital Project (HCP),0,Units,A,Normal value,PU,Public,,,,,,,,,,,,,,,93.34839630126952,95.29550170898438,98.79548645019533,96.75192260742188,111.99256134033205,96.8615493774414,97.15001678466795,99.82721710205078,105.9581298828125,100.2698974609375,100.1914291381836,96.87645721435548,,,,,,,,,,,,,,,,,,103.4611587524414,99.0810089111328,98.85752868652344,133.7911834716797,92.23400115966795,90.78996276855467,96.49378204345705,100.47254180908205,103.38944244384766,101.4334716796875,
A,Annual,TUR,Turkiye,WB_HCP_UISCR1,Primary school completion rate (%),_T,Total,PT,Percentage,1,One,WB_HCP,Human Capital Project (HCP),0,Units,A,Normal value,PU,Public,,,,,,,,,,,,,,,87.26396942138672,90.0544204711914,95.76653289794922,92.86434173583984,107.93424224853516,92.55848693847656,93.04403686523438,95.87615203857422,101.89122772216795,96.17874145507812,96.31726837158205,93.7409210205078,,,,,,,,,,,,,,,,,,103.34329986572266,99.07910919189452,98.83007049560548,134.5456085205078,92.5956573486328,91.0360870361328,96.62599182128906,100.57733154296876,103.43562316894533,101.5005111694336,
A,Annual,TUV,Tuvalu,WB_HCP_UISCR1,Primary school completion rate (%),F,Female,PT,Percentage,1,One,WB_HCP,Human Capital Project (HCP),0,Units,A,Normal value,PU,Public,,,,,,,,,,,,,,,,,,,,,67.94872283935547,,,138.70968627929688,102.0,,,,95.09803771972656,,,118.0,101.92308044433594,109.708740234375,107.20720672607422,117.43119049072266,114.03508758544922,,,,,,,,102.0,123.40425872802734,102.17391204833984,,85.71428680419922,92.0,103.7735824584961,100.91742706298828,97.29730224609376,94.01708984375
A,Annual,TUV,Tuvalu,WB_HCP_UISCR1,Primary school completion rate (%),M,Male,PT,Percentage,1,One,WB_HCP,Human Capital Project (HCP),0,Units,A,Normal value,PU,Public,,,,,,,,,,,,,,,,,,,,,98.7341766357422,,,130.61224365234375,105.45455169677734,,,,92.741943359375,,,104.23728942871094,82.7868881225586,88.52458953857422,95.83332824707033,106.83760833740234,90.0826416015625,,,,,,,,96.3302764892578,94.59458923339844,100.9009017944336,,101.81817626953124,87.82608795166016,99.1525421142578,96.69420623779295,96.69420623779295,90.32257843017578
A,Annual,TUV,Tuvalu,WB_HCP_UISCR1,Primary school completion rate (%),_T,Total,PT,Percentage,1,One,WB_HCP,Human Capital Project (HCP),0,Units,A,Normal value,PU,Public,,,,,,,,,,,,,,,,,,,,,83.43949127197266,,,134.5549774169922,103.80951690673828,,,,93.80531311035156,,,110.55046081542967,91.5929183959961,98.22222137451172,101.29869842529295,111.9468994140625,101.70213317871094,,,,,,,,99.04306030273438,107.80487823486328,101.4778289794922,,94.23076629638672,89.76744079589844,101.33928680419922,98.69564819335938,96.98275756835938,92.11618041992188
A,Annual,TZA,Tanzania,WB_HCP_UISCR1,Primary school completion rate (%),F,Female,PT,Percentage,1,One,WB_HCP,Human Capital Project (HCP),0,Units,A,Normal value,PU,Public,,,,,,27.169130325317383,29.53071022033691,,,,,67.71365356445312,78.54853057861328,84.8093032836914,114.37906646728516,,69.46563720703125,67.1506576538086,61.9168701171875,45.25735855102539,,61.38056182861328,52.8243408203125,56.073978424072266,54.15380859375,,,58.30459976196289,48.14337921142578,58.62810134887695,50.53205871582031,56.69995880126953,60.3336181640625,,58.14339065551758,54.27960968017578,71.42656707763672,82.38912963867188,,103.25845336914062,90.43254852294922,86.74759674072266,83.66903686523438,79.22039031982422,,63.13129806518555,64.8061752319336,70.95604705810547,70.6413345336914,67.12700653076172,70.0159912109375,75.37340545654297,,91.8758773803711
A,Annual,TZA,Tanzania,WB_HCP_UISCR1,Primary school completion rate (%),M,Male,PT,Percentage,1,One,WB_HCP,Human Capital Project (HCP),0,Units,A,Normal value,PU,Public,,,,,,47.35649108886719,52.28813171386719,,,,,89.2370834350586,99.0022201538086,103.00634002685548,127.93245697021484,,68.81623840332031,64.73995208740234,57.49787139892578,45.44580078125,,59.80556106567383,54.656761169433594,58.36193084716797,54.996849060058594,,,57.86248016357422,48.5771484375,57.12139892578125,49.97146987915039,55.26905822753906,59.52521896362305,,60.13587951660156,58.12274169921875,75.93524932861328,88.91638946533203,,107.09478759765624,90.50312042236328,82.47323608398438,79.02750396728516,73.96310424804688,,66.19153594970703,56.73305892944336,62.448028564453125,62.68822479248047,60.11310577392578,64.22733306884766,69.7978286743164,,80.65597534179688
A,Annual,TZA,Tanzania,WB_HCP_UISCR1,Primary school completion rate (%),_T,Total,PT,Percentage,1,One,WB_HCP,Human Capital Project (HCP),0,Units,A,Normal value,PU,Public,,20.689050674438477,25.719079971313477,29.174650192260746,33.12921142578125,37.15277099609375,40.78913879394531,,,,,78.43724060058594,88.7226333618164,93.85025024414062,121.16880798339844,78.10787200927734,69.13804626464844,65.93253326416016,59.669490814208984,45.35234832763672,,60.59341049194336,53.73680114746094,57.2099609375,54.57712936401367,,,58.08454895019531,48.35926818847656,57.87928009033203,50.25310897827149,55.98680114746094,59.93204116821289,,59.13045120239258,56.18106842041016,73.65602111816406,85.6137924194336,,105.14775848388672,90.46712493896484,84.64833068847656,81.38185119628906,76.62068939208984,,64.6557388305664,60.75336837768555,66.67028045654297,66.62596893310547,63.591522216796875,67.1020278930664,72.5664291381836,,86.22708892822266
A,Annual,UGA,Uganda,WB_HCP_UISCR1,Primary school completion rate (%),F,Female,PT,Percentage,1,One,WB_HCP,Human Capital Project (HCP),0,Units,A,Normal value,PU,Public,,,,,,,,,,,,,25.558679580688477,,,,26.64858055114746,,,,,,,,,,,,,,,52.36323928833008,55.43109893798828,55.12295913696289,52.74951171875,52.07022857666016,,49.24140167236328,54.37411880493164,72.36961364746094,54.6821403503418,52.97306060791016,54.28924179077149,54.69493103027344,58.64128875732422,53.19141387939453,55.21982955932617,53.65227890014648,,,,,,
A,Annual,UGA,Uganda,WB_HCP_UISCR1,Primary school completion rate (%),M,Male,PT,Percentage,1,One,WB_HCP,Human Capital Project (HCP),0,Units,A,Normal value,PU,Public,,,,,,,,,,,,,52.31871032714844,,,,45.172950744628906,,,,,,,,,,,,,,,66.09899139404297,66.78305053710938,66.15119934082031,61.83634948730469,59.52341842651367,,53.77470016479492,57.43606948852539,73.63439178466797,56.46097946166992,54.96770858764648,55.96664047241211,56.19001007080078,59.323341369628906,53.44948959350586,54.33512878417969,52.28628158569336,,,,,,
A,Annual,UGA,Uganda,WB_HCP_UISCR1,Primary school completion rate (%),_T,Total,PT,Percentage,1,One,WB_HCP,Human Capital Project (HCP),0,Units,A,Normal value,PU,Public,,,,,,37.10760116577149,37.21343994140625,,,38.89291000366211,,,38.86832809448242,,,,35.85282897949219,,,,,,,,,,,,,,,59.17026901245117,61.06003952026367,60.59466171264648,57.26232147216797,55.774559020996094,,51.49774932861328,55.89902877807617,72.99968719482422,55.56892013549805,53.967498779296875,55.125850677490234,55.44071960449219,58.98149108886719,53.32011795043945,54.778560638427734,52.97032165527344,,,,,,
A,Annual,UKR,Ukraine,WB_HCP_UISCR1,Primary school completion rate (%),F,Female,PT,Percentage,1,One,WB_HCP,Human Capital Project (HCP),0,Units,A,Normal value,PU,Public,,,,,,,,,,,,,,,,,,,,,,,,92.9522933959961,91.42529296875,,,,,98.23110961914062,95.2164306640625,97.89737701416016,101.6895523071289,,,119.5740737915039,105.04322814941406,104.3820571899414,101.23361206054688,100.41847229003906,100.32362365722656,101.90959167480467,98.31591796875,99.23268127441406,96.91670989990234,89.36119842529297,87.01062774658203,88.25467681884766,85.09239196777344,89.8622817993164,90.2680435180664,89.7791976928711,,
A,Annual,UKR,Ukraine,WB_HCP_UISCR1,Primary school completion rate (%),M,Male,PT,Percentage,1,One,WB_HCP,Human Capital Project (HCP),0,Units,A,Normal value,PU,Public,,,,,,,,,,,,,,,,,,,,,,,,91.65428161621094,90.48902893066406,,,,,98.81407928466795,95.40033721923828,98.77922821044922,101.45333862304688,,,120.35027313232422,105.74046325683594,104.25106048583984,101.20352935791016,99.85397338867188,99.72844696044922,100.7400894165039,96.3627700805664,98.04817199707033,95.55103302001952,87.83641815185547,85.35231018066406,86.8521728515625,82.79685974121094,88.29534149169922,89.27706909179688,88.8297119140625,,
A,Annual,UKR,Ukraine,WB_HCP_UISCR1,Primary school completion rate (%),_T,Total,PT,Percentage,1,One,WB_HCP,Human Capital Project (HCP),0,Units,A,Normal value,PU,Public,,100.31777954101562,95.53605651855467,97.6707534790039,100.53954315185548,,100.65994262695312,98.40184783935548,98.0868911743164,99.57644653320312,98.4589614868164,,97.63423919677734,98.43184661865234,98.0553970336914,97.1064224243164,,,97.13761901855467,,102.32437133789062,107.98796081542967,96.35771942138672,92.29173278808594,90.94786071777344,,,,97.3570327758789,98.52960968017578,95.31072235107422,98.34967803955078,101.568359375,,,119.9717788696289,105.40045166015624,104.31494903564452,101.21824645996094,100.12883758544922,100.01759338378906,101.3077392578125,97.30905151367188,98.62476348876952,96.2149429321289,88.57595825195312,86.16045379638672,87.53417205810547,83.90885925292969,89.05339813232422,89.75779724121094,89.28987884521484,,
A,Annual,UMC,Upper middle income,WB_HCP_UISCR1,Primary school completion rate (%),F,Female,PT,Percentage,1,One,WB_HCP,Human Capital Project (HCP),0,Units,A,Normal value,PU,Public,,,,,,,,,,,,,,,,,,,,,,,,,87.99642181396484,92.44654083251952,90.4679183959961,91.2144775390625,92.49861145019533,93.52648162841795,94.5271987915039,95.95558166503906,95.82618713378906,95.17320251464844,95.69119262695312,95.84078216552734,94.31642150878906,96.7247314453125,100.7369384765625,101.14695739746094,101.00067138671876,100.17115020751952,98.59718322753906,99.15348815917967,96.0235366821289,94.12693786621094,96.52925872802734,95.8225326538086,95.92424011230467,95.83511352539062,94.87982940673828,96.27134704589844,95.82228088378906,
A,Annual,UMC,Upper middle income,WB_HCP_UISCR1,Primary school completion rate (%),M,Male,PT,Percentage,1,One,WB_HCP,Human Capital Project (HCP),0,Units,A,Normal value,PU,Public,,,,,,,,,,,,,,,,,,,,,,,,,90.04705810546875,94.56346130371094,92.5890121459961,93.17642211914062,93.89701080322266,94.3724594116211,94.64878845214844,95.40540313720705,95.1273193359375,94.70619201660156,94.65152740478516,94.61247253417967,93.50128936767578,95.92938232421876,100.22698211669922,100.2707977294922,100.29302978515624,99.44915008544922,97.6120834350586,98.43412017822266,96.3807373046875,94.64775848388672,96.1251983642578,95.50594329833984,95.32263946533205,95.58170318603516,94.46141815185548,95.70033264160156,95.34635925292967,
A,Annual,UMC,Upper middle income,WB_HCP_UISCR1,Primary school completion rate (%),_T,Total,PT,Percentage,1,One,WB_HCP,Human Capital Project (HCP),0,Units,A,Normal value,PU,Public,,89.1424331665039,87.06582641601562,86.68763732910156,,,93.21051788330078,94.01866149902344,94.17375183105467,94.46131896972656,96.57457733154295,97.04544067382812,97.7465362548828,98.056396484375,99.0318603515625,99.94074249267578,100.0190887451172,99.3482894897461,99.71705627441406,99.0322036743164,96.91285705566406,94.28534698486328,91.60075378417967,91.1549301147461,89.0488510131836,93.53177642822266,91.55531311035156,92.2228775024414,93.21769714355467,93.9615478515625,94.5903778076172,95.6737289428711,95.46649169921876,94.9343719482422,95.15525817871094,95.2067413330078,93.89746856689452,96.3160171508789,100.47727966308594,100.69638061523438,100.63829803466795,99.80133056640624,98.08917236328124,98.77806091308594,96.20697021484376,94.4021987915039,96.32122802734376,95.66409301757812,95.61461639404295,95.7056121826172,94.65325927734376,95.96881103515624,95.57250213623048,
A,Annual,URY,Uruguay,WB_HCP_UISCR1,Primary school completion rate (%),F,Female,PT,Percentage,1,One,WB_HCP,Human Capital Project (HCP),0,Units,A,Normal value,PU,Public,,,,,70.53208923339844,,67.41790008544922,69.27700805664062,67.44905090332031,67.5508804321289,71.81342315673828,,,,,90.40241241455078,90.0972900390625,91.75479125976562,92.300048828125,95.5793914794922,98.54035949707033,99.08753967285156,97.9330825805664,97.38204956054688,96.69132232666016,95.70999145507812,97.69571685791016,98.55956268310548,96.35848999023438,101.5723876953125,98.9761734008789,97.38693237304688,99.23734283447266,96.2091293334961,95.0388412475586,97.63458251953124,98.2648468017578,101.22876739501952,103.27433013916016,102.39205932617188,101.08457946777344,101.91993713378906,100.07068634033205,100.05158233642578,101.50373077392578,101.11427307128906,101.9412612915039,,102.3880615234375,,101.13536834716795,100.42317199707033,100.8619613647461,
A,Annual,URY,Uruguay,WB_HCP_UISCR1,Primary school completion rate (%),M,Male,PT,Percentage,1,One,WB_HCP,Human Capital Project (HCP),0,Units,A,Normal value,PU,Public,,,,,68.1866683959961,,68.34242248535156,66.18329620361328,63.96268081665039,65.84313201904297,67.51078033447266,,,,,86.08409881591797,83.34735870361328,86.28498840332031,87.72427368164062,91.89502716064452,93.0547103881836,94.21759033203124,93.78206634521484,93.21768188476562,91.5084228515625,92.5979995727539,93.20526123046876,95.44161224365234,98.54448699951172,98.75557708740234,95.43694305419922,95.02377319335938,94.54659271240234,92.94629669189452,93.90838623046876,93.6424331665039,96.01564025878906,98.70213317871094,100.43840789794922,101.33937072753906,101.25,99.66133880615234,99.51506042480467,101.0550308227539,100.51374053955078,100.3463363647461,102.8254623413086,,100.79537963867188,,100.72949981689452,100.5804672241211,99.6091079711914,
A,Annual,URY,Uruguay,WB_HCP_UISCR1,Primary school completion rate (%),_T,Total,PT,Percentage,1,One,WB_HCP,Human Capital Project (HCP),0,Units,A,Normal value,PU,Public,67.74928283691406,71.17069244384766,70.4352798461914,73.0754165649414,69.3389892578125,,67.88823699951172,67.70147705078125,65.671142578125,66.6785888671875,69.60704040527344,,,,,88.18628692626953,86.63839721679688,88.96273040771484,89.96865844726562,93.70269012451172,95.7463836669922,96.6095962524414,95.8227081298828,95.26644134521484,94.0506362915039,94.1218032836914,95.4029312133789,96.96804809570312,97.47444915771484,100.13446044921876,97.1801528930664,96.1854476928711,96.84938049316406,94.54737091064452,94.46302032470705,95.60037994384766,97.118896484375,99.9423828125,101.83071899414062,101.85563659667967,101.16900634765624,100.76615142822266,99.78679656982422,100.56448364257812,100.99762725830078,100.72186279296876,102.39283752441406,97.16676330566406,101.57388305664062,,100.92754364013672,100.5035400390625,100.22295379638672,
A,Annual,USA,United States,WB_HCP_UISCR1,Primary school completion rate (%),F,Female,PT,Percentage,1,One,WB_HCP,Human Capital Project (HCP),0,Units,A,Normal value,PU,Public,,,,,,,,,,,,,,,,,,,,,,,,,,,,,,,,,,,,,,,,,,,,,,,,97.16603088378906,95.4763412475586,103.3436279296875,101.67794799804688,100.28727722167967,94.06735229492188,
A,Annual,USA,United States,WB_HCP_UISCR1,Primary school completion rate (%),M,Male,PT,Percentage,1,One,WB_HCP,Human Capital Project (HCP),0,Units,A,Normal value,PU,Public,,,,,,,,,,,,,,,,,,,,,,,,,,,,,,,,,,,,,,,,,,,,,,,,100.4294662475586,104.51019287109376,97.7526397705078,100.2005386352539,101.86367797851562,97.33879089355467,
A,Annual,USA,United States,WB_HCP_UISCR1,Primary school completion rate (%),_T,Total,PT,Percentage,1,One,WB_HCP,Human Capital Project (HCP),0,Units,A,Normal value,PU,Public,,,,,,,,,,,,,,,,,,,,,,,,,,,,,,,,,,,,,,,,,,,,,,,,98.83219909667967,100.09269714355467,100.48905181884766,100.92366790771484,101.09127807617188,95.74352264404295,
A,Annual,UZB,Uzbekistan,WB_HCP_UISCR1,Primary school completion rate (%),F,Female,PT,Percentage,1,One,WB_HCP,Human Capital Project (HCP),0,Units,A,Normal value,PU,Public,,,,,,,,,,,,,,,,,,,,,,,,,,,,,,,,100.92089080810548,97.04287719726562,95.4948501586914,95.80523681640624,99.58898162841795,94.84427642822266,95.22482299804688,95.43179321289062,97.37066650390624,99.41835021972656,97.02517700195312,95.24305725097656,92.99335479736328,96.39674377441406,93.43276977539062,97.4084701538086,97.9648208618164,96.73053741455078,96.63488006591795,98.8075180053711,98.54767608642578,98.25511932373048,96.32316589355467
A,Annual,UZB,Uzbekistan,WB_HCP_UISCR1,Primary school completion rate (%),M,Male,PT,Percentage,1,One,WB_HCP,Human Capital Project (HCP),0,Units,A,Normal value,PU,Public,,,,,,,,,,,,,,,,,,,,,,,,,,,,,,,,100.97516632080078,99.73731231689452,95.20240783691406,96.13716888427734,100.30634307861328,95.6865692138672,95.1703109741211,94.89539337158205,98.02586364746094,99.6377182006836,98.1209716796875,95.83185577392578,93.8642120361328,96.4488754272461,94.15626525878906,97.40382385253906,98.59356689453124,97.4346923828125,96.7492904663086,98.65332794189452,98.4173355102539,98.22003936767578,95.87744140625
A,Annual,UZB,Uzbekistan,WB_HCP_UISCR1,Primary school completion rate (%),_T,Total,PT,Percentage,1,One,WB_HCP,Human Capital Project (HCP),0,Units,A,Normal value,PU,Public,,,,,,,,,,,,,,,,,,,,,,,,,,97.15084838867188,,,,98.11135864257812,99.04557037353516,100.94859313964844,98.40950775146484,95.34562683105467,95.97469329833984,99.9555892944336,95.27452087402344,95.19680786132812,95.15670776367188,97.70633697509766,99.53075408935548,97.5866470336914,95.54475402832033,93.44075012207033,96.423583984375,93.80388641357422,97.40608215332033,98.28800201416016,97.0923080444336,96.69365692138672,98.72801208496094,98.48035430908205,98.23694610595705,96.09219360351562
A,Annual,VCT,St. Vincent and the Grenadines,WB_HCP_UISCR1,Primary school completion rate (%),F,Female,PT,Percentage,1,One,WB_HCP,Human Capital Project (HCP),0,Units,A,Normal value,PU,Public,,,,,,,,,,,,,,,,,,,,,,,,,,,,,,,,,,93.68154907226562,105.97139739990234,,,,104.9289093017578,,97.72962188720705,100.31846618652344,104.3763656616211,111.80476379394533,108.7990493774414,110.9045867919922,113.75321197509766,103.01441955566406,124.1424789428711,110.82138061523438,122.37673950195312,117.33167266845705,,107.22433471679688
A,Annual,VCT,St. Vincent and the Grenadines,WB_HCP_UISCR1,Primary school completion rate (%),M,Male,PT,Percentage,1,One,WB_HCP,Human Capital Project (HCP),0,Units,A,Normal value,PU,Public,,,,,,,,,,,,,,,,,,,,,,,,,,,,,,,,,,80.4917984008789,83.16992950439453,,,,111.74862670898438,,100.69170379638672,86.10547637939453,104.16666412353516,117.2451171875,110.61643981933594,107.96670532226562,111.9901123046875,107.81841278076172,112.73885345458984,115.6838150024414,115.89241790771484,114.16566467285156,,106.74846649169922
A,Annual,VCT,St. Vincent and the Grenadines,WB_HCP_UISCR1,Primary school completion rate (%),_T,Total,PT,Percentage,1,One,WB_HCP,Human Capital Project (HCP),0,Units,A,Normal value,PU,Public,,,,,,,,,,,,,,,,,,,,,,,,,,,,,,,,,,86.99626159667969,94.4052963256836,,,,108.40686798095705,,99.24281311035156,93.04978942871094,104.2689437866211,114.58679962158205,109.72626495361328,109.40534210205078,112.85443878173828,105.46272277832033,118.34089660644533,113.29923248291016,119.0801773071289,115.7186508178711,,106.9825439453125
A,Annual,VEN,"Venezuela, RB",WB_HCP_UISCR1,Primary school completion rate (%),F,Female,PT,Percentage,1,One,WB_HCP,Human Capital Project (HCP),0,Units,A,Normal value,PU,Public,,,,,,,,,,,,,,,,,,,80.46385192871094,81.65033721923828,,84.73265838623047,88.12091827392578,87.32475280761719,,,84.79398345947266,84.73612976074219,,84.53941345214844,86.31752014160156,87.90418243408203,93.9272232055664,91.44898223876952,91.80227661132812,93.87478637695312,97.54422760009766,98.93585968017578,95.57962036132812,95.3726577758789,93.7410888671875,95.09166717529295,96.60047912597656,96.90310668945312,97.2798309326172,96.1648406982422,93.01242065429688,89.980712890625,,,,,,98.6737289428711
A,Annual,VEN,"Venezuela, RB",WB_HCP_UISCR1,Primary school completion rate (%),M,Male,PT,Percentage,1,One,WB_HCP,Human Capital Project (HCP),0,Units,A,Normal value,PU,Public,,,,,,,,,,,,,,,,,,,72.6426010131836,72.52349853515625,,74.80619812011719,78.27304077148438,78.03595733642578,,,76.23370361328125,77.46919250488281,,78.02288818359375,80.45246124267578,81.64801788330078,88.11598205566406,85.8892593383789,85.55384063720703,86.9128189086914,90.927001953125,93.78466033935548,92.24812316894533,91.83685302734376,90.49114990234376,91.31903076171876,92.6387176513672,92.78270721435548,94.35736083984376,93.82939910888672,91.07259368896484,88.34832763671875,,,,,,102.87713623046876
A,Annual,VEN,"Venezuela, RB",WB_HCP_UISCR1,Primary school completion rate (%),_T,Total,PT,Percentage,1,One,WB_HCP,Human Capital Project (HCP),0,Units,A,Normal value,PU,Public,,57.2664794921875,60.93587875366211,65.1548080444336,66.72160339355469,69.11141204833984,68.84088897705078,69.17793273925781,69.40203857421875,69.06832885742188,72.40975189208984,74.4289321899414,77.62078857421875,77.3234634399414,75.91413116455078,76.3396987915039,76.1899185180664,76.3543930053711,76.49176025390625,77.01225280761719,77.17462921142578,79.68408966064453,83.11344909667969,82.60063934326172,,,80.4369125366211,81.03581237792969,,81.21759033203125,83.32553100585938,84.7086181640625,90.95150756835938,88.59291076660156,88.5904312133789,90.296630859375,94.14977264404295,96.29308319091795,93.86933135986328,93.55692291259766,92.07125854492188,93.15267181396484,94.5634536743164,94.78318786621094,95.7765121459961,94.96392822265624,92.0160903930664,89.14275360107422,,,,,,100.83081817626952
A,Annual,VGB,British Virgin Islands,WB_HCP_UISCR1,Primary school completion rate (%),F,Female,PT,Percentage,1,One,WB_HCP,Human Capital Project (HCP),0,Units,A,Normal value,PU,Public,,,,,,,,,,,,,,,,92.1875,,,,,,,,,121.6783218383789,,,,,,,,115.0,98.37837982177734,109.39227294921876,108.24176025390624,108.55615234375,92.51336669921876,,96.92308044433594,91.62561798095705,90.4306182861328,93.92523193359376,102.43901824951172,98.52941131591795,106.5,89.70587921142578,93.23670959472656,74.76190185546875,66.07142639160156,79.91632080078125,,,
A,Annual,VGB,British Virgin Islands,WB_HCP_UISCR1,Primary school completion rate (%),M,Male,PT,Percentage,1,One,WB_HCP,Human Capital Project (HCP),0,Units,A,Normal value,PU,Public,,,,,,,,,,,,,,,,90.69766998291016,,,,,,,,,115.6462631225586,,,,,,,,101.70455169677734,97.7653579711914,104.34783172607422,96.21621704101562,96.73912811279295,86.81318664550781,,66.82691955566406,96.17224884033205,85.99034118652344,92.38095092773438,103.0,87.95812225341797,103.94088745117188,94.22222137451172,88.60758972167969,71.67382049560547,71.9665298461914,68.89763641357422,,,
A,Annual,VGB,British Virgin Islands,WB_HCP_UISCR1,Primary school completion rate (%),_T,Total,PT,Percentage,1,One,WB_HCP,Human Capital Project (HCP),0,Units,A,Normal value,PU,Public,,,,,,,,,,,,,,,,91.43968963623048,,,,,,,,,118.62068939208984,,,,,,109.24855041503906,,108.42697143554688,98.07691955566406,106.8493194580078,102.17984008789062,102.69541931152344,89.70189666748047,,81.38957977294922,93.93203735351562,88.22115325927734,93.1603775024414,102.71604919433594,93.41771697998048,105.21092224121094,92.07459259033205,90.7657699584961,73.13770294189453,69.11447143554688,74.23934936523438,,,
A,Annual,VIR,Virgin Islands (U.S.),WB_HCP_UISCR1,Primary school completion rate (%),_T,Total,PT,Percentage,1,One,WB_HCP,Human Capital Project (HCP),0,Units,A,Normal value,PU,Public,,,,,,,,,,,,,,,,,,,,,,,,60.673580169677734,,,,,,,,,,,,,,,,,,,,,,,,,,,,,,
A,Annual,VNM,Viet Nam,WB_HCP_UISCR1,Primary school completion rate (%),F,Female,PT,Percentage,1,One,WB_HCP,Human Capital Project (HCP),0,Units,A,Normal value,PU,Public,,,,,,,,,,,,,,,,,,,,,,,,,,,,,,97.40122985839844,98.6313705444336,104.74984741210938,102.4208984375,102.32180786132812,,,,,,,,,,92.23478698730467,101.46073150634766,97.45532989501952,101.55567169189452,,110.69308471679688,,,,117.8301239013672,
A,Annual,VNM,Viet Nam,WB_HCP_UISCR1,Primary school completion rate (%),M,Male,PT,Percentage,1,One,WB_HCP,Human Capital Project (HCP),0,Units,A,Normal value,PU,Public,,,,,,,,,,,,,,,,,,,,,,,,,,,,,,102.82695770263672,103.3808364868164,109.85350036621094,107.56774139404295,108.03482818603516,,,,,,,,,,91.75460052490234,96.8550262451172,96.98854064941406,100.3365707397461,,108.54769134521484,,,,114.07103729248048,
A,Annual,VNM,Viet Nam,WB_HCP_UISCR1,Primary school completion rate (%),_T,Total,PT,Percentage,1,One,WB_HCP,Human Capital Project (HCP),0,Units,A,Normal value,PU,Public,,,,,,,,,,89.44666290283203,,,,,,,,,,,,,,,,,,,,100.163330078125,101.05087280273438,107.35095977783205,105.04592895507812,105.2381591796875,,100.11337280273438,103.80378723144533,,,,,98.88834381103516,96.92932891845705,91.98733520507812,99.08108520507812,97.2136001586914,100.9222183227539,,109.57087707519533,,,,115.85425567626952,
A,Annual,VUT,Vanuatu,WB_HCP_UISCR1,Primary school completion rate (%),F,Female,PT,Percentage,1,One,WB_HCP,Human Capital Project (HCP),0,Units,A,Normal value,PU,Public,,,,,,,,,,,,,,,,,,,,,,,84.34237670898438,,75.10938262939453,,,,90.27188110351562,,85.72004699707031,95.7362823486328,,,82.16417694091797,,,80.30860137939453,80.79617309570312,84.7370376586914,84.74264526367188,,,90.87706756591795,,,,,,94.48316192626952,95.24205017089844,100.15818786621094,104.76068878173828,108.25870513916016
A,Annual,VUT,Vanuatu,WB_HCP_UISCR1,Primary school completion rate (%),M,Male,PT,Percentage,1,One,WB_HCP,Human Capital Project (HCP),0,Units,A,Normal value,PU,Public,,,,,,,,,,,,,,,,,,,,,,,87.79319763183594,,79.5353012084961,,,,85.96282958984375,,82.13070678710938,97.06755828857422,,,83.96653747558594,,,76.32206726074219,76.06546020507812,83.14111328125,83.27690887451172,,,84.93859100341797,,,,,,95.65453338623048,97.97612762451172,98.38909912109376,107.2390594482422,105.04554748535156
A,Annual,VUT,Vanuatu,WB_HCP_UISCR1,Primary school completion rate (%),_T,Total,PT,Percentage,1,One,WB_HCP,Human Capital Project (HCP),0,Units,A,Normal value,PU,Public,,,,,,,,,,,,,,,,,,,,,,,86.14231872558594,,77.41560363769531,,,,88.0401382446289,,83.86656188964844,96.42241668701172,,,83.0960464477539,,,78.24163818359375,78.33865356445312,83.90682983398438,83.97955322265625,,,87.78021240234375,,,,,,95.08840942382812,96.65283203125,99.24629974365234,106.03843688964844,106.60161590576172
A,Annual,WLD,World,WB_HCP_UISCR1,Primary school completion rate (%),F,Female,PT,Percentage,1,One,WB_HCP,Human Capital Project (HCP),0,Units,A,Normal value,PU,Public,71.04473876953125,69.49706268310547,68.52351379394531,68.4368896484375,72.10003662109375,74.25493621826172,73.32511138916016,73.73323822021484,74.07965850830078,73.51315307617188,75.73748779296875,76.27912902832031,77.02494812011719,77.12090301513672,77.8979721069336,78.16726684570312,78.1987075805664,77.7251205444336,77.71675109863281,77.23432159423828,76.9985580444336,76.33425903320312,75.69438171386719,75.95037078857422,75.53572082519531,77.24878692626953,76.5728530883789,76.7928695678711,77.30084991455078,77.86834716796875,78.64411163330078,80.93536376953125,81.3304672241211,82.0821762084961,82.82203674316406,83.86988830566406,84.36746978759766,85.83792877197266,87.88617706298828,89.05999755859375,88.9026870727539,88.23883056640625,88.59117889404297,88.58711242675781,88.23877716064453,87.92328643798828,88.66436767578125,88.48116302490234,88.415771484375,88.6762924194336,88.77249145507812,89.38355255126953,91.6250991821289,87.677001953125
A,Annual,WLD,World,WB_HCP_UISCR1,Primary school completion rate (%),M,Male,PT,Percentage,1,One,WB_HCP,Human Capital Project (HCP),0,Units,A,Normal value,PU,Public,79.9295425415039,78.37510681152344,77.57684326171875,77.59481811523438,80.9894027709961,83.17671203613281,82.49027252197266,82.79341125488281,83.30055236816406,82.72367858886719,84.68737030029297,85.25588989257812,85.9122085571289,86.00475311279297,86.81080627441406,87.08170318603516,87.08070373535156,86.603759765625,86.55587768554688,86.04708099365234,85.4431381225586,84.62557983398438,83.6998291015625,83.77580261230469,83.10954284667969,84.87309265136719,83.94560241699219,83.88349151611328,83.94242858886719,84.07441711425781,84.5949478149414,86.28868103027344,86.62364959716797,86.23216247558594,86.66766357421875,87.45288848876953,87.67523193359375,88.74327850341797,90.3512191772461,91.00901794433594,90.7242431640625,90.09224700927734,89.59916687011719,89.33531951904297,89.28443145751953,88.9410171508789,89.39659118652344,89.23406982421875,89.51006317138672,89.17180633544922,89.34931945800781,90.15988159179688,92.71687316894533,88.68817138671875
A,Annual,WLD,World,WB_HCP_UISCR1,Primary school completion rate (%),_T,Total,PT,Percentage,1,One,WB_HCP,Human Capital Project (HCP),0,Units,A,Normal value,PU,Public,75.59208679199219,74.04145812988281,73.154296875,73.11961364746094,76.64998626708984,78.8250732421875,78.01786804199219,78.37271881103516,78.80181884765625,78.23042297363281,80.32456970214844,80.8798828125,81.57945251464844,81.67320251464844,82.46382904052734,82.73377227783203,82.7480697631836,82.27195739746094,82.24463653564453,81.74810028076172,81.32402801513672,80.5810317993164,79.79399871826172,79.95762634277344,79.41647338867188,81.15648651123047,80.35272216796875,80.43071746826172,80.71015167236328,81.05558013916016,81.70304870605469,83.69098663330078,84.05854034423828,84.22013092041016,84.80328369140625,85.71617126464844,86.07319641113281,87.337890625,89.1607666015625,90.06819915771484,89.84519958496094,89.19880676269531,89.11408996582031,88.97335052490234,88.77726745605469,88.44808197021484,89.0423812866211,88.87133026123047,88.98174285888672,88.9325180053711,89.0674819946289,89.78327941894531,92.18921661376952,88.20110321044922
A,Annual,WSM,Samoa,WB_HCP_UISCR1,Primary school completion rate (%),F,Female,PT,Percentage,1,One,WB_HCP,Human Capital Project (HCP),0,Units,A,Normal value,PU,Public,,,,,,,,,,,,,,,,,,,,,,,,,,,,,,89.79007720947266,95.85661315917967,92.8603515625,,,,,,99.9585418701172,,92.41786193847656,98.50936889648438,99.7858657836914,94.60043334960938,,95.63714599609376,104.3814468383789,104.22534942626952,105.51782989501952,101.0624771118164,106.99417114257812,98.57723236083984,100.51040649414062,104.2699203491211,102.19902801513672
A,Annual,WSM,Samoa,WB_HCP_UISCR1,Primary school completion rate (%),M,Male,PT,Percentage,1,One,WB_HCP,Human Capital Project (HCP),0,Units,A,Normal value,PU,Public,,,,,,,,,,,,,,,,,,,,,,,,,,,,,,98.32617950439452,91.8108901977539,87.42318725585938,,,,,,101.12359619140624,,100.87406158447266,100.7667465209961,96.73202514648438,100.9105987548828,,100.82474517822266,102.49386596679688,108.02268981933594,102.5250473022461,104.55271911621094,101.35974884033205,104.86241912841795,100.39927673339844,103.06015014648438,100.55096435546876
A,Annual,WSM,Samoa,WB_HCP_UISCR1,Primary school completion rate (%),_T,Total,PT,Percentage,1,One,WB_HCP,Human Capital Project (HCP),0,Units,A,Normal value,PU,Public,,,,,,,,,,,,,,,,,,,,,,,,,95.90506744384766,96.43106842041016,93.7470932006836,98.56878662109376,96.65673828125,94.28378295898438,93.73477935791016,90.01714324951172,89.87342071533203,93.68505096435548,91.3215789794922,96.60682678222656,95.95237731933594,100.560791015625,,96.7695770263672,99.66846466064452,98.22286987304688,97.82286834716795,,98.2911376953125,103.4143295288086,106.17335510253906,103.9785614013672,102.86184692382812,104.07958221435548,101.83844757080078,100.4526596069336,103.64068603515624,101.34239959716795
A,Annual,YEM,"Yemen, Rep.",WB_HCP_UISCR1,Primary school completion rate (%),F,Female,PT,Percentage,1,One,WB_HCP,Human Capital Project (HCP),0,Units,A,Normal value,PU,Public,,,,,,,,,,,,,,,,,,,,,,,,,,,,,,30.856689453125,,34.88795852661133,36.27481842041016,40.054588317871094,40.90742874145508,42.70392990112305,,,48.62636947631836,,50.72454071044922,,55.274261474609375,56.9923210144043,,,58.72425842285156,,,,,,,
A,Annual,YEM,"Yemen, Rep.",WB_HCP_UISCR1,Primary school completion rate (%),M,Male,PT,Percentage,1,One,WB_HCP,Human Capital Project (HCP),0,Units,A,Normal value,PU,Public,,,,,,,,,,,,,,,,,,,,,,,,,,,,,,68.3740234375,,71.18697357177734,69.30924987792969,71.97862243652344,70.12663269042969,68.14151763916016,,,70.31532287597656,,69.25637817382812,,71.98484802246094,71.33013153076172,,,72.0400619506836,,,,,,,
A,Annual,YEM,"Yemen, Rep.",WB_HCP_UISCR1,Primary school completion rate (%),_T,Total,PT,Percentage,1,One,WB_HCP,Human Capital Project (HCP),0,Units,A,Normal value,PU,Public,,,,,,,,,,,,,,,,,,,,,,,,,,,,,,49.97325134277344,,53.41901016235352,53.142311096191406,56.36051177978515,55.83332824707031,55.70130920410156,,,59.71699905395508,,60.2067985534668,,63.83169937133789,64.33696746826172,,,65.5392074584961,,,,,,,
A,Annual,ZAF,South Africa,WB_HCP_UISCR1,Primary school completion rate (%),F,Female,PT,Percentage,1,One,WB_HCP,Human Capital Project (HCP),0,Units,A,Normal value,PU,Public,,,,,,,,,,,,,,,,,,,,,,94.8227310180664,,,,,,,83.89930725097656,77.09912872314453,74.38301849365234,,78.52741241455078,81.97625732421875,86.72931671142578,,,,,,,,,,,96.1811294555664,96.9955062866211,,99.22112274169922,98.82959747314452,97.59603118896484,98.64895629882812,90.69037628173828,
A,Annual,ZAF,South Africa,WB_HCP_UISCR1,Primary school completion rate (%),M,Male,PT,Percentage,1,One,WB_HCP,Human Capital Project (HCP),0,Units,A,Normal value,PU,Public,,,,,,,,,,,,,,,,,,,,,,80.48074340820312,,,,,,,78.92633056640625,73.21568298339844,72.03014373779297,,74.17591857910156,78.3485107421875,85.9825210571289,,,,,,,,,,,96.11337280273438,93.04872131347656,,93.6630401611328,94.51901245117188,93.43605041503906,95.4342803955078,92.3604736328125,
A,Annual,ZAF,South Africa,WB_HCP_UISCR1,Primary school completion rate (%),_T,Total,PT,Percentage,1,One,WB_HCP,Human Capital Project (HCP),0,Units,A,Normal value,PU,Public,,,,,,,,,,,,,,,,,,,,,,87.4698715209961,,,,,,,81.41214752197266,75.15834045410156,73.19886016845703,,76.33392333984375,80.14585876464844,86.35211944580078,,,,,,,,,,,96.1466064453125,94.9845962524414,,96.39317321777344,96.6361312866211,95.48065948486328,97.01374816894533,91.53977966308594,
A,Annual,ZMB,Zambia,WB_HCP_UISCR1,Primary school completion rate (%),F,Female,PT,Percentage,1,One,WB_HCP,Human Capital Project (HCP),0,Units,A,Normal value,PU,Public,,,48.205169677734375,50.64257049560547,54.145450592041016,56.24388885498047,56.932708740234375,59.82630920410156,64.95320129394531,64.70999908447266,65.14656066894531,67.2332763671875,69.2679672241211,71.12100219726562,73.87274932861328,,76.85307312011719,,,,,,,,,,,,58.45098876953125,55.85245132446289,54.50442886352539,,53.69057083129883,,64.92723083496094,68.59562683105469,77.17112731933594,80.452880859375,84.49021911621094,79.79488372802734,102.64502716064452,,89.52268981933594,80.46465301513672,,,,,,,,,,
A,Annual,ZMB,Zambia,WB_HCP_UISCR1,Primary school completion rate (%),M,Male,PT,Percentage,1,One,WB_HCP,Human Capital Project (HCP),0,Units,A,Normal value,PU,Public,,,84.35456085205078,85.36396789550781,89.55738830566406,91.26908111572266,91.4952163696289,92.41210174560548,96.19840240478516,94.71381378173828,95.73957824707033,95.19589233398438,97.2977066040039,99.98399353027344,107.99012756347656,,103.3450927734375,,,,,,,,,,,,73.05328369140625,70.49089813232422,66.7226333618164,,66.44763946533203,,77.19336700439453,96.09789276123048,89.83609771728516,93.9563980102539,97.9635772705078,91.69271087646484,95.83441925048828,,91.21016693115234,84.78913116455078,,,,,,,,,,
A,Annual,ZMB,Zambia,WB_HCP_UISCR1,Primary school completion rate (%),_T,Total,PT,Percentage,1,One,WB_HCP,Human Capital Project (HCP),0,Units,A,Normal value,PU,Public,,,66.16223907470703,67.89404296875,71.74217224121094,73.65339660644531,74.11544036865234,76.02810668945312,80.49024200439453,79.62962341308594,80.36003875732422,81.1397705078125,83.20881652832031,85.48062133789062,90.84718322753906,,90.03587341308594,,,,,,,,,,,,65.67730712890625,63.09220886230469,60.545021057128906,,59.99565124511719,,70.98799133300781,82.18502807617188,83.4297103881836,87.12618255615234,91.15055084228516,85.68115234375,99.27413940429688,,90.35841369628906,82.60739135742188,,,,,,,,,,
A,Annual,ZWE,Zimbabwe,WB_HCP_UISCR1,Primary school completion rate (%),F,Female,PT,Percentage,1,One,WB_HCP,Human Capital Project (HCP),0,Units,A,Normal value,PU,Public,,,,,,,,,,,,,,,73.55873107910156,,,,,,,,,,,,,,,85.96006774902344,,92.47998046875,90.01715087890625,90.1498565673828,,,,,,,,,87.75953674316406,87.13399505615234,85.54773712158203,89.68611907958984,89.6766128540039,89.52100372314453,90.0719985961914,89.27216339111328,91.1241683959961,86.14285278320312,86.64893341064453,
A,Annual,ZWE,Zimbabwe,WB_HCP_UISCR1,Primary school completion rate (%),M,Male,PT,Percentage,1,One,WB_HCP,Human Capital Project (HCP),0,Units,A,Normal value,PU,Public,,,,,,,,,,,,,,,88.2793197631836,,,,,,,,,,,,,,,99.69538879394533,,104.2096710205078,100.21173095703124,99.84211730957033,,,,,,,,,89.13607788085938,89.24610137939453,89.01695251464844,92.3252944946289,93.20487213134766,92.00547790527344,91.4037094116211,91.2274398803711,92.63340759277344,86.05528259277344,85.57476806640625,
A,Annual,ZWE,Zimbabwe,WB_HCP_UISCR1,Primary school completion rate (%),_T,Total,PT,Percentage,1,One,WB_HCP,Human Capital Project (HCP),0,Units,A,Normal value,PU,Public,,,,,,,,,,,,,,,81.08204650878906,,,,,,,,,,,,,,,92.5178680419922,,98.17794799804688,94.9628677368164,94.85079193115234,,,,,,,,,88.43437957763672,88.17015075683594,87.24935150146484,90.97954559326172,91.40516662597656,90.73931121826172,90.72624969482422,90.2321548461914,91.86690521240234,86.09962463378906,86.11693572998047,
