Country Name,Country Code,Series Name,Series Code,1990 [YR1990],1991 [YR1991],1992 [YR1992],1993 [YR1993],1994 [YR1994],1995 [YR1995],1996 [YR1996],1997 [YR1997],1998 [YR1998],1999 [YR1999],2000 [YR2000],2001 [YR2001],2002 [YR2002],2003 [YR2003],2004 [YR2004],2005 [YR2005],2006 [YR2006],2007 [YR2007],2008 [YR2008],2009 [YR2009],2010 [YR2010],2011 [YR2011],2012 [YR2012],2013 [YR2013],2014 [YR2014],2015 [YR2015],2016 [YR2016],2017 [YR2017],2018 [YR2018],2019 [YR2019],2020 [YR2020],2021 [YR2021],2022 [YR2022],2023 [YR2023],2024 [YR2024]
Canada,CAN,"UIS: Mean years of schooling (ISCED 1 or higher), population 25+ years, female",UIS.EA.MEAN.1T6.AG25T99.F,..,10.45075,..,..,..,..,..,..,..,..,..,12.35385,..,..,..,..,12.95977,..,..,..,..,13.22261,..,..,..,..,13.37727,..,..,..,..,..,..,..,..
Canada,CAN,"UIS: Mean years of schooling (ISCED 1 or higher), population 25+ years, male",UIS.EA.MEAN.1T6.AG25T99.M,..,10.81619,..,..,..,..,..,..,..,..,..,12.41921,..,..,..,..,13.01757,..,..,..,..,13.20592,..,..,..,..,13.25971,..,..,..,..,..,..,..,..
Canada,CAN,"UIS: Mean years of schooling (ISCED 1 or higher), population 25+ years, both sexes",UIS.EA.MEAN.1T6.AG25T99,..,10.62492,..,..,..,..,..,..,..,..,..,12.37847,..,..,..,..,12.9859,..,..,..,..,13.21356,..,..,..,..,13.32034,..,..,..,..,..,..,..,..
Canada,CAN,"Adult literacy rate, population 15+ years, both sexes (%)",SE.ADT.LITR.ZS,..,..,..,..,..,..,..,..,..,..,..,..,..,..,..,..,..,..,..,..,..,..,..,..,..,..,..,..,..,..,..,..,..,..,..
Albania,ALB,"UIS: Mean years of schooling (ISCED 1 or higher), population 25+ years, female",UIS.EA.MEAN.1T6.AG25T99.F,..,..,..,..,..,..,..,..,..,..,..,8.17181,..,..,..,..,..,..,8.68114,..,..,9.4937,9.94807,..,..,..,..,..,..,..,..,..,..,..,..
Albania,ALB,"UIS: Mean years of schooling (ISCED 1 or higher), population 25+ years, male",UIS.EA.MEAN.1T6.AG25T99.M,..,..,..,..,..,..,..,..,..,..,..,9.32291,..,..,..,..,..,..,9.70867,..,..,10.33097,10.36471,..,..,..,..,..,..,..,..,..,..,..,..
Albania,ALB,"UIS: Mean years of schooling (ISCED 1 or higher), population 25+ years, both sexes",UIS.EA.MEAN.1T6.AG25T99,..,..,..,..,..,..,..,..,..,..,..,8.74141,..,..,..,..,..,..,9.16803,..,..,9.90485,10.14573,..,..,..,..,..,..,..,..,..,..,..,..
Albania,ALB,"Adult literacy rate, population 15+ years, both sexes (%)",SE.ADT.LITR.ZS,..,..,..,..,..,..,..,..,..,..,..,98.71298,..,..,..,..,..,..,95.93864,..,..,96.8453,97.24697,..,..,..,..,..,98.14115,..,..,..,..,..,..
Algeria,DZA,"UIS: Mean years of schooling (ISCED 1 or higher), population 25+ years, female",UIS.EA.MEAN.1T6.AG25T99.F,..,..,..,..,..,..,..,..,..,..,..,..,..,..,..,..,..,..,6.57359,..,..,..,..,..,..,..,..,..,..,..,..,..,..,..,..
Algeria,DZA,"UIS: Mean years of schooling (ISCED 1 or higher), population 25+ years, male",UIS.EA.MEAN.1T6.AG25T99.M,..,..,..,..,..,..,..,..,..,..,..,..,..,..,..,..,..,..,8.22392,..,..,..,..,..,..,..,..,..,..,..,..,..,..,..,..
Algeria,DZA,"UIS: Mean years of schooling (ISCED 1 or higher), population 25+ years, both sexes",UIS.EA.MEAN.1T6.AG25T99,..,..,..,..,..,..,..,..,..,..,..,..,..,..,..,..,..,..,7.40254,..,..,..,..,..,..,..,..,..,..,..,..,..,..,..,..
Algeria,DZA,"Adult literacy rate, population 15+ years, both sexes (%)",SE.ADT.LITR.ZS,..,..,..,..,..,..,..,..,..,..,..,..,69.8735,..,..,..,72.64868,..,75.13605,..,..,..,..,..,..,..,..,..,81.40784,..,..,..,..,..,..
American Samoa,ASM,"UIS: Mean years of schooling (ISCED 1 or higher), population 25+ years, female",UIS.EA.MEAN.1T6.AG25T99.F,..,..,..,..,..,..,..,..,..,..,..,..,..,..,..,..,..,..,..,..,..,..,..,..,..,..,..,..,..,..,..,..,..,..,..
American Samoa,ASM,"UIS: Mean years of schooling (ISCED 1 or higher), population 25+ years, male",UIS.EA.MEAN.1T6.AG25T99.M,..,..,..,..,..,..,..,..,..,..,..,..,..,..,..,..,..,..,..,..,..,..,..,..,..,..,..,..,..,..,..,..,..,..,..
American Samoa,ASM,"UIS: Mean years of schooling (ISCED 1 or higher), population 25+ years, both sexes",UIS.EA.MEAN.1T6.AG25T99,..,..,..,..,..,..,..,..,..,..,..,..,..,..,..,..,..,..,..,..,..,..,..,..,..,..,..,..,..,..,..,..,..,..,..
American Samoa,ASM,"Adult literacy rate, population 15+ years, both sexes (%)",SE.ADT.LITR.ZS,..,..,..,..,..,..,..,..,..,..,..,..,..,..,..,..,..,..,..,..,..,..,..,..,..,..,..,..,..,..,..,..,..,..,..
Andorra,AND,"UIS: Mean years of schooling (ISCED 1 or higher), population 25+ years, female",UIS.EA.MEAN.1T6.AG25T99.F,..,..,..,..,..,..,..,..,..,..,..,..,..,10.15634,10.42723,9.81473,10.19616,..,..,..,..,..,..,..,10.53717,10.46091,10.43894,..,..,..,..,..,..,..,..
Andorra,AND,"UIS: Mean years of schooling (ISCED 1 or higher), population 25+ years, male",UIS.EA.MEAN.1T6.AG25T99.M,..,..,..,..,..,..,..,..,..,..,..,..,..,10.11029,10.59517,9.96462,10.22823,..,..,..,..,..,..,..,10.64441,10.57635,10.56401,..,..,..,..,..,..,..,..
Andorra,AND,"UIS: Mean years of schooling (ISCED 1 or higher), population 25+ years, both sexes",UIS.EA.MEAN.1T6.AG25T99,..,..,..,..,..,..,..,..,..,..,..,..,..,10.13419,10.51522,9.8935,10.21304,..,..,..,..,..,..,..,10.59014,10.51871,10.50176,..,..,..,..,..,..,..,..
Andorra,AND,"Adult literacy rate, population 15+ years, both sexes (%)",SE.ADT.LITR.ZS,..,..,..,..,..,..,..,..,..,..,..,..,..,..,..,..,..,..,..,..,..,..,..,..,..,..,..,..,..,..,..,..,..,..,..
Angola,AGO,"UIS: Mean years of schooling (ISCED 1 or higher), population 25+ years, female",UIS.EA.MEAN.1T6.AG25T99.F,..,..,..,..,..,..,..,..,..,..,..,..,..,..,..,..,..,..,..,..,..,..,..,..,3.13611,..,..,..,..,..,..,..,..,..,..
Angola,AGO,"UIS: Mean years of schooling (ISCED 1 or higher), population 25+ years, male",UIS.EA.MEAN.1T6.AG25T99.M,..,..,..,..,..,..,..,..,..,..,..,..,..,..,..,..,..,..,..,..,..,..,..,..,4.95799,..,..,..,..,..,..,..,..,..,..
Angola,AGO,"UIS: Mean years of schooling (ISCED 1 or higher), population 25+ years, both sexes",UIS.EA.MEAN.1T6.AG25T99,..,..,..,..,..,..,..,..,..,..,..,..,..,..,..,..,..,..,..,..,..,..,..,..,3.99596,..,..,..,..,..,..,..,..,..,..
Angola,AGO,"Adult literacy rate, population 15+ years, both sexes (%)",SE.ADT.LITR.ZS,..,..,..,..,..,..,..,..,..,..,..,67.40542,..,..,..,..,..,..,..,..,..,..,..,..,66.03011,..,..,..,..,..,..,..,..,..,..
Antigua and Barbuda,ATG,"UIS: Mean years of schooling (ISCED 1 or higher), population 25+ years, female",UIS.EA.MEAN.1T6.AG25T99.F,..,..,..,..,..,..,..,..,..,..,..,..,..,..,..,..,..,..,..,..,..,..,..,..,..,..,..,..,..,..,..,..,..,..,..
Antigua and Barbuda,ATG,"UIS: Mean years of schooling (ISCED 1 or higher), population 25+ years, male",UIS.EA.MEAN.1T6.AG25T99.M,..,..,..,..,..,..,..,..,..,..,..,..,..,..,..,..,..,..,..,..,..,..,..,..,..,..,..,..,..,..,..,..,..,..,..
Antigua and Barbuda,ATG,"UIS: Mean years of schooling (ISCED 1 or higher), population 25+ years, both sexes",UIS.EA.MEAN.1T6.AG25T99,..,..,..,..,..,..,..,..,..,..,..,..,..,..,..,..,..,..,..,..,..,..,..,..,..,..,..,..,..,..,..,..,..,..,..
Antigua and Barbuda,ATG,"Adult literacy rate, population 15+ years, both sexes (%)",SE.ADT.LITR.ZS,..,..,..,..,..,..,..,..,..,..,..,98.95,..,..,..,..,..,..,..,..,..,98.95,..,..,..,98.95,..,..,..,..,..,..,..,..,..
Arab World,ARB,"UIS: Mean years of schooling (ISCED 1 or higher), population 25+ years, female",UIS.EA.MEAN.1T6.AG25T99.F,..,..,..,..,..,..,..,..,..,..,..,..,..,..,..,..,..,..,..,..,..,..,..,..,..,..,..,..,..,..,..,..,..,..,..
Arab World,ARB,"UIS: Mean years of schooling (ISCED 1 or higher), population 25+ years, male",UIS.EA.MEAN.1T6.AG25T99.M,..,..,..,..,..,..,..,..,..,..,..,..,..,..,..,..,..,..,..,..,..,..,..,..,..,..,..,..,..,..,..,..,..,..,..
Arab World,ARB,"UIS: Mean years of schooling (ISCED 1 or higher), population 25+ years, both sexes",UIS.EA.MEAN.1T6.AG25T99,..,..,..,..,..,..,..,..,..,..,..,..,..,..,..,..,..,..,..,..,..,..,..,..,..,..,..,..,..,..,..,..,..,..,..
Arab World,ARB,"Adult literacy rate, population 15+ years, both sexes (%)",SE.ADT.LITR.ZS,53.75409,54.85839,55.79609,56.5178,57.35207,58.33942,59.80857,60.54454,61.72372,62.75603,63.68453,64.87778,66.04557,68.68774,69.63666,69.2184,68.13701,68.62272,69.62151,68.30745,69.24863,71.06061,74.43569,74.04358,75.71389,73.49939,74.8408,75.76682,72.86909,73.11425,..,..,..,..,..
Argentina,ARG,"UIS: Mean years of schooling (ISCED 1 or higher), population 25+ years, female",UIS.EA.MEAN.1T6.AG25T99.F,..,7.90297,..,..,..,..,..,..,..,..,..,8.87543,..,9.8852,..,..,10.40822,..,10.60842,10.77123,10.77528,10.87172,11.02336,11.08803,11.15414,11.16426,11.13786,..,11.34634,..,..,..,..,..,..
Argentina,ARG,"UIS: Mean years of schooling (ISCED 1 or higher), population 25+ years, male",UIS.EA.MEAN.1T6.AG25T99.M,..,8.13223,..,..,..,..,..,..,..,..,..,8.66949,..,9.72346,..,..,10.20164,..,10.39876,10.49547,10.59208,10.69722,10.68659,10.82681,10.80168,10.80888,10.83777,..,10.94502,..,..,..,..,..,..
Argentina,ARG,"UIS: Mean years of schooling (ISCED 1 or higher), population 25+ years, both sexes",UIS.EA.MEAN.1T6.AG25T99,..,8.01231,..,..,..,..,..,..,..,..,..,8.77841,..,9.80576,..,..,10.31451,..,10.51253,10.64455,10.69098,10.79015,10.86789,10.96858,10.99034,10.9999,10.99897,..,11.16078,..,..,..,..,..,..
Argentina,ARG,"Adult literacy rate, population 15+ years, both sexes (%)",SE.ADT.LITR.ZS,..,96.04072,..,..,..,..,..,..,..,..,..,97.19331,..,..,..,..,98.6108,..,..,98.98342,98.95497,99.10833,99.10523,99.12195,98.99389,99.17996,99.12501,..,99.00387,..,..,..,..,..,..
Armenia,ARM,"UIS: Mean years of schooling (ISCED 1 or higher), population 25+ years, female",UIS.EA.MEAN.1T6.AG25T99.F,..,..,..,..,..,..,..,..,..,..,..,10.34996,..,..,..,..,..,..,..,..,..,11.30488,..,..,..,11.70447,..,11.29839,..,..,..,..,..,..,..
Armenia,ARM,"UIS: Mean years of schooling (ISCED 1 or higher), population 25+ years, male",UIS.EA.MEAN.1T6.AG25T99.M,..,..,..,..,..,..,..,..,..,..,..,10.57222,..,..,..,..,..,..,..,..,..,11.31423,..,..,..,11.69459,..,11.30585,..,..,..,..,..,..,..
Armenia,ARM,"UIS: Mean years of schooling (ISCED 1 or higher), population 25+ years, both sexes",UIS.EA.MEAN.1T6.AG25T99,..,..,..,..,..,..,..,..,..,..,..,10.45174,..,..,..,..,..,..,..,..,..,11.30916,..,..,..,11.69998,..,11.30174,..,..,..,..,..,..,..
Armenia,ARM,"Adult literacy rate, population 15+ years, both sexes (%)",SE.ADT.LITR.ZS,..,..,..,..,..,..,..,..,..,..,..,99.40016,..,..,..,..,..,..,..,..,..,99.74441,..,..,..,..,..,99.73607,..,..,..,..,..,..,..
Aruba,ABW,"UIS: Mean years of schooling (ISCED 1 or higher), population 25+ years, female",UIS.EA.MEAN.1T6.AG25T99.F,..,6.2089,..,..,..,..,..,..,..,..,8.381,..,..,..,..,..,..,..,..,..,8.31384,..,..,..,..,..,..,..,..,..,..,..,..,..,..
Aruba,ABW,"UIS: Mean years of schooling (ISCED 1 or higher), population 25+ years, male",UIS.EA.MEAN.1T6.AG25T99.M,..,6.95676,..,..,..,..,..,..,..,..,8.93753,..,..,..,..,..,..,..,..,..,8.47793,..,..,..,..,..,..,..,..,..,..,..,..,..,..
Aruba,ABW,"UIS: Mean years of schooling (ISCED 1 or higher), population 25+ years, both sexes",UIS.EA.MEAN.1T6.AG25T99,..,6.56583,..,..,..,..,..,..,..,..,8.64122,..,..,..,..,..,..,..,..,..,8.38881,..,..,..,..,..,..,..,..,..,..,..,..,..,..
Aruba,ABW,"Adult literacy rate, population 15+ years, both sexes (%)",SE.ADT.LITR.ZS,..,..,..,..,..,..,..,..,..,..,97.29125,..,..,..,..,..,..,..,..,..,96.82264,..,..,..,..,..,..,..,97.80742,..,..,..,..,..,..
Australia,AUS,"UIS: Mean years of schooling (ISCED 1 or higher), population 25+ years, female",UIS.EA.MEAN.1T6.AG25T99.F,..,..,..,..,..,..,..,..,..,..,..,..,..,..,11.70693,11.76674,11.9365,12.03388,12.32278,12.39437,12.48122,12.60574,12.79733,12.07382,12.16779,12.2695,12.39655,12.40007,12.57725,..,..,..,..,..,..
Australia,AUS,"UIS: Mean years of schooling (ISCED 1 or higher), population 25+ years, male",UIS.EA.MEAN.1T6.AG25T99.M,..,..,..,..,..,..,..,..,..,..,..,..,..,..,11.93582,11.96301,12.01275,12.09753,12.26727,12.31448,12.34035,12.39005,12.61996,12.01944,12.22585,12.28096,12.37546,12.32045,12.43492,..,..,..,..,..,..
Australia,AUS,"UIS: Mean years of schooling (ISCED 1 or higher), population 25+ years, both sexes",UIS.EA.MEAN.1T6.AG25T99,..,..,..,..,..,..,..,..,..,..,..,..,..,..,11.82016,11.86393,11.97422,12.0655,12.29526,12.35454,12.41071,12.49883,12.70935,12.04686,12.1965,12.27517,12.38612,12.36087,12.50712,..,..,..,..,..,..
Australia,AUS,"Adult literacy rate, population 15+ years, both sexes (%)",SE.ADT.LITR.ZS,..,..,..,..,..,..,..,..,..,..,..,..,..,..,..,..,..,..,..,..,..,..,..,..,..,..,..,..,..,..,..,..,..,..,..
Austria,AUT,"UIS: Mean years of schooling (ISCED 1 or higher), population 25+ years, female",UIS.EA.MEAN.1T6.AG25T99.F,..,..,..,..,..,..,..,..,..,..,..,..,..,..,..,11.17828,..,11.08456,10.96874,11.27799,11.34412,11.33168,11.38065,11.44007,11.62955,11.74792,11.80643,11.87403,..,..,..,..,..,..,..
Austria,AUT,"UIS: Mean years of schooling (ISCED 1 or higher), population 25+ years, male",UIS.EA.MEAN.1T6.AG25T99.M,..,..,..,..,..,..,..,..,..,..,..,..,..,..,..,12.01947,..,12.06237,12.09947,12.14536,12.15625,12.16122,12.19072,12.20025,12.42884,12.46493,12.47828,12.49718,..,..,..,..,..,..,..
Austria,AUT,"UIS: Mean years of schooling (ISCED 1 or higher), population 25+ years, both sexes",UIS.EA.MEAN.1T6.AG25T99,..,..,..,..,..,..,..,..,..,..,..,..,..,..,..,11.58015,..,11.55305,11.49082,11.69434,11.73423,11.7306,11.77063,11.80627,12.0145,12.09431,12.09449,12.1759,..,..,..,..,..,..,..
Austria,AUT,"Adult literacy rate, population 15+ years, both sexes (%)",SE.ADT.LITR.ZS,..,..,..,..,..,..,..,..,..,..,..,..,..,..,..,..,..,..,..,..,..,..,..,..,..,..,..,..,..,..,..,..,..,..,..
Azerbaijan,AZE,"UIS: Mean years of schooling (ISCED 1 or higher), population 25+ years, female",UIS.EA.MEAN.1T6.AG25T99.F,..,..,..,..,..,..,..,..,..,9.4832,..,..,..,..,..,..,..,10.10761,10.1215,10.12927,10.15892,10.16167,10.16228,10.16551,10.16521,10.16084,10.2424,10.2201,..,..,..,..,..,..,..
Azerbaijan,AZE,"UIS: Mean years of schooling (ISCED 1 or higher), population 25+ years, male",UIS.EA.MEAN.1T6.AG25T99.M,..,..,..,..,..,..,..,..,..,10.41692,..,..,..,..,..,..,..,10.79378,10.80137,10.8049,10.79917,10.79847,10.80682,10.81234,10.81629,10.81695,10.8936,10.8944,..,..,..,..,..,..,..
Azerbaijan,AZE,"UIS: Mean years of schooling (ISCED 1 or higher), population 25+ years, both sexes",UIS.EA.MEAN.1T6.AG25T99,..,..,..,..,..,..,..,..,..,9.91747,..,..,..,..,..,..,..,10.43555,10.44655,10.45223,10.46595,10.46714,10.47151,10.47588,10.47768,10.47585,10.5554,10.5446,..,..,..,..,..,..,..
Azerbaijan,AZE,"Adult literacy rate, population 15+ years, both sexes (%)",SE.ADT.LITR.ZS,..,..,..,..,..,..,..,..,..,98.7918,..,..,..,..,..,..,..,99.59319,..,99.75984,99.77114,99.77863,99.77577,99.78936,99.78899,99.78806,99.79006,99.79123,..,..,..,..,..,..,..
"Bahamas, The",BHS,"UIS: Mean years of schooling (ISCED 1 or higher), population 25+ years, female",UIS.EA.MEAN.1T6.AG25T99.F,9.44987,..,..,..,..,..,..,..,..,..,11.23228,..,..,..,..,..,..,..,..,..,12.04617,..,..,..,..,..,..,..,..,..,..,..,..,..,..
"Bahamas, The",BHS,"UIS: Mean years of schooling (ISCED 1 or higher), population 25+ years, male",UIS.EA.MEAN.1T6.AG25T99.M,9.42157,..,..,..,..,..,..,..,..,..,10.80504,..,..,..,..,..,..,..,..,..,11.71435,..,..,..,..,..,..,..,..,..,..,..,..,..,..
"Bahamas, The",BHS,"UIS: Mean years of schooling (ISCED 1 or higher), population 25+ years, both sexes",UIS.EA.MEAN.1T6.AG25T99,9.43642,..,..,..,..,..,..,..,..,..,11.04335,..,..,..,..,..,..,..,..,..,11.89006,..,..,..,..,..,..,..,..,..,..,..,..,..,..
"Bahamas, The",BHS,"Adult literacy rate, population 15+ years, both sexes (%)",SE.ADT.LITR.ZS,..,..,..,..,..,..,..,..,..,..,..,..,..,..,..,..,..,..,..,..,..,..,..,..,..,..,..,..,..,..,..,..,..,..,..
Bahrain,BHR,"UIS: Mean years of schooling (ISCED 1 or higher), population 25+ years, female",UIS.EA.MEAN.1T6.AG25T99.F,..,4.8728,..,..,..,..,..,..,..,..,..,7.43526,..,..,..,..,..,..,..,..,7.9677,..,..,..,..,..,8.89221,9.08769,10.37557,..,..,..,..,..,..
Bahrain,BHR,"UIS: Mean years of schooling (ISCED 1 or higher), population 25+ years, male",UIS.EA.MEAN.1T6.AG25T99.M,..,5.37726,..,..,..,..,..,..,..,..,..,9.13532,..,..,..,..,..,..,..,..,8.03948,..,..,..,..,..,9.44099,9.72027,10.52958,..,..,..,..,..,..
Bahrain,BHR,"UIS: Mean years of schooling (ISCED 1 or higher), population 25+ years, both sexes",UIS.EA.MEAN.1T6.AG25T99,..,5.19348,..,..,..,..,..,..,..,..,..,8.52635,..,..,..,..,..,..,..,..,8.01587,..,..,..,..,..,9.25912,9.5192,10.47993,..,..,..,..,..,..
Bahrain,BHR,"Adult literacy rate, population 15+ years, both sexes (%)",SE.ADT.LITR.ZS,..,84.01383,..,..,..,..,..,..,..,..,..,86.54874,..,..,..,..,..,..,..,..,90.9774,..,..,..,..,..,97.06668,97.40389,97.46419,..,..,..,..,..,..
Bangladesh,BGD,"UIS: Mean years of schooling (ISCED 1 or higher), population 25+ years, female",UIS.EA.MEAN.1T6.AG25T99.F,..,..,..,..,..,..,..,..,..,..,..,3.77931,..,..,..,..,..,..,..,..,..,4.40422,4.53899,4.36723,4.59836,5.34107,5.43883,5.63924,5.79832,5.97717,..,..,..,..,..
Bangladesh,BGD,"UIS: Mean years of schooling (ISCED 1 or higher), population 25+ years, male",UIS.EA.MEAN.1T6.AG25T99.M,..,..,..,..,..,..,..,..,..,..,..,5.00275,..,..,..,..,..,..,..,..,..,6.00875,6.08224,5.74734,5.80048,6.63524,6.78132,6.90503,6.99896,7.14094,..,..,..,..,..
Bangladesh,BGD,"UIS: Mean years of schooling (ISCED 1 or higher), population 25+ years, both sexes",UIS.EA.MEAN.1T6.AG25T99,..,..,..,..,..,..,..,..,..,..,..,4.39687,..,..,..,..,..,..,..,..,..,5.19887,5.30234,5.06477,5.1944,5.98583,6.11389,6.27025,6.38588,6.54998,..,..,..,..,..
Bangladesh,BGD,"Adult literacy rate, population 15+ years, both sexes (%)",SE.ADT.LITR.ZS,..,35.3193,..,..,..,..,..,..,..,..,..,47.4855,..,..,..,..,..,46.6636,..,..,..,58.76918,57.86075,61.01554,61.0933,65.13733,72.75872,72.89297,73.9122,74.68446,..,..,..,..,..
Barbados,BRB,"UIS: Mean years of schooling (ISCED 1 or higher), population 25+ years, female",UIS.EA.MEAN.1T6.AG25T99.F,..,..,..,..,..,..,..,..,..,..,9.07628,..,..,..,..,..,..,..,..,..,..,..,..,..,..,..,..,..,..,..,..,..,..,..,..
Barbados,BRB,"UIS: Mean years of schooling (ISCED 1 or higher), population 25+ years, male",UIS.EA.MEAN.1T6.AG25T99.M,..,..,..,..,..,..,..,..,..,..,8.90166,..,..,..,..,..,..,..,..,..,..,..,..,..,..,..,..,..,..,..,..,..,..,..,..
Barbados,BRB,"UIS: Mean years of schooling (ISCED 1 or higher), population 25+ years, both sexes",UIS.EA.MEAN.1T6.AG25T99,..,..,..,..,..,..,..,..,..,..,8.99301,..,..,..,..,..,..,..,..,..,..,..,..,..,..,..,..,..,..,..,..,..,..,..,..
Barbados,BRB,"Adult literacy rate, population 15+ years, both sexes (%)",SE.ADT.LITR.ZS,..,..,..,..,99.6,..,..,..,..,..,..,..,..,..,99.6,..,..,..,..,..,..,..,..,..,99.6,..,..,..,..,..,..,..,..,..,..
Belarus,BLR,"UIS: Mean years of schooling (ISCED 1 or higher), population 25+ years, female",UIS.EA.MEAN.1T6.AG25T99.F,..,..,..,..,..,..,..,..,..,..,..,..,..,..,..,..,..,..,..,11.21051,..,..,..,..,..,..,..,..,..,..,..,..,..,..,..
Belarus,BLR,"UIS: Mean years of schooling (ISCED 1 or higher), population 25+ years, male",UIS.EA.MEAN.1T6.AG25T99.M,..,..,..,..,..,..,..,..,..,..,..,..,..,..,..,..,..,..,..,11.48874,..,..,..,..,..,..,..,..,..,..,..,..,..,..,..
Belarus,BLR,"UIS: Mean years of schooling (ISCED 1 or higher), population 25+ years, both sexes",UIS.EA.MEAN.1T6.AG25T99,..,..,..,..,..,..,..,..,..,..,..,..,..,..,..,..,..,..,..,11.33366,..,..,..,..,..,..,..,..,..,..,..,..,..,..,..
Belarus,BLR,"Adult literacy rate, population 15+ years, both sexes (%)",SE.ADT.LITR.ZS,..,..,..,..,..,..,..,..,..,99.59073,..,..,..,..,..,..,..,..,..,99.61706,..,..,..,..,..,..,..,..,99.75656,..,..,..,..,..,..
Belgium,BEL,"UIS: Mean years of schooling (ISCED 1 or higher), population 25+ years, female",UIS.EA.MEAN.1T6.AG25T99.F,..,..,..,..,..,..,..,..,..,..,..,..,..,..,..,..,10.82862,..,10.92404,11.08556,11.21817,11.2837,11.31801,11.44212,11.53974,11.83914,11.9353,12.22342,..,..,..,..,..,..,..
Belgium,BEL,"UIS: Mean years of schooling (ISCED 1 or higher), population 25+ years, male",UIS.EA.MEAN.1T6.AG25T99.M,..,..,..,..,..,..,..,..,..,..,..,..,..,..,..,..,11.28237,..,11.4472,11.55278,11.61493,11.6566,11.68096,11.86654,11.99596,12.19611,12.28219,12.5176,..,..,..,..,..,..,..
Belgium,BEL,"UIS: Mean years of schooling (ISCED 1 or higher), population 25+ years, both sexes",UIS.EA.MEAN.1T6.AG25T99,..,..,..,..,..,..,..,..,..,..,..,..,..,..,..,..,11.04704,..,11.17626,11.31094,11.40962,11.46376,11.49337,11.64727,11.76037,12.01187,12.10322,12.36665,..,..,..,..,..,..,..
Belgium,BEL,"Adult literacy rate, population 15+ years, both sexes (%)",SE.ADT.LITR.ZS,..,..,..,..,..,..,..,..,..,..,..,..,..,..,..,..,..,..,..,..,..,..,..,..,..,..,..,..,..,..,..,..,..,..,..
Belize,BLZ,"UIS: Mean years of schooling (ISCED 1 or higher), population 25+ years, female",UIS.EA.MEAN.1T6.AG25T99.F,..,5.56315,..,..,..,..,..,..,..,..,..,..,..,..,..,7.56265,..,..,..,..,10.5039,..,..,..,..,..,..,..,..,..,..,..,..,..,..
Belize,BLZ,"UIS: Mean years of schooling (ISCED 1 or higher), population 25+ years, male",UIS.EA.MEAN.1T6.AG25T99.M,..,5.69185,..,..,..,..,..,..,..,..,..,..,..,..,..,7.6684,..,..,..,..,10.49129,..,..,..,..,..,..,..,..,..,..,..,..,..,..
Belize,BLZ,"UIS: Mean years of schooling (ISCED 1 or higher), population 25+ years, both sexes",UIS.EA.MEAN.1T6.AG25T99,..,5.62865,..,..,..,..,..,..,..,..,..,..,..,..,..,7.61368,..,..,..,..,10.49766,..,..,..,..,..,..,..,..,..,..,..,..,..,..
Belize,BLZ,"Adult literacy rate, population 15+ years, both sexes (%)",SE.ADT.LITR.ZS,..,70.29842,..,..,..,..,..,..,..,..,76.90298,..,..,..,..,..,..,..,..,..,..,..,..,..,..,..,..,..,..,..,..,..,..,..,..
Benin,BEN,"UIS: Mean years of schooling (ISCED 1 or higher), population 25+ years, female",UIS.EA.MEAN.1T6.AG25T99.F,..,..,..,..,..,..,..,..,..,..,..,..,1.51295,..,..,..,..,..,..,..,..,..,..,..,..,..,..,..,..,..,..,..,..,..,..
Benin,BEN,"UIS: Mean years of schooling (ISCED 1 or higher), population 25+ years, male",UIS.EA.MEAN.1T6.AG25T99.M,..,..,..,..,..,..,..,..,..,..,..,..,3.57666,..,..,..,..,..,..,..,..,..,..,..,..,..,..,..,..,..,..,..,..,..,..
Benin,BEN,"UIS: Mean years of schooling (ISCED 1 or higher), population 25+ years, both sexes",UIS.EA.MEAN.1T6.AG25T99,..,..,1.65131,..,..,..,..,..,..,..,..,..,2.46291,..,..,..,..,..,..,..,..,..,..,..,..,..,..,..,..,..,..,..,..,..,..
Benin,BEN,"Adult literacy rate, population 15+ years, both sexes (%)",SE.ADT.LITR.ZS,..,..,27.24517,..,..,..,..,..,..,..,..,..,34.65785,..,..,..,28.70211,..,..,..,..,..,32.94882,..,..,..,..,..,42.3624,..,..,..,..,..,..
Bermuda,BMU,"UIS: Mean years of schooling (ISCED 1 or higher), population 25+ years, female",UIS.EA.MEAN.1T6.AG25T99.F,..,10.95102,..,..,..,..,..,..,..,..,12.81121,..,..,..,..,..,..,..,..,..,11.48717,..,..,..,..,..,12.92412,..,..,..,..,..,..,..,..
Bermuda,BMU,"UIS: Mean years of schooling (ISCED 1 or higher), population 25+ years, male",UIS.EA.MEAN.1T6.AG25T99.M,..,10.88448,..,..,..,..,..,..,..,..,12.74159,..,..,..,..,..,..,..,..,..,10.37681,..,..,..,..,..,12.12384,..,..,..,..,..,..,..,..
Bermuda,BMU,"UIS: Mean years of schooling (ISCED 1 or higher), population 25+ years, both sexes",UIS.EA.MEAN.1T6.AG25T99,..,10.91937,..,..,..,..,..,..,..,..,12.77649,..,..,..,..,..,..,..,..,..,10.96161,..,..,..,..,..,12.5439,..,..,..,..,..,..,..,..
Bermuda,BMU,"Adult literacy rate, population 15+ years, both sexes (%)",SE.ADT.LITR.ZS,..,..,..,..,..,..,..,..,..,..,..,..,..,..,..,..,..,..,..,..,..,..,..,..,..,..,..,..,..,..,..,..,..,..,..
Bhutan,BTN,"UIS: Mean years of schooling (ISCED 1 or higher), population 25+ years, female",UIS.EA.MEAN.1T6.AG25T99.F,..,..,..,..,..,..,..,..,..,..,..,..,..,..,..,..,..,..,..,..,..,..,1.48142,..,..,..,..,3.25487,..,..,..,..,..,..,..
Bhutan,BTN,"UIS: Mean years of schooling (ISCED 1 or higher), population 25+ years, male",UIS.EA.MEAN.1T6.AG25T99.M,..,..,..,..,..,..,..,..,..,..,..,..,..,..,..,..,..,..,..,..,..,..,2.98856,..,..,..,..,4.79342,..,..,..,..,..,..,..
Bhutan,BTN,"UIS: Mean years of schooling (ISCED 1 or higher), population 25+ years, both sexes",UIS.EA.MEAN.1T6.AG25T99,..,..,..,..,..,..,..,..,..,..,..,..,..,..,..,..,..,..,..,..,..,..,2.22245,..,..,..,..,4.0738,..,..,..,..,..,..,..
Bhutan,BTN,"Adult literacy rate, population 15+ years, both sexes (%)",SE.ADT.LITR.ZS,..,..,..,..,..,..,..,..,..,..,..,..,..,..,..,52.81469,..,..,..,..,..,..,55.31756,..,..,..,..,66.56115,..,..,..,..,..,..,..
Bolivia,BOL,"UIS: Mean years of schooling (ISCED 1 or higher), population 25+ years, female",UIS.EA.MEAN.1T6.AG25T99.F,..,..,5.33778,..,..,..,..,..,..,..,..,6.43097,..,..,..,..,6.50334,..,6.7306,7.01688,..,..,7.43796,..,..,7.98571,..,..,..,..,..,..,..,..,..
Bolivia,BOL,"UIS: Mean years of schooling (ISCED 1 or higher), population 25+ years, male",UIS.EA.MEAN.1T6.AG25T99.M,..,..,7.37612,..,..,..,..,..,..,..,..,8.34545,..,..,..,..,7.80086,..,8.16595,8.47627,..,..,8.64632,..,..,9.42212,..,..,..,..,..,..,..,..,..
Bolivia,BOL,"UIS: Mean years of schooling (ISCED 1 or higher), population 25+ years, both sexes",UIS.EA.MEAN.1T6.AG25T99,..,..,6.3234,..,..,..,..,..,..,..,..,7.36086,..,..,..,..,7.12275,..,7.41362,7.71865,..,..,8.03513,..,..,8.68271,..,..,..,..,..,..,..,..,..
Bolivia,BOL,"Adult literacy rate, population 15+ years, both sexes (%)",SE.ADT.LITR.ZS,..,..,79.99177,..,..,..,..,..,..,..,..,86.72367,..,..,..,..,..,90.74347,90.69811,91.16783,..,92.22615,94.46057,..,..,92.45508,..,..,..,..,..,..,..,..,..
Bosnia and Herzegovina,BIH,"UIS: Mean years of schooling (ISCED 1 or higher), population 25+ years, female",UIS.EA.MEAN.1T6.AG25T99.F,..,..,..,..,..,..,..,..,..,..,..,..,..,..,..,..,..,..,..,..,6.16797,6.31513,..,..,7.72184,7.86482,8.64397,..,8.85433,..,..,..,..,..,..
Bosnia and Herzegovina,BIH,"UIS: Mean years of schooling (ISCED 1 or higher), population 25+ years, male",UIS.EA.MEAN.1T6.AG25T99.M,..,..,..,..,..,..,..,..,..,..,..,..,..,..,..,..,..,..,..,..,8.17594,8.28774,..,..,10.23194,10.24624,10.86624,..,10.85816,..,..,..,..,..,..
Bosnia and Herzegovina,BIH,"UIS: Mean years of schooling (ISCED 1 or higher), population 25+ years, both sexes",UIS.EA.MEAN.1T6.AG25T99,..,..,..,..,..,..,..,..,..,..,..,..,..,..,..,..,..,..,..,..,7.13215,7.26067,..,..,8.91776,9.00841,9.7047,..,9.81787,..,..,..,..,..,..
Bosnia and Herzegovina,BIH,"Adult literacy rate, population 15+ years, both sexes (%)",SE.ADT.LITR.ZS,..,89.06359,..,..,..,..,..,..,..,..,96.6631,..,..,..,..,..,..,..,..,..,..,98.14204,..,96.99177,..,..,..,..,..,..,..,..,..,..,..
Botswana,BWA,"UIS: Mean years of schooling (ISCED 1 or higher), population 25+ years, female",UIS.EA.MEAN.1T6.AG25T99.F,..,..,..,..,..,..,..,..,..,..,..,..,..,..,..,..,..,..,..,..,..,..,..,..,..,..,..,..,..,..,..,..,..,..,..
Botswana,BWA,"UIS: Mean years of schooling (ISCED 1 or higher), population 25+ years, male",UIS.EA.MEAN.1T6.AG25T99.M,..,..,..,..,..,..,..,..,..,..,..,..,..,..,..,..,..,..,..,..,..,..,..,..,..,..,..,..,..,..,..,..,..,..,..
Botswana,BWA,"UIS: Mean years of schooling (ISCED 1 or higher), population 25+ years, both sexes",UIS.EA.MEAN.1T6.AG25T99,..,..,..,..,..,..,..,..,..,..,..,..,..,..,..,..,..,..,..,..,..,..,..,..,..,..,..,..,..,..,..,..,..,..,..
Botswana,BWA,"Adult literacy rate, population 15+ years, both sexes (%)",SE.ADT.LITR.ZS,..,68.58091,..,..,..,..,..,..,..,..,..,..,..,81.18871,..,..,..,..,..,..,..,..,..,86.82318,..,..,..,..,..,..,..,..,..,..,..
Brazil,BRA,"UIS: Mean years of schooling (ISCED 1 or higher), population 25+ years, female",UIS.EA.MEAN.1T6.AG25T99.F,..,..,..,..,..,..,..,..,..,..,..,..,..,..,6.13229,..,6.4898,6.68427,6.868,6.97453,7.81222,7.25046,7.47558,7.57417,7.67999,7.80522,7.91202,8.05524,8.18457,..,..,..,..,..,..
Brazil,BRA,"UIS: Mean years of schooling (ISCED 1 or higher), population 25+ years, male",UIS.EA.MEAN.1T6.AG25T99.M,..,..,..,..,..,..,..,..,..,..,..,..,..,..,5.92829,..,6.25586,6.43248,6.59531,6.69225,7.46755,6.89803,7.09856,7.14963,7.23203,7.36825,7.52919,7.62422,7.74927,..,..,..,..,..,..
Brazil,BRA,"UIS: Mean years of schooling (ISCED 1 or higher), population 25+ years, both sexes",UIS.EA.MEAN.1T6.AG25T99,..,..,..,..,..,..,..,..,..,..,..,..,..,..,6.03616,..,6.37938,6.56554,6.73979,6.84159,7.64748,7.08456,7.29775,7.37406,7.46925,7.59973,7.73256,7.8533,7.9813,..,..,..,..,..,..
Brazil,BRA,"Adult literacy rate, population 15+ years, both sexes (%)",SE.ADT.LITR.ZS,..,..,..,..,..,..,..,..,..,..,86.36788,..,..,..,88.61624,..,89.61523,90.00937,90.03662,90.29821,90.37918,91.41124,91.33785,91.48424,91.72943,92.0479,92.80844,93.07582,93.2275,..,..,..,..,..,..
British Virgin Islands,VGB,"UIS: Mean years of schooling (ISCED 1 or higher), population 25+ years, female",UIS.EA.MEAN.1T6.AG25T99.F,..,8.97065,..,..,..,..,..,..,..,..,..,..,..,..,..,..,..,..,..,..,..,..,..,..,..,..,..,..,..,..,..,..,..,..,..
British Virgin Islands,VGB,"UIS: Mean years of schooling (ISCED 1 or higher), population 25+ years, male",UIS.EA.MEAN.1T6.AG25T99.M,..,8.54176,..,..,..,..,..,..,..,..,..,..,..,..,..,..,..,..,..,..,..,..,..,..,..,..,..,..,..,..,..,..,..,..,..
British Virgin Islands,VGB,"UIS: Mean years of schooling (ISCED 1 or higher), population 25+ years, both sexes",UIS.EA.MEAN.1T6.AG25T99,..,8.74682,..,..,..,..,..,..,..,..,..,..,..,..,..,..,..,..,..,..,..,..,..,..,..,..,..,..,..,..,..,..,..,..,..
British Virgin Islands,VGB,"Adult literacy rate, population 15+ years, both sexes (%)",SE.ADT.LITR.ZS,..,..,..,..,..,..,..,..,..,..,..,..,..,..,..,..,..,..,..,..,..,..,..,..,..,..,..,..,..,..,..,..,..,..,..
Brunei Darussalam,BRN,"UIS: Mean years of schooling (ISCED 1 or higher), population 25+ years, female",UIS.EA.MEAN.1T6.AG25T99.F,..,..,..,..,..,..,..,..,..,..,..,..,..,..,..,..,..,..,..,..,..,11.35434,..,..,..,..,..,..,..,..,..,..,..,..,..
Brunei Darussalam,BRN,"UIS: Mean years of schooling (ISCED 1 or higher), population 25+ years, male",UIS.EA.MEAN.1T6.AG25T99.M,..,..,..,..,..,..,..,..,..,..,..,..,..,..,..,..,..,..,..,..,..,11.78021,..,..,..,..,..,..,..,..,..,..,..,..,..
Brunei Darussalam,BRN,"UIS: Mean years of schooling (ISCED 1 or higher), population 25+ years, both sexes",UIS.EA.MEAN.1T6.AG25T99,..,..,..,..,..,..,..,..,..,..,..,..,..,..,..,..,..,..,..,..,..,11.57398,..,..,..,..,..,..,..,..,..,..,..,..,..
Brunei Darussalam,BRN,"Adult literacy rate, population 15+ years, both sexes (%)",SE.ADT.LITR.ZS,..,87.80418,..,..,..,..,..,..,..,..,..,92.67113,..,..,..,..,..,..,..,..,..,96.08556,..,..,..,..,..,..,97.21411,..,..,..,..,..,..
Bulgaria,BGR,"UIS: Mean years of schooling (ISCED 1 or higher), population 25+ years, female",UIS.EA.MEAN.1T6.AG25T99.F,..,..,7.12013,..,..,..,..,..,..,..,..,9.94949,..,..,..,..,10.51141,10.62665,10.68306,10.75528,10.84866,10.90167,11.02433,11.15064,11.23119,11.37366,11.42072,11.46954,..,..,..,..,..,..,..
Bulgaria,BGR,"UIS: Mean years of schooling (ISCED 1 or higher), population 25+ years, male",UIS.EA.MEAN.1T6.AG25T99.M,..,..,7.50088,..,..,..,..,..,..,..,..,10.20855,..,..,..,..,10.53948,10.6667,10.69547,10.72627,10.7815,10.84131,10.94082,11.03837,11.05104,11.17374,11.20975,11.23978,..,..,..,..,..,..,..
Bulgaria,BGR,"UIS: Mean years of schooling (ISCED 1 or higher), population 25+ years, both sexes",UIS.EA.MEAN.1T6.AG25T99,..,..,7.30321,..,..,..,..,..,..,..,..,10.07289,..,..,..,..,10.52473,10.64563,10.68894,10.74154,10.81686,10.87309,10.98448,11.09708,11.14524,11.27833,11.32017,11.36009,..,..,..,..,..,..,..
Bulgaria,BGR,"Adult literacy rate, population 15+ years, both sexes (%)",SE.ADT.LITR.ZS,..,..,..,..,..,..,..,..,..,..,..,98.20356,..,..,..,..,..,..,..,..,..,98.35245,..,..,..,..,..,..,..,..,..,..,..,..,..
Burkina Faso,BFA,"UIS: Mean years of schooling (ISCED 1 or higher), population 25+ years, female",UIS.EA.MEAN.1T6.AG25T99.F,..,..,..,..,..,..,..,..,..,..,..,..,..,..,..,..,0.85071,0.27835,..,..,..,..,..,..,0.95034,..,..,..,..,..,..,..,..,..,..
Burkina Faso,BFA,"UIS: Mean years of schooling (ISCED 1 or higher), population 25+ years, male",UIS.EA.MEAN.1T6.AG25T99.M,..,..,..,..,..,..,..,..,..,..,..,..,..,..,..,..,1.87264,0.86775,..,..,..,..,..,..,1.88431,..,..,..,..,..,..,..,..,..,..
Burkina Faso,BFA,"UIS: Mean years of schooling (ISCED 1 or higher), population 25+ years, both sexes",UIS.EA.MEAN.1T6.AG25T99,..,..,..,..,..,..,..,..,..,..,..,..,..,..,..,..,1.31811,0.55934,..,..,..,..,..,..,1.37322,..,..,..,..,..,..,..,..,..,..
Burkina Faso,BFA,"Adult literacy rate, population 15+ years, both sexes (%)",SE.ADT.LITR.ZS,..,13.56923,..,..,..,..,12.84817,..,..,..,..,..,..,21.82292,..,23.5222,22.47258,28.29366,..,..,..,..,..,..,34.5994,..,..,..,41.22445,..,..,..,..,..,..
Burundi,BDI,"UIS: Mean years of schooling (ISCED 1 or higher), population 25+ years, female",UIS.EA.MEAN.1T6.AG25T99.F,0.82267,..,..,..,..,..,..,..,..,..,..,..,..,..,..,..,..,..,1.95577,..,..,..,..,..,1.57361,..,..,2.2259,..,..,..,..,..,..,..
Burundi,BDI,"UIS: Mean years of schooling (ISCED 1 or higher), population 25+ years, male",UIS.EA.MEAN.1T6.AG25T99.M,2.17978,..,..,..,..,..,..,..,..,..,..,..,..,..,..,..,..,..,2.90648,..,..,..,..,..,2.5364,..,..,3.45818,..,..,..,..,..,..,..
Burundi,BDI,"UIS: Mean years of schooling (ISCED 1 or higher), population 25+ years, both sexes",UIS.EA.MEAN.1T6.AG25T99,1.46178,..,..,..,..,..,..,..,..,..,..,..,..,..,..,..,..,..,2.43024,..,..,..,..,..,2.02313,..,..,2.80633,..,..,..,..,..,..,..
Burundi,BDI,"Adult literacy rate, population 15+ years, both sexes (%)",SE.ADT.LITR.ZS,37.38472,..,..,..,..,..,..,..,..,..,59.30362,..,..,..,..,..,..,..,48.08406,..,..,..,..,..,61.51349,..,..,68.37533,..,..,..,..,..,..,..
Cabo Verde,CPV,"UIS: Mean years of schooling (ISCED 1 or higher), population 25+ years, female",UIS.EA.MEAN.1T6.AG25T99.F,..,..,..,..,..,..,..,..,..,..,..,..,..,..,..,..,..,..,..,..,..,..,..,..,..,5.62767,..,..,..,..,..,..,..,..,..
Cabo Verde,CPV,"UIS: Mean years of schooling (ISCED 1 or higher), population 25+ years, male",UIS.EA.MEAN.1T6.AG25T99.M,..,..,..,..,..,..,..,..,..,..,..,..,..,..,..,..,..,..,..,..,..,..,..,..,..,6.13935,..,..,..,..,..,..,..,..,..
Cabo Verde,CPV,"UIS: Mean years of schooling (ISCED 1 or higher), population 25+ years, both sexes",UIS.EA.MEAN.1T6.AG25T99,..,..,..,..,..,..,..,..,..,..,..,..,..,..,..,..,..,..,..,..,..,..,..,..,..,5.87209,..,..,..,..,..,..,..,..,..
Cabo Verde,CPV,"Adult literacy rate, population 15+ years, both sexes (%)",SE.ADT.LITR.ZS,62.79686,..,..,..,..,..,..,..,..,..,76.11044,..,..,..,..,..,..,..,..,..,..,..,85.32779,..,..,86.79029,..,..,..,..,..,..,..,..,..
Cambodia,KHM,"UIS: Mean years of schooling (ISCED 1 or higher), population 25+ years, female",UIS.EA.MEAN.1T6.AG25T99.F,..,..,..,..,..,..,..,..,..,..,..,..,..,..,..,..,..,3.03059,3.11775,3.07606,..,..,..,..,2.89475,2.84888,..,..,..,..,..,..,..,..,..
Cambodia,KHM,"UIS: Mean years of schooling (ISCED 1 or higher), population 25+ years, male",UIS.EA.MEAN.1T6.AG25T99.M,..,..,..,..,..,..,..,..,..,..,..,..,..,..,..,..,..,5.03987,4.93125,5.02176,..,..,..,..,4.56417,4.76645,..,..,..,..,..,..,..,..,..
Cambodia,KHM,"UIS: Mean years of schooling (ISCED 1 or higher), population 25+ years, both sexes",UIS.EA.MEAN.1T6.AG25T99,..,..,..,..,..,..,..,..,..,..,..,..,..,..,..,..,..,3.95078,3.94855,3.96502,..,..,..,..,3.6013,3.67808,..,..,..,..,..,..,..,..,..
Cambodia,KHM,"Adult literacy rate, population 15+ years, both sexes (%)",SE.ADT.LITR.ZS,..,..,..,..,..,..,..,..,67.33503,..,..,..,..,..,73.60995,..,..,..,76.87129,76.13796,..,..,..,..,78.05509,80.52649,..,..,..,..,..,..,..,..,..
Cameroon,CMR,"UIS: Mean years of schooling (ISCED 1 or higher), population 25+ years, female",UIS.EA.MEAN.1T6.AG25T99.F,..,..,..,..,..,..,..,..,..,..,..,..,..,..,..,..,..,..,..,..,3.89979,..,..,..,..,..,..,..,..,..,..,..,..,..,..
Cameroon,CMR,"UIS: Mean years of schooling (ISCED 1 or higher), population 25+ years, male",UIS.EA.MEAN.1T6.AG25T99.M,..,..,..,..,..,..,..,..,..,..,..,..,..,..,..,..,..,..,..,..,6.6162,..,..,..,..,..,..,..,..,..,..,..,..,..,..
Cameroon,CMR,"UIS: Mean years of schooling (ISCED 1 or higher), population 25+ years, both sexes",UIS.EA.MEAN.1T6.AG25T99,..,..,..,..,..,..,..,..,..,..,..,..,..,..,..,..,..,..,..,..,5.2061,..,..,..,..,..,..,..,..,..,..,..,..,..,..
Cameroon,CMR,"Adult literacy rate, population 15+ years, both sexes (%)",SE.ADT.LITR.ZS,..,..,..,..,..,..,..,..,..,..,68.40916,..,..,..,..,..,..,70.67994,..,..,71.29051,..,..,..,..,..,..,..,77.07104,..,..,..,..,..,..
Caribbean small states,CSS,"UIS: Mean years of schooling (ISCED 1 or higher), population 25+ years, female",UIS.EA.MEAN.1T6.AG25T99.F,..,..,..,..,..,..,..,..,..,..,..,..,..,..,..,..,..,..,..,..,..,..,..,..,..,..,..,..,..,..,..,..,..,..,..
Caribbean small states,CSS,"UIS: Mean years of schooling (ISCED 1 or higher), population 25+ years, male",UIS.EA.MEAN.1T6.AG25T99.M,..,..,..,..,..,..,..,..,..,..,..,..,..,..,..,..,..,..,..,..,..,..,..,..,..,..,..,..,..,..,..,..,..,..,..
Caribbean small states,CSS,"UIS: Mean years of schooling (ISCED 1 or higher), population 25+ years, both sexes",UIS.EA.MEAN.1T6.AG25T99,..,..,..,..,..,..,..,..,..,..,..,..,..,..,..,..,..,..,..,..,..,..,..,..,..,..,..,..,..,..,..,..,..,..,..
Caribbean small states,CSS,"Adult literacy rate, population 15+ years, both sexes (%)",SE.ADT.LITR.ZS,..,..,..,86.24558,86.29176,86.5571,86.8034,87.05031,87.41764,87.09928,87.92161,88.22429,88.51087,88.78547,89.06016,89.36509,89.55641,90.15713,90.41947,90.64427,90.88846,91.08869,91.10729,91.17652,91.34948,91.44356,..,..,..,..,..,..,..,..,..
Cayman Islands,CYM,"UIS: Mean years of schooling (ISCED 1 or higher), population 25+ years, female",UIS.EA.MEAN.1T6.AG25T99.F,..,..,..,..,..,..,..,..,..,..,..,..,..,..,11.31797,11.93513,11.64607,12.80725,13.13894,..,..,..,..,..,13.70925,13.60882,..,..,..,..,..,..,..,..,..
Cayman Islands,CYM,"UIS: Mean years of schooling (ISCED 1 or higher), population 25+ years, male",UIS.EA.MEAN.1T6.AG25T99.M,..,..,..,..,..,..,..,..,..,..,..,..,..,..,11.22451,11.71655,11.5664,12.81397,12.80974,..,..,..,..,..,13.67883,13.39136,..,..,..,..,..,..,..,..,..
Cayman Islands,CYM,"UIS: Mean years of schooling (ISCED 1 or higher), population 25+ years, both sexes",UIS.EA.MEAN.1T6.AG25T99,..,..,..,..,..,..,..,..,..,..,..,..,..,..,11.27355,11.82601,11.60695,12.81068,12.97635,..,..,..,..,..,13.69486,13.50126,..,..,..,..,..,..,..,..,..
Cayman Islands,CYM,"Adult literacy rate, population 15+ years, both sexes (%)",SE.ADT.LITR.ZS,..,..,..,..,..,..,..,..,..,..,..,..,..,..,..,..,..,98.86782,..,..,..,..,..,..,..,..,..,..,..,..,..,..,..,..,..
Central African Republic,CAF,"UIS: Mean years of schooling (ISCED 1 or higher), population 25+ years, female",UIS.EA.MEAN.1T6.AG25T99.F,..,..,..,..,..,..,..,..,..,..,..,..,..,..,..,..,..,..,..,..,..,..,..,..,..,..,..,..,..,..,..,..,..,..,..
Central African Republic,CAF,"UIS: Mean years of schooling (ISCED 1 or higher), population 25+ years, male",UIS.EA.MEAN.1T6.AG25T99.M,..,..,..,..,..,..,..,..,..,..,..,..,..,..,..,..,..,..,..,..,..,..,..,..,..,..,..,..,..,..,..,..,..,..,..
Central African Republic,CAF,"UIS: Mean years of schooling (ISCED 1 or higher), population 25+ years, both sexes",UIS.EA.MEAN.1T6.AG25T99,..,..,..,..,..,..,..,..,..,..,..,..,..,..,..,..,..,..,..,..,..,..,..,..,..,..,..,..,..,..,..,..,..,..,..
Central African Republic,CAF,"Adult literacy rate, population 15+ years, both sexes (%)",SE.ADT.LITR.ZS,..,..,..,..,..,..,..,..,..,..,50.64517,..,..,..,..,..,..,..,..,..,36.75261,..,..,..,..,..,..,..,37.39582,..,..,..,..,..,..
Central Europe and the Baltics,CEB,"UIS: Mean years of schooling (ISCED 1 or higher), population 25+ years, female",UIS.EA.MEAN.1T6.AG25T99.F,..,..,..,..,..,..,..,..,..,..,..,..,..,..,..,..,..,..,..,..,..,..,..,..,..,..,..,..,..,..,..,..,..,..,..
Central Europe and the Baltics,CEB,"UIS: Mean years of schooling (ISCED 1 or higher), population 25+ years, male",UIS.EA.MEAN.1T6.AG25T99.M,..,..,..,..,..,..,..,..,..,..,..,..,..,..,..,..,..,..,..,..,..,..,..,..,..,..,..,..,..,..,..,..,..,..,..
Central Europe and the Baltics,CEB,"UIS: Mean years of schooling (ISCED 1 or higher), population 25+ years, both sexes",UIS.EA.MEAN.1T6.AG25T99,..,..,..,..,..,..,..,..,..,..,..,..,..,..,..,..,..,..,..,..,..,..,..,..,..,..,..,..,..,..,..,..,..,..,..
Central Europe and the Baltics,CEB,"Adult literacy rate, population 15+ years, both sexes (%)",SE.ADT.LITR.ZS,98.15035,98.19671,98.24695,98.28846,98.3342,98.37982,98.41951,98.45868,98.54301,98.47323,98.50885,98.53581,98.56584,98.58244,98.60523,98.62797,98.63563,98.65406,98.69185,98.89883,98.91722,98.93425,98.94539,98.95434,98.96629,98.97773,98.99103,..,..,..,..,..,..,..,..
Chad,TCD,"UIS: Mean years of schooling (ISCED 1 or higher), population 25+ years, female",UIS.EA.MEAN.1T6.AG25T99.F,..,..,..,..,..,..,..,..,..,..,..,..,..,..,0.6819,..,..,..,..,0.88604,..,..,..,..,..,..,..,..,..,..,..,..,..,..,..
Chad,TCD,"UIS: Mean years of schooling (ISCED 1 or higher), population 25+ years, male",UIS.EA.MEAN.1T6.AG25T99.M,..,..,..,..,..,..,..,..,..,..,..,..,..,..,2.20774,..,..,..,..,2.69185,..,..,..,..,..,..,..,..,..,..,..,..,..,..,..
Chad,TCD,"UIS: Mean years of schooling (ISCED 1 or higher), population 25+ years, both sexes",UIS.EA.MEAN.1T6.AG25T99,..,..,..,..,..,..,..,..,..,..,..,..,..,..,1.39732,..,..,..,..,1.76608,..,..,..,..,..,..,..,..,..,..,..,..,..,..,..
Chad,TCD,"Adult literacy rate, population 15+ years, both sexes (%)",SE.ADT.LITR.ZS,..,..,..,10.89465,..,..,..,..,..,..,25.65421,..,..,..,28.38143,..,..,..,..,..,..,..,..,..,..,26.00299,22.31155,..,..,..,..,..,..,..,..
Channel Islands,CHI,"UIS: Mean years of schooling (ISCED 1 or higher), population 25+ years, female",UIS.EA.MEAN.1T6.AG25T99.F,..,..,..,..,..,..,..,..,..,..,..,..,..,..,..,..,..,..,..,..,..,..,..,..,..,..,..,..,..,..,..,..,..,..,..
Channel Islands,CHI,"UIS: Mean years of schooling (ISCED 1 or higher), population 25+ years, male",UIS.EA.MEAN.1T6.AG25T99.M,..,..,..,..,..,..,..,..,..,..,..,..,..,..,..,..,..,..,..,..,..,..,..,..,..,..,..,..,..,..,..,..,..,..,..
Channel Islands,CHI,"UIS: Mean years of schooling (ISCED 1 or higher), population 25+ years, both sexes",UIS.EA.MEAN.1T6.AG25T99,..,..,..,..,..,..,..,..,..,..,..,..,..,..,..,..,..,..,..,..,..,..,..,..,..,..,..,..,..,..,..,..,..,..,..
Channel Islands,CHI,"Adult literacy rate, population 15+ years, both sexes (%)",SE.ADT.LITR.ZS,..,..,..,..,..,..,..,..,..,..,..,..,..,..,..,..,..,..,..,..,..,..,..,..,..,..,..,..,..,..,..,..,..,..,..
Chile,CHL,"UIS: Mean years of schooling (ISCED 1 or higher), population 25+ years, female",UIS.EA.MEAN.1T6.AG25T99.F,..,..,..,..,..,..,..,..,..,..,..,..,..,..,9.64265,..,..,9.72015,9.95721,..,9.74044,9.39188,..,10.27573,..,10.11266,..,10.47589,..,..,..,..,..,..,..
Chile,CHL,"UIS: Mean years of schooling (ISCED 1 or higher), population 25+ years, male",UIS.EA.MEAN.1T6.AG25T99.M,..,..,..,..,..,..,..,..,..,..,..,..,..,..,9.76223,..,..,9.89482,10.25715,..,9.96788,9.72013,..,10.63009,..,10.41543,..,10.7104,..,..,..,..,..,..,..
Chile,CHL,"UIS: Mean years of schooling (ISCED 1 or higher), population 25+ years, both sexes",UIS.EA.MEAN.1T6.AG25T99,..,..,..,..,..,..,..,..,..,..,..,..,..,..,9.70077,..,..,9.80265,10.1029,..,9.84954,9.5417,..,10.437,..,10.25012,..,10.58295,..,..,..,..,..,..,..
Chile,CHL,"Adult literacy rate, population 15+ years, both sexes (%)",SE.ADT.LITR.ZS,..,..,94.29114,..,..,..,..,..,..,..,..,..,95.71662,..,..,..,..,..,97.72245,97.66423,96.8186,96.70301,..,96.26706,..,96.87413,..,96.40228,..,..,..,..,..,..,..
China,CHN,"UIS: Mean years of schooling (ISCED 1 or higher), population 25+ years, female",UIS.EA.MEAN.1T6.AG25T99.F,..,..,..,..,..,..,..,..,..,..,5.26191,..,..,..,..,..,..,..,..,..,6.23849,..,..,..,..,..,..,..,..,..,..,..,..,..,..
China,CHN,"UIS: Mean years of schooling (ISCED 1 or higher), population 25+ years, male",UIS.EA.MEAN.1T6.AG25T99.M,..,..,..,..,..,..,..,..,..,..,6.56547,..,..,..,..,..,..,..,..,..,7.19333,..,..,..,..,..,..,..,..,..,..,..,..,..,..
China,CHN,"UIS: Mean years of schooling (ISCED 1 or higher), population 25+ years, both sexes",UIS.EA.MEAN.1T6.AG25T99,4.30935,..,..,..,..,..,..,..,..,..,5.92727,..,..,..,..,..,..,..,..,..,6.7208,..,..,..,..,..,..,..,..,..,..,..,..,..,..
China,CHN,"Adult literacy rate, population 15+ years, both sexes (%)",SE.ADT.LITR.ZS,77.78506,..,..,..,..,..,..,..,..,..,90.92021,..,..,..,..,..,..,..,..,..,95.12448,..,..,..,..,..,..,..,96.84089,..,..,..,..,..,..
Colombia,COL,"UIS: Mean years of schooling (ISCED 1 or higher), population 25+ years, female",UIS.EA.MEAN.1T6.AG25T99.F,..,..,..,..,..,..,..,..,..,..,..,..,..,..,7.05136,7.29199,6.82437,7.19764,7.32556,7.2915,7.42765,7.5646,7.67565,7.92102,8.09001,8.13985,8.33547,..,8.6229,..,..,..,..,..,..
Colombia,COL,"UIS: Mean years of schooling (ISCED 1 or higher), population 25+ years, male",UIS.EA.MEAN.1T6.AG25T99.M,..,..,..,..,..,..,..,..,..,..,..,..,..,..,7.16038,7.3422,6.82745,7.15081,7.29205,7.17478,7.33009,7.44012,7.54225,7.70563,7.85184,7.914,8.06313,..,8.30178,..,..,..,..,..,..
Colombia,COL,"UIS: Mean years of schooling (ISCED 1 or higher), population 25+ years, both sexes",UIS.EA.MEAN.1T6.AG25T99,..,..,..,6.51702,..,..,..,..,..,..,..,..,..,..,7.10344,7.31597,6.82584,7.17525,7.30956,7.23571,7.38101,7.5051,7.61184,7.81796,7.97602,8.03163,8.20492,..,8.46873,..,..,..,..,..,..
Colombia,COL,"Adult literacy rate, population 15+ years, both sexes (%)",SE.ADT.LITR.ZS,..,..,..,91.06309,..,..,91.20716,..,..,..,..,..,..,..,92.80378,92.84866,92.29968,92.65179,93.37818,93.24469,93.37233,93.58053,..,..,94.18625,94.24505,94.65385,..,95.09251,..,..,..,..,..,..
Comoros,COM,"UIS: Mean years of schooling (ISCED 1 or higher), population 25+ years, female",UIS.EA.MEAN.1T6.AG25T99.F,..,..,..,..,..,..,..,..,..,..,..,..,..,..,..,..,..,..,..,..,..,..,..,..,..,..,..,..,..,..,..,..,..,..,..
Comoros,COM,"UIS: Mean years of schooling (ISCED 1 or higher), population 25+ years, male",UIS.EA.MEAN.1T6.AG25T99.M,..,..,..,..,..,..,..,..,..,..,..,..,..,..,..,..,..,..,..,..,..,..,..,..,..,..,..,..,..,..,..,..,..,..,..
Comoros,COM,"UIS: Mean years of schooling (ISCED 1 or higher), population 25+ years, both sexes",UIS.EA.MEAN.1T6.AG25T99,..,..,..,..,..,..,..,..,..,..,..,..,..,..,..,..,..,..,..,..,..,..,..,..,..,..,..,..,..,..,..,..,..,..,..
Comoros,COM,"Adult literacy rate, population 15+ years, both sexes (%)",SE.ADT.LITR.ZS,..,..,..,..,..,..,..,..,..,..,68.48923,..,..,..,..,..,..,..,..,..,..,..,49.19614,..,..,..,..,..,58.81702,..,..,..,..,..,..
"Congo, Dem. Rep.",COD,"UIS: Mean years of schooling (ISCED 1 or higher), population 25+ years, female",UIS.EA.MEAN.1T6.AG25T99.F,..,..,..,..,..,..,..,..,..,..,..,..,..,..,..,..,..,..,..,..,..,..,..,4.45046,..,..,5.27478,..,..,..,..,..,..,..,..
"Congo, Dem. Rep.",COD,"UIS: Mean years of schooling (ISCED 1 or higher), population 25+ years, male",UIS.EA.MEAN.1T6.AG25T99.M,..,..,..,..,..,..,..,..,..,..,..,..,..,..,..,..,..,..,..,..,..,..,..,7.67626,..,..,8.37484,..,..,..,..,..,..,..,..
"Congo, Dem. Rep.",COD,"UIS: Mean years of schooling (ISCED 1 or higher), population 25+ years, both sexes",UIS.EA.MEAN.1T6.AG25T99,..,..,..,..,..,..,..,..,..,..,..,..,..,..,..,..,..,..,..,..,..,..,..,5.97349,..,..,6.76008,..,..,..,..,..,..,..,..
"Congo, Dem. Rep.",COD,"Adult literacy rate, population 15+ years, both sexes (%)",SE.ADT.LITR.ZS,..,..,..,..,..,..,..,..,..,..,..,67.17299,..,..,..,..,..,61.20555,..,..,..,..,75.01719,..,..,..,77.04268,..,..,..,..,..,..,..,..
"Congo, Rep.",COG,"UIS: Mean years of schooling (ISCED 1 or higher), population 25+ years, female",UIS.EA.MEAN.1T6.AG25T99.F,..,..,..,..,..,..,..,..,..,..,..,..,..,..,..,..,..,..,..,..,..,..,..,..,..,..,..,..,..,..,..,..,..,..,..
"Congo, Rep.",COG,"UIS: Mean years of schooling (ISCED 1 or higher), population 25+ years, male",UIS.EA.MEAN.1T6.AG25T99.M,..,..,..,..,..,..,..,..,..,..,..,..,..,..,..,..,..,..,..,..,..,..,..,..,..,..,..,..,..,..,..,..,..,..,..
"Congo, Rep.",COG,"UIS: Mean years of schooling (ISCED 1 or higher), population 25+ years, both sexes",UIS.EA.MEAN.1T6.AG25T99,..,..,..,..,..,..,..,..,..,..,..,..,..,..,..,..,..,..,..,..,..,..,..,..,..,..,..,..,..,..,..,..,..,..,..
"Congo, Rep.",COG,"Adult literacy rate, population 15+ years, both sexes (%)",SE.ADT.LITR.ZS,..,..,..,..,..,..,..,..,..,..,..,..,..,..,..,76.11479,..,..,..,..,..,79.31117,..,..,..,..,..,..,80.29876,..,..,..,..,..,..
Costa Rica,CRI,"UIS: Mean years of schooling (ISCED 1 or higher), population 25+ years, female",UIS.EA.MEAN.1T6.AG25T99.F,..,..,..,..,..,..,..,..,..,..,..,..,..,..,..,..,..,8.10002,8.41435,8.47072,8.37877,8.50441,8.56833,..,8.75991,8.68538,8.65825,..,8.85332,..,..,..,..,..,..
Costa Rica,CRI,"UIS: Mean years of schooling (ISCED 1 or higher), population 25+ years, male",UIS.EA.MEAN.1T6.AG25T99.M,..,..,..,..,..,..,..,..,..,..,..,..,..,..,..,..,..,8.14257,8.41093,8.50611,8.32439,8.44503,8.5079,..,8.77252,8.51083,8.49678,..,8.61567,..,..,..,..,..,..
Costa Rica,CRI,"UIS: Mean years of schooling (ISCED 1 or higher), population 25+ years, both sexes",UIS.EA.MEAN.1T6.AG25T99,..,..,..,..,..,..,..,..,..,..,..,..,..,..,..,..,..,8.12023,8.41274,8.48753,8.35297,8.47639,8.53973,..,8.76582,8.6025,8.582,..,8.74194,..,..,..,..,..,..
Costa Rica,CRI,"Adult literacy rate, population 15+ years, both sexes (%)",SE.ADT.LITR.ZS,..,..,..,..,..,..,..,..,..,..,94.86819,..,..,..,..,..,..,..,..,..,..,97.40658,..,..,..,..,..,..,97.86379,..,..,..,..,..,..
Cote d'Ivoire,CIV,"UIS: Mean years of schooling (ISCED 1 or higher), population 25+ years, female",UIS.EA.MEAN.1T6.AG25T99.F,..,..,..,..,..,..,..,..,5.70696,..,..,..,..,..,..,..,..,..,..,..,..,..,..,..,3.6554,..,..,..,..,..,..,..,..,..,..
Cote d'Ivoire,CIV,"UIS: Mean years of schooling (ISCED 1 or higher), population 25+ years, male",UIS.EA.MEAN.1T6.AG25T99.M,..,..,..,..,..,..,..,..,7.19528,..,..,..,..,..,..,..,..,..,..,..,..,..,..,..,5.20618,..,..,..,..,..,..,..,..,..,..
Cote d'Ivoire,CIV,"UIS: Mean years of schooling (ISCED 1 or higher), population 25+ years, both sexes",UIS.EA.MEAN.1T6.AG25T99,..,..,..,..,..,..,..,..,6.6771,..,..,..,..,..,..,..,..,..,..,..,..,..,..,..,4.45954,..,..,..,..,..,..,..,..,..,..
Cote d'Ivoire,CIV,"Adult literacy rate, population 15+ years, both sexes (%)",SE.ADT.LITR.ZS,..,..,..,..,..,..,..,..,36.35024,..,48.74076,..,..,..,..,..,..,..,..,..,..,..,40.98163,..,43.90842,..,..,..,47.16535,..,..,..,..,..,..
Croatia,HRV,"UIS: Mean years of schooling (ISCED 1 or higher), population 25+ years, female",UIS.EA.MEAN.1T6.AG25T99.F,..,5.46482,..,..,..,..,..,..,..,..,..,9.17287,..,..,..,..,..,..,..,..,..,10.66862,..,..,..,..,..,..,..,..,..,..,..,..,..
Croatia,HRV,"UIS: Mean years of schooling (ISCED 1 or higher), population 25+ years, male",UIS.EA.MEAN.1T6.AG25T99.M,..,7.375,..,..,..,..,..,..,..,..,..,10.84397,..,..,..,..,..,..,..,..,..,11.75478,..,..,..,..,..,..,..,..,..,..,..,..,..
Croatia,HRV,"UIS: Mean years of schooling (ISCED 1 or higher), population 25+ years, both sexes",UIS.EA.MEAN.1T6.AG25T99,..,6.35386,..,..,..,..,..,..,..,..,..,9.95522,..,..,..,..,..,..,..,..,..,11.1805,..,..,..,..,..,..,..,..,..,..,..,..,..
Croatia,HRV,"Adult literacy rate, population 15+ years, both sexes (%)",SE.ADT.LITR.ZS,..,96.70155,..,..,..,..,..,..,..,..,..,98.14668,..,..,..,..,..,..,..,..,..,99.12536,..,..,..,..,..,..,..,..,..,..,..,..,..
Cuba,CUB,"UIS: Mean years of schooling (ISCED 1 or higher), population 25+ years, female",UIS.EA.MEAN.1T6.AG25T99.F,..,..,..,..,..,..,..,..,..,..,..,..,9.82107,..,..,..,..,..,..,..,..,..,11.52818,..,..,..,..,..,..,..,..,..,..,..,..
Cuba,CUB,"UIS: Mean years of schooling (ISCED 1 or higher), population 25+ years, male",UIS.EA.MEAN.1T6.AG25T99.M,..,..,..,..,..,..,..,..,..,..,..,..,10.12693,..,..,..,..,..,..,..,..,..,11.54363,..,..,..,..,..,..,..,..,..,..,..,..
Cuba,CUB,"UIS: Mean years of schooling (ISCED 1 or higher), population 25+ years, both sexes",UIS.EA.MEAN.1T6.AG25T99,..,..,..,..,..,..,..,..,..,..,..,..,9.97212,..,..,..,..,..,..,..,..,..,11.53577,..,..,..,..,..,..,..,..,..,..,..,..
Cuba,CUB,"Adult literacy rate, population 15+ years, both sexes (%)",SE.ADT.LITR.ZS,..,..,..,..,..,..,..,..,..,..,..,..,99.79907,..,..,..,..,..,..,..,..,..,99.75253,..,..,..,..,..,..,..,..,..,..,..,..
Curacao,CUW,"UIS: Mean years of schooling (ISCED 1 or higher), population 25+ years, female",UIS.EA.MEAN.1T6.AG25T99.F,..,..,..,..,..,..,..,..,..,..,..,..,..,..,..,..,..,..,..,..,..,..,..,..,..,..,..,..,..,..,..,..,..,..,..
Curacao,CUW,"UIS: Mean years of schooling (ISCED 1 or higher), population 25+ years, male",UIS.EA.MEAN.1T6.AG25T99.M,..,..,..,..,..,..,..,..,..,..,..,..,..,..,..,..,..,..,..,..,..,..,..,..,..,..,..,..,..,..,..,..,..,..,..
Curacao,CUW,"UIS: Mean years of schooling (ISCED 1 or higher), population 25+ years, both sexes",UIS.EA.MEAN.1T6.AG25T99,..,..,..,..,..,..,..,..,..,..,..,..,..,..,..,..,..,..,..,..,..,..,..,..,..,..,..,..,..,..,..,..,..,..,..
Curacao,CUW,"Adult literacy rate, population 15+ years, both sexes (%)",SE.ADT.LITR.ZS,..,..,..,..,..,..,..,..,..,..,..,..,..,..,..,..,..,..,..,..,..,..,..,..,..,..,..,..,..,..,..,..,..,..,..
Cyprus,CYP,"UIS: Mean years of schooling (ISCED 1 or higher), population 25+ years, female",UIS.EA.MEAN.1T6.AG25T99.F,..,..,7.93886,..,..,..,..,..,..,..,..,..,..,..,10.03774,10.29697,10.59104,10.94115,11.04358,11.01053,11.20324,11.40515,11.69088,11.84554,11.82449,11.81581,12.07645,..,12.33963,..,..,..,..,..,..
Cyprus,CYP,"UIS: Mean years of schooling (ISCED 1 or higher), population 25+ years, male",UIS.EA.MEAN.1T6.AG25T99.M,..,..,9.3779,..,..,..,..,..,..,..,..,..,..,..,10.99984,11.10611,11.3272,11.59772,11.67859,11.66107,11.83545,11.91828,12.10016,12.30245,12.11058,12.09213,12.26718,..,12.42867,..,..,..,..,..,..
Cyprus,CYP,"UIS: Mean years of schooling (ISCED 1 or higher), population 25+ years, both sexes",UIS.EA.MEAN.1T6.AG25T99,..,..,8.63999,..,..,..,..,..,..,..,..,..,..,..,10.49881,10.68676,10.94641,11.2596,11.35351,11.33046,11.51399,11.64795,11.88498,12.06226,11.96018,11.94706,12.17123,..,12.38234,..,..,..,..,..,..
Cyprus,CYP,"Adult literacy rate, population 15+ years, both sexes (%)",SE.ADT.LITR.ZS,..,..,94.36247,..,..,..,..,..,..,..,..,96.80363,..,..,..,..,..,..,..,..,..,98.67843,..,..,..,..,..,..,..,..,..,..,..,..,..
Czechia,CZE,"UIS: Mean years of schooling (ISCED 1 or higher), population 25+ years, female",UIS.EA.MEAN.1T6.AG25T99.F,..,9.23823,..,..,..,..,..,..,..,..,..,..,..,..,..,..,11.75255,11.77938,11.84907,11.97356,12.06735,12.17617,12.26041,12.35463,12.39958,12.4673,12.53198,12.65044,..,..,..,..,..,..,..
Czechia,CZE,"UIS: Mean years of schooling (ISCED 1 or higher), population 25+ years, male",UIS.EA.MEAN.1T6.AG25T99.M,..,7.46006,..,..,..,..,..,..,..,..,..,..,..,..,..,..,12.52907,12.53813,12.56437,12.64197,12.7281,12.78345,12.79806,12.85533,12.89269,12.89289,12.95543,13.0049,..,..,..,..,..,..,..
Czechia,CZE,"UIS: Mean years of schooling (ISCED 1 or higher), population 25+ years, both sexes",UIS.EA.MEAN.1T6.AG25T99,..,8.29555,..,..,..,..,..,..,..,..,..,..,..,..,..,..,12.12254,12.14151,12.19182,12.29474,12.38508,12.46833,12.51996,12.59654,12.63814,12.67334,12.73709,12.82321,..,..,..,..,..,..,..
Czechia,CZE,"Adult literacy rate, population 15+ years, both sexes (%)",SE.ADT.LITR.ZS,..,..,..,..,..,..,..,..,..,..,..,..,..,..,..,..,..,..,..,..,..,..,..,..,..,..,99.83303,..,..,..,..,..,..,..,..
Denmark,DNK,"UIS: Mean years of schooling (ISCED 1 or higher), population 25+ years, female",UIS.EA.MEAN.1T6.AG25T99.F,..,11.29503,..,..,11.47495,11.5779,..,..,..,..,..,..,..,13.10576,13.14036,..,..,12.76518,12.78034,12.76414,12.50236,12.60001,12.90418,12.98135,12.30756,12.74771,12.94919,..,13.09416,..,..,..,..,..,..
Denmark,DNK,"UIS: Mean years of schooling (ISCED 1 or higher), population 25+ years, male",UIS.EA.MEAN.1T6.AG25T99.M,..,11.65156,..,..,11.73831,11.82047,..,..,..,..,..,..,..,12.98901,12.8762,..,..,12.70219,12.71513,12.35178,12.51088,12.49443,12.66725,12.20739,12.63642,12.47054,12.6494,..,12.64724,..,..,..,..,..,..
Denmark,DNK,"UIS: Mean years of schooling (ISCED 1 or higher), population 25+ years, both sexes",UIS.EA.MEAN.1T6.AG25T99,..,11.47442,..,..,11.60743,11.69995,..,..,..,..,..,..,..,13.05004,13.00126,..,..,12.73356,12.74565,12.55131,12.50462,12.54616,12.78526,12.83124,12.47035,12.60896,12.79885,..,12.87102,..,..,..,..,..,..
Denmark,DNK,"Adult literacy rate, population 15+ years, both sexes (%)",SE.ADT.LITR.ZS,..,..,..,..,..,..,..,..,..,..,..,..,..,..,..,..,..,..,..,..,..,..,..,..,..,..,..,..,..,..,..,..,..,..,..
Djibouti,DJI,"UIS: Mean years of schooling (ISCED 1 or higher), population 25+ years, female",UIS.EA.MEAN.1T6.AG25T99.F,..,..,..,..,..,..,..,..,..,..,..,..,..,..,..,..,..,..,..,..,..,..,..,..,..,..,..,..,..,..,..,..,..,..,..
Djibouti,DJI,"UIS: Mean years of schooling (ISCED 1 or higher), population 25+ years, male",UIS.EA.MEAN.1T6.AG25T99.M,..,..,..,..,..,..,..,..,..,..,..,..,..,..,..,..,..,..,..,..,..,..,..,..,..,..,..,..,..,..,..,..,..,..,..
Djibouti,DJI,"UIS: Mean years of schooling (ISCED 1 or higher), population 25+ years, both sexes",UIS.EA.MEAN.1T6.AG25T99,..,..,..,..,..,..,..,..,..,..,..,..,..,..,..,..,..,..,..,..,..,..,..,..,..,..,..,..,..,..,..,..,..,..,..
Djibouti,DJI,"Adult literacy rate, population 15+ years, both sexes (%)",SE.ADT.LITR.ZS,..,..,..,..,..,..,..,..,..,..,..,..,..,..,..,..,..,..,..,..,..,..,..,..,..,..,..,..,..,..,..,..,..,..,..
Dominica,DMA,"UIS: Mean years of schooling (ISCED 1 or higher), population 25+ years, female",UIS.EA.MEAN.1T6.AG25T99.F,..,..,..,..,..,..,..,..,..,..,..,7.8869,..,..,..,..,..,..,..,..,..,..,..,..,..,..,..,..,..,..,..,..,..,..,..
Dominica,DMA,"UIS: Mean years of schooling (ISCED 1 or higher), population 25+ years, male",UIS.EA.MEAN.1T6.AG25T99.M,..,..,..,..,..,..,..,..,..,..,..,7.63375,..,..,..,..,..,..,..,..,..,..,..,..,..,..,..,..,..,..,..,..,..,..,..
Dominica,DMA,"UIS: Mean years of schooling (ISCED 1 or higher), population 25+ years, both sexes",UIS.EA.MEAN.1T6.AG25T99,..,..,..,..,..,..,..,..,..,..,..,7.76032,..,..,..,..,..,..,..,..,..,..,..,..,..,..,..,..,..,..,..,..,..,..,..
Dominica,DMA,"Adult literacy rate, population 15+ years, both sexes (%)",SE.ADT.LITR.ZS,..,..,..,..,..,..,..,..,..,..,..,..,..,..,..,..,..,..,..,..,..,..,..,..,..,..,..,..,..,..,..,..,..,..,..
Dominican Republic,DOM,"UIS: Mean years of schooling (ISCED 1 or higher), population 25+ years, female",UIS.EA.MEAN.1T6.AG25T99.F,..,..,..,..,..,..,..,..,..,..,..,..,..,..,..,..,..,7.95703,..,..,7.54906,7.6501,7.80284,7.85488,8.02525,8.16977,9.323,..,..,..,..,..,..,..,..
Dominican Republic,DOM,"UIS: Mean years of schooling (ISCED 1 or higher), population 25+ years, male",UIS.EA.MEAN.1T6.AG25T99.M,..,..,..,..,..,..,..,..,..,..,..,..,..,..,..,..,..,7.46454,..,..,7.15105,7.2193,7.27231,7.39614,7.51413,7.50783,8.76437,..,..,..,..,..,..,..,..
Dominican Republic,DOM,"UIS: Mean years of schooling (ISCED 1 or higher), population 25+ years, both sexes",UIS.EA.MEAN.1T6.AG25T99,..,..,..,..,..,..,..,..,..,..,..,..,..,..,..,..,..,7.71572,..,..,7.35452,7.4401,7.54412,7.63264,7.77613,7.85017,9.05603,..,..,..,..,..,..,..,..
Dominican Republic,DOM,"Adult literacy rate, population 15+ years, both sexes (%)",SE.ADT.LITR.ZS,..,..,..,..,..,..,..,..,..,..,..,..,86.99647,..,..,..,..,88.24446,..,..,89.53873,90.10638,90.15518,90.85815,91.76376,91.99121,93.77846,..,..,..,..,..,..,..,..
Early-demographic dividend,EAR,"UIS: Mean years of schooling (ISCED 1 or higher), population 25+ years, female",UIS.EA.MEAN.1T6.AG25T99.F,..,..,..,..,..,..,..,..,..,..,..,..,..,..,..,..,..,..,..,..,..,..,..,..,..,..,..,..,..,..,..,..,..,..,..
Early-demographic dividend,EAR,"UIS: Mean years of schooling (ISCED 1 or higher), population 25+ years, male",UIS.EA.MEAN.1T6.AG25T99.M,..,..,..,..,..,..,..,..,..,..,..,..,..,..,..,..,..,..,..,..,..,..,..,..,..,..,..,..,..,..,..,..,..,..,..
Early-demographic dividend,EAR,"UIS: Mean years of schooling (ISCED 1 or higher), population 25+ years, both sexes",UIS.EA.MEAN.1T6.AG25T99,..,..,..,..,..,..,..,..,..,..,..,..,..,..,..,..,..,..,..,..,..,..,..,..,..,..,..,..,..,..,..,..,..,..,..
Early-demographic dividend,EAR,"Adult literacy rate, population 15+ years, both sexes (%)",SE.ADT.LITR.ZS,58.65625,59.13795,60.16296,60.94898,61.74475,62.53832,63.2736,63.93401,66.96092,67.5736,68.25022,68.67856,69.37243,70.40444,71.19389,70.98648,71.24602,72.05182,73.28067,74.14258,75.28292,75.288,75.91932,76.4219,77.23737,77.95578,78.5781,79.017,79.35413,79.84099,..,..,..,..,..
East Asia & Pacific,EAS,"UIS: Mean years of schooling (ISCED 1 or higher), population 25+ years, female",UIS.EA.MEAN.1T6.AG25T99.F,..,..,..,..,..,..,..,..,..,..,..,..,..,..,..,..,..,..,..,..,..,..,..,..,..,..,..,..,..,..,..,..,..,..,..
East Asia & Pacific,EAS,"UIS: Mean years of schooling (ISCED 1 or higher), population 25+ years, male",UIS.EA.MEAN.1T6.AG25T99.M,..,..,..,..,..,..,..,..,..,..,..,..,..,..,..,..,..,..,..,..,..,..,..,..,..,..,..,..,..,..,..,..,..,..,..
East Asia & Pacific,EAS,"UIS: Mean years of schooling (ISCED 1 or higher), population 25+ years, both sexes",UIS.EA.MEAN.1T6.AG25T99,..,..,..,..,..,..,..,..,..,..,..,..,..,..,..,..,..,..,..,..,..,..,..,..,..,..,..,..,..,..,..,..,..,..,..
East Asia & Pacific,EAS,"Adult literacy rate, population 15+ years, both sexes (%)",SE.ADT.LITR.ZS,80.41244,81.63425,82.16196,82.64431,83.21574,83.77915,84.27193,89.32095,89.67199,90.02174,90.31385,90.73948,91.12373,91.51487,91.86685,92.24869,92.67111,93.66003,93.92569,94.24691,94.26799,94.07524,94.31336,94.42037,94.91773,95.13827,95.27538,95.47143,95.62532,95.77401,..,..,..,..,..
East Asia & Pacific (excluding high income),EAP,"UIS: Mean years of schooling (ISCED 1 or higher), population 25+ years, female",UIS.EA.MEAN.1T6.AG25T99.F,..,..,..,..,..,..,..,..,..,..,..,..,..,..,..,..,..,..,..,..,..,..,..,..,..,..,..,..,..,..,..,..,..,..,..
East Asia & Pacific (excluding high income),EAP,"UIS: Mean years of schooling (ISCED 1 or higher), population 25+ years, male",UIS.EA.MEAN.1T6.AG25T99.M,..,..,..,..,..,..,..,..,..,..,..,..,..,..,..,..,..,..,..,..,..,..,..,..,..,..,..,..,..,..,..,..,..,..,..
East Asia & Pacific (excluding high income),EAP,"UIS: Mean years of schooling (ISCED 1 or higher), population 25+ years, both sexes",UIS.EA.MEAN.1T6.AG25T99,..,..,..,..,..,..,..,..,..,..,..,..,..,..,..,..,..,..,..,..,..,..,..,..,..,..,..,..,..,..,..,..,..,..,..
East Asia & Pacific (excluding high income),EAP,"Adult literacy rate, population 15+ years, both sexes (%)",SE.ADT.LITR.ZS,79.78748,81.12926,81.69489,82.21534,82.8107,83.39981,83.9193,89.55479,89.92096,90.24909,90.55647,91.00655,91.3847,91.75577,92.09282,92.4609,92.88399,93.96147,94.1986,94.51883,94.60774,94.45591,94.67794,94.77902,95.19567,95.40923,95.53955,95.72929,95.87912,96.02679,..,..,..,..,..
East Asia & Pacific (IDA & IBRD countries),TEA,"UIS: Mean years of schooling (ISCED 1 or higher), population 25+ years, female",UIS.EA.MEAN.1T6.AG25T99.F,..,..,..,..,..,..,..,..,..,..,..,..,..,..,..,..,..,..,..,..,..,..,..,..,..,..,..,..,..,..,..,..,..,..,..
East Asia & Pacific (IDA & IBRD countries),TEA,"UIS: Mean years of schooling (ISCED 1 or higher), population 25+ years, male",UIS.EA.MEAN.1T6.AG25T99.M,..,..,..,..,..,..,..,..,..,..,..,..,..,..,..,..,..,..,..,..,..,..,..,..,..,..,..,..,..,..,..,..,..,..,..
East Asia & Pacific (IDA & IBRD countries),TEA,"UIS: Mean years of schooling (ISCED 1 or higher), population 25+ years, both sexes",UIS.EA.MEAN.1T6.AG25T99,..,..,..,..,..,..,..,..,..,..,..,..,..,..,..,..,..,..,..,..,..,..,..,..,..,..,..,..,..,..,..,..,..,..,..
East Asia & Pacific (IDA & IBRD countries),TEA,"Adult literacy rate, population 15+ years, both sexes (%)",SE.ADT.LITR.ZS,79.52182,80.88,81.45362,81.98232,82.58658,83.18374,83.71184,89.42046,89.79142,90.12408,90.43613,90.89234,91.27607,91.65275,91.99475,92.36782,92.79654,93.8874,94.12742,94.45156,94.54157,94.38782,94.61258,94.71494,95.13671,95.35287,95.48483,95.67691,95.8286,95.9781,..,..,..,..,..
Ecuador,ECU,"UIS: Mean years of schooling (ISCED 1 or higher), population 25+ years, female",UIS.EA.MEAN.1T6.AG25T99.F,7.83218,..,..,..,..,..,..,..,..,..,..,..,..,..,..,..,..,7.56069,7.59577,7.60356,7.70531,7.77017,7.97031,8.17801,8.26393,8.62401,8.63291,8.70748,..,..,..,..,..,..,..
Ecuador,ECU,"UIS: Mean years of schooling (ISCED 1 or higher), population 25+ years, male",UIS.EA.MEAN.1T6.AG25T99.M,8.12754,..,..,..,..,..,..,..,..,..,..,..,..,..,..,..,..,7.8825,7.86353,7.88194,7.99968,8.05257,8.23151,8.40027,8.45845,8.77378,8.74512,8.81634,..,..,..,..,..,..,..
Ecuador,ECU,"UIS: Mean years of schooling (ISCED 1 or higher), population 25+ years, both sexes",UIS.EA.MEAN.1T6.AG25T99,7.98263,..,..,..,..,..,..,..,..,..,..,..,..,..,..,..,..,7.71475,7.72254,7.73594,7.84454,7.90427,8.09364,8.28354,8.35642,8.6958,8.68669,8.75957,..,..,..,..,..,..,..
Ecuador,ECU,"Adult literacy rate, population 15+ years, both sexes (%)",SE.ADT.LITR.ZS,88.29876,..,..,..,..,..,..,..,..,..,..,90.98403,..,..,..,..,..,92.09679,92.39005,92.24976,91.85404,91.5869,92.06473,93.29463,94.22264,94.45566,94.35023,92.82979,..,..,..,..,..,..,..
"Egypt, Arab Rep.",EGY,"UIS: Mean years of schooling (ISCED 1 or higher), population 25+ years, female",UIS.EA.MEAN.1T6.AG25T99.F,..,..,..,..,..,..,..,..,..,..,..,..,..,..,..,..,5.26466,..,..,..,..,..,..,..,..,..,..,9.00033,..,..,..,..,..,..,..
"Egypt, Arab Rep.",EGY,"UIS: Mean years of schooling (ISCED 1 or higher), population 25+ years, male",UIS.EA.MEAN.1T6.AG25T99.M,..,..,..,..,..,..,..,..,..,..,..,..,..,..,..,..,7.68153,..,..,..,..,..,..,..,..,..,..,9.12329,..,..,..,..,..,..,..
"Egypt, Arab Rep.",EGY,"UIS: Mean years of schooling (ISCED 1 or higher), population 25+ years, both sexes",UIS.EA.MEAN.1T6.AG25T99,..,..,..,..,..,..,..,..,..,..,..,..,..,..,..,..,6.49143,..,..,..,..,..,..,..,..,..,..,9.04345,..,..,..,..,..,..,..
"Egypt, Arab Rep.",EGY,"Adult literacy rate, population 15+ years, both sexes (%)",SE.ADT.LITR.ZS,..,..,..,..,..,..,55.587,..,..,..,..,..,..,..,..,67.33187,66.36991,..,..,..,72.04785,..,73.86559,72.4425,..,..,..,71.16825,..,..,..,..,..,..,..
El Salvador,SLV,"UIS: Mean years of schooling (ISCED 1 or higher), population 25+ years, female",UIS.EA.MEAN.1T6.AG25T99.F,..,..,3.96856,..,..,..,..,..,..,..,..,..,..,..,..,..,4.71995,5.32346,5.86733,6.04755,6.10047,6.08258,6.23738,6.12016,..,..,6.44097,6.55037,..,..,..,..,..,..,..
El Salvador,SLV,"UIS: Mean years of schooling (ISCED 1 or higher), population 25+ years, male",UIS.EA.MEAN.1T6.AG25T99.M,..,..,4.40628,..,..,..,..,..,..,..,..,..,..,..,..,..,6.54327,6.05664,6.71409,6.71644,6.68282,6.8239,7.02537,6.83256,..,..,7.17655,7.27203,..,..,..,..,..,..,..
El Salvador,SLV,"UIS: Mean years of schooling (ISCED 1 or higher), population 25+ years, both sexes",UIS.EA.MEAN.1T6.AG25T99,..,..,4.17258,..,..,..,..,..,..,..,..,..,..,..,..,..,5.91158,5.64834,6.24135,6.34359,6.36607,6.41084,6.5877,6.43581,..,..,6.76871,6.87305,..,..,..,..,..,..,..
El Salvador,SLV,"Adult literacy rate, population 15+ years, both sexes (%)",SE.ADT.LITR.ZS,..,..,74.14316,..,..,..,..,..,..,..,..,..,..,..,..,..,83.55946,82.02863,83.9513,84.10289,84.49272,85.49399,..,86.76758,..,87.96985,88.14177,88.48271,89.0086,..,..,..,..,..,..
Equatorial Guinea,GNQ,"UIS: Mean years of schooling (ISCED 1 or higher), population 25+ years, female",UIS.EA.MEAN.1T6.AG25T99.F,..,..,..,..,..,..,..,..,..,..,..,..,..,..,..,..,..,..,..,..,..,..,..,..,..,..,..,..,..,..,..,..,..,..,..
Equatorial Guinea,GNQ,"UIS: Mean years of schooling (ISCED 1 or higher), population 25+ years, male",UIS.EA.MEAN.1T6.AG25T99.M,..,..,..,..,..,..,..,..,..,..,..,..,..,..,..,..,..,..,..,..,..,..,..,..,..,..,..,..,..,..,..,..,..,..,..
Equatorial Guinea,GNQ,"UIS: Mean years of schooling (ISCED 1 or higher), population 25+ years, both sexes",UIS.EA.MEAN.1T6.AG25T99,..,..,..,..,..,..,..,..,..,..,..,..,..,..,..,..,..,..,..,..,..,..,..,..,..,..,..,..,..,..,..,..,..,..,..
Equatorial Guinea,GNQ,"Adult literacy rate, population 15+ years, both sexes (%)",SE.ADT.LITR.ZS,..,..,..,..,..,..,..,..,..,..,88.3083,..,..,..,..,..,..,..,..,..,94.37054,..,..,..,..,..,..,..,..,..,..,..,..,..,..
Eritrea,ERI,"UIS: Mean years of schooling (ISCED 1 or higher), population 25+ years, female",UIS.EA.MEAN.1T6.AG25T99.F,..,..,..,..,..,..,..,..,..,..,..,..,..,..,..,..,..,..,..,..,..,..,..,..,..,..,..,..,..,..,..,..,..,..,..
Eritrea,ERI,"UIS: Mean years of schooling (ISCED 1 or higher), population 25+ years, male",UIS.EA.MEAN.1T6.AG25T99.M,..,..,..,..,..,..,..,..,..,..,..,..,..,..,..,..,..,..,..,..,..,..,..,..,..,..,..,..,..,..,..,..,..,..,..
Eritrea,ERI,"UIS: Mean years of schooling (ISCED 1 or higher), population 25+ years, both sexes",UIS.EA.MEAN.1T6.AG25T99,..,..,..,..,..,..,..,..,..,..,..,..,..,..,..,..,..,..,..,..,..,..,..,..,..,..,..,..,..,..,..,..,..,..,..
Eritrea,ERI,"Adult literacy rate, population 15+ years, both sexes (%)",SE.ADT.LITR.ZS,..,..,..,..,..,..,..,..,..,..,..,..,52.51395,..,..,..,..,..,64.66297,..,..,..,..,..,..,..,..,..,76.57052,..,..,..,..,..,..
Estonia,EST,"UIS: Mean years of schooling (ISCED 1 or higher), population 25+ years, female",UIS.EA.MEAN.1T6.AG25T99.F,..,..,..,..,..,..,..,..,..,..,12.32089,..,..,..,..,..,13.83974,13.87046,13.94634,14.08173,14.10236,14.15533,14.18179,14.31603,14.31659,14.34462,14.33754,14.39414,14.50485,..,..,..,..,..,..
Estonia,EST,"UIS: Mean years of schooling (ISCED 1 or higher), population 25+ years, male",UIS.EA.MEAN.1T6.AG25T99.M,..,..,..,..,..,..,..,..,..,..,12.06322,..,..,..,..,..,13.39438,13.4011,13.37471,13.35181,13.3565,13.42878,13.50317,13.55092,13.34502,13.41,13.46562,13.49168,13.55174,..,..,..,..,..,..
Estonia,EST,"UIS: Mean years of schooling (ISCED 1 or higher), population 25+ years, both sexes",UIS.EA.MEAN.1T6.AG25T99,..,..,..,..,..,..,..,..,..,..,12.20844,..,..,..,..,..,13.63657,13.65608,13.68481,13.74732,13.76009,13.82121,13.86887,13.95539,13.85688,13.90054,13.92158,13.96194,14.04632,..,..,..,..,..,..
Estonia,EST,"Adult literacy rate, population 15+ years, both sexes (%)",SE.ADT.LITR.ZS,..,..,..,..,..,..,..,..,..,..,99.7672,..,..,..,..,..,..,..,..,..,..,99.88579,..,..,..,..,..,..,..,..,..,..,..,..,..
Eswatini,SWZ,"UIS: Mean years of schooling (ISCED 1 or higher), population 25+ years, female",UIS.EA.MEAN.1T6.AG25T99.F,..,..,..,..,..,..,..,..,..,..,..,..,..,..,..,..,..,..,..,..,..,..,..,..,..,..,..,..,..,..,..,..,..,..,..
Eswatini,SWZ,"UIS: Mean years of schooling (ISCED 1 or higher), population 25+ years, male",UIS.EA.MEAN.1T6.AG25T99.M,..,..,..,..,..,..,..,..,..,..,..,..,..,..,..,..,..,..,..,..,..,..,..,..,..,..,..,..,..,..,..,..,..,..,..
Eswatini,SWZ,"UIS: Mean years of schooling (ISCED 1 or higher), population 25+ years, both sexes",UIS.EA.MEAN.1T6.AG25T99,..,..,..,..,..,..,..,..,..,..,..,..,..,..,..,..,..,..,..,..,..,..,..,..,..,..,..,..,..,..,..,..,..,..,..
Eswatini,SWZ,"Adult literacy rate, population 15+ years, both sexes (%)",SE.ADT.LITR.ZS,..,..,..,..,..,..,..,..,..,..,81.6607,..,..,..,..,..,..,..,..,..,83.09829,..,..,..,..,..,..,..,88.41938,..,..,..,..,..,..
Ethiopia,ETH,"UIS: Mean years of schooling (ISCED 1 or higher), population 25+ years, female",UIS.EA.MEAN.1T6.AG25T99.F,..,..,..,..,..,..,..,..,..,..,..,..,..,..,..,..,..,1.24696,..,..,..,1.28021,..,..,..,..,..,..,..,..,..,..,..,..,..
Ethiopia,ETH,"UIS: Mean years of schooling (ISCED 1 or higher), population 25+ years, male",UIS.EA.MEAN.1T6.AG25T99.M,..,..,..,..,..,..,..,..,..,..,..,..,..,..,..,..,..,2.8281,..,..,..,3.25822,..,..,..,..,..,..,..,..,..,..,..,..,..
Ethiopia,ETH,"UIS: Mean years of schooling (ISCED 1 or higher), population 25+ years, both sexes",UIS.EA.MEAN.1T6.AG25T99,..,..,..,..,..,..,..,..,..,..,..,..,..,..,..,..,..,2.02394,..,..,..,2.17401,..,..,..,..,..,..,..,..,..,..,..,..,..
Ethiopia,ETH,"Adult literacy rate, population 15+ years, both sexes (%)",SE.ADT.LITR.ZS,..,..,..,..,27.01135,..,..,..,..,..,..,..,..,..,35.9,29.82034,..,38.99598,..,..,..,..,..,..,..,..,..,51.77118,..,..,..,..,..,..,..
Euro area,EMU,"UIS: Mean years of schooling (ISCED 1 or higher), population 25+ years, female",UIS.EA.MEAN.1T6.AG25T99.F,..,..,..,..,..,..,..,..,..,..,..,..,..,..,..,..,..,..,..,..,..,..,..,..,..,..,..,..,..,..,..,..,..,..,..
Euro area,EMU,"UIS: Mean years of schooling (ISCED 1 or higher), population 25+ years, male",UIS.EA.MEAN.1T6.AG25T99.M,..,..,..,..,..,..,..,..,..,..,..,..,..,..,..,..,..,..,..,..,..,..,..,..,..,..,..,..,..,..,..,..,..,..,..
Euro area,EMU,"UIS: Mean years of schooling (ISCED 1 or higher), population 25+ years, both sexes",UIS.EA.MEAN.1T6.AG25T99,..,..,..,..,..,..,..,..,..,..,..,..,..,..,..,..,..,..,..,..,..,..,..,..,..,..,..,..,..,..,..,..,..,..,..
Euro area,EMU,"Adult literacy rate, population 15+ years, both sexes (%)",SE.ADT.LITR.ZS,..,..,..,..,..,..,..,..,..,..,..,..,..,..,..,..,..,..,..,..,..,..,..,..,..,..,..,..,..,..,..,..,..,..,..
Europe & Central Asia,ECS,"UIS: Mean years of schooling (ISCED 1 or higher), population 25+ years, female",UIS.EA.MEAN.1T6.AG25T99.F,..,..,..,..,..,..,..,..,..,..,..,..,..,..,..,..,..,..,..,..,..,..,..,..,..,..,..,..,..,..,..,..,..,..,..
Europe & Central Asia,ECS,"UIS: Mean years of schooling (ISCED 1 or higher), population 25+ years, male",UIS.EA.MEAN.1T6.AG25T99.M,..,..,..,..,..,..,..,..,..,..,..,..,..,..,..,..,..,..,..,..,..,..,..,..,..,..,..,..,..,..,..,..,..,..,..
Europe & Central Asia,ECS,"UIS: Mean years of schooling (ISCED 1 or higher), population 25+ years, both sexes",UIS.EA.MEAN.1T6.AG25T99,..,..,..,..,..,..,..,..,..,..,..,..,..,..,..,..,..,..,..,..,..,..,..,..,..,..,..,..,..,..,..,..,..,..,..
Europe & Central Asia,ECS,"Adult literacy rate, population 15+ years, both sexes (%)",SE.ADT.LITR.ZS,..,..,..,..,95.67233,95.81139,95.97294,96.09913,96.24655,96.36094,96.42076,96.51696,96.69612,96.7902,96.91914,96.92447,97.07691,97.08747,97.24707,97.41753,97.58095,97.89368,97.99822,98.06864,98.11635,98.16487,98.25479,98.27192,98.33352,98.37897,..,..,..,..,..
Europe & Central Asia (excluding high income),ECA,"UIS: Mean years of schooling (ISCED 1 or higher), population 25+ years, female",UIS.EA.MEAN.1T6.AG25T99.F,..,..,..,..,..,..,..,..,..,..,..,..,..,..,..,..,..,..,..,..,..,..,..,..,..,..,..,..,..,..,..,..,..,..,..
Europe & Central Asia (excluding high income),ECA,"UIS: Mean years of schooling (ISCED 1 or higher), population 25+ years, male",UIS.EA.MEAN.1T6.AG25T99.M,..,..,..,..,..,..,..,..,..,..,..,..,..,..,..,..,..,..,..,..,..,..,..,..,..,..,..,..,..,..,..,..,..,..,..
Europe & Central Asia (excluding high income),ECA,"UIS: Mean years of schooling (ISCED 1 or higher), population 25+ years, both sexes",UIS.EA.MEAN.1T6.AG25T99,..,..,..,..,..,..,..,..,..,..,..,..,..,..,..,..,..,..,..,..,..,..,..,..,..,..,..,..,..,..,..,..,..,..,..
Europe & Central Asia (excluding high income),ECA,"Adult literacy rate, population 15+ years, both sexes (%)",SE.ADT.LITR.ZS,95.51211,95.54319,95.66255,95.78306,95.90112,96.02189,96.20564,96.31779,96.65229,96.7486,96.86665,96.9455,97.03178,97.10566,97.28277,97.49642,97.45502,97.55095,97.55498,98.06337,98.37868,98.63469,98.76822,98.81672,98.84981,98.87846,98.99888,98.97246,99.00774,99.04349,..,..,..,..,..
Europe & Central Asia (IDA & IBRD countries),TEC,"UIS: Mean years of schooling (ISCED 1 or higher), population 25+ years, female",UIS.EA.MEAN.1T6.AG25T99.F,..,..,..,..,..,..,..,..,..,..,..,..,..,..,..,..,..,..,..,..,..,..,..,..,..,..,..,..,..,..,..,..,..,..,..
Europe & Central Asia (IDA & IBRD countries),TEC,"UIS: Mean years of schooling (ISCED 1 or higher), population 25+ years, male",UIS.EA.MEAN.1T6.AG25T99.M,..,..,..,..,..,..,..,..,..,..,..,..,..,..,..,..,..,..,..,..,..,..,..,..,..,..,..,..,..,..,..,..,..,..,..
Europe & Central Asia (IDA & IBRD countries),TEC,"UIS: Mean years of schooling (ISCED 1 or higher), population 25+ years, both sexes",UIS.EA.MEAN.1T6.AG25T99,..,..,..,..,..,..,..,..,..,..,..,..,..,..,..,..,..,..,..,..,..,..,..,..,..,..,..,..,..,..,..,..,..,..,..
Europe & Central Asia (IDA & IBRD countries),TEC,"Adult literacy rate, population 15+ years, both sexes (%)",SE.ADT.LITR.ZS,95.8666,95.90319,96.01412,96.12406,96.2331,96.34434,96.5065,96.60855,96.90092,96.96106,97.06623,97.13755,97.21596,97.28034,97.43356,97.61785,97.58544,97.66927,97.67837,98.15779,98.42805,98.64799,98.76374,98.80722,98.8376,98.86424,98.96905,98.94835,98.98051,99.01315,..,..,..,..,..
European Union,EUU,"UIS: Mean years of schooling (ISCED 1 or higher), population 25+ years, female",UIS.EA.MEAN.1T6.AG25T99.F,..,..,..,..,..,..,..,..,..,..,..,..,..,..,..,..,..,..,..,..,..,..,..,..,..,..,..,..,..,..,..,..,..,..,..
European Union,EUU,"UIS: Mean years of schooling (ISCED 1 or higher), population 25+ years, male",UIS.EA.MEAN.1T6.AG25T99.M,..,..,..,..,..,..,..,..,..,..,..,..,..,..,..,..,..,..,..,..,..,..,..,..,..,..,..,..,..,..,..,..,..,..,..
European Union,EUU,"UIS: Mean years of schooling (ISCED 1 or higher), population 25+ years, both sexes",UIS.EA.MEAN.1T6.AG25T99,..,..,..,..,..,..,..,..,..,..,..,..,..,..,..,..,..,..,..,..,..,..,..,..,..,..,..,..,..,..,..,..,..,..,..
European Union,EUU,"Adult literacy rate, population 15+ years, both sexes (%)",SE.ADT.LITR.ZS,..,..,..,..,..,..,..,..,..,..,..,..,..,..,..,..,..,..,..,..,..,..,..,..,..,..,..,..,..,..,..,..,..,..,..
Faroe Islands,FRO,"UIS: Mean years of schooling (ISCED 1 or higher), population 25+ years, female",UIS.EA.MEAN.1T6.AG25T99.F,..,..,..,..,..,..,..,..,..,..,..,..,..,..,..,..,..,..,..,..,..,..,..,..,..,..,..,..,..,..,..,..,..,..,..
Faroe Islands,FRO,"UIS: Mean years of schooling (ISCED 1 or higher), population 25+ years, male",UIS.EA.MEAN.1T6.AG25T99.M,..,..,..,..,..,..,..,..,..,..,..,..,..,..,..,..,..,..,..,..,..,..,..,..,..,..,..,..,..,..,..,..,..,..,..
Faroe Islands,FRO,"UIS: Mean years of schooling (ISCED 1 or higher), population 25+ years, both sexes",UIS.EA.MEAN.1T6.AG25T99,..,..,..,..,..,..,..,..,..,..,..,..,..,..,..,..,..,..,..,..,..,..,..,..,..,..,..,..,..,..,..,..,..,..,..
Faroe Islands,FRO,"Adult literacy rate, population 15+ years, both sexes (%)",SE.ADT.LITR.ZS,..,..,..,..,..,..,..,..,..,..,..,..,..,..,..,..,..,..,..,..,..,..,..,..,..,..,..,..,..,..,..,..,..,..,..
Fiji,FJI,"UIS: Mean years of schooling (ISCED 1 or higher), population 25+ years, female",UIS.EA.MEAN.1T6.AG25T99.F,..,..,..,..,..,..,7.41289,..,..,..,..,..,..,..,..,..,..,9.26749,..,..,..,..,..,..,..,..,..,10.99611,..,..,..,..,..,..,..
Fiji,FJI,"UIS: Mean years of schooling (ISCED 1 or higher), population 25+ years, male",UIS.EA.MEAN.1T6.AG25T99.M,..,..,..,..,..,..,8.00874,..,..,..,..,..,..,..,..,..,..,9.30318,..,..,..,..,..,..,..,..,..,10.80757,..,..,..,..,..,..,..
Fiji,FJI,"UIS: Mean years of schooling (ISCED 1 or higher), population 25+ years, both sexes",UIS.EA.MEAN.1T6.AG25T99,..,..,..,..,..,..,7.71127,..,..,..,..,..,..,..,..,..,..,9.28579,..,..,..,..,..,..,..,..,..,10.90163,..,..,..,..,..,..,..
Fiji,FJI,"Adult literacy rate, population 15+ years, both sexes (%)",SE.ADT.LITR.ZS,..,..,..,..,..,..,92.94289,..,..,..,..,..,..,..,..,..,..,..,..,..,..,..,..,..,..,..,..,99.08211,..,..,..,..,..,..,..
Finland,FIN,"UIS: Mean years of schooling (ISCED 1 or higher), population 25+ years, female",UIS.EA.MEAN.1T6.AG25T99.F,8.99301,..,..,..,..,..,..,..,..,..,..,..,..,12.53864,..,12.66569,12.73312,12.79482,12.86827,12.92677,12.98702,13.04491,12.84422,12.74597,12.80955,12.85863,..,12.99106,..,..,..,..,..,..,..
Finland,FIN,"UIS: Mean years of schooling (ISCED 1 or higher), population 25+ years, male",UIS.EA.MEAN.1T6.AG25T99.M,9.44821,..,..,..,..,..,..,..,..,..,..,..,..,12.43857,..,12.51764,12.55799,12.5932,12.63468,12.67271,12.7145,12.74866,12.64911,12.49835,12.53882,12.5604,..,12.64766,..,..,..,..,..,..,..
Finland,FIN,"UIS: Mean years of schooling (ISCED 1 or higher), population 25+ years, both sexes",UIS.EA.MEAN.1T6.AG25T99,9.20847,..,..,..,..,..,..,..,..,..,..,..,..,12.49063,..,12.59455,12.64892,12.69778,12.7557,12.80424,12.85547,12.90178,12.74987,12.62611,12.67839,12.714,..,12.82413,..,..,..,..,..,..,..
Finland,FIN,"Adult literacy rate, population 15+ years, both sexes (%)",SE.ADT.LITR.ZS,..,..,..,..,..,..,..,..,..,..,..,..,..,..,..,..,..,..,..,..,..,..,..,..,..,..,..,..,..,..,..,..,..,..,..
Fragile and conflict affected situations,FCS,"UIS: Mean years of schooling (ISCED 1 or higher), population 25+ years, female",UIS.EA.MEAN.1T6.AG25T99.F,..,..,..,..,..,..,..,..,..,..,..,..,..,..,..,..,..,..,..,..,..,..,..,..,..,..,..,..,..,..,..,..,..,..,..
Fragile and conflict affected situations,FCS,"UIS: Mean years of schooling (ISCED 1 or higher), population 25+ years, male",UIS.EA.MEAN.1T6.AG25T99.M,..,..,..,..,..,..,..,..,..,..,..,..,..,..,..,..,..,..,..,..,..,..,..,..,..,..,..,..,..,..,..,..,..,..,..
Fragile and conflict affected situations,FCS,"UIS: Mean years of schooling (ISCED 1 or higher), population 25+ years, both sexes",UIS.EA.MEAN.1T6.AG25T99,..,..,..,..,..,..,..,..,..,..,..,..,..,..,..,..,..,..,..,..,..,..,..,..,..,..,..,..,..,..,..,..,..,..,..
Fragile and conflict affected situations,FCS,"Adult literacy rate, population 15+ years, both sexes (%)",SE.ADT.LITR.ZS,56.67658,57.37301,57.823,58.28946,59.22069,60.09626,60.72531,61.5854,62.45851,63.12662,60.74933,61.56154,62.02092,61.98641,63.12842,63.3392,64.62337,60.51328,60.53365,60.02249,60.28729,60.10028,62.01157,62.43823,63.40736,62.14889,64.272,65.00602,63.49599,63.74937,..,..,..,..,..
France,FRA,"UIS: Mean years of schooling (ISCED 1 or higher), population 25+ years, female",UIS.EA.MEAN.1T6.AG25T99.F,7.24938,..,..,..,..,..,..,..,..,..,..,..,..,..,10.09839,10.18975,..,10.49018,10.59213,10.69078,10.71763,10.81051,10.91324,11.0551,11.03326,11.17825,11.18776,11.26852,..,..,..,..,..,..,..
France,FRA,"UIS: Mean years of schooling (ISCED 1 or higher), population 25+ years, male",UIS.EA.MEAN.1T6.AG25T99.M,7.92617,..,..,..,..,..,..,..,..,..,..,..,..,..,10.63799,10.71349,..,10.9362,11.00994,10.8513,11.15071,11.20989,11.28227,11.44742,11.56975,11.64419,11.67269,11.71352,..,..,..,..,..,..,..
France,FRA,"UIS: Mean years of schooling (ISCED 1 or higher), population 25+ years, both sexes",UIS.EA.MEAN.1T6.AG25T99,7.57025,..,..,..,..,..,..,..,..,..,..,..,..,..,10.35471,10.43849,..,10.7025,10.78967,10.7649,10.92268,10.99965,11.08815,11.24114,11.28758,11.39887,11.41769,11.4795,..,..,..,..,..,..,..
France,FRA,"Adult literacy rate, population 15+ years, both sexes (%)",SE.ADT.LITR.ZS,..,..,..,..,..,..,..,..,..,..,..,..,..,..,..,..,..,..,..,..,..,..,..,..,..,..,..,..,..,..,..,..,..,..,..
French Polynesia,PYF,"UIS: Mean years of schooling (ISCED 1 or higher), population 25+ years, female",UIS.EA.MEAN.1T6.AG25T99.F,..,..,..,..,..,..,..,..,..,..,..,..,..,..,..,..,..,10.20685,..,..,..,..,..,..,..,..,..,..,..,..,..,..,..,..,..
French Polynesia,PYF,"UIS: Mean years of schooling (ISCED 1 or higher), population 25+ years, male",UIS.EA.MEAN.1T6.AG25T99.M,..,..,..,..,..,..,..,..,..,..,..,..,..,..,..,..,..,9.95862,..,..,..,..,..,..,..,..,..,..,..,..,..,..,..,..,..
French Polynesia,PYF,"UIS: Mean years of schooling (ISCED 1 or higher), population 25+ years, both sexes",UIS.EA.MEAN.1T6.AG25T99,..,..,..,..,..,..,..,..,..,..,..,..,..,..,..,..,..,10.0794,..,..,..,..,..,..,..,..,..,..,..,..,..,..,..,..,..
French Polynesia,PYF,"Adult literacy rate, population 15+ years, both sexes (%)",SE.ADT.LITR.ZS,..,..,..,..,..,..,..,..,..,..,..,..,..,..,..,..,..,..,..,..,..,..,..,..,..,..,..,..,..,..,..,..,..,..,..
Gabon,GAB,"UIS: Mean years of schooling (ISCED 1 or higher), population 25+ years, female",UIS.EA.MEAN.1T6.AG25T99.F,..,..,..,..,..,..,..,..,..,..,..,..,..,..,..,..,..,..,..,..,..,..,..,..,..,..,..,..,..,..,..,..,..,..,..
Gabon,GAB,"UIS: Mean years of schooling (ISCED 1 or higher), population 25+ years, male",UIS.EA.MEAN.1T6.AG25T99.M,..,..,..,..,..,..,..,..,..,..,..,..,..,..,..,..,..,..,..,..,..,..,..,..,..,..,..,..,..,..,..,..,..,..,..
Gabon,GAB,"UIS: Mean years of schooling (ISCED 1 or higher), population 25+ years, both sexes",UIS.EA.MEAN.1T6.AG25T99,..,..,..,..,..,..,..,..,..,..,..,..,..,..,..,..,..,..,..,..,..,..,..,..,..,..,..,..,..,..,..,..,..,..,..
Gabon,GAB,"Adult literacy rate, population 15+ years, both sexes (%)",SE.ADT.LITR.ZS,..,..,..,72.23367,..,..,..,..,..,..,..,..,..,..,..,..,..,..,..,..,..,..,82.2838,..,..,..,..,..,84.66716,..,..,..,..,..,..
"Gambia, The",GMB,"UIS: Mean years of schooling (ISCED 1 or higher), population 25+ years, female",UIS.EA.MEAN.1T6.AG25T99.F,..,..,..,..,..,..,..,..,..,..,..,..,..,..,..,..,..,..,..,..,..,..,..,..,..,..,..,..,..,..,..,..,..,..,..
"Gambia, The",GMB,"UIS: Mean years of schooling (ISCED 1 or higher), population 25+ years, male",UIS.EA.MEAN.1T6.AG25T99.M,..,..,..,..,..,..,..,..,..,..,..,..,..,..,..,..,..,..,..,..,..,..,..,..,..,..,..,..,..,..,..,..,..,..,..
"Gambia, The",GMB,"UIS: Mean years of schooling (ISCED 1 or higher), population 25+ years, both sexes",UIS.EA.MEAN.1T6.AG25T99,..,..,..,..,..,..,..,..,..,..,..,..,..,..,..,..,..,..,..,..,..,..,..,..,..,5.29168,..,..,..,..,..,..,..,..,..
"Gambia, The",GMB,"Adult literacy rate, population 15+ years, both sexes (%)",SE.ADT.LITR.ZS,..,..,..,..,..,..,..,..,..,..,36.81773,..,..,..,..,..,..,..,..,..,..,..,..,41.95005,..,50.77797,..,..,..,..,..,..,..,..,..
Georgia,GEO,"UIS: Mean years of schooling (ISCED 1 or higher), population 25+ years, female",UIS.EA.MEAN.1T6.AG25T99.F,..,..,..,..,..,..,..,..,..,..,..,..,11.77623,..,..,..,..,..,..,..,..,..,12.41482,..,12.59527,..,12.82761,12.89694,..,..,..,..,..,..,..
Georgia,GEO,"UIS: Mean years of schooling (ISCED 1 or higher), population 25+ years, male",UIS.EA.MEAN.1T6.AG25T99.M,..,..,..,..,..,..,..,..,..,..,..,..,12.09392,..,..,..,..,..,..,..,..,..,12.5966,..,12.64625,..,12.79919,12.84767,..,..,..,..,..,..,..
Georgia,GEO,"UIS: Mean years of schooling (ISCED 1 or higher), population 25+ years, both sexes",UIS.EA.MEAN.1T6.AG25T99,..,..,..,..,..,..,..,..,..,..,..,..,11.91936,..,..,..,..,..,..,..,..,..,12.4963,..,12.61834,..,12.81457,12.87436,..,..,..,..,..,..,..
Georgia,GEO,"Adult literacy rate, population 15+ years, both sexes (%)",SE.ADT.LITR.ZS,..,..,..,..,..,..,..,..,..,..,..,..,99.65235,..,..,..,..,..,..,..,..,..,..,..,99.58619,..,..,99.36426,..,..,..,..,..,..,..
Germany,DEU,"UIS: Mean years of schooling (ISCED 1 or higher), population 25+ years, female",UIS.EA.MEAN.1T6.AG25T99.F,..,..,..,..,..,..,..,..,..,..,..,..,..,..,13.30329,13.2004,13.09623,13.18692,13.26241,13.34796,13.38275,13.4994,13.5626,13.62052,13.63171,13.6984,13.76716,..,13.8036,..,..,..,..,..,..
Germany,DEU,"UIS: Mean years of schooling (ISCED 1 or higher), population 25+ years, male",UIS.EA.MEAN.1T6.AG25T99.M,..,..,..,..,..,..,..,..,..,..,..,..,..,..,14.32389,14.24209,14.14577,14.20826,14.79045,14.33932,14.35093,14.38992,14.4193,14.42337,14.46883,14.48918,14.51569,..,14.36165,..,..,..,..,..,..
Germany,DEU,"UIS: Mean years of schooling (ISCED 1 or higher), population 25+ years, both sexes",UIS.EA.MEAN.1T6.AG25T99,..,..,..,..,..,..,..,..,..,..,..,..,..,..,13.80026,13.70373,13.60348,13.68011,13.75719,13.82801,13.85178,13.93055,13.97772,14.00985,14.03712,14.08202,14.13215,..,14.07738,..,..,..,..,..,..
Germany,DEU,"Adult literacy rate, population 15+ years, both sexes (%)",SE.ADT.LITR.ZS,..,..,..,..,..,..,..,..,..,..,..,..,..,..,..,..,..,..,..,..,..,..,..,..,..,..,..,..,..,..,..,..,..,..,..
Ghana,GHA,"UIS: Mean years of schooling (ISCED 1 or higher), population 25+ years, female",UIS.EA.MEAN.1T6.AG25T99.F,..,..,..,..,..,..,..,..,..,..,..,..,..,..,..,..,..,..,..,..,6.57516,..,..,..,..,..,..,..,..,..,..,..,..,..,..
Ghana,GHA,"UIS: Mean years of schooling (ISCED 1 or higher), population 25+ years, male",UIS.EA.MEAN.1T6.AG25T99.M,..,..,..,..,..,..,..,..,..,..,..,..,..,..,..,..,..,..,..,..,8.73488,..,..,..,..,..,..,..,..,..,..,..,..,..,..
Ghana,GHA,"UIS: Mean years of schooling (ISCED 1 or higher), population 25+ years, both sexes",UIS.EA.MEAN.1T6.AG25T99,..,..,..,..,..,..,..,..,..,..,..,..,..,..,..,..,..,..,..,..,7.58704,..,..,..,..,..,..,..,..,..,..,..,..,..,..
Ghana,GHA,"Adult literacy rate, population 15+ years, both sexes (%)",SE.ADT.LITR.ZS,..,..,..,..,..,..,..,..,..,..,57.89747,..,..,..,..,..,..,..,..,..,71.49707,..,..,..,..,..,..,..,79.03964,..,..,..,..,..,..
Gibraltar,GIB,"UIS: Mean years of schooling (ISCED 1 or higher), population 25+ years, female",UIS.EA.MEAN.1T6.AG25T99.F,..,..,..,..,..,..,..,..,..,..,..,..,..,..,..,..,..,..,..,..,..,..,..,..,..,..,..,..,..,..,..,..,..,..,..
Gibraltar,GIB,"UIS: Mean years of schooling (ISCED 1 or higher), population 25+ years, male",UIS.EA.MEAN.1T6.AG25T99.M,..,..,..,..,..,..,..,..,..,..,..,..,..,..,..,..,..,..,..,..,..,..,..,..,..,..,..,..,..,..,..,..,..,..,..
Gibraltar,GIB,"UIS: Mean years of schooling (ISCED 1 or higher), population 25+ years, both sexes",UIS.EA.MEAN.1T6.AG25T99,..,..,..,..,..,..,..,..,..,..,..,..,..,..,..,..,..,..,..,..,..,..,..,..,..,..,..,..,..,..,..,..,..,..,..
Gibraltar,GIB,"Adult literacy rate, population 15+ years, both sexes (%)",SE.ADT.LITR.ZS,..,..,..,..,..,..,..,..,..,..,..,..,..,..,..,..,..,..,..,..,..,..,..,..,..,..,..,..,..,..,..,..,..,..,..
Greece,GRC,"UIS: Mean years of schooling (ISCED 1 or higher), population 25+ years, female",UIS.EA.MEAN.1T6.AG25T99.F,..,..,..,..,..,..,..,..,..,..,..,..,..,..,..,9.53471,9.88618,9.76069,9.822,..,9.99653,..,..,..,10.31907,10.50746,9.96914,..,..,..,..,..,..,..,..
Greece,GRC,"UIS: Mean years of schooling (ISCED 1 or higher), population 25+ years, male",UIS.EA.MEAN.1T6.AG25T99.M,..,..,..,..,..,..,..,..,..,..,..,..,..,..,..,10.3687,10.55328,10.59918,10.63501,..,10.67211,..,..,..,10.91194,11.01383,10.57899,..,..,..,..,..,..,..,..
Greece,GRC,"UIS: Mean years of schooling (ISCED 1 or higher), population 25+ years, both sexes",UIS.EA.MEAN.1T6.AG25T99,..,7.73977,..,..,..,..,..,..,..,..,..,..,..,..,..,9.93866,10.20924,10.16778,10.21685,..,10.32493,..,..,..,10.60381,10.75061,10.26313,..,..,..,..,..,..,..,..
Greece,GRC,"Adult literacy rate, population 15+ years, both sexes (%)",SE.ADT.LITR.ZS,..,92.61045,..,..,..,..,..,..,..,..,..,95.99436,..,..,..,93.04431,..,93.93155,..,93.90511,..,97.36874,..,..,..,..,..,..,97.93595,..,..,..,..,..,..
Greenland,GRL,"UIS: Mean years of schooling (ISCED 1 or higher), population 25+ years, female",UIS.EA.MEAN.1T6.AG25T99.F,..,..,..,..,..,..,..,..,..,..,..,..,..,..,..,..,..,..,..,..,..,..,10.85105,..,10.90946,10.96084,..,..,11.1225,..,..,..,..,..,..
Greenland,GRL,"UIS: Mean years of schooling (ISCED 1 or higher), population 25+ years, male",UIS.EA.MEAN.1T6.AG25T99.M,..,..,..,..,..,..,..,..,..,..,..,..,..,..,..,..,..,..,..,..,..,..,10.56585,..,10.58203,10.58675,..,..,10.6567,..,..,..,..,..,..
Greenland,GRL,"UIS: Mean years of schooling (ISCED 1 or higher), population 25+ years, both sexes",UIS.EA.MEAN.1T6.AG25T99,..,..,..,..,..,..,..,..,..,..,..,..,..,..,..,..,..,..,..,..,..,..,10.69675,..,10.73319,10.75963,..,..,10.87548,..,..,..,..,..,..
Greenland,GRL,"Adult literacy rate, population 15+ years, both sexes (%)",SE.ADT.LITR.ZS,..,..,..,..,..,..,..,..,..,..,..,..,..,..,..,..,..,..,..,..,..,..,..,..,..,..,..,..,..,..,..,..,..,..,..
Grenada,GRD,"UIS: Mean years of schooling (ISCED 1 or higher), population 25+ years, female",UIS.EA.MEAN.1T6.AG25T99.F,..,..,..,..,..,..,..,..,..,..,..,..,..,..,..,..,..,..,..,..,..,..,..,..,..,..,..,..,..,..,..,..,..,..,..
Grenada,GRD,"UIS: Mean years of schooling (ISCED 1 or higher), population 25+ years, male",UIS.EA.MEAN.1T6.AG25T99.M,..,..,..,..,..,..,..,..,..,..,..,..,..,..,..,..,..,..,..,..,..,..,..,..,..,..,..,..,..,..,..,..,..,..,..
Grenada,GRD,"UIS: Mean years of schooling (ISCED 1 or higher), population 25+ years, both sexes",UIS.EA.MEAN.1T6.AG25T99,..,..,..,..,..,..,..,..,..,..,..,..,..,..,..,..,..,..,..,..,..,..,..,..,..,..,..,..,..,..,..,..,..,..,..
Grenada,GRD,"Adult literacy rate, population 15+ years, both sexes (%)",SE.ADT.LITR.ZS,..,..,..,..,98.6,..,..,..,..,..,..,..,..,..,98.6,..,..,..,..,..,..,..,..,..,98.6,..,..,..,..,..,..,..,..,..,..
Guam,GUM,"UIS: Mean years of schooling (ISCED 1 or higher), population 25+ years, female",UIS.EA.MEAN.1T6.AG25T99.F,..,..,..,..,..,..,..,..,..,..,..,..,..,..,..,..,..,..,..,..,..,..,..,..,..,..,..,..,..,..,..,..,..,..,..
Guam,GUM,"UIS: Mean years of schooling (ISCED 1 or higher), population 25+ years, male",UIS.EA.MEAN.1T6.AG25T99.M,..,..,..,..,..,..,..,..,..,..,..,..,..,..,..,..,..,..,..,..,..,..,..,..,..,..,..,..,..,..,..,..,..,..,..
Guam,GUM,"UIS: Mean years of schooling (ISCED 1 or higher), population 25+ years, both sexes",UIS.EA.MEAN.1T6.AG25T99,..,..,..,..,..,..,..,..,..,..,..,..,..,..,..,..,..,..,..,..,..,..,..,..,..,..,..,..,..,..,..,..,..,..,..
Guam,GUM,"Adult literacy rate, population 15+ years, both sexes (%)",SE.ADT.LITR.ZS,99.36915,..,..,..,..,..,..,..,..,..,..,..,..,..,..,..,..,..,..,..,..,..,..,..,..,..,..,..,..,..,..,..,..,..,..
Guatemala,GTM,"UIS: Mean years of schooling (ISCED 1 or higher), population 25+ years, female",UIS.EA.MEAN.1T6.AG25T99.F,..,..,..,..,..,..,..,..,..,..,..,..,3.43574,..,..,..,3.2128,..,..,..,..,..,4.25312,4.45068,6.55726,..,..,..,..,..,..,..,..,..,..
Guatemala,GTM,"UIS: Mean years of schooling (ISCED 1 or higher), population 25+ years, male",UIS.EA.MEAN.1T6.AG25T99.M,..,..,..,..,..,..,..,..,..,..,..,..,4.38007,..,..,..,4.26205,..,..,..,..,..,5.44081,5.42345,6.68453,..,..,..,..,..,..,..,..,..,..
Guatemala,GTM,"UIS: Mean years of schooling (ISCED 1 or higher), population 25+ years, both sexes",UIS.EA.MEAN.1T6.AG25T99,..,..,..,..,..,..,..,..,..,..,..,..,3.88209,..,..,..,3.685,..,..,..,..,..,4.80232,4.8978,6.62261,..,..,..,..,..,..,..,..,..,..
Guatemala,GTM,"Adult literacy rate, population 15+ years, both sexes (%)",SE.ADT.LITR.ZS,..,..,..,..,64.21164,..,..,..,..,..,..,..,69.10173,..,..,..,..,..,..,..,..,..,78.26486,77.03867,81.2859,..,..,..,..,..,..,..,..,..,..
Guinea,GIN,"UIS: Mean years of schooling (ISCED 1 or higher), population 25+ years, female",UIS.EA.MEAN.1T6.AG25T99.F,..,..,..,..,..,..,0.69397,..,..,..,..,..,..,..,..,..,..,..,..,..,0.7304,..,..,..,1.05539,..,..,..,..,..,..,..,..,..,..
Guinea,GIN,"UIS: Mean years of schooling (ISCED 1 or higher), population 25+ years, male",UIS.EA.MEAN.1T6.AG25T99.M,..,..,..,..,..,..,2.17669,..,..,..,..,..,..,..,..,..,..,..,..,..,2.6659,..,..,..,2.92915,..,..,..,..,..,..,..,..,..,..
Guinea,GIN,"UIS: Mean years of schooling (ISCED 1 or higher), population 25+ years, both sexes",UIS.EA.MEAN.1T6.AG25T99,..,..,..,..,..,..,1.39527,..,..,..,..,..,..,..,..,..,..,..,..,..,1.64131,..,..,..,1.91934,..,..,..,..,..,..,..,..,..,..
Guinea,GIN,"Adult literacy rate, population 15+ years, both sexes (%)",SE.ADT.LITR.ZS,..,..,..,..,..,..,20.55375,..,..,..,..,..,..,29.70402,..,..,..,..,..,..,25.30774,..,..,..,32.00384,..,..,..,..,..,..,..,..,..,..
Guinea-Bissau,GNB,"UIS: Mean years of schooling (ISCED 1 or higher), population 25+ years, female",UIS.EA.MEAN.1T6.AG25T99.F,..,..,..,..,..,..,..,..,..,..,..,..,..,..,..,..,..,..,..,..,..,..,..,..,..,..,..,..,..,..,..,..,..,..,..
Guinea-Bissau,GNB,"UIS: Mean years of schooling (ISCED 1 or higher), population 25+ years, male",UIS.EA.MEAN.1T6.AG25T99.M,..,..,..,..,..,..,..,..,..,..,..,..,..,..,..,..,..,..,..,..,..,..,..,..,..,..,..,..,..,..,..,..,..,..,..
Guinea-Bissau,GNB,"UIS: Mean years of schooling (ISCED 1 or higher), population 25+ years, both sexes",UIS.EA.MEAN.1T6.AG25T99,..,..,..,..,..,..,..,..,..,..,..,..,..,..,..,..,..,..,..,..,..,..,..,..,..,..,..,..,..,..,..,..,..,..,..
Guinea-Bissau,GNB,"Adult literacy rate, population 15+ years, both sexes (%)",SE.ADT.LITR.ZS,..,..,..,..,..,..,..,..,..,..,41.35777,..,..,..,..,..,..,..,..,..,..,..,..,..,45.58116,..,..,..,..,..,..,..,..,..,..
Guyana,GUY,"UIS: Mean years of schooling (ISCED 1 or higher), population 25+ years, female",UIS.EA.MEAN.1T6.AG25T99.F,..,..,..,..,..,..,..,..,..,..,..,..,6.19666,..,..,..,..,..,..,..,..,..,..,..,..,..,..,..,..,..,..,..,..,..,..
Guyana,GUY,"UIS: Mean years of schooling (ISCED 1 or higher), population 25+ years, male",UIS.EA.MEAN.1T6.AG25T99.M,..,..,..,..,..,..,..,..,..,..,..,..,6.04479,..,..,..,..,..,..,..,..,..,..,..,..,..,..,..,..,..,..,..,..,..,..
Guyana,GUY,"UIS: Mean years of schooling (ISCED 1 or higher), population 25+ years, both sexes",UIS.EA.MEAN.1T6.AG25T99,..,..,..,..,..,..,..,..,..,..,..,..,6.12263,..,..,..,..,..,..,..,..,..,..,..,..,..,..,..,..,..,..,..,..,..,..
Guyana,GUY,"Adult literacy rate, population 15+ years, both sexes (%)",SE.ADT.LITR.ZS,..,..,..,..,..,..,..,..,..,..,..,..,..,..,..,..,..,..,..,84.99401,..,..,..,..,85.63973,..,..,..,..,..,..,..,..,..,..
Haiti,HTI,"UIS: Mean years of schooling (ISCED 1 or higher), population 25+ years, female",UIS.EA.MEAN.1T6.AG25T99.F,..,..,..,..,..,..,..,..,..,..,..,..,..,..,..,..,..,..,..,..,..,..,..,..,..,..,..,..,..,..,..,..,..,..,..
Haiti,HTI,"UIS: Mean years of schooling (ISCED 1 or higher), population 25+ years, male",UIS.EA.MEAN.1T6.AG25T99.M,..,..,..,..,..,..,..,..,..,..,..,..,..,..,..,..,..,..,..,..,..,..,..,..,..,..,..,..,..,..,..,..,..,..,..
Haiti,HTI,"UIS: Mean years of schooling (ISCED 1 or higher), population 25+ years, both sexes",UIS.EA.MEAN.1T6.AG25T99,..,..,..,..,..,..,..,..,..,..,..,..,..,..,..,..,..,..,..,..,..,..,..,..,..,..,..,..,..,..,..,..,..,..,..
Haiti,HTI,"Adult literacy rate, population 15+ years, both sexes (%)",SE.ADT.LITR.ZS,..,..,..,..,..,..,..,..,..,..,..,..,..,58.7439,..,..,48.68502,..,..,..,..,..,..,..,..,..,61.69135,..,..,..,..,..,..,..,..
Heavily indebted poor countries (HIPC),HPC,"UIS: Mean years of schooling (ISCED 1 or higher), population 25+ years, female",UIS.EA.MEAN.1T6.AG25T99.F,..,..,..,..,..,..,..,..,..,..,..,..,..,..,..,..,..,..,..,..,..,..,..,..,..,..,..,..,..,..,..,..,..,..,..
Heavily indebted poor countries (HIPC),HPC,"UIS: Mean years of schooling (ISCED 1 or higher), population 25+ years, male",UIS.EA.MEAN.1T6.AG25T99.M,..,..,..,..,..,..,..,..,..,..,..,..,..,..,..,..,..,..,..,..,..,..,..,..,..,..,..,..,..,..,..,..,..,..,..
Heavily indebted poor countries (HIPC),HPC,"UIS: Mean years of schooling (ISCED 1 or higher), population 25+ years, both sexes",UIS.EA.MEAN.1T6.AG25T99,..,..,..,..,..,..,..,..,..,..,..,..,..,..,..,..,..,..,..,..,..,..,..,..,..,..,..,..,..,..,..,..,..,..,..
Heavily indebted poor countries (HIPC),HPC,"Adult literacy rate, population 15+ years, both sexes (%)",SE.ADT.LITR.ZS,45.12296,45.38173,45.68184,46.06183,46.66929,46.65383,47.14896,47.96724,48.6453,49.42824,50.14256,51.00136,51.45423,52.27741,53.71557,52.95455,51.33659,52.86617,53.10872,53.25834,54.07489,56.10511,57.3334,58.32618,59.16484,59.64676,60.45881,61.38893,61.88289,62.50519,..,..,..,..,..
High income,HIC,"UIS: Mean years of schooling (ISCED 1 or higher), population 25+ years, female",UIS.EA.MEAN.1T6.AG25T99.F,..,..,..,..,..,..,..,..,..,..,..,..,..,..,..,..,..,..,..,..,..,..,..,..,..,..,..,..,..,..,..,..,..,..,..
High income,HIC,"UIS: Mean years of schooling (ISCED 1 or higher), population 25+ years, male",UIS.EA.MEAN.1T6.AG25T99.M,..,..,..,..,..,..,..,..,..,..,..,..,..,..,..,..,..,..,..,..,..,..,..,..,..,..,..,..,..,..,..,..,..,..,..
High income,HIC,"UIS: Mean years of schooling (ISCED 1 or higher), population 25+ years, both sexes",UIS.EA.MEAN.1T6.AG25T99,..,..,..,..,..,..,..,..,..,..,..,..,..,..,..,..,..,..,..,..,..,..,..,..,..,..,..,..,..,..,..,..,..,..,..
High income,HIC,"Adult literacy rate, population 15+ years, both sexes (%)",SE.ADT.LITR.ZS,..,..,..,..,..,..,..,..,..,..,..,..,..,..,..,..,..,..,..,..,..,..,..,..,..,..,..,..,..,..,..,..,..,..,..
Honduras,HND,"UIS: Mean years of schooling (ISCED 1 or higher), population 25+ years, female",UIS.EA.MEAN.1T6.AG25T99.F,..,..,..,..,..,..,..,..,..,..,..,..,..,..,..,..,..,4.98066,..,..,..,5.62837,5.5679,..,6.25577,6.42496,6.58037,..,6.4045,..,..,..,..,..,..
Honduras,HND,"UIS: Mean years of schooling (ISCED 1 or higher), population 25+ years, male",UIS.EA.MEAN.1T6.AG25T99.M,..,..,..,..,..,..,..,..,..,..,..,..,..,..,..,..,..,4.94463,..,..,..,5.55114,5.47932,..,6.10895,6.1782,6.51738,..,6.19548,..,..,..,..,..,..
Honduras,HND,"UIS: Mean years of schooling (ISCED 1 or higher), population 25+ years, both sexes",UIS.EA.MEAN.1T6.AG25T99,..,..,..,..,..,..,..,..,..,..,..,..,..,..,..,..,..,4.96424,..,..,..,5.5935,5.52778,..,6.18991,6.31501,6.55213,..,6.30925,..,..,..,..,..,..
Honduras,HND,"Adult literacy rate, population 15+ years, both sexes (%)",SE.ADT.LITR.ZS,..,..,..,..,..,..,..,..,..,..,..,80.01103,..,..,..,..,..,83.58899,..,..,84.75536,85.1233,85.35555,85.46442,87.19753,87.90683,88.98748,..,87.20524,..,..,..,..,..,..
"Hong Kong SAR, China",HKG,"UIS: Mean years of schooling (ISCED 1 or higher), population 25+ years, female",UIS.EA.MEAN.1T6.AG25T99.F,..,7.63317,..,..,..,..,9.22988,..,..,..,..,..,..,..,..,..,10.517,..,10.76397,10.87305,10.99712,11.20738,..,..,11.51574,11.6571,..,11.90943,..,..,..,..,..,..,..
"Hong Kong SAR, China",HKG,"UIS: Mean years of schooling (ISCED 1 or higher), population 25+ years, male",UIS.EA.MEAN.1T6.AG25T99.M,..,9.36903,..,..,..,..,10.62854,..,..,..,..,..,..,..,..,..,11.61399,..,11.80772,11.89872,11.96465,12.18772,..,..,12.42574,12.57577,..,12.74265,..,..,..,..,..,..,..
"Hong Kong SAR, China",HKG,"UIS: Mean years of schooling (ISCED 1 or higher), population 25+ years, both sexes",UIS.EA.MEAN.1T6.AG25T99,..,8.51015,..,..,..,..,9.92045,..,..,..,..,..,..,..,..,..,11.02958,..,11.246,11.34655,11.43829,11.65258,..,..,11.92339,12.0676,..,12.27996,..,..,..,..,..,..,..
"Hong Kong SAR, China",HKG,"Adult literacy rate, population 15+ years, both sexes (%)",SE.ADT.LITR.ZS,..,..,..,..,..,..,..,..,..,..,..,..,..,..,..,..,..,..,..,..,..,..,..,..,..,..,..,..,..,..,..,..,..,..,..
Hungary,HUN,"UIS: Mean years of schooling (ISCED 1 or higher), population 25+ years, female",UIS.EA.MEAN.1T6.AG25T99.F,9.68528,..,..,..,..,..,..,..,..,..,..,9.82955,..,..,..,10.47987,..,..,..,11.9178,12.00271,11.87735,11.78584,11.9483,11.60784,11.69665,11.74955,..,..,..,..,..,..,..,..
Hungary,HUN,"UIS: Mean years of schooling (ISCED 1 or higher), population 25+ years, male",UIS.EA.MEAN.1T6.AG25T99.M,10.40225,..,..,..,..,..,..,..,..,..,..,10.78919,..,..,..,11.32347,..,..,..,12.24005,12.30203,12.08757,11.97776,12.20229,12.10653,12.16642,12.21046,..,..,..,..,..,..,..,..
Hungary,HUN,"UIS: Mean years of schooling (ISCED 1 or higher), population 25+ years, both sexes",UIS.EA.MEAN.1T6.AG25T99,10.01793,..,..,..,..,..,..,..,..,..,..,10.2704,..,..,..,10.86768,..,..,..,12.07061,12.14479,11.97732,11.87719,12.06936,11.83846,11.91417,11.96329,..,..,..,..,..,..,..,..
Hungary,HUN,"Adult literacy rate, population 15+ years, both sexes (%)",SE.ADT.LITR.ZS,..,..,..,..,..,..,..,..,..,..,..,..,..,..,..,..,..,..,..,..,..,..,..,..,99.1,..,..,..,..,..,..,..,..,..,..
IBRD only,IBD,"UIS: Mean years of schooling (ISCED 1 or higher), population 25+ years, female",UIS.EA.MEAN.1T6.AG25T99.F,..,..,..,..,..,..,..,..,..,..,..,..,..,..,..,..,..,..,..,..,..,..,..,..,..,..,..,..,..,..,..,..,..,..,..
IBRD only,IBD,"UIS: Mean years of schooling (ISCED 1 or higher), population 25+ years, male",UIS.EA.MEAN.1T6.AG25T99.M,..,..,..,..,..,..,..,..,..,..,..,..,..,..,..,..,..,..,..,..,..,..,..,..,..,..,..,..,..,..,..,..,..,..,..
IBRD only,IBD,"UIS: Mean years of schooling (ISCED 1 or higher), population 25+ years, both sexes",UIS.EA.MEAN.1T6.AG25T99,..,..,..,..,..,..,..,..,..,..,..,..,..,..,..,..,..,..,..,..,..,..,..,..,..,..,..,..,..,..,..,..,..,..,..
IBRD only,IBD,"Adult literacy rate, population 15+ years, both sexes (%)",SE.ADT.LITR.ZS,73.73148,74.53141,75.14901,75.66653,76.17648,76.71551,77.24143,80.1704,81.73971,82.11242,82.4933,82.84073,83.26999,83.93497,84.32957,84.36329,84.42339,85.49601,85.84721,86.25504,86.83493,87.19533,87.69956,87.86956,88.34096,88.45138,88.81775,89.04436,89.06654,89.36553,..,..,..,..,..
Iceland,ISL,"UIS: Mean years of schooling (ISCED 1 or higher), population 25+ years, female",UIS.EA.MEAN.1T6.AG25T99.F,..,..,..,..,..,..,..,..,..,..,..,..,..,..,..,..,..,..,..,..,..,..,..,..,..,..,..,..,..,..,..,..,..,..,..
Iceland,ISL,"UIS: Mean years of schooling (ISCED 1 or higher), population 25+ years, male",UIS.EA.MEAN.1T6.AG25T99.M,..,..,..,..,..,..,..,..,..,..,..,..,..,..,..,..,..,..,..,..,..,..,..,..,..,..,..,..,..,..,..,..,..,..,..
Iceland,ISL,"UIS: Mean years of schooling (ISCED 1 or higher), population 25+ years, both sexes",UIS.EA.MEAN.1T6.AG25T99,..,..,..,..,..,..,..,..,..,..,..,..,..,..,..,..,..,..,..,..,..,..,..,..,..,..,..,..,..,..,..,..,..,..,..
Iceland,ISL,"Adult literacy rate, population 15+ years, both sexes (%)",SE.ADT.LITR.ZS,..,..,..,..,..,..,..,..,..,..,..,..,..,..,..,..,..,..,..,..,..,..,..,..,..,..,..,..,..,..,..,..,..,..,..
IDA & IBRD total,IBT,"UIS: Mean years of schooling (ISCED 1 or higher), population 25+ years, female",UIS.EA.MEAN.1T6.AG25T99.F,..,..,..,..,..,..,..,..,..,..,..,..,..,..,..,..,..,..,..,..,..,..,..,..,..,..,..,..,..,..,..,..,..,..,..
IDA & IBRD total,IBT,"UIS: Mean years of schooling (ISCED 1 or higher), population 25+ years, male",UIS.EA.MEAN.1T6.AG25T99.M,..,..,..,..,..,..,..,..,..,..,..,..,..,..,..,..,..,..,..,..,..,..,..,..,..,..,..,..,..,..,..,..,..,..,..
IDA & IBRD total,IBT,"UIS: Mean years of schooling (ISCED 1 or higher), population 25+ years, both sexes",UIS.EA.MEAN.1T6.AG25T99,..,..,..,..,..,..,..,..,..,..,..,..,..,..,..,..,..,..,..,..,..,..,..,..,..,..,..,..,..,..,..,..,..,..,..
IDA & IBRD total,IBT,"Adult literacy rate, population 15+ years, both sexes (%)",SE.ADT.LITR.ZS,..,70.29566,70.90307,71.42204,71.92733,..,72.94277,75.46574,76.95461,..,..,77.93465,78.38664,79.03126,79.64651,..,79.57725,80.31774,80.76908,81.17484,..,81.93721,82.35303,82.56062,82.97848,..,83.71072,..,..,..,..,..,..,..,..
IDA blend,IDB,"UIS: Mean years of schooling (ISCED 1 or higher), population 25+ years, female",UIS.EA.MEAN.1T6.AG25T99.F,..,..,..,..,..,..,..,..,..,..,..,..,..,..,..,..,..,..,..,..,..,..,..,..,..,..,..,..,..,..,..,..,..,..,..
IDA blend,IDB,"UIS: Mean years of schooling (ISCED 1 or higher), population 25+ years, male",UIS.EA.MEAN.1T6.AG25T99.M,..,..,..,..,..,..,..,..,..,..,..,..,..,..,..,..,..,..,..,..,..,..,..,..,..,..,..,..,..,..,..,..,..,..,..
IDA blend,IDB,"UIS: Mean years of schooling (ISCED 1 or higher), population 25+ years, both sexes",UIS.EA.MEAN.1T6.AG25T99,..,..,..,..,..,..,..,..,..,..,..,..,..,..,..,..,..,..,..,..,..,..,..,..,..,..,..,..,..,..,..,..,..,..,..
IDA blend,IDB,"Adult literacy rate, population 15+ years, both sexes (%)",SE.ADT.LITR.ZS,51.75575,52.64719,54.28537,55.99807,56.79523,57.57638,58.44828,59.27879,60.26575,60.89603,57.8625,58.7904,59.4721,60.0876,61.30729,60.70564,66.53368,59.77278,61.00915,61.94259,62.39705,62.47046,63.87631,63.73583,64.59924,65.02774,65.72806,66.58383,66.56935,66.98145,..,..,..,..,..
IDA only,IDX,"UIS: Mean years of schooling (ISCED 1 or higher), population 25+ years, female",UIS.EA.MEAN.1T6.AG25T99.F,..,..,..,..,..,..,..,..,..,..,..,..,..,..,..,..,..,..,..,..,..,..,..,..,..,..,..,..,..,..,..,..,..,..,..
IDA only,IDX,"UIS: Mean years of schooling (ISCED 1 or higher), population 25+ years, male",UIS.EA.MEAN.1T6.AG25T99.M,..,..,..,..,..,..,..,..,..,..,..,..,..,..,..,..,..,..,..,..,..,..,..,..,..,..,..,..,..,..,..,..,..,..,..
IDA only,IDX,"UIS: Mean years of schooling (ISCED 1 or higher), population 25+ years, both sexes",UIS.EA.MEAN.1T6.AG25T99,..,..,..,..,..,..,..,..,..,..,..,..,..,..,..,..,..,..,..,..,..,..,..,..,..,..,..,..,..,..,..,..,..,..,..
IDA only,IDX,"Adult literacy rate, population 15+ years, both sexes (%)",SE.ADT.LITR.ZS,46.56568,46.74369,47.26183,47.69536,48.54451,49.04252,49.59033,50.34223,51.84239,52.67752,53.37303,54.08273,54.81302,55.55612,56.71012,56.55478,55.70997,55.5255,57.61969,57.88134,58.46443,58.61864,59.26577,60.53036,61.27156,62.39787,64.25295,64.97928,65.49887,66.05657,..,..,..,..,..
IDA total,IDA,"UIS: Mean years of schooling (ISCED 1 or higher), population 25+ years, female",UIS.EA.MEAN.1T6.AG25T99.F,..,..,..,..,..,..,..,..,..,..,..,..,..,..,..,..,..,..,..,..,..,..,..,..,..,..,..,..,..,..,..,..,..,..,..
IDA total,IDA,"UIS: Mean years of schooling (ISCED 1 or higher), population 25+ years, male",UIS.EA.MEAN.1T6.AG25T99.M,..,..,..,..,..,..,..,..,..,..,..,..,..,..,..,..,..,..,..,..,..,..,..,..,..,..,..,..,..,..,..,..,..,..,..
IDA total,IDA,"UIS: Mean years of schooling (ISCED 1 or higher), population 25+ years, both sexes",UIS.EA.MEAN.1T6.AG25T99,..,..,..,..,..,..,..,..,..,..,..,..,..,..,..,..,..,..,..,..,..,..,..,..,..,..,..,..,..,..,..,..,..,..,..
IDA total,IDA,"Adult literacy rate, population 15+ years, both sexes (%)",SE.ADT.LITR.ZS,..,49.53294,50.40178,51.23949,52.04851,..,53.27152,54.03757,55.36163,..,..,56.36352,57.07751,57.78038,59.11865,..,58.75864,58.31108,59.43962,60.10617,..,60.68527,61.67557,62.12955,62.91562,..,65.25168,..,..,..,..,..,..,..,..
India,IND,"UIS: Mean years of schooling (ISCED 1 or higher), population 25+ years, female",UIS.EA.MEAN.1T6.AG25T99.F,..,..,..,..,..,..,..,..,..,..,..,..,..,..,..,..,..,..,..,..,..,4.05881,..,..,..,..,..,..,..,..,..,..,..,..,..
India,IND,"UIS: Mean years of schooling (ISCED 1 or higher), population 25+ years, male",UIS.EA.MEAN.1T6.AG25T99.M,..,..,..,..,..,..,..,..,..,..,..,..,..,..,..,..,..,..,..,..,..,6.54894,..,..,..,..,..,..,..,..,..,..,..,..,..
India,IND,"UIS: Mean years of schooling (ISCED 1 or higher), population 25+ years, both sexes",UIS.EA.MEAN.1T6.AG25T99,..,..,..,..,..,..,..,..,..,..,..,..,..,..,..,..,..,..,..,..,..,5.32019,..,..,..,..,..,..,..,..,..,..,..,..,..
India,IND,"Adult literacy rate, population 15+ years, both sexes (%)",SE.ADT.LITR.ZS,..,48.22207,..,..,..,..,..,..,..,..,..,61.01456,..,..,..,..,62.75447,..,..,..,..,69.30256,..,..,..,..,..,..,74.37299,..,..,..,..,..,..
Indonesia,IDN,"UIS: Mean years of schooling (ISCED 1 or higher), population 25+ years, female",UIS.EA.MEAN.1T6.AG25T99.F,2.59306,..,..,..,..,..,..,..,..,..,..,..,..,..,..,..,7.10554,6.42003,6.53718,6.8124,..,7.06515,..,..,7.33058,7.45449,7.57152,..,7.76235,..,..,..,..,..,..
Indonesia,IDN,"UIS: Mean years of schooling (ISCED 1 or higher), population 25+ years, male",UIS.EA.MEAN.1T6.AG25T99.M,4.11285,..,..,..,..,..,..,..,..,..,..,..,..,..,..,..,7.943,7.72073,7.69248,7.96533,..,8.09731,..,..,8.28227,8.39058,8.39674,..,8.57777,..,..,..,..,..,..
Indonesia,IDN,"UIS: Mean years of schooling (ISCED 1 or higher), population 25+ years, both sexes",UIS.EA.MEAN.1T6.AG25T99,3.33941,..,..,..,..,..,..,..,..,..,..,..,..,..,..,..,7.64802,7.05725,7.10246,7.36766,..,7.57576,..,..,7.80215,7.91868,7.98039,..,8.16668,..,..,..,..,..,..
Indonesia,IDN,"Adult literacy rate, population 15+ years, both sexes (%)",SE.ADT.LITR.ZS,81.51985,..,..,..,..,..,..,..,..,..,..,..,..,..,90.38479,..,91.98227,..,92.1923,92.5817,..,92.81191,..,..,95.11622,95.21793,95.37697,..,95.65856,..,..,..,..,..,..
"Iran, Islamic Rep.",IRN,"UIS: Mean years of schooling (ISCED 1 or higher), population 25+ years, female",UIS.EA.MEAN.1T6.AG25T99.F,..,..,..,..,..,..,..,..,..,..,..,..,..,..,..,..,9.74205,..,9.33603,..,9.76428,..,9.74368,9.94137,10.04038,..,10.27779,..,..,..,..,..,..,..,..
"Iran, Islamic Rep.",IRN,"UIS: Mean years of schooling (ISCED 1 or higher), population 25+ years, male",UIS.EA.MEAN.1T6.AG25T99.M,..,..,..,..,..,..,..,..,..,..,..,..,..,..,..,..,10.2707,..,9.73111,..,10.01453,..,10.0505,10.17806,10.23494,..,10.40977,..,..,..,..,..,..,..,..
"Iran, Islamic Rep.",IRN,"UIS: Mean years of schooling (ISCED 1 or higher), population 25+ years, both sexes",UIS.EA.MEAN.1T6.AG25T99,..,..,..,..,..,..,..,..,..,..,..,..,..,..,..,..,10.03378,..,9.55136,..,9.89901,..,9.90639,10.06761,10.1438,..,10.34749,..,..,..,..,..,..,..,..
"Iran, Islamic Rep.",IRN,"Adult literacy rate, population 15+ years, both sexes (%)",SE.ADT.LITR.ZS,..,65.5314,..,..,..,..,73.06025,..,..,..,..,..,77,..,..,82.4412,82.33132,..,82.9623,..,..,..,83.62599,84.6268,84.70524,..,85.54425,..,..,..,..,..,..,..,..
Iraq,IRQ,"UIS: Mean years of schooling (ISCED 1 or higher), population 25+ years, female",UIS.EA.MEAN.1T6.AG25T99.F,..,..,..,..,..,..,..,..,..,..,..,..,..,..,..,..,..,..,..,..,..,..,..,7.09921,..,..,..,..,..,..,..,..,..,..,..
Iraq,IRQ,"UIS: Mean years of schooling (ISCED 1 or higher), population 25+ years, male",UIS.EA.MEAN.1T6.AG25T99.M,..,..,..,..,..,..,..,..,..,..,..,..,..,..,..,..,..,..,..,..,..,..,..,8.3507,..,..,..,..,..,..,..,..,..,..,..
Iraq,IRQ,"UIS: Mean years of schooling (ISCED 1 or higher), population 25+ years, both sexes",UIS.EA.MEAN.1T6.AG25T99,..,..,..,..,..,..,..,..,..,..,..,..,..,..,..,..,..,..,..,..,..,..,..,7.79195,..,..,..,..,..,..,..,..,..,..,..
Iraq,IRQ,"Adult literacy rate, population 15+ years, both sexes (%)",SE.ADT.LITR.ZS,..,..,..,..,..,..,..,..,..,..,74.0522,..,..,..,..,..,..,..,..,..,..,..,77.2,72.7,82.2,..,83.3,85.6,..,..,..,..,..,..,..
Ireland,IRL,"UIS: Mean years of schooling (ISCED 1 or higher), population 25+ years, female",UIS.EA.MEAN.1T6.AG25T99.F,..,7.36885,..,..,..,..,..,..,..,..,..,..,..,..,..,..,..,11.21411,..,..,11.72073,11.25345,..,..,..,..,..,11.72645,..,..,..,..,..,..,..
Ireland,IRL,"UIS: Mean years of schooling (ISCED 1 or higher), population 25+ years, male",UIS.EA.MEAN.1T6.AG25T99.M,..,7.15466,..,..,..,..,..,..,..,..,..,..,..,..,..,..,..,10.27978,..,..,11.44232,10.87259,..,..,..,..,..,11.29422,..,..,..,..,..,..,..
Ireland,IRL,"UIS: Mean years of schooling (ISCED 1 or higher), population 25+ years, both sexes",UIS.EA.MEAN.1T6.AG25T99,..,7.26465,..,..,..,..,..,..,..,..,..,..,..,..,..,..,..,11.09356,..,..,11.58452,11.06709,..,..,..,..,..,11.51636,..,..,..,..,..,..,..
Ireland,IRL,"Adult literacy rate, population 15+ years, both sexes (%)",SE.ADT.LITR.ZS,..,..,..,..,..,..,..,..,..,..,..,..,..,..,..,..,..,..,..,..,..,..,..,..,..,..,..,..,..,..,..,..,..,..,..
Isle of Man,IMN,"UIS: Mean years of schooling (ISCED 1 or higher), population 25+ years, female",UIS.EA.MEAN.1T6.AG25T99.F,..,..,..,..,..,..,..,..,..,..,..,..,..,..,..,..,..,..,..,..,..,..,..,..,..,..,..,..,..,..,..,..,..,..,..
Isle of Man,IMN,"UIS: Mean years of schooling (ISCED 1 or higher), population 25+ years, male",UIS.EA.MEAN.1T6.AG25T99.M,..,..,..,..,..,..,..,..,..,..,..,..,..,..,..,..,..,..,..,..,..,..,..,..,..,..,..,..,..,..,..,..,..,..,..
Isle of Man,IMN,"UIS: Mean years of schooling (ISCED 1 or higher), population 25+ years, both sexes",UIS.EA.MEAN.1T6.AG25T99,..,..,..,..,..,..,..,..,..,..,..,..,..,..,..,..,..,..,..,..,..,..,..,..,..,..,..,..,..,..,..,..,..,..,..
Isle of Man,IMN,"Adult literacy rate, population 15+ years, both sexes (%)",SE.ADT.LITR.ZS,..,..,..,..,..,..,..,..,..,..,..,..,..,..,..,..,..,..,..,..,..,..,..,..,..,..,..,..,..,..,..,..,..,..,..
Israel,ISR,"UIS: Mean years of schooling (ISCED 1 or higher), population 25+ years, female",UIS.EA.MEAN.1T6.AG25T99.F,..,..,..,..,..,..,..,..,..,..,..,..,..,..,10.00561,..,11.65066,12.58623,..,12.6911,12.71161,12.81063,12.92511,12.87701,13.00989,13.05982,..,..,..,..,..,..,..,..,..
Israel,ISR,"UIS: Mean years of schooling (ISCED 1 or higher), population 25+ years, male",UIS.EA.MEAN.1T6.AG25T99.M,..,..,..,..,..,..,..,..,..,..,..,..,..,..,12.38437,..,11.66929,12.607,..,12.66731,12.71695,12.83234,12.90442,12.88746,12.9883,13.02647,..,..,..,..,..,..,..,..,..
Israel,ISR,"UIS: Mean years of schooling (ISCED 1 or higher), population 25+ years, both sexes",UIS.EA.MEAN.1T6.AG25T99,..,..,..,..,..,..,..,..,..,..,..,..,..,..,10.82226,..,11.65957,12.59621,..,12.67965,12.71418,12.8211,12.91513,12.88204,12.99947,13.04374,..,..,..,..,..,..,..,..,..
Israel,ISR,"Adult literacy rate, population 15+ years, both sexes (%)",SE.ADT.LITR.ZS,..,..,..,..,..,..,..,..,..,..,..,..,..,..,..,..,..,..,..,..,..,..,..,..,..,..,..,..,..,..,..,..,..,..,..
Italy,ITA,"UIS: Mean years of schooling (ISCED 1 or higher), population 25+ years, female",UIS.EA.MEAN.1T6.AG25T99.F,..,..,..,..,..,..,..,..,..,..,..,8.43842,..,..,..,8.83795,8.96652,9.13205,9.26746,9.35059,9.44931,9.54606,9.69046,..,9.8947,9.99244,..,..,..,..,..,..,..,..,..
Italy,ITA,"UIS: Mean years of schooling (ISCED 1 or higher), population 25+ years, male",UIS.EA.MEAN.1T6.AG25T99.M,..,..,..,..,..,..,..,..,..,..,..,9.12658,..,..,..,9.57547,9.6714,9.77841,9.86935,9.94725,10.02527,10.07531,10.17135,..,10.34432,10.40475,..,..,..,..,..,..,..,..,..
Italy,ITA,"UIS: Mean years of schooling (ISCED 1 or higher), population 25+ years, both sexes",UIS.EA.MEAN.1T6.AG25T99,..,..,..,..,..,..,..,..,..,..,..,8.76497,..,..,..,9.18991,9.3031,9.44085,9.55503,9.63554,9.72418,9.79849,9.91989,..,10.10911,10.18911,..,..,..,..,..,..,..,..,..
Italy,ITA,"Adult literacy rate, population 15+ years, both sexes (%)",SE.ADT.LITR.ZS,..,..,..,..,..,..,..,..,..,..,..,98.41662,..,..,..,..,..,..,..,..,..,98.84828,..,..,..,..,..,..,99.15576,..,..,..,..,..,..
Jamaica,JAM,"UIS: Mean years of schooling (ISCED 1 or higher), population 25+ years, female",UIS.EA.MEAN.1T6.AG25T99.F,..,6.86779,..,..,..,..,..,..,..,..,..,..,..,..,..,..,..,..,..,..,..,9.35905,..,..,..,..,..,..,..,..,..,..,..,..,..
Jamaica,JAM,"UIS: Mean years of schooling (ISCED 1 or higher), population 25+ years, male",UIS.EA.MEAN.1T6.AG25T99.M,..,6.68335,..,..,..,..,..,..,..,..,..,..,..,..,..,..,..,..,..,..,..,8.56486,..,..,..,..,..,..,..,..,..,..,..,..,..
Jamaica,JAM,"UIS: Mean years of schooling (ISCED 1 or higher), population 25+ years, both sexes",UIS.EA.MEAN.1T6.AG25T99,..,6.77975,..,..,..,..,..,..,..,..,..,..,..,..,..,..,..,..,..,..,..,8.97414,..,..,..,..,..,..,..,..,..,..,..,..,..
Jamaica,JAM,"Adult literacy rate, population 15+ years, both sexes (%)",SE.ADT.LITR.ZS,..,..,..,..,..,..,..,..,..,79.92012,..,..,..,..,..,..,..,..,..,..,..,..,..,..,88.1,..,..,..,..,..,..,..,..,..,..
Japan,JPN,"UIS: Mean years of schooling (ISCED 1 or higher), population 25+ years, female",UIS.EA.MEAN.1T6.AG25T99.F,9.34612,..,..,..,..,..,..,..,..,..,..,..,..,..,..,..,..,..,..,..,11.99478,..,..,..,..,..,..,..,..,..,..,..,..,..,..
Japan,JPN,"UIS: Mean years of schooling (ISCED 1 or higher), population 25+ years, male",UIS.EA.MEAN.1T6.AG25T99.M,10.21542,..,..,..,..,..,..,..,..,..,..,..,..,..,..,..,..,..,..,..,12.72136,..,..,..,..,..,..,..,..,..,..,..,..,..,..
Japan,JPN,"UIS: Mean years of schooling (ISCED 1 or higher), population 25+ years, both sexes",UIS.EA.MEAN.1T6.AG25T99,9.76381,..,..,..,..,..,..,..,..,..,..,..,..,..,..,..,..,..,..,..,12.34001,..,..,..,..,..,..,..,..,..,..,..,..,..,..
Japan,JPN,"Adult literacy rate, population 15+ years, both sexes (%)",SE.ADT.LITR.ZS,..,..,..,..,..,..,..,..,..,..,..,..,..,..,..,..,..,..,..,..,..,..,..,..,..,..,..,..,..,..,..,..,..,..,..
Jordan,JOR,"UIS: Mean years of schooling (ISCED 1 or higher), population 25+ years, female",UIS.EA.MEAN.1T6.AG25T99.F,..,..,..,..,..,..,..,..,..,..,..,..,..,6.03232,..,..,..,..,9.06914,..,9.12868,..,..,..,..,..,..,..,..,..,..,..,..,..,..
Jordan,JOR,"UIS: Mean years of schooling (ISCED 1 or higher), population 25+ years, male",UIS.EA.MEAN.1T6.AG25T99.M,..,..,..,..,..,..,..,..,..,..,..,..,..,6.60764,..,..,..,..,10.30858,..,10.37133,..,..,..,..,..,..,..,..,..,..,..,..,..,..
Jordan,JOR,"UIS: Mean years of schooling (ISCED 1 or higher), population 25+ years, both sexes",UIS.EA.MEAN.1T6.AG25T99,..,..,..,..,..,..,..,..,..,..,..,..,..,6.31365,..,..,..,..,9.68626,..,9.7708,..,..,..,..,..,..,..,..,..,..,..,..,..,..
Jordan,JOR,"Adult literacy rate, population 15+ years, both sexes (%)",SE.ADT.LITR.ZS,..,..,..,..,..,..,..,..,..,..,..,..,..,89.89232,..,91.13075,..,92.19958,..,..,92.55104,95.90445,97.89032,..,..,..,..,..,98.22711,..,..,..,..,..,..
Kazakhstan,KAZ,"UIS: Mean years of schooling (ISCED 1 or higher), population 25+ years, female",UIS.EA.MEAN.1T6.AG25T99.F,..,..,..,..,..,..,..,..,..,9.21508,..,..,..,..,..,..,..,11.72993,..,11.02549,..,..,..,..,..,..,..,..,12.23787,..,..,..,..,..,..
Kazakhstan,KAZ,"UIS: Mean years of schooling (ISCED 1 or higher), population 25+ years, male",UIS.EA.MEAN.1T6.AG25T99.M,..,..,..,..,..,..,..,..,..,9.66505,..,..,..,..,..,..,..,11.4513,..,10.99788,..,..,..,..,..,..,..,..,12.17751,..,..,..,..,..,..
Kazakhstan,KAZ,"UIS: Mean years of schooling (ISCED 1 or higher), population 25+ years, both sexes",UIS.EA.MEAN.1T6.AG25T99,..,..,..,..,..,..,..,..,..,9.41909,..,..,..,..,..,..,..,11.58885,..,11.01272,..,..,..,..,..,..,..,..,12.20963,..,..,..,..,..,..
Kazakhstan,KAZ,"Adult literacy rate, population 15+ years, both sexes (%)",SE.ADT.LITR.ZS,..,..,..,..,..,..,..,..,..,99.51266,..,..,..,..,..,..,..,..,..,99.73241,99.78163,..,..,..,..,..,..,..,99.78163,..,..,..,..,..,..
Kenya,KEN,"UIS: Mean years of schooling (ISCED 1 or higher), population 25+ years, female",UIS.EA.MEAN.1T6.AG25T99.F,..,..,..,..,..,..,..,..,..,..,..,..,..,..,..,..,..,..,..,5.57804,5.4151,..,..,..,..,..,..,..,..,..,..,..,..,..,..
Kenya,KEN,"UIS: Mean years of schooling (ISCED 1 or higher), population 25+ years, male",UIS.EA.MEAN.1T6.AG25T99.M,..,..,..,..,..,..,..,..,..,..,..,..,..,..,..,..,..,..,..,7.09812,6.16129,..,..,..,..,..,..,..,..,..,..,..,..,..,..
Kenya,KEN,"UIS: Mean years of schooling (ISCED 1 or higher), population 25+ years, both sexes",UIS.EA.MEAN.1T6.AG25T99,..,..,..,..,..,..,..,..,..,..,..,..,..,..,..,..,..,..,..,6.31885,5.80482,..,..,..,..,..,..,..,..,..,..,..,..,..,..
Kenya,KEN,"Adult literacy rate, population 15+ years, both sexes (%)",SE.ADT.LITR.ZS,..,..,..,..,..,..,..,..,..,..,82.22908,..,..,..,..,..,..,72.15703,..,..,..,..,..,..,78.73304,..,..,..,81.53497,..,..,..,..,..,..
Kiribati,KIR,"UIS: Mean years of schooling (ISCED 1 or higher), population 25+ years, female",UIS.EA.MEAN.1T6.AG25T99.F,..,..,..,..,..,..,..,..,..,..,..,..,..,..,..,..,..,..,..,..,..,..,..,..,..,..,..,..,..,..,..,..,..,..,..
Kiribati,KIR,"UIS: Mean years of schooling (ISCED 1 or higher), population 25+ years, male",UIS.EA.MEAN.1T6.AG25T99.M,..,..,..,..,..,..,..,..,..,..,..,..,..,..,..,..,..,..,..,..,..,..,..,..,..,..,..,..,..,..,..,..,..,..,..
Kiribati,KIR,"UIS: Mean years of schooling (ISCED 1 or higher), population 25+ years, both sexes",UIS.EA.MEAN.1T6.AG25T99,..,..,..,..,..,..,..,..,..,..,..,..,..,..,..,..,..,..,..,..,..,..,..,..,..,..,..,..,..,..,..,..,..,..,..
Kiribati,KIR,"Adult literacy rate, population 15+ years, both sexes (%)",SE.ADT.LITR.ZS,..,..,..,..,..,..,..,..,..,..,..,..,..,..,..,..,..,..,..,..,..,..,..,..,..,..,..,..,..,..,..,..,..,..,..
"Korea, Dem. People's Rep.",PRK,"UIS: Mean years of schooling (ISCED 1 or higher), population 25+ years, female",UIS.EA.MEAN.1T6.AG25T99.F,..,..,..,..,..,..,..,..,..,..,..,..,..,..,..,..,..,..,..,..,..,..,..,..,..,..,..,..,..,..,..,..,..,..,..
"Korea, Dem. People's Rep.",PRK,"UIS: Mean years of schooling (ISCED 1 or higher), population 25+ years, male",UIS.EA.MEAN.1T6.AG25T99.M,..,..,..,..,..,..,..,..,..,..,..,..,..,..,..,..,..,..,..,..,..,..,..,..,..,..,..,..,..,..,..,..,..,..,..
"Korea, Dem. People's Rep.",PRK,"UIS: Mean years of schooling (ISCED 1 or higher), population 25+ years, both sexes",UIS.EA.MEAN.1T6.AG25T99,..,..,..,..,..,..,..,..,..,..,..,..,..,..,..,..,..,..,..,..,..,..,..,..,..,..,..,..,..,..,..,..,..,..,..
"Korea, Dem. People's Rep.",PRK,"Adult literacy rate, population 15+ years, both sexes (%)",SE.ADT.LITR.ZS,..,..,..,..,..,..,..,..,..,..,..,..,..,..,..,..,..,..,99.99819,..,..,..,..,..,..,..,..,..,..,..,..,..,..,..,..
"Korea, Rep.",KOR,"UIS: Mean years of schooling (ISCED 1 or higher), population 25+ years, female",UIS.EA.MEAN.1T6.AG25T99.F,8.08427,..,..,..,..,8.83404,..,..,..,..,9.64348,..,..,..,..,10.36445,..,..,..,9.98796,10.86441,..,..,..,..,11.40683,..,..,..,..,..,..,..,..,..
"Korea, Rep.",KOR,"UIS: Mean years of schooling (ISCED 1 or higher), population 25+ years, male",UIS.EA.MEAN.1T6.AG25T99.M,10.53159,..,..,..,..,11.23645,..,..,..,..,11.65849,..,..,..,..,12.21027,..,..,..,11.86398,12.45993,..,..,..,..,12.85294,..,..,..,..,..,..,..,..,..
"Korea, Rep.",KOR,"UIS: Mean years of schooling (ISCED 1 or higher), population 25+ years, both sexes",UIS.EA.MEAN.1T6.AG25T99,9.27329,..,..,..,..,9.99733,..,..,..,..,10.62179,..,..,..,..,11.24357,..,..,..,10.87349,11.63821,..,..,..,..,12.11633,..,..,..,..,..,..,..,..,..
"Korea, Rep.",KOR,"Adult literacy rate, population 15+ years, both sexes (%)",SE.ADT.LITR.ZS,..,..,..,..,..,..,..,..,..,..,..,..,..,..,..,..,..,..,97.96594,..,..,..,..,..,..,..,..,..,..,..,..,..,..,..,..
Kosovo,XKX,"UIS: Mean years of schooling (ISCED 1 or higher), population 25+ years, female",UIS.EA.MEAN.1T6.AG25T99.F,..,..,..,..,..,..,..,..,..,..,..,..,..,..,..,..,..,..,..,..,..,..,..,..,..,..,..,..,..,..,..,..,..,..,..
Kosovo,XKX,"UIS: Mean years of schooling (ISCED 1 or higher), population 25+ years, male",UIS.EA.MEAN.1T6.AG25T99.M,..,..,..,..,..,..,..,..,..,..,..,..,..,..,..,..,..,..,..,..,..,..,..,..,..,..,..,..,..,..,..,..,..,..,..
Kosovo,XKX,"UIS: Mean years of schooling (ISCED 1 or higher), population 25+ years, both sexes",UIS.EA.MEAN.1T6.AG25T99,..,..,..,..,..,..,..,..,..,..,..,..,..,..,..,..,..,..,..,..,..,..,..,..,..,..,..,..,..,..,..,..,..,..,..
Kosovo,XKX,"Adult literacy rate, population 15+ years, both sexes (%)",SE.ADT.LITR.ZS,..,..,..,..,..,..,..,..,..,..,..,..,..,..,..,..,..,..,..,..,..,..,..,..,..,..,..,..,..,..,..,..,..,..,..
Kuwait,KWT,"UIS: Mean years of schooling (ISCED 1 or higher), population 25+ years, female",UIS.EA.MEAN.1T6.AG25T99.F,..,..,..,..,..,..,..,..,..,..,..,..,..,..,..,6.32627,6.77573,6.7684,7.11364,..,..,..,7.47863,7.27915,..,7.88464,..,7.8898,7.9741,..,..,..,..,..,..
Kuwait,KWT,"UIS: Mean years of schooling (ISCED 1 or higher), population 25+ years, male",UIS.EA.MEAN.1T6.AG25T99.M,..,..,..,..,..,..,..,..,..,..,..,..,..,..,..,5.54727,5.92492,6.03633,6.18143,..,..,..,7.25577,6.34952,..,6.95754,..,6.82775,6.83248,..,..,..,..,..,..
Kuwait,KWT,"UIS: Mean years of schooling (ISCED 1 or higher), population 25+ years, both sexes",UIS.EA.MEAN.1T6.AG25T99,..,..,..,..,..,..,..,..,..,..,..,..,..,..,..,5.7978,6.19119,6.27108,6.48209,..,..,..,7.33498,6.68126,..,7.2858,..,7.19071,7.21377,..,..,..,..,..,..
Kuwait,KWT,"Adult literacy rate, population 15+ years, both sexes (%)",SE.ADT.LITR.ZS,..,..,..,..,..,78.3955,..,..,..,..,..,..,..,..,..,93.27446,93.28212,93.66419,93.8983,..,94.46901,..,95.51317,95.58582,..,95.68545,..,96.03595,96.05647,..,..,..,..,..,..
Kyrgyz Republic,KGZ,"UIS: Mean years of schooling (ISCED 1 or higher), population 25+ years, female",UIS.EA.MEAN.1T6.AG25T99.F,..,..,..,..,..,..,..,..,..,10.06714,..,..,..,..,..,..,..,..,..,11.09775,..,..,..,..,..,..,..,..,..,..,..,..,..,..,..
Kyrgyz Republic,KGZ,"UIS: Mean years of schooling (ISCED 1 or higher), population 25+ years, male",UIS.EA.MEAN.1T6.AG25T99.M,..,..,..,..,..,..,..,..,..,10.29292,..,..,..,..,..,..,..,..,..,10.92942,..,..,..,..,..,..,..,..,..,..,..,..,..,..,..
Kyrgyz Republic,KGZ,"UIS: Mean years of schooling (ISCED 1 or higher), population 25+ years, both sexes",UIS.EA.MEAN.1T6.AG25T99,..,..,..,..,..,..,..,..,..,10.17493,..,..,..,..,..,..,..,..,..,11.01587,..,..,..,..,..,..,..,..,..,..,..,..,..,..,..
Kyrgyz Republic,KGZ,"Adult literacy rate, population 15+ years, both sexes (%)",SE.ADT.LITR.ZS,..,..,..,..,..,..,..,..,..,98.70161,..,..,..,..,..,..,..,..,..,99.24343,..,..,..,..,..,..,..,..,99.586,..,..,..,..,..,..
Lao PDR,LAO,"UIS: Mean years of schooling (ISCED 1 or higher), population 25+ years, female",UIS.EA.MEAN.1T6.AG25T99.F,..,..,..,..,..,..,..,..,..,..,..,..,..,..,..,..,..,..,..,..,..,..,..,..,..,..,..,..,..,..,..,..,..,..,..
Lao PDR,LAO,"UIS: Mean years of schooling (ISCED 1 or higher), population 25+ years, male",UIS.EA.MEAN.1T6.AG25T99.M,..,..,..,..,..,..,..,..,..,..,..,..,..,..,..,..,..,..,..,..,..,..,..,..,..,..,..,..,..,..,..,..,..,..,..
Lao PDR,LAO,"UIS: Mean years of schooling (ISCED 1 or higher), population 25+ years, both sexes",UIS.EA.MEAN.1T6.AG25T99,..,..,..,..,..,..,..,..,..,..,..,..,..,..,..,..,..,..,..,..,..,..,..,..,..,..,..,..,..,..,..,..,..,..,..
Lao PDR,LAO,"Adult literacy rate, population 15+ years, both sexes (%)",SE.ADT.LITR.ZS,..,..,..,..,..,60.25133,..,..,..,..,69.58312,68.73439,..,..,..,72.70226,..,..,..,..,..,58.28794,..,..,..,84.66104,..,..,..,..,..,..,..,..,..
Late-demographic dividend,LTE,"UIS: Mean years of schooling (ISCED 1 or higher), population 25+ years, female",UIS.EA.MEAN.1T6.AG25T99.F,..,..,..,..,..,..,..,..,..,..,..,..,..,..,..,..,..,..,..,..,..,..,..,..,..,..,..,..,..,..,..,..,..,..,..
Late-demographic dividend,LTE,"UIS: Mean years of schooling (ISCED 1 or higher), population 25+ years, male",UIS.EA.MEAN.1T6.AG25T99.M,..,..,..,..,..,..,..,..,..,..,..,..,..,..,..,..,..,..,..,..,..,..,..,..,..,..,..,..,..,..,..,..,..,..,..
Late-demographic dividend,LTE,"UIS: Mean years of schooling (ISCED 1 or higher), population 25+ years, both sexes",UIS.EA.MEAN.1T6.AG25T99,..,..,..,..,..,..,..,..,..,..,..,..,..,..,..,..,..,..,..,..,..,..,..,..,..,..,..,..,..,..,..,..,..,..,..
Late-demographic dividend,LTE,"Adult literacy rate, population 15+ years, both sexes (%)",SE.ADT.LITR.ZS,82.02096,83.15498,83.64506,84.12547,84.57951,85.05,85.47952,90.33847,90.67965,90.98286,91.18414,91.58641,91.90462,92.29731,92.54673,92.87257,93.09867,94.08682,94.30425,94.58459,94.60775,95.12832,95.3002,95.3657,95.53117,95.67826,95.8756,96.01104,96.15606,96.34008,..,..,..,..,..
Latin America & Caribbean,LCN,"UIS: Mean years of schooling (ISCED 1 or higher), population 25+ years, female",UIS.EA.MEAN.1T6.AG25T99.F,..,..,..,..,..,..,..,..,..,..,..,..,..,..,..,..,..,..,..,..,..,..,..,..,..,..,..,..,..,..,..,..,..,..,..
Latin America & Caribbean,LCN,"UIS: Mean years of schooling (ISCED 1 or higher), population 25+ years, male",UIS.EA.MEAN.1T6.AG25T99.M,..,..,..,..,..,..,..,..,..,..,..,..,..,..,..,..,..,..,..,..,..,..,..,..,..,..,..,..,..,..,..,..,..,..,..
Latin America & Caribbean,LCN,"UIS: Mean years of schooling (ISCED 1 or higher), population 25+ years, both sexes",UIS.EA.MEAN.1T6.AG25T99,..,..,..,..,..,..,..,..,..,..,..,..,..,..,..,..,..,..,..,..,..,..,..,..,..,..,..,..,..,..,..,..,..,..,..
Latin America & Caribbean,LCN,"Adult literacy rate, population 15+ years, both sexes (%)",SE.ADT.LITR.ZS,84.41567,84.97977,85.59983,86.23312,86.79704,87.39914,87.72866,88.01812,88.49552,88.79009,89.03315,89.1287,89.23876,90.00467,89.98625,90.46388,90.47694,91.05056,91.28937,91.66851,91.64586,92.23796,92.46116,92.50706,92.94821,93.13275,93.59496,93.70875,93.86866,94.29451,..,..,..,..,..
Latin America & Caribbean (excluding high income),LAC,"UIS: Mean years of schooling (ISCED 1 or higher), population 25+ years, female",UIS.EA.MEAN.1T6.AG25T99.F,..,..,..,..,..,..,..,..,..,..,..,..,..,..,..,..,..,..,..,..,..,..,..,..,..,..,..,..,..,..,..,..,..,..,..
Latin America & Caribbean (excluding high income),LAC,"UIS: Mean years of schooling (ISCED 1 or higher), population 25+ years, male",UIS.EA.MEAN.1T6.AG25T99.M,..,..,..,..,..,..,..,..,..,..,..,..,..,..,..,..,..,..,..,..,..,..,..,..,..,..,..,..,..,..,..,..,..,..,..
Latin America & Caribbean (excluding high income),LAC,"UIS: Mean years of schooling (ISCED 1 or higher), population 25+ years, both sexes",UIS.EA.MEAN.1T6.AG25T99,..,..,..,..,..,..,..,..,..,..,..,..,..,..,..,..,..,..,..,..,..,..,..,..,..,..,..,..,..,..,..,..,..,..,..
Latin America & Caribbean (excluding high income),LAC,"Adult literacy rate, population 15+ years, both sexes (%)",SE.ADT.LITR.ZS,83.84307,84.4363,85.0903,85.7556,86.34811,86.98131,87.32529,87.6218,88.12243,88.43567,88.68909,88.78286,88.89509,89.7063,89.68012,90.17938,90.18083,90.70818,90.98343,91.38371,91.39029,92.014,92.23849,92.31038,92.76419,92.9518,93.42559,93.57028,93.72753,94.17028,..,..,..,..,..
Latin America & the Caribbean (IDA & IBRD countries),TLA,"UIS: Mean years of schooling (ISCED 1 or higher), population 25+ years, female",UIS.EA.MEAN.1T6.AG25T99.F,..,..,..,..,..,..,..,..,..,..,..,..,..,..,..,..,..,..,..,..,..,..,..,..,..,..,..,..,..,..,..,..,..,..,..
Latin America & the Caribbean (IDA & IBRD countries),TLA,"UIS: Mean years of schooling (ISCED 1 or higher), population 25+ years, male",UIS.EA.MEAN.1T6.AG25T99.M,..,..,..,..,..,..,..,..,..,..,..,..,..,..,..,..,..,..,..,..,..,..,..,..,..,..,..,..,..,..,..,..,..,..,..
Latin America & the Caribbean (IDA & IBRD countries),TLA,"UIS: Mean years of schooling (ISCED 1 or higher), population 25+ years, both sexes",UIS.EA.MEAN.1T6.AG25T99,..,..,..,..,..,..,..,..,..,..,..,..,..,..,..,..,..,..,..,..,..,..,..,..,..,..,..,..,..,..,..,..,..,..,..
Latin America & the Caribbean (IDA & IBRD countries),TLA,"Adult literacy rate, population 15+ years, both sexes (%)",SE.ADT.LITR.ZS,83.91232,84.50155,85.14871,85.80967,86.39831,87.02622,87.3694,87.67157,88.17134,88.481,88.73614,88.83763,88.95334,89.74698,89.72918,90.22467,90.2404,90.83433,91.0824,91.47849,91.45825,92.06757,92.29744,92.34657,92.80142,92.9958,93.47264,93.59078,93.75613,94.19449,..,..,..,..,..
Latvia,LVA,"UIS: Mean years of schooling (ISCED 1 or higher), population 25+ years, female",UIS.EA.MEAN.1T6.AG25T99.F,..,..,..,..,..,..,..,..,..,..,..,..,..,..,12.29004,12.45147,12.59449,12.40793,12.62411,12.76677,12.85558,12.92024,13.02982,13.33399,13.28518,13.36222,13.41471,..,13.49472,..,..,..,..,..,..
Latvia,LVA,"UIS: Mean years of schooling (ISCED 1 or higher), population 25+ years, male",UIS.EA.MEAN.1T6.AG25T99.M,..,..,..,..,..,..,..,..,..,..,..,..,..,..,11.99363,12.0502,11.98449,11.94962,12.08839,12.15193,12.28292,12.28574,12.37483,12.6017,12.53762,12.52044,12.58565,..,12.59518,..,..,..,..,..,..
Latvia,LVA,"UIS: Mean years of schooling (ISCED 1 or higher), population 25+ years, both sexes",UIS.EA.MEAN.1T6.AG25T99,..,..,..,..,..,..,..,..,..,..,..,..,..,..,12.15374,12.26761,12.3147,12.19744,12.3776,12.48315,12.59091,12.6318,12.73093,12.99904,12.94183,12.9735,13.03085,..,13.07661,..,..,..,..,..,..
Latvia,LVA,"Adult literacy rate, population 15+ years, both sexes (%)",SE.ADT.LITR.ZS,..,..,..,..,..,..,..,..,..,..,99.74657,..,..,..,..,..,..,..,..,..,..,99.8959,..,..,..,..,..,..,99.88931,..,..,..,..,..,..
Least developed countries: UN classification,LDC,"UIS: Mean years of schooling (ISCED 1 or higher), population 25+ years, female",UIS.EA.MEAN.1T6.AG25T99.F,..,..,..,..,..,..,..,..,..,..,..,..,..,..,..,..,..,..,..,..,..,..,..,..,..,..,..,..,..,..,..,..,..,..,..
Least developed countries: UN classification,LDC,"UIS: Mean years of schooling (ISCED 1 or higher), population 25+ years, male",UIS.EA.MEAN.1T6.AG25T99.M,..,..,..,..,..,..,..,..,..,..,..,..,..,..,..,..,..,..,..,..,..,..,..,..,..,..,..,..,..,..,..,..,..,..,..
Least developed countries: UN classification,LDC,"UIS: Mean years of schooling (ISCED 1 or higher), population 25+ years, both sexes",UIS.EA.MEAN.1T6.AG25T99,..,..,..,..,..,..,..,..,..,..,..,..,..,..,..,..,..,..,..,..,..,..,..,..,..,..,..,..,..,..,..,..,..,..,..
Least developed countries: UN classification,LDC,"Adult literacy rate, population 15+ years, both sexes (%)",SE.ADT.LITR.ZS,44.7701,44.9188,45.44452,45.87724,46.76339,47.48345,48.01526,48.76615,50.31548,51.18608,51.64733,52.29542,52.94679,53.79363,55.00781,54.78102,53.78544,53.34183,55.55594,56.15463,56.6508,56.76771,57.50632,58.87499,59.62564,60.87612,62.89241,63.68294,64.27588,64.8578,..,..,..,..,..
Lebanon,LBN,"UIS: Mean years of schooling (ISCED 1 or higher), population 25+ years, female",UIS.EA.MEAN.1T6.AG25T99.F,..,..,..,..,..,..,..,..,..,..,..,..,..,..,..,..,..,7.84269,..,..,..,..,..,..,..,..,..,..,..,..,..,..,..,..,..
Lebanon,LBN,"UIS: Mean years of schooling (ISCED 1 or higher), population 25+ years, male",UIS.EA.MEAN.1T6.AG25T99.M,..,..,..,..,..,..,..,..,..,..,..,..,..,..,..,..,..,8.36675,..,..,..,..,..,..,..,..,..,..,..,..,..,..,..,..,..
Lebanon,LBN,"UIS: Mean years of schooling (ISCED 1 or higher), population 25+ years, both sexes",UIS.EA.MEAN.1T6.AG25T99,..,..,..,..,..,..,..,..,..,..,..,..,..,..,..,..,..,8.09212,..,..,..,..,..,..,..,..,..,..,..,..,..,..,..,..,..
Lebanon,LBN,"Adult literacy rate, population 15+ years, both sexes (%)",SE.ADT.LITR.ZS,..,..,..,..,..,..,..,..,..,..,..,..,..,..,..,..,..,89.61244,..,91.18419,..,..,..,..,..,..,..,..,95.06944,..,..,..,..,..,..
Lesotho,LSO,"UIS: Mean years of schooling (ISCED 1 or higher), population 25+ years, female",UIS.EA.MEAN.1T6.AG25T99.F,..,..,..,..,..,..,..,..,..,..,..,..,..,..,..,..,6.39759,..,6.08515,..,..,..,..,..,..,..,..,..,..,..,..,..,..,..,..
Lesotho,LSO,"UIS: Mean years of schooling (ISCED 1 or higher), population 25+ years, male",UIS.EA.MEAN.1T6.AG25T99.M,..,..,..,..,..,..,..,..,..,..,..,..,..,..,..,..,5.17572,..,4.93277,..,..,..,..,..,..,..,..,..,..,..,..,..,..,..,..
Lesotho,LSO,"UIS: Mean years of schooling (ISCED 1 or higher), population 25+ years, both sexes",UIS.EA.MEAN.1T6.AG25T99,..,..,..,..,..,..,..,..,..,..,..,..,..,..,..,..,5.82818,..,5.5398,..,..,..,..,..,..,..,..,..,..,..,..,..,..,..,..
Lesotho,LSO,"Adult literacy rate, population 15+ years, both sexes (%)",SE.ADT.LITR.ZS,..,..,..,..,..,..,..,..,..,..,86.25443,..,..,..,..,..,..,..,..,75.8002,..,..,..,..,76.6352,..,..,..,..,..,..,..,..,..,..
Liberia,LBR,"UIS: Mean years of schooling (ISCED 1 or higher), population 25+ years, female",UIS.EA.MEAN.1T6.AG25T99.F,..,..,..,..,..,..,..,..,..,..,..,..,..,..,..,..,..,..,..,..,..,..,..,..,..,..,..,..,..,..,..,..,..,..,..
Liberia,LBR,"UIS: Mean years of schooling (ISCED 1 or higher), population 25+ years, male",UIS.EA.MEAN.1T6.AG25T99.M,..,..,..,..,..,..,..,..,..,..,..,..,..,..,..,..,..,..,..,..,..,..,..,..,..,..,..,..,..,..,..,..,..,..,..
Liberia,LBR,"UIS: Mean years of schooling (ISCED 1 or higher), population 25+ years, both sexes",UIS.EA.MEAN.1T6.AG25T99,..,..,..,..,..,..,..,..,..,..,..,..,..,..,..,..,..,..,..,..,..,..,..,..,..,..,..,..,..,..,..,..,..,..,..
Liberia,LBR,"Adult literacy rate, population 15+ years, both sexes (%)",SE.ADT.LITR.ZS,..,..,..,..,..,..,..,..,..,..,..,..,..,..,..,..,..,42.94108,..,..,..,..,..,..,..,..,..,48.30136,..,..,..,..,..,..,..
Libya,LBY,"UIS: Mean years of schooling (ISCED 1 or higher), population 25+ years, female",UIS.EA.MEAN.1T6.AG25T99.F,..,..,..,..,..,..,..,..,..,..,..,..,..,..,..,..,..,..,..,..,..,..,..,..,..,..,..,..,..,..,..,..,..,..,..
Libya,LBY,"UIS: Mean years of schooling (ISCED 1 or higher), population 25+ years, male",UIS.EA.MEAN.1T6.AG25T99.M,..,..,..,..,..,..,..,..,..,..,..,..,..,..,..,..,..,..,..,..,..,..,..,..,..,..,..,..,..,..,..,..,..,..,..
Libya,LBY,"UIS: Mean years of schooling (ISCED 1 or higher), population 25+ years, both sexes",UIS.EA.MEAN.1T6.AG25T99,..,..,..,..,..,..,..,..,..,..,..,..,..,..,..,..,..,..,..,..,..,..,..,..,..,..,..,..,..,..,..,..,..,..,..
Libya,LBY,"Adult literacy rate, population 15+ years, both sexes (%)",SE.ADT.LITR.ZS,..,..,..,..,76.5,..,..,..,..,..,..,..,..,..,86.1,..,..,..,..,..,..,..,..,..,..,..,..,..,..,..,..,..,..,..,..
Liechtenstein,LIE,"UIS: Mean years of schooling (ISCED 1 or higher), population 25+ years, female",UIS.EA.MEAN.1T6.AG25T99.F,..,..,..,..,..,..,..,..,..,..,10.68097,..,..,..,..,..,..,..,..,..,..,..,..,..,..,..,..,..,..,..,..,..,..,..,..
Liechtenstein,LIE,"UIS: Mean years of schooling (ISCED 1 or higher), population 25+ years, male",UIS.EA.MEAN.1T6.AG25T99.M,..,..,..,..,..,..,..,..,..,..,11.66088,..,..,..,..,..,..,..,..,..,..,..,..,..,..,..,..,..,..,..,..,..,..,..,..
Liechtenstein,LIE,"UIS: Mean years of schooling (ISCED 1 or higher), population 25+ years, both sexes",UIS.EA.MEAN.1T6.AG25T99,..,..,..,..,..,..,..,..,..,..,11.16051,..,..,..,..,..,..,..,..,..,..,..,..,..,..,..,..,..,..,..,..,..,..,..,..
Liechtenstein,LIE,"Adult literacy rate, population 15+ years, both sexes (%)",SE.ADT.LITR.ZS,..,..,..,..,..,..,..,..,..,..,..,..,..,..,..,..,..,..,..,..,..,..,..,..,..,..,..,..,..,..,..,..,..,..,..
Lithuania,LTU,"UIS: Mean years of schooling (ISCED 1 or higher), population 25+ years, female",UIS.EA.MEAN.1T6.AG25T99.F,..,..,..,..,..,..,..,..,..,..,..,..,..,..,..,11.66911,11.89175,12.0161,12.17682,12.24384,12.40396,12.51574,12.52319,12.74825,12.92894,13.10024,13.2945,13.38382,..,..,..,..,..,..,..
Lithuania,LTU,"UIS: Mean years of schooling (ISCED 1 or higher), population 25+ years, male",UIS.EA.MEAN.1T6.AG25T99.M,..,..,..,..,..,..,..,..,..,..,..,..,..,..,..,12.09948,12.13731,12.3035,12.41624,12.3866,12.48934,12.60826,12.57865,12.76386,12.90932,13.048,13.12993,13.20145,..,..,..,..,..,..,..
Lithuania,LTU,"UIS: Mean years of schooling (ISCED 1 or higher), population 25+ years, both sexes",UIS.EA.MEAN.1T6.AG25T99,..,..,..,..,..,..,..,..,..,..,..,..,..,..,..,11.86066,12.00101,12.14399,12.2833,12.30739,12.44193,12.55684,12.54758,12.75512,12.9203,13.07721,13.22189,13.30318,..,..,..,..,..,..,..
Lithuania,LTU,"Adult literacy rate, population 15+ years, both sexes (%)",SE.ADT.LITR.ZS,..,..,..,..,..,..,..,..,..,..,..,99.64575,..,..,..,..,..,..,..,..,..,99.8156,..,..,..,..,..,..,..,..,..,..,..,..,..
Low & middle income,LMY,"UIS: Mean years of schooling (ISCED 1 or higher), population 25+ years, female",UIS.EA.MEAN.1T6.AG25T99.F,..,..,..,..,..,..,..,..,..,..,..,..,..,..,..,..,..,..,..,..,..,..,..,..,..,..,..,..,..,..,..,..,..,..,..
Low & middle income,LMY,"UIS: Mean years of schooling (ISCED 1 or higher), population 25+ years, male",UIS.EA.MEAN.1T6.AG25T99.M,..,..,..,..,..,..,..,..,..,..,..,..,..,..,..,..,..,..,..,..,..,..,..,..,..,..,..,..,..,..,..,..,..,..,..
Low & middle income,LMY,"UIS: Mean years of schooling (ISCED 1 or higher), population 25+ years, both sexes",UIS.EA.MEAN.1T6.AG25T99,..,..,..,..,..,..,..,..,..,..,..,..,..,..,..,..,..,..,..,..,..,..,..,..,..,..,..,..,..,..,..,..,..,..,..
Low & middle income,LMY,"Adult literacy rate, population 15+ years, both sexes (%)",SE.ADT.LITR.ZS,69.1625,69.88132,70.52454,71.07629,71.61344,72.13053,72.66348,75.21843,76.72505,77.13745,77.31916,77.7152,78.17275,78.82448,79.33664,79.26995,79.54496,79.91947,80.5047,80.87706,81.40623,81.67245,82.2067,82.45152,82.93346,83.1472,83.68802,83.97684,84.00709,84.29309,..,..,..,..,..
Low income,LIC,"UIS: Mean years of schooling (ISCED 1 or higher), population 25+ years, female",UIS.EA.MEAN.1T6.AG25T99.F,..,..,..,..,..,..,..,..,..,..,..,..,..,..,..,..,..,..,..,..,..,..,..,..,..,..,..,..,..,..,..,..,..,..,..
Low income,LIC,"UIS: Mean years of schooling (ISCED 1 or higher), population 25+ years, male",UIS.EA.MEAN.1T6.AG25T99.M,..,..,..,..,..,..,..,..,..,..,..,..,..,..,..,..,..,..,..,..,..,..,..,..,..,..,..,..,..,..,..,..,..,..,..
Low income,LIC,"UIS: Mean years of schooling (ISCED 1 or higher), population 25+ years, both sexes",UIS.EA.MEAN.1T6.AG25T99,..,..,..,..,..,..,..,..,..,..,..,..,..,..,..,..,..,..,..,..,..,..,..,..,..,..,..,..,..,..,..,..,..,..,..
Low income,LIC,"Adult literacy rate, population 15+ years, both sexes (%)",SE.ADT.LITR.ZS,46.81979,46.98854,47.1316,47.3432,47.79439,47.98398,48.35829,49.10209,49.76463,50.34633,50.64359,51.44029,52.09559,52.57359,54.10162,53.38972,51.52451,52.86408,53.29275,53.79567,54.25216,56.16062,56.63294,57.62022,58.02705,58.58002,59.28539,60.10515,60.49671,60.95805,..,..,..,..,..
Lower middle income,LMC,"UIS: Mean years of schooling (ISCED 1 or higher), population 25+ years, female",UIS.EA.MEAN.1T6.AG25T99.F,..,..,..,..,..,..,..,..,..,..,..,..,..,..,..,..,..,..,..,..,..,..,..,..,..,..,..,..,..,..,..,..,..,..,..
Lower middle income,LMC,"UIS: Mean years of schooling (ISCED 1 or higher), population 25+ years, male",UIS.EA.MEAN.1T6.AG25T99.M,..,..,..,..,..,..,..,..,..,..,..,..,..,..,..,..,..,..,..,..,..,..,..,..,..,..,..,..,..,..,..,..,..,..,..
Lower middle income,LMC,"UIS: Mean years of schooling (ISCED 1 or higher), population 25+ years, both sexes",UIS.EA.MEAN.1T6.AG25T99,..,..,..,..,..,..,..,..,..,..,..,..,..,..,..,..,..,..,..,..,..,..,..,..,..,..,..,..,..,..,..,..,..,..,..
Lower middle income,LMC,"Adult literacy rate, population 15+ years, both sexes (%)",SE.ADT.LITR.ZS,54.89859,55.36271,56.35735,57.12197,57.87044,58.57551,59.32601,59.98847,63.33614,63.98818,64.11307,64.61198,65.44854,66.37557,67.12634,66.75081,67.54707,67.33903,68.59632,69.28162,70.50018,70.71012,71.58627,72.10707,72.86358,73.63827,74.35329,75.00414,75.43163,75.96757,..,..,..,..,..
Luxembourg,LUX,"UIS: Mean years of schooling (ISCED 1 or higher), population 25+ years, female",UIS.EA.MEAN.1T6.AG25T99.F,..,8.26756,..,..,..,..,..,..,..,..,..,10.8736,..,10.56467,..,..,..,11.30732,..,13.55973,13.58765,13.64418,13.75627,13.9858,14.09339,13.5315,..,..,..,..,..,..,..,..,..
Luxembourg,LUX,"UIS: Mean years of schooling (ISCED 1 or higher), population 25+ years, male",UIS.EA.MEAN.1T6.AG25T99.M,..,9.40667,..,..,..,..,..,..,..,..,..,10.62365,..,11.86389,..,..,..,12.02443,..,14.25052,14.26693,14.22013,14.34183,14.4366,14.66108,13.65788,..,..,..,..,..,..,..,..,..
Luxembourg,LUX,"UIS: Mean years of schooling (ISCED 1 or higher), population 25+ years, both sexes",UIS.EA.MEAN.1T6.AG25T99,..,8.82401,..,..,..,..,..,..,..,..,..,10.76537,..,11.20021,..,..,..,11.67289,..,13.90423,13.92486,13.93296,14.04844,14.21147,14.3788,13.59589,..,..,..,..,..,..,..,..,..
Luxembourg,LUX,"Adult literacy rate, population 15+ years, both sexes (%)",SE.ADT.LITR.ZS,..,..,..,..,..,..,..,..,..,..,..,..,..,..,..,..,..,..,..,..,..,..,..,..,..,..,..,..,..,..,..,..,..,..,..
"Macao SAR, China",MAC,"UIS: Mean years of schooling (ISCED 1 or higher), population 25+ years, female",UIS.EA.MEAN.1T6.AG25T99.F,..,6.57478,..,..,..,..,..,..,..,..,..,8.08959,..,..,..,..,8.43154,..,..,..,..,9.46631,..,..,..,..,10.3208,..,..,..,..,..,..,..,..
"Macao SAR, China",MAC,"UIS: Mean years of schooling (ISCED 1 or higher), population 25+ years, male",UIS.EA.MEAN.1T6.AG25T99.M,..,8.08276,..,..,..,..,..,..,..,..,..,9.14395,..,..,..,..,9.24216,..,..,..,..,10.09496,..,..,..,..,10.76168,..,..,..,..,..,..,..,..
"Macao SAR, China",MAC,"UIS: Mean years of schooling (ISCED 1 or higher), population 25+ years, both sexes",UIS.EA.MEAN.1T6.AG25T99,..,7.31217,..,..,..,..,..,..,..,..,..,8.58554,..,..,..,..,8.82116,..,..,..,..,9.76254,..,..,..,..,10.53084,..,..,..,..,..,..,..,..
"Macao SAR, China",MAC,"Adult literacy rate, population 15+ years, both sexes (%)",SE.ADT.LITR.ZS,..,..,..,..,..,..,..,..,..,..,..,91.29537,..,..,..,..,93.49975,..,..,..,..,95.64004,..,..,..,..,96.53849,..,..,..,..,..,..,..,..
Madagascar,MDG,"UIS: Mean years of schooling (ISCED 1 or higher), population 25+ years, female",UIS.EA.MEAN.1T6.AG25T99.F,..,..,..,..,..,..,..,..,..,..,..,..,..,..,..,..,..,..,..,..,..,..,..,..,..,..,..,..,..,..,..,..,..,..,..
Madagascar,MDG,"UIS: Mean years of schooling (ISCED 1 or higher), population 25+ years, male",UIS.EA.MEAN.1T6.AG25T99.M,..,..,..,..,..,..,..,..,..,..,..,..,..,..,..,..,..,..,..,..,..,..,..,..,..,..,..,..,..,..,..,..,..,..,..
Madagascar,MDG,"UIS: Mean years of schooling (ISCED 1 or higher), population 25+ years, both sexes",UIS.EA.MEAN.1T6.AG25T99,..,..,..,..,..,..,..,..,..,..,..,..,..,..,..,..,..,..,..,..,..,..,..,..,..,..,..,..,..,..,..,..,..,..,..
Madagascar,MDG,"Adult literacy rate, population 15+ years, both sexes (%)",SE.ADT.LITR.ZS,..,..,..,..,..,..,..,..,..,..,70.68617,..,..,..,..,58.93594,..,..,..,64.48091,..,..,71.57262,..,..,..,..,..,74.80432,..,..,..,..,..,..
Malawi,MWI,"UIS: Mean years of schooling (ISCED 1 or higher), population 25+ years, female",UIS.EA.MEAN.1T6.AG25T99.F,..,..,..,..,..,..,..,..,1.87189,..,..,..,..,..,..,..,..,..,..,..,..,..,..,..,..,..,..,..,..,..,..,..,..,..,..
Malawi,MWI,"UIS: Mean years of schooling (ISCED 1 or higher), population 25+ years, male",UIS.EA.MEAN.1T6.AG25T99.M,..,..,..,..,..,..,..,..,3.57721,..,..,..,..,..,..,..,..,..,..,..,..,..,..,..,..,..,..,..,..,..,..,..,..,..,..
Malawi,MWI,"UIS: Mean years of schooling (ISCED 1 or higher), population 25+ years, both sexes",UIS.EA.MEAN.1T6.AG25T99,..,..,..,..,..,..,..,..,2.70967,..,..,..,..,..,..,..,..,..,..,..,..,..,..,..,..,..,..,..,..,..,..,..,..,..,..
Malawi,MWI,"Adult literacy rate, population 15+ years, both sexes (%)",SE.ADT.LITR.ZS,..,..,..,..,..,..,..,..,64.13425,..,..,..,..,..,..,..,..,..,..,..,61.30972,..,..,..,65.14537,62.14354,..,..,..,..,..,..,..,..,..
Malaysia,MYS,"UIS: Mean years of schooling (ISCED 1 or higher), population 25+ years, female",UIS.EA.MEAN.1T6.AG25T99.F,..,..,..,..,..,..,6.57257,..,..,..,8.02098,..,..,..,..,7.2117,..,..,..,9.4457,9.62052,..,..,..,..,..,10.27343,..,..,..,..,..,..,..,..
Malaysia,MYS,"UIS: Mean years of schooling (ISCED 1 or higher), population 25+ years, male",UIS.EA.MEAN.1T6.AG25T99.M,..,..,..,..,..,..,8.05427,..,..,..,9.0399,..,..,..,..,8.09131,..,..,..,10.1072,10.22318,..,..,..,..,..,10.47029,..,..,..,..,..,..,..,..
Malaysia,MYS,"UIS: Mean years of schooling (ISCED 1 or higher), population 25+ years, both sexes",UIS.EA.MEAN.1T6.AG25T99,..,..,..,..,..,..,7.32278,..,..,..,8.53389,..,..,..,..,7.66207,..,..,..,9.7788,9.92398,..,..,..,..,..,10.37465,..,..,..,..,..,..,..,..
Malaysia,MYS,"Adult literacy rate, population 15+ years, both sexes (%)",SE.ADT.LITR.ZS,..,82.91537,..,..,..,..,..,..,..,..,88.68776,..,..,..,..,..,..,..,..,..,93.11789,..,..,..,..,..,94.88058,95.08265,94.85441,..,..,..,..,..,..
Maldives,MDV,"UIS: Mean years of schooling (ISCED 1 or higher), population 25+ years, female",UIS.EA.MEAN.1T6.AG25T99.F,..,..,..,..,..,..,..,..,..,..,..,..,..,..,..,..,3.53142,..,..,..,..,..,..,..,..,..,..,..,..,..,..,..,..,..,..
Maldives,MDV,"UIS: Mean years of schooling (ISCED 1 or higher), population 25+ years, male",UIS.EA.MEAN.1T6.AG25T99.M,..,..,..,..,..,..,..,..,..,..,..,..,..,..,..,..,4.04992,..,..,..,..,..,..,..,..,..,..,..,..,..,..,..,..,..,..
Maldives,MDV,"UIS: Mean years of schooling (ISCED 1 or higher), population 25+ years, both sexes",UIS.EA.MEAN.1T6.AG25T99,..,..,..,..,..,..,..,..,..,..,..,..,..,..,..,..,3.78929,..,..,..,..,..,..,..,..,..,..,..,..,..,..,..,..,..,..
Maldives,MDV,"Adult literacy rate, population 15+ years, both sexes (%)",SE.ADT.LITR.ZS,96.01826,..,..,..,..,96.3265,..,..,..,..,..,..,..,..,..,..,98.3979,..,..,..,..,..,..,..,98.61012,..,97.73495,..,..,..,..,..,..,..,..
Mali,MLI,"UIS: Mean years of schooling (ISCED 1 or higher), population 25+ years, female",UIS.EA.MEAN.1T6.AG25T99.F,..,..,..,..,..,..,..,..,..,..,..,..,..,..,..,..,1.62663,..,..,..,..,1.50334,..,..,..,1.5426,1.01453,..,1.23917,..,..,..,..,..,..
Mali,MLI,"UIS: Mean years of schooling (ISCED 1 or higher), population 25+ years, male",UIS.EA.MEAN.1T6.AG25T99.M,..,..,..,..,..,..,..,..,..,..,..,..,..,..,..,..,1.44563,..,..,..,..,2.73466,..,..,..,2.18912,2.08614,..,2.56047,..,..,..,..,..,..
Mali,MLI,"UIS: Mean years of schooling (ISCED 1 or higher), population 25+ years, both sexes",UIS.EA.MEAN.1T6.AG25T99,..,..,..,..,..,..,..,..,..,..,..,..,..,..,..,..,1.54078,..,..,..,..,2.03935,..,..,..,1.85022,1.53046,..,1.87442,..,..,..,..,..,..
Mali,MLI,"Adult literacy rate, population 15+ years, both sexes (%)",SE.ADT.LITR.ZS,..,..,..,..,..,..,..,..,19.04497,..,..,..,..,24,..,..,26.17655,..,..,..,31.09975,30.61867,..,..,..,33.06889,..,..,35.47377,..,..,..,..,..,..
Malta,MLT,"UIS: Mean years of schooling (ISCED 1 or higher), population 25+ years, female",UIS.EA.MEAN.1T6.AG25T99.F,..,..,..,..,..,..,..,..,..,..,6.77605,..,..,..,..,9.35898,..,9.45587,..,..,9.9418,10.06229,10.43145,10.70664,10.82085,10.9382,11.05503,..,..,..,..,..,..,..,..
Malta,MLT,"UIS: Mean years of schooling (ISCED 1 or higher), population 25+ years, male",UIS.EA.MEAN.1T6.AG25T99.M,..,..,..,..,..,..,..,..,..,..,8.21051,..,..,..,..,10.28057,..,10.32483,..,..,10.73855,10.95521,11.23473,11.43225,11.50648,11.56624,11.59871,..,..,..,..,..,..,..,..
Malta,MLT,"UIS: Mean years of schooling (ISCED 1 or higher), population 25+ years, both sexes",UIS.EA.MEAN.1T6.AG25T99,..,..,..,..,..,..,..,..,..,..,7.47723,..,..,..,..,9.8065,..,9.88147,..,..,10.33225,10.49976,10.82539,11.06188,11.16066,11.25025,11.32613,..,..,..,..,..,..,..,..
Malta,MLT,"Adult literacy rate, population 15+ years, both sexes (%)",SE.ADT.LITR.ZS,..,..,..,..,..,87.8687,..,..,..,..,..,..,..,..,..,92.36309,..,..,..,..,..,93.30736,..,..,..,..,..,..,94.50319,..,..,..,..,..,..
Marshall Islands,MHL,"UIS: Mean years of schooling (ISCED 1 or higher), population 25+ years, female",UIS.EA.MEAN.1T6.AG25T99.F,..,..,..,..,..,..,..,..,..,..,..,..,..,..,..,..,..,..,..,..,..,10.71154,..,..,..,..,..,..,..,..,..,..,..,..,..
Marshall Islands,MHL,"UIS: Mean years of schooling (ISCED 1 or higher), population 25+ years, male",UIS.EA.MEAN.1T6.AG25T99.M,..,..,..,..,..,..,..,..,..,..,..,..,..,..,..,..,..,..,..,..,..,11.06208,..,..,..,..,..,..,..,..,..,..,..,..,..
Marshall Islands,MHL,"UIS: Mean years of schooling (ISCED 1 or higher), population 25+ years, both sexes",UIS.EA.MEAN.1T6.AG25T99,..,..,..,..,..,..,..,..,..,..,..,..,..,..,..,..,..,..,..,..,..,10.88865,..,..,..,..,..,..,..,..,..,..,..,..,..
Marshall Islands,MHL,"Adult literacy rate, population 15+ years, both sexes (%)",SE.ADT.LITR.ZS,..,..,..,..,..,..,..,..,..,..,..,..,..,..,..,..,..,..,..,..,..,98.26508,..,..,..,..,..,..,..,..,..,..,..,..,..
Mauritania,MRT,"UIS: Mean years of schooling (ISCED 1 or higher), population 25+ years, female",UIS.EA.MEAN.1T6.AG25T99.F,..,..,..,..,..,..,..,..,..,..,..,..,..,..,..,..,..,..,..,..,..,..,..,..,..,..,..,..,..,..,..,..,..,..,..
Mauritania,MRT,"UIS: Mean years of schooling (ISCED 1 or higher), population 25+ years, male",UIS.EA.MEAN.1T6.AG25T99.M,..,..,..,..,..,..,..,..,..,..,..,..,..,..,..,..,..,..,..,..,..,..,..,..,..,..,..,..,..,..,..,..,..,..,..
Mauritania,MRT,"UIS: Mean years of schooling (ISCED 1 or higher), population 25+ years, both sexes",UIS.EA.MEAN.1T6.AG25T99,..,..,..,..,..,..,..,..,..,..,..,..,..,..,..,..,..,..,..,..,..,..,..,..,..,..,..,..,..,..,..,..,..,..,..
Mauritania,MRT,"Adult literacy rate, population 15+ years, both sexes (%)",SE.ADT.LITR.ZS,..,..,..,..,..,..,..,..,..,..,51.20768,..,..,..,..,..,..,45.50378,..,..,..,..,..,..,..,..,..,53.49759,..,..,..,..,..,..,..
Mauritius,MUS,"UIS: Mean years of schooling (ISCED 1 or higher), population 25+ years, female",UIS.EA.MEAN.1T6.AG25T99.F,4.805,..,..,..,..,..,..,..,..,..,5.60844,..,..,..,..,..,..,..,..,..,..,7.96792,..,..,..,..,..,..,..,..,..,..,..,..,..
Mauritius,MUS,"UIS: Mean years of schooling (ISCED 1 or higher), population 25+ years, male",UIS.EA.MEAN.1T6.AG25T99.M,6.65058,..,..,..,..,..,..,..,..,..,7.01567,..,..,..,..,..,..,..,..,..,..,9.10405,..,..,..,..,..,..,..,..,..,..,..,..,..
Mauritius,MUS,"UIS: Mean years of schooling (ISCED 1 or higher), population 25+ years, both sexes",UIS.EA.MEAN.1T6.AG25T99,5.71354,..,..,..,..,..,..,..,..,..,6.29631,..,..,..,..,..,..,..,..,..,..,8.52007,..,..,..,..,..,..,..,..,..,..,..,..,..
Mauritius,MUS,"Adult literacy rate, population 15+ years, both sexes (%)",SE.ADT.LITR.ZS,79.86866,..,..,..,..,..,..,..,..,..,84.30309,..,..,..,..,..,..,..,..,..,..,89.24984,91.76601,91.49003,92.47476,92.7076,93.15784,..,91.32539,..,..,..,..,..,..
Mexico,MEX,"UIS: Mean years of schooling (ISCED 1 or higher), population 25+ years, female",UIS.EA.MEAN.1T6.AG25T99.F,5.57729,..,..,..,..,..,..,..,..,..,6.33204,..,..,..,7.0007,7.29833,7.61782,7.63989,7.72494,7.92848,7.79757,..,8.30736,8.1554,8.23239,8.42018,8.43309,8.5876,8.78829,..,..,..,..,..,..
Mexico,MEX,"UIS: Mean years of schooling (ISCED 1 or higher), population 25+ years, male",UIS.EA.MEAN.1T6.AG25T99.M,6.52127,..,..,..,..,..,..,..,..,..,7.18858,..,..,..,7.84519,7.9072,8.44695,8.4313,8.47221,8.65418,8.25287,..,8.94293,8.60963,8.62111,8.83491,8.81579,8.94763,9.12553,..,..,..,..,..,..
Mexico,MEX,"UIS: Mean years of schooling (ISCED 1 or higher), population 25+ years, both sexes",UIS.EA.MEAN.1T6.AG25T99,6.03074,..,..,..,..,..,..,..,..,..,6.74018,..,..,..,7.39369,7.58733,7.99745,8.00439,8.07094,8.2673,8.01389,..,8.60338,8.3675,8.41339,8.61576,8.61157,8.75461,8.94582,..,..,..,..,..,..
Mexico,MEX,"Adult literacy rate, population 15+ years, both sexes (%)",SE.ADT.LITR.ZS,87.55615,..,..,..,..,..,..,..,..,..,90.53562,..,90.27465,..,90.95374,91.63027,91.73452,92.79517,92.9256,93.44188,93.06894,93.51998,94.2284,93.96285,94.55588,94.47228,94.85962,94.97278,95.37991,..,..,..,..,..,..
"Micronesia, Fed. Sts.",FSM,"UIS: Mean years of schooling (ISCED 1 or higher), population 25+ years, female",UIS.EA.MEAN.1T6.AG25T99.F,..,..,..,..,..,..,..,..,..,..,..,..,..,..,..,..,..,..,..,..,..,..,..,..,..,..,..,..,..,..,..,..,..,..,..
"Micronesia, Fed. Sts.",FSM,"UIS: Mean years of schooling (ISCED 1 or higher), population 25+ years, male",UIS.EA.MEAN.1T6.AG25T99.M,..,..,..,..,..,..,..,..,..,..,..,..,..,..,..,..,..,..,..,..,..,..,..,..,..,..,..,..,..,..,..,..,..,..,..
"Micronesia, Fed. Sts.",FSM,"UIS: Mean years of schooling (ISCED 1 or higher), population 25+ years, both sexes",UIS.EA.MEAN.1T6.AG25T99,..,..,..,..,..,..,..,..,..,..,..,..,..,..,..,..,..,..,..,..,..,..,..,..,..,..,..,..,..,..,..,..,..,..,..
"Micronesia, Fed. Sts.",FSM,"Adult literacy rate, population 15+ years, both sexes (%)",SE.ADT.LITR.ZS,..,..,..,..,..,..,..,..,..,..,..,..,..,..,..,..,..,..,..,..,..,..,..,..,..,..,..,..,..,..,..,..,..,..,..
Middle East & North Africa,MEA,"UIS: Mean years of schooling (ISCED 1 or higher), population 25+ years, female",UIS.EA.MEAN.1T6.AG25T99.F,..,..,..,..,..,..,..,..,..,..,..,..,..,..,..,..,..,..,..,..,..,..,..,..,..,..,..,..,..,..,..,..,..,..,..
Middle East & North Africa,MEA,"UIS: Mean years of schooling (ISCED 1 or higher), population 25+ years, male",UIS.EA.MEAN.1T6.AG25T99.M,..,..,..,..,..,..,..,..,..,..,..,..,..,..,..,..,..,..,..,..,..,..,..,..,..,..,..,..,..,..,..,..,..,..,..
Middle East & North Africa,MEA,"UIS: Mean years of schooling (ISCED 1 or higher), population 25+ years, both sexes",UIS.EA.MEAN.1T6.AG25T99,..,..,..,..,..,..,..,..,..,..,..,..,..,..,..,..,..,..,..,..,..,..,..,..,..,..,..,..,..,..,..,..,..,..,..
Middle East & North Africa,MEA,"Adult literacy rate, population 15+ years, both sexes (%)",SE.ADT.LITR.ZS,57.93724,59.1915,60.1942,61.06261,62.03443,63.54452,64.8846,65.82185,67.0244,68.09252,69.10522,70.23477,70.68381,73.94261,74.8512,74.43712,74.57665,75.07904,75.76854,75.66799,76.48092,77.26802,79.89382,79.69486,81.14234,79.43243,80.45519,81.5254,78.98143,79.31014,..,..,..,..,..
Middle East & North Africa (excluding high income),MNA,"UIS: Mean years of schooling (ISCED 1 or higher), population 25+ years, female",UIS.EA.MEAN.1T6.AG25T99.F,..,..,..,..,..,..,..,..,..,..,..,..,..,..,..,..,..,..,..,..,..,..,..,..,..,..,..,..,..,..,..,..,..,..,..
Middle East & North Africa (excluding high income),MNA,"UIS: Mean years of schooling (ISCED 1 or higher), population 25+ years, male",UIS.EA.MEAN.1T6.AG25T99.M,..,..,..,..,..,..,..,..,..,..,..,..,..,..,..,..,..,..,..,..,..,..,..,..,..,..,..,..,..,..,..,..,..,..,..
Middle East & North Africa (excluding high income),MNA,"UIS: Mean years of schooling (ISCED 1 or higher), population 25+ years, both sexes",UIS.EA.MEAN.1T6.AG25T99,..,..,..,..,..,..,..,..,..,..,..,..,..,..,..,..,..,..,..,..,..,..,..,..,..,..,..,..,..,..,..,..,..,..,..
Middle East & North Africa (excluding high income),MNA,"Adult literacy rate, population 15+ years, both sexes (%)",SE.ADT.LITR.ZS,55.63357,56.94409,58.01356,58.938,59.95622,61.58005,62.98683,63.9375,65.12838,66.2284,67.26866,68.42131,68.73656,72.39302,73.29117,72.70405,72.69732,73.11501,73.71545,73.45041,74.27388,74.50911,77.51191,77.1405,78.79463,76.62332,77.81656,79.03477,75.96434,76.34241,..,..,..,..,..
Middle East & North Africa (IDA & IBRD countries),TMN,"UIS: Mean years of schooling (ISCED 1 or higher), population 25+ years, female",UIS.EA.MEAN.1T6.AG25T99.F,..,..,..,..,..,..,..,..,..,..,..,..,..,..,..,..,..,..,..,..,..,..,..,..,..,..,..,..,..,..,..,..,..,..,..
Middle East & North Africa (IDA & IBRD countries),TMN,"UIS: Mean years of schooling (ISCED 1 or higher), population 25+ years, male",UIS.EA.MEAN.1T6.AG25T99.M,..,..,..,..,..,..,..,..,..,..,..,..,..,..,..,..,..,..,..,..,..,..,..,..,..,..,..,..,..,..,..,..,..,..,..
Middle East & North Africa (IDA & IBRD countries),TMN,"UIS: Mean years of schooling (ISCED 1 or higher), population 25+ years, both sexes",UIS.EA.MEAN.1T6.AG25T99,..,..,..,..,..,..,..,..,..,..,..,..,..,..,..,..,..,..,..,..,..,..,..,..,..,..,..,..,..,..,..,..,..,..,..
Middle East & North Africa (IDA & IBRD countries),TMN,"Adult literacy rate, population 15+ years, both sexes (%)",SE.ADT.LITR.ZS,55.39274,56.71228,57.78864,58.71174,59.72955,61.35857,62.76903,63.73198,64.91188,66.01417,67.05738,68.21525,68.51264,72.20115,73.10868,72.5073,72.49503,72.90986,73.5114,73.23498,74.06036,74.29205,77.31735,76.93567,78.60376,76.40354,77.60457,78.83198,75.72258,76.09991,..,..,..,..,..
Middle income,MIC,"UIS: Mean years of schooling (ISCED 1 or higher), population 25+ years, female",UIS.EA.MEAN.1T6.AG25T99.F,..,..,..,..,..,..,..,..,..,..,..,..,..,..,..,..,..,..,..,..,..,..,..,..,..,..,..,..,..,..,..,..,..,..,..
Middle income,MIC,"UIS: Mean years of schooling (ISCED 1 or higher), population 25+ years, male",UIS.EA.MEAN.1T6.AG25T99.M,..,..,..,..,..,..,..,..,..,..,..,..,..,..,..,..,..,..,..,..,..,..,..,..,..,..,..,..,..,..,..,..,..,..,..
Middle income,MIC,"UIS: Mean years of schooling (ISCED 1 or higher), population 25+ years, both sexes",UIS.EA.MEAN.1T6.AG25T99,..,..,..,..,..,..,..,..,..,..,..,..,..,..,..,..,..,..,..,..,..,..,..,..,..,..,..,..,..,..,..,..,..,..,..
Middle income,MIC,"Adult literacy rate, population 15+ years, both sexes (%)",SE.ADT.LITR.ZS,70.59495,71.36144,72.05007,72.63797,73.19617,73.75205,74.3034,76.993,78.57224,78.98827,79.17662,79.56095,80.02049,80.70119,81.15909,81.16109,81.61647,81.94613,82.57233,82.96507,83.53068,83.69688,84.26536,84.47999,84.99931,85.21755,85.77729,86.05455,86.08866,86.39626,..,..,..,..,..
Moldova,MDA,"UIS: Mean years of schooling (ISCED 1 or higher), population 25+ years, female",UIS.EA.MEAN.1T6.AG25T99.F,..,..,..,..,..,..,..,..,..,..,..,..,..,..,..,..,..,10.74287,10.86516,10.99805,11.04325,11.10984,11.36941,11.61023,11.72107,11.76912,..,..,..,..,..,..,..,..,..
Moldova,MDA,"UIS: Mean years of schooling (ISCED 1 or higher), population 25+ years, male",UIS.EA.MEAN.1T6.AG25T99.M,..,..,..,..,..,..,..,..,..,..,..,..,..,..,..,..,..,11.03333,11.10714,11.16687,11.18751,11.27009,11.6186,11.66489,11.68495,11.63766,..,..,..,..,..,..,..,..,..
Moldova,MDA,"UIS: Mean years of schooling (ISCED 1 or higher), population 25+ years, both sexes",UIS.EA.MEAN.1T6.AG25T99,..,..,..,..,..,..,..,..,..,..,..,..,..,..,..,..,..,10.87739,10.9772,11.07614,11.10973,11.18392,11.48515,11.63546,11.70448,11.70817,..,..,..,..,..,..,..,..,..
Moldova,MDA,"Adult literacy rate, population 15+ years, both sexes (%)",SE.ADT.LITR.ZS,..,..,..,..,..,..,..,..,..,..,96.6538,..,..,..,98.3585,..,..,98.62229,..,99.06996,99.02318,..,99.13831,..,99.35989,..,..,..,..,..,..,..,..,..,..
Monaco,MCO,"UIS: Mean years of schooling (ISCED 1 or higher), population 25+ years, female",UIS.EA.MEAN.1T6.AG25T99.F,..,..,..,..,..,..,..,..,..,..,..,..,..,..,..,..,..,..,..,..,..,..,..,..,..,..,..,..,..,..,..,..,..,..,..
Monaco,MCO,"UIS: Mean years of schooling (ISCED 1 or higher), population 25+ years, male",UIS.EA.MEAN.1T6.AG25T99.M,..,..,..,..,..,..,..,..,..,..,..,..,..,..,..,..,..,..,..,..,..,..,..,..,..,..,..,..,..,..,..,..,..,..,..
Monaco,MCO,"UIS: Mean years of schooling (ISCED 1 or higher), population 25+ years, both sexes",UIS.EA.MEAN.1T6.AG25T99,..,..,..,..,..,..,..,..,..,..,..,..,..,..,..,..,..,..,..,..,..,..,..,..,..,..,..,..,..,..,..,..,..,..,..
Monaco,MCO,"Adult literacy rate, population 15+ years, both sexes (%)",SE.ADT.LITR.ZS,..,..,..,..,..,..,..,..,..,..,..,..,..,..,..,..,..,..,..,..,..,..,..,..,..,..,..,..,..,..,..,..,..,..,..
Mongolia,MNG,"UIS: Mean years of schooling (ISCED 1 or higher), population 25+ years, female",UIS.EA.MEAN.1T6.AG25T99.F,..,..,..,..,..,..,..,..,..,..,9.14848,..,..,..,..,..,..,..,..,..,10.4221,..,..,..,..,..,..,..,..,..,..,..,..,..,..
Mongolia,MNG,"UIS: Mean years of schooling (ISCED 1 or higher), population 25+ years, male",UIS.EA.MEAN.1T6.AG25T99.M,..,..,..,..,..,..,..,..,..,..,9.30905,..,..,..,..,..,..,..,..,..,9.82079,..,..,..,..,..,..,..,..,..,..,..,..,..,..
Mongolia,MNG,"UIS: Mean years of schooling (ISCED 1 or higher), population 25+ years, both sexes",UIS.EA.MEAN.1T6.AG25T99,..,..,..,..,..,..,..,..,..,..,9.22656,..,..,..,..,..,..,..,..,..,10.12979,..,..,..,..,..,..,..,..,..,..,..,..,..,..
Mongolia,MNG,"Adult literacy rate, population 15+ years, both sexes (%)",SE.ADT.LITR.ZS,..,..,..,..,..,..,..,..,..,..,97.76885,..,..,..,..,..,..,..,..,..,98.257,..,..,..,..,..,..,..,98.42312,..,..,..,..,..,..
Montenegro,MNE,"UIS: Mean years of schooling (ISCED 1 or higher), population 25+ years, female",UIS.EA.MEAN.1T6.AG25T99.F,..,..,..,..,..,..,..,..,..,..,..,..,..,9.69033,..,..,..,..,..,..,..,10.68326,..,..,..,..,..,..,..,..,..,..,..,..,..
Montenegro,MNE,"UIS: Mean years of schooling (ISCED 1 or higher), population 25+ years, male",UIS.EA.MEAN.1T6.AG25T99.M,..,..,..,..,..,..,..,..,..,..,..,..,..,11.42859,..,..,..,..,..,..,..,12.01108,..,..,..,..,..,..,..,..,..,..,..,..,..
Montenegro,MNE,"UIS: Mean years of schooling (ISCED 1 or higher), population 25+ years, both sexes",UIS.EA.MEAN.1T6.AG25T99,..,..,..,..,..,..,..,..,..,..,..,..,..,10.52405,..,..,..,..,..,..,..,11.32304,..,..,..,..,..,..,..,..,..,..,..,..,..
Montenegro,MNE,"Adult literacy rate, population 15+ years, both sexes (%)",SE.ADT.LITR.ZS,..,93.46274,..,..,..,..,..,..,..,..,..,..,..,97.77346,..,..,..,..,..,..,..,98.44221,..,..,..,..,..,..,98.84718,..,..,..,..,..,..
Morocco,MAR,"UIS: Mean years of schooling (ISCED 1 or higher), population 25+ years, female",UIS.EA.MEAN.1T6.AG25T99.F,..,..,..,..,..,..,..,..,..,..,..,..,..,..,..,..,..,..,..,..,..,..,..,..,..,..,..,..,..,..,..,..,..,..,..
Morocco,MAR,"UIS: Mean years of schooling (ISCED 1 or higher), population 25+ years, male",UIS.EA.MEAN.1T6.AG25T99.M,..,..,..,..,..,..,..,..,..,..,..,..,..,..,..,..,..,..,..,..,..,..,..,..,..,..,..,..,..,..,..,..,..,..,..
Morocco,MAR,"UIS: Mean years of schooling (ISCED 1 or higher), population 25+ years, both sexes",UIS.EA.MEAN.1T6.AG25T99,..,..,..,..,..,..,..,..,..,..,..,..,..,..,..,..,..,..,..,..,..,..,..,..,..,..,..,..,..,..,..,..,..,..,..
Morocco,MAR,"Adult literacy rate, population 15+ years, both sexes (%)",SE.ADT.LITR.ZS,..,..,..,..,41.59411,..,..,..,..,..,..,..,..,..,52.30626,..,..,..,55.14792,56.08367,..,67.08416,69.42539,..,..,..,..,..,73.75001,..,..,..,..,..,..
Mozambique,MOZ,"UIS: Mean years of schooling (ISCED 1 or higher), population 25+ years, female",UIS.EA.MEAN.1T6.AG25T99.F,..,..,..,..,..,..,..,..,..,..,..,..,..,..,..,..,..,..,..,..,..,1.98362,..,..,..,2.69752,..,2.34122,..,..,..,..,..,..,..
Mozambique,MOZ,"UIS: Mean years of schooling (ISCED 1 or higher), population 25+ years, male",UIS.EA.MEAN.1T6.AG25T99.M,..,..,..,..,..,..,..,..,..,..,..,..,..,..,..,..,..,..,..,..,..,3.3916,..,..,..,3.57598,..,3.89142,..,..,..,..,..,..,..
Mozambique,MOZ,"UIS: Mean years of schooling (ISCED 1 or higher), population 25+ years, both sexes",UIS.EA.MEAN.1T6.AG25T99,..,..,..,..,..,..,..,..,..,..,..,..,..,..,..,..,..,..,..,..,..,2.632,..,..,..,3.20018,..,3.06514,..,..,..,..,..,..,..
Mozambique,MOZ,"Adult literacy rate, population 15+ years, both sexes (%)",SE.ADT.LITR.ZS,..,..,..,..,..,..,..,38.70788,..,..,..,..,..,48.15884,..,..,..,..,..,50.58381,..,..,..,..,..,56.039,..,60.65543,..,..,..,..,..,..,..
Myanmar,MMR,"UIS: Mean years of schooling (ISCED 1 or higher), population 25+ years, female",UIS.EA.MEAN.1T6.AG25T99.F,..,..,..,..,..,..,..,..,..,..,..,..,..,..,..,..,..,..,..,..,..,..,..,..,..,..,..,..,..,..,..,..,..,..,..
Myanmar,MMR,"UIS: Mean years of schooling (ISCED 1 or higher), population 25+ years, male",UIS.EA.MEAN.1T6.AG25T99.M,..,..,..,..,..,..,..,..,..,..,..,..,..,..,..,..,..,..,..,..,..,..,..,..,..,..,..,..,..,..,..,..,..,..,..
Myanmar,MMR,"UIS: Mean years of schooling (ISCED 1 or higher), population 25+ years, both sexes",UIS.EA.MEAN.1T6.AG25T99,..,..,..,..,..,..,..,..,..,..,..,..,..,..,..,..,..,..,..,..,..,..,..,..,..,..,..,..,..,..,..,..,..,..,..
Myanmar,MMR,"Adult literacy rate, population 15+ years, both sexes (%)",SE.ADT.LITR.ZS,..,..,..,..,..,..,..,..,..,..,89.94176,..,..,..,..,..,..,..,..,..,..,..,..,..,..,..,75.5512,..,..,..,..,..,..,..,..
Namibia,NAM,"UIS: Mean years of schooling (ISCED 1 or higher), population 25+ years, female",UIS.EA.MEAN.1T6.AG25T99.F,..,..,..,..,..,..,..,..,..,..,..,5.67664,..,..,..,..,..,..,..,..,..,..,..,..,..,..,..,..,..,..,..,..,..,..,..
Namibia,NAM,"UIS: Mean years of schooling (ISCED 1 or higher), population 25+ years, male",UIS.EA.MEAN.1T6.AG25T99.M,..,..,..,..,..,..,..,..,..,..,..,5.95578,..,..,..,..,..,..,..,..,..,..,..,..,..,..,..,..,..,..,..,..,..,..,..
Namibia,NAM,"UIS: Mean years of schooling (ISCED 1 or higher), population 25+ years, both sexes",UIS.EA.MEAN.1T6.AG25T99,..,..,..,..,..,..,..,..,..,..,..,5.8054,..,..,..,..,..,..,..,..,..,..,..,..,..,..,..,..,..,..,..,..,..,..,..
Namibia,NAM,"Adult literacy rate, population 15+ years, both sexes (%)",SE.ADT.LITR.ZS,..,75.81658,..,..,..,..,..,..,..,..,..,84.94426,..,..,..,..,..,76.48659,..,..,..,88.27463,..,..,..,..,..,..,91.52727,..,..,..,..,..,..
Nauru,NRU,"UIS: Mean years of schooling (ISCED 1 or higher), population 25+ years, female",UIS.EA.MEAN.1T6.AG25T99.F,..,..,..,..,..,..,..,..,..,..,..,..,..,..,..,..,..,..,..,..,..,..,..,..,..,..,..,..,..,..,..,..,..,..,..
Nauru,NRU,"UIS: Mean years of schooling (ISCED 1 or higher), population 25+ years, male",UIS.EA.MEAN.1T6.AG25T99.M,..,..,..,..,..,..,..,..,..,..,..,..,..,..,..,..,..,..,..,..,..,..,..,..,..,..,..,..,..,..,..,..,..,..,..
Nauru,NRU,"UIS: Mean years of schooling (ISCED 1 or higher), population 25+ years, both sexes",UIS.EA.MEAN.1T6.AG25T99,..,..,..,..,..,..,..,..,..,..,..,..,..,..,..,..,..,..,..,..,..,..,..,..,..,..,..,..,..,..,..,..,..,..,..
Nauru,NRU,"Adult literacy rate, population 15+ years, both sexes (%)",SE.ADT.LITR.ZS,..,..,..,..,..,..,..,..,..,..,..,..,..,..,..,..,..,..,..,..,..,..,..,..,..,..,..,..,..,..,..,..,..,..,..
Nepal,NPL,"UIS: Mean years of schooling (ISCED 1 or higher), population 25+ years, female",UIS.EA.MEAN.1T6.AG25T99.F,..,..,..,..,..,..,..,..,..,..,..,2.48415,..,..,..,..,..,..,..,..,..,2.32158,..,..,..,..,..,..,..,..,..,..,..,..,..
Nepal,NPL,"UIS: Mean years of schooling (ISCED 1 or higher), population 25+ years, male",UIS.EA.MEAN.1T6.AG25T99.M,..,..,..,..,..,..,..,..,..,..,..,4.76054,..,..,..,..,..,..,..,..,..,4.91764,..,..,..,..,..,..,..,..,..,..,..,..,..
Nepal,NPL,"UIS: Mean years of schooling (ISCED 1 or higher), population 25+ years, both sexes",UIS.EA.MEAN.1T6.AG25T99,..,..,..,..,..,..,..,..,..,..,..,3.61412,..,..,..,..,..,..,..,..,..,3.49558,..,..,..,..,..,..,..,..,..,..,..,..,..
Nepal,NPL,"Adult literacy rate, population 15+ years, both sexes (%)",SE.ADT.LITR.ZS,..,32.97559,..,..,..,..,..,..,..,..,..,48.60897,..,..,..,..,..,..,..,..,..,59.62725,..,..,..,..,..,..,67.90843,..,..,..,..,..,..
Netherlands,NLD,"UIS: Mean years of schooling (ISCED 1 or higher), population 25+ years, female",UIS.EA.MEAN.1T6.AG25T99.F,..,..,..,..,..,..,..,..,..,..,..,..,..,..,11.54746,11.43693,..,11.69868,11.62296,11.67449,11.69749,11.7136,11.80727,11.79939,11.84539,11.90602,11.9861,..,12.16944,..,..,..,..,..,..
Netherlands,NLD,"UIS: Mean years of schooling (ISCED 1 or higher), population 25+ years, male",UIS.EA.MEAN.1T6.AG25T99.M,..,..,..,..,..,..,..,..,..,..,..,..,..,..,12.35863,12.24544,..,12.40453,12.30768,12.31782,12.39005,12.32065,12.40837,12.51445,12.53222,12.55748,12.57889,..,12.66969,..,..,..,..,..,..
Netherlands,NLD,"UIS: Mean years of schooling (ISCED 1 or higher), population 25+ years, both sexes",UIS.EA.MEAN.1T6.AG25T99,..,..,..,..,..,..,..,..,..,..,..,..,..,..,11.94569,11.83306,..,12.04392,11.95797,11.98908,12.03651,12.01056,12.10139,12.15005,12.18221,12.22524,12.27665,..,12.4148,..,..,..,..,..,..
Netherlands,NLD,"Adult literacy rate, population 15+ years, both sexes (%)",SE.ADT.LITR.ZS,..,..,..,..,..,..,..,..,..,..,..,..,..,..,..,..,..,..,..,..,..,..,..,..,..,..,..,..,..,..,..,..,..,..,..
New Caledonia,NCL,"UIS: Mean years of schooling (ISCED 1 or higher), population 25+ years, female",UIS.EA.MEAN.1T6.AG25T99.F,..,..,..,..,..,..,..,..,..,..,..,..,..,..,..,..,..,..,..,..,..,..,..,..,..,..,..,..,..,..,..,..,..,..,..
New Caledonia,NCL,"UIS: Mean years of schooling (ISCED 1 or higher), population 25+ years, male",UIS.EA.MEAN.1T6.AG25T99.M,..,..,..,..,..,..,..,..,..,..,..,..,..,..,..,..,..,..,..,..,..,..,..,..,..,..,..,..,..,..,..,..,..,..,..
New Caledonia,NCL,"UIS: Mean years of schooling (ISCED 1 or higher), population 25+ years, both sexes",UIS.EA.MEAN.1T6.AG25T99,..,..,..,..,..,..,..,..,..,..,..,..,..,..,..,..,..,..,..,..,..,..,..,..,..,..,..,..,..,..,..,..,..,..,..
New Caledonia,NCL,"Adult literacy rate, population 15+ years, both sexes (%)",SE.ADT.LITR.ZS,..,..,..,..,..,..,96.13792,..,..,..,..,..,..,..,..,..,..,..,..,..,..,..,..,..,97.8,..,..,..,..,..,..,..,..,..,..
New Zealand,NZL,"UIS: Mean years of schooling (ISCED 1 or higher), population 25+ years, female",UIS.EA.MEAN.1T6.AG25T99.F,..,10.81659,..,..,..,..,..,..,..,..,..,13.30165,..,..,..,..,13.47351,..,..,..,..,12.86833,12.89262,..,13.19754,13.17758,13.0831,..,..,..,..,..,..,..,..
New Zealand,NZL,"UIS: Mean years of schooling (ISCED 1 or higher), population 25+ years, male",UIS.EA.MEAN.1T6.AG25T99.M,..,11.86847,..,..,..,..,..,..,..,..,..,13.46109,..,..,..,..,13.44859,..,..,..,..,12.98052,12.94725,..,13.40257,13.33712,13.1737,..,..,..,..,..,..,..,..
New Zealand,NZL,"UIS: Mean years of schooling (ISCED 1 or higher), population 25+ years, both sexes",UIS.EA.MEAN.1T6.AG25T99,..,11.32501,..,..,..,..,..,..,..,..,..,13.37787,..,..,..,..,13.4615,..,..,..,..,12.92243,12.91901,..,13.2959,13.25417,13.12645,..,..,..,..,..,..,..,..
New Zealand,NZL,"Adult literacy rate, population 15+ years, both sexes (%)",SE.ADT.LITR.ZS,..,..,..,..,..,..,..,..,..,..,..,..,..,..,..,..,..,..,..,..,..,..,..,..,..,..,..,..,..,..,..,..,..,..,..
Nicaragua,NIC,"UIS: Mean years of schooling (ISCED 1 or higher), population 25+ years, female",UIS.EA.MEAN.1T6.AG25T99.F,..,..,..,..,..,..,..,..,..,..,..,..,..,..,..,..,..,..,..,..,..,..,..,..,..,..,..,..,..,..,..,..,..,..,..
Nicaragua,NIC,"UIS: Mean years of schooling (ISCED 1 or higher), population 25+ years, male",UIS.EA.MEAN.1T6.AG25T99.M,..,..,..,..,..,..,..,..,..,..,..,..,..,..,..,..,..,..,..,..,..,..,..,..,..,..,..,..,..,..,..,..,..,..,..
Nicaragua,NIC,"UIS: Mean years of schooling (ISCED 1 or higher), population 25+ years, both sexes",UIS.EA.MEAN.1T6.AG25T99,..,..,..,..,..,..,..,..,..,..,..,..,..,..,..,..,..,..,..,..,..,..,..,..,..,..,..,..,..,..,..,..,..,..,..
Nicaragua,NIC,"Adult literacy rate, population 15+ years, both sexes (%)",SE.ADT.LITR.ZS,..,..,..,..,..,..,..,..,..,..,..,76.67713,..,..,..,78.00298,..,..,..,..,..,..,..,..,..,82.61455,..,..,..,..,..,..,..,..,..
Niger,NER,"UIS: Mean years of schooling (ISCED 1 or higher), population 25+ years, female",UIS.EA.MEAN.1T6.AG25T99.F,..,..,..,..,..,..,..,..,..,..,..,..,..,..,..,..,..,..,..,..,..,..,1.14362,..,..,..,..,..,..,..,..,..,..,..,..
Niger,NER,"UIS: Mean years of schooling (ISCED 1 or higher), population 25+ years, male",UIS.EA.MEAN.1T6.AG25T99.M,..,..,..,..,..,..,..,..,..,..,..,..,..,..,..,..,..,..,..,..,..,..,2.29803,..,..,..,..,..,..,..,..,..,..,..,..
Niger,NER,"UIS: Mean years of schooling (ISCED 1 or higher), population 25+ years, both sexes",UIS.EA.MEAN.1T6.AG25T99,..,..,..,..,..,..,..,..,..,..,..,..,..,..,..,..,..,..,..,..,..,..,1.6387,..,..,..,..,..,..,..,..,..,..,..,..
Niger,NER,"Adult literacy rate, population 15+ years, both sexes (%)",SE.ADT.LITR.ZS,..,..,..,..,..,..,..,..,..,..,..,14.37604,..,..,..,28.67242,..,..,..,..,..,..,30.56039,..,..,..,..,..,35.05,..,..,..,..,..,..
Nigeria,NGA,"UIS: Mean years of schooling (ISCED 1 or higher), population 25+ years, female",UIS.EA.MEAN.1T6.AG25T99.F,..,..,..,..,..,..,..,..,..,..,..,..,..,..,..,..,7.29064,..,..,..,..,..,..,..,..,..,..,..,..,..,..,..,..,..,..
Nigeria,NGA,"UIS: Mean years of schooling (ISCED 1 or higher), population 25+ years, male",UIS.EA.MEAN.1T6.AG25T99.M,..,..,..,..,..,..,..,..,..,..,..,..,..,..,..,..,9.00184,..,..,..,..,..,..,..,..,..,..,..,..,..,..,..,..,..,..
Nigeria,NGA,"UIS: Mean years of schooling (ISCED 1 or higher), population 25+ years, both sexes",UIS.EA.MEAN.1T6.AG25T99,..,..,..,..,..,..,..,..,..,..,..,..,..,..,..,..,8.15852,..,..,..,..,..,..,..,..,..,..,..,..,..,..,..,..,..,..
Nigeria,NGA,"Adult literacy rate, population 15+ years, both sexes (%)",SE.ADT.LITR.ZS,..,55.44675,..,..,..,..,..,..,..,..,..,..,..,54.77318,..,..,70.19835,..,51.07766,..,..,..,..,..,..,..,..,..,62.01601,..,..,..,..,..,..
North America,NAC,"UIS: Mean years of schooling (ISCED 1 or higher), population 25+ years, female",UIS.EA.MEAN.1T6.AG25T99.F,..,..,..,..,..,..,..,..,..,..,..,..,..,..,..,..,..,..,..,..,..,..,..,..,..,..,..,..,..,..,..,..,..,..,..
North America,NAC,"UIS: Mean years of schooling (ISCED 1 or higher), population 25+ years, male",UIS.EA.MEAN.1T6.AG25T99.M,..,..,..,..,..,..,..,..,..,..,..,..,..,..,..,..,..,..,..,..,..,..,..,..,..,..,..,..,..,..,..,..,..,..,..
North America,NAC,"UIS: Mean years of schooling (ISCED 1 or higher), population 25+ years, both sexes",UIS.EA.MEAN.1T6.AG25T99,..,..,..,..,..,..,..,..,..,..,..,..,..,..,..,..,..,..,..,..,..,..,..,..,..,..,..,..,..,..,..,..,..,..,..
North America,NAC,"Adult literacy rate, population 15+ years, both sexes (%)",SE.ADT.LITR.ZS,..,..,..,..,..,..,..,..,..,..,..,..,..,..,..,..,..,..,..,..,..,..,..,..,..,..,..,..,..,..,..,..,..,..,..
North Macedonia,MKD,"UIS: Mean years of schooling (ISCED 1 or higher), population 25+ years, female",UIS.EA.MEAN.1T6.AG25T99.F,..,..,..,..,..,..,..,..,..,..,..,..,6.40382,..,..,..,..,..,..,..,..,..,..,..,..,..,..,..,..,..,..,..,..,..,..
North Macedonia,MKD,"UIS: Mean years of schooling (ISCED 1 or higher), population 25+ years, male",UIS.EA.MEAN.1T6.AG25T99.M,..,..,..,..,..,..,..,..,..,..,..,..,7.89778,..,..,..,..,..,..,..,..,..,..,..,..,..,..,..,..,..,..,..,..,..,..
North Macedonia,MKD,"UIS: Mean years of schooling (ISCED 1 or higher), population 25+ years, both sexes",UIS.EA.MEAN.1T6.AG25T99,..,..,..,..,5.36383,..,..,..,..,..,..,..,7.1427,..,..,..,..,..,..,..,..,..,..,..,..,..,..,..,..,..,..,..,..,..,..
North Macedonia,MKD,"Adult literacy rate, population 15+ years, both sexes (%)",SE.ADT.LITR.ZS,..,..,..,..,94.05875,..,..,..,..,..,..,..,96.12893,..,..,..,..,..,..,..,..,..,..,..,97.8,..,..,..,..,..,..,..,..,..,..
Northern Mariana Islands,MNP,"UIS: Mean years of schooling (ISCED 1 or higher), population 25+ years, female",UIS.EA.MEAN.1T6.AG25T99.F,..,..,..,..,..,..,..,..,..,..,..,..,..,..,..,..,..,..,..,..,..,..,..,..,..,..,..,..,..,..,..,..,..,..,..
Northern Mariana Islands,MNP,"UIS: Mean years of schooling (ISCED 1 or higher), population 25+ years, male",UIS.EA.MEAN.1T6.AG25T99.M,..,..,..,..,..,..,..,..,..,..,..,..,..,..,..,..,..,..,..,..,..,..,..,..,..,..,..,..,..,..,..,..,..,..,..
Northern Mariana Islands,MNP,"UIS: Mean years of schooling (ISCED 1 or higher), population 25+ years, both sexes",UIS.EA.MEAN.1T6.AG25T99,..,..,..,..,..,..,..,..,..,..,..,..,..,..,..,..,..,..,..,..,..,..,..,..,..,..,..,..,..,..,..,..,..,..,..
Northern Mariana Islands,MNP,"Adult literacy rate, population 15+ years, both sexes (%)",SE.ADT.LITR.ZS,..,..,..,..,..,..,..,..,..,..,..,..,..,..,..,..,..,..,..,..,..,..,..,..,..,..,..,..,..,..,..,..,..,..,..
Norway,NOR,"UIS: Mean years of schooling (ISCED 1 or higher), population 25+ years, female",UIS.EA.MEAN.1T6.AG25T99.F,11.01701,..,..,..,..,..,..,..,..,..,..,..,..,..,12.16076,12.21987,12.33581,12.39357,12.49828,12.52209,12.58306,12.65525,..,..,12.76653,12.83644,12.90172,13.04715,..,..,..,..,..,..,..
Norway,NOR,"UIS: Mean years of schooling (ISCED 1 or higher), population 25+ years, male",UIS.EA.MEAN.1T6.AG25T99.M,11.5334,..,..,..,..,..,..,..,..,..,..,..,..,..,12.29657,12.34629,12.39769,12.425,12.46559,12.48321,12.51506,12.55559,..,..,12.66079,12.70434,12.73443,12.84495,..,..,..,..,..,..,..
Norway,NOR,"UIS: Mean years of schooling (ISCED 1 or higher), population 25+ years, both sexes",UIS.EA.MEAN.1T6.AG25T99,11.26704,..,..,..,..,..,..,..,..,..,..,..,..,..,12.22725,12.28176,12.36614,12.40898,12.48221,12.50294,12.54957,12.60601,..,..,12.71426,12.77121,12.81906,12.94716,..,..,..,..,..,..,..
Norway,NOR,"Adult literacy rate, population 15+ years, both sexes (%)",SE.ADT.LITR.ZS,..,..,..,..,..,..,..,..,..,..,..,..,..,..,..,..,..,..,..,..,..,..,..,..,..,..,..,..,..,..,..,..,..,..,..
OECD members,OED,"UIS: Mean years of schooling (ISCED 1 or higher), population 25+ years, female",UIS.EA.MEAN.1T6.AG25T99.F,..,..,..,..,..,..,..,..,..,..,..,..,..,..,..,..,..,..,..,..,..,..,..,..,..,..,..,..,..,..,..,..,..,..,..
OECD members,OED,"UIS: Mean years of schooling (ISCED 1 or higher), population 25+ years, male",UIS.EA.MEAN.1T6.AG25T99.M,..,..,..,..,..,..,..,..,..,..,..,..,..,..,..,..,..,..,..,..,..,..,..,..,..,..,..,..,..,..,..,..,..,..,..
OECD members,OED,"UIS: Mean years of schooling (ISCED 1 or higher), population 25+ years, both sexes",UIS.EA.MEAN.1T6.AG25T99,..,..,..,..,..,..,..,..,..,..,..,..,..,..,..,..,..,..,..,..,..,..,..,..,..,..,..,..,..,..,..,..,..,..,..
OECD members,OED,"Adult literacy rate, population 15+ years, both sexes (%)",SE.ADT.LITR.ZS,..,..,..,..,..,..,..,..,..,..,..,..,..,..,..,..,..,..,..,..,..,..,..,..,..,..,..,..,..,..,..,..,..,..,..
Oman,OMN,"UIS: Mean years of schooling (ISCED 1 or higher), population 25+ years, female",UIS.EA.MEAN.1T6.AG25T99.F,..,..,..,..,..,..,..,..,..,..,..,..,..,5.25831,..,..,..,..,6.9797,..,7.55754,..,..,..,..,10.38545,..,..,..,..,..,..,..,..,..
Oman,OMN,"UIS: Mean years of schooling (ISCED 1 or higher), population 25+ years, male",UIS.EA.MEAN.1T6.AG25T99.M,..,..,..,..,..,..,..,..,..,..,..,..,..,6.8952,..,..,..,..,8.50138,..,8.15274,..,..,..,..,9.2584,..,..,..,..,..,..,..,..,..
Oman,OMN,"UIS: Mean years of schooling (ISCED 1 or higher), population 25+ years, both sexes",UIS.EA.MEAN.1T6.AG25T99,..,..,..,..,..,..,..,..,..,..,..,..,..,6.27965,..,..,..,..,7.99923,..,7.9328,..,..,..,..,9.55618,..,..,..,..,..,..,..,..,..
Oman,OMN,"Adult literacy rate, population 15+ years, both sexes (%)",SE.ADT.LITR.ZS,..,..,..,..,..,..,..,..,..,..,..,..,..,81.36331,..,..,..,..,86.62114,..,86.939,..,..,..,91.9812,93.03861,94.89999,95.576,95.65153,..,..,..,..,..,..
Other small states,OSS,"UIS: Mean years of schooling (ISCED 1 or higher), population 25+ years, female",UIS.EA.MEAN.1T6.AG25T99.F,..,..,..,..,..,..,..,..,..,..,..,..,..,..,..,..,..,..,..,..,..,..,..,..,..,..,..,..,..,..,..,..,..,..,..
Other small states,OSS,"UIS: Mean years of schooling (ISCED 1 or higher), population 25+ years, male",UIS.EA.MEAN.1T6.AG25T99.M,..,..,..,..,..,..,..,..,..,..,..,..,..,..,..,..,..,..,..,..,..,..,..,..,..,..,..,..,..,..,..,..,..,..,..
Other small states,OSS,"UIS: Mean years of schooling (ISCED 1 or higher), population 25+ years, both sexes",UIS.EA.MEAN.1T6.AG25T99,..,..,..,..,..,..,..,..,..,..,..,..,..,..,..,..,..,..,..,..,..,..,..,..,..,..,..,..,..,..,..,..,..,..,..
Other small states,OSS,"Adult literacy rate, population 15+ years, both sexes (%)",SE.ADT.LITR.ZS,74.08086,74.51757,74.98155,75.56522,75.76488,76.17323,76.797,77.35661,78.15994,78.70513,78.77767,79.47523,80.30617,81.00532,81.33009,81.95788,81.53321,80.54794,81.72634,81.08915,81.4859,82.19191,82.44003,82.886,83.30425,84.69232,84.61512,84.82926,85.06986,85.36423,..,..,..,..,..
Pacific island small states,PSS,"UIS: Mean years of schooling (ISCED 1 or higher), population 25+ years, female",UIS.EA.MEAN.1T6.AG25T99.F,..,..,..,..,..,..,..,..,..,..,..,..,..,..,..,..,..,..,..,..,..,..,..,..,..,..,..,..,..,..,..,..,..,..,..
Pacific island small states,PSS,"UIS: Mean years of schooling (ISCED 1 or higher), population 25+ years, male",UIS.EA.MEAN.1T6.AG25T99.M,..,..,..,..,..,..,..,..,..,..,..,..,..,..,..,..,..,..,..,..,..,..,..,..,..,..,..,..,..,..,..,..,..,..,..
Pacific island small states,PSS,"UIS: Mean years of schooling (ISCED 1 or higher), population 25+ years, both sexes",UIS.EA.MEAN.1T6.AG25T99,..,..,..,..,..,..,..,..,..,..,..,..,..,..,..,..,..,..,..,..,..,..,..,..,..,..,..,..,..,..,..,..,..,..,..
Pacific island small states,PSS,"Adult literacy rate, population 15+ years, both sexes (%)",SE.ADT.LITR.ZS,86.96678,86.99815,87.2303,87.46949,87.71158,87.95083,88.1205,88.38019,88.59711,88.80152,88.98024,89.16081,89.33029,89.47662,89.63147,89.76138,89.87867,90.04197,90.21459,90.38349,90.56086,90.68677,90.79221,90.88946,90.94668,91.01599,91.1451,91.27797,91.29381,..,..,..,..,..,..
Pakistan,PAK,"UIS: Mean years of schooling (ISCED 1 or higher), population 25+ years, female",UIS.EA.MEAN.1T6.AG25T99.F,..,..,..,..,..,..,..,..,..,..,..,..,..,..,..,1.50175,2.93301,..,2.65523,2.90002,2.9979,3.12926,3.39917,3.52612,3.74445,..,3.70396,3.83113,..,..,..,..,..,..,..
Pakistan,PAK,"UIS: Mean years of schooling (ISCED 1 or higher), population 25+ years, male",UIS.EA.MEAN.1T6.AG25T99.M,..,..,..,..,..,..,..,..,..,..,..,..,..,..,..,4.01512,6.10841,..,5.9221,6.03244,6.17482,6.32866,6.18099,6.27407,6.46023,..,6.37527,6.25061,..,..,..,..,..,..,..
Pakistan,PAK,"UIS: Mean years of schooling (ISCED 1 or higher), population 25+ years, both sexes",UIS.EA.MEAN.1T6.AG25T99,..,..,..,..,..,..,..,..,..,..,..,..,..,..,..,2.72815,4.58379,..,4.3591,4.53226,4.66407,4.79414,4.82062,4.92937,5.1316,..,5.07043,5.01642,..,..,..,..,..,..,..
Pakistan,PAK,"Adult literacy rate, population 15+ years, both sexes (%)",SE.ADT.LITR.ZS,..,..,..,..,..,..,..,..,42.69931,..,..,..,..,..,..,49.87364,54.15121,52.13683,55.52637,54.89264,55.37519,54.73802,56.76434,55.59499,56.97715,..,..,59.13205,..,..,..,..,..,..,..
Palau,PLW,"UIS: Mean years of schooling (ISCED 1 or higher), population 25+ years, female",UIS.EA.MEAN.1T6.AG25T99.F,..,..,..,..,..,..,..,..,..,..,..,..,..,..,..,..,..,..,..,..,..,..,..,12.92661,..,..,..,..,..,..,..,..,..,..,..
Palau,PLW,"UIS: Mean years of schooling (ISCED 1 or higher), population 25+ years, male",UIS.EA.MEAN.1T6.AG25T99.M,..,..,..,..,..,..,..,..,..,..,..,..,..,..,..,..,..,..,..,..,..,..,..,12.8442,..,..,..,..,..,..,..,..,..,..,..
Palau,PLW,"UIS: Mean years of schooling (ISCED 1 or higher), population 25+ years, both sexes",UIS.EA.MEAN.1T6.AG25T99,..,..,..,..,..,..,..,..,..,..,..,..,..,..,..,..,..,..,..,..,..,..,..,12.88301,..,..,..,..,..,..,..,..,..,..,..
Palau,PLW,"Adult literacy rate, population 15+ years, both sexes (%)",SE.ADT.LITR.ZS,..,..,..,..,..,..,..,..,..,..,..,..,..,..,..,..,..,..,..,..,..,..,..,99.50313,..,96.59374,..,..,..,..,..,..,..,..,..
Panama,PAN,"UIS: Mean years of schooling (ISCED 1 or higher), population 25+ years, female",UIS.EA.MEAN.1T6.AG25T99.F,7.58007,..,..,..,..,..,..,..,..,..,8.10297,..,..,..,..,..,..,..,..,..,9.5182,..,..,..,..,..,..,..,..,..,..,..,..,..,..
Panama,PAN,"UIS: Mean years of schooling (ISCED 1 or higher), population 25+ years, male",UIS.EA.MEAN.1T6.AG25T99.M,7.43561,..,..,..,..,..,..,..,..,..,7.82436,..,..,..,..,..,..,..,..,..,9.0631,..,..,..,..,..,..,..,..,..,..,..,..,..,..
Panama,PAN,"UIS: Mean years of schooling (ISCED 1 or higher), population 25+ years, both sexes",UIS.EA.MEAN.1T6.AG25T99,7.50701,..,..,..,..,..,..,..,..,..,7.9634,..,..,..,..,..,..,..,..,..,9.29241,..,..,..,..,..,..,..,..,..,..,..,..,..,..
Panama,PAN,"Adult literacy rate, population 15+ years, both sexes (%)",SE.ADT.LITR.ZS,88.77986,..,..,..,..,..,..,..,..,..,91.89962,..,..,..,..,..,..,..,..,..,94.09412,..,..,..,..,..,..,..,95.41181,..,..,..,..,..,..
Papua New Guinea,PNG,"UIS: Mean years of schooling (ISCED 1 or higher), population 25+ years, female",UIS.EA.MEAN.1T6.AG25T99.F,..,..,..,..,..,..,..,..,..,..,..,..,..,..,..,..,..,..,..,..,..,..,..,..,..,..,..,..,..,..,..,..,..,..,..
Papua New Guinea,PNG,"UIS: Mean years of schooling (ISCED 1 or higher), population 25+ years, male",UIS.EA.MEAN.1T6.AG25T99.M,..,..,..,..,..,..,..,..,..,..,..,..,..,..,..,..,..,..,..,..,..,..,..,..,..,..,..,..,..,..,..,..,..,..,..
Papua New Guinea,PNG,"UIS: Mean years of schooling (ISCED 1 or higher), population 25+ years, both sexes",UIS.EA.MEAN.1T6.AG25T99,..,..,..,..,..,..,..,..,..,..,..,..,..,..,..,..,..,..,..,..,..,..,..,..,..,..,..,..,..,..,..,..,..,..,..
Papua New Guinea,PNG,"Adult literacy rate, population 15+ years, both sexes (%)",SE.ADT.LITR.ZS,..,..,..,..,..,..,..,..,..,..,57.34326,..,..,..,..,..,..,..,..,..,61.6,..,..,..,..,..,..,..,..,..,..,..,..,..,..
Paraguay,PRY,"UIS: Mean years of schooling (ISCED 1 or higher), population 25+ years, female",UIS.EA.MEAN.1T6.AG25T99.F,..,..,5.65608,..,..,..,..,..,..,..,..,..,..,6.93807,..,7.18414,6.88803,7.00503,7.30179,6.69207,..,..,7.80659,8.37966,8.30116,8.581,8.44785,..,8.6625,..,..,..,..,..,..
Paraguay,PRY,"UIS: Mean years of schooling (ISCED 1 or higher), population 25+ years, male",UIS.EA.MEAN.1T6.AG25T99.M,..,..,6.12337,..,..,..,..,..,..,..,..,..,..,7.06744,..,7.52859,7.27146,7.33162,7.50565,7.27969,..,..,7.83422,8.33013,8.31941,8.59321,8.38436,..,8.64422,..,..,..,..,..,..
Paraguay,PRY,"UIS: Mean years of schooling (ISCED 1 or higher), population 25+ years, both sexes",UIS.EA.MEAN.1T6.AG25T99,..,..,5.88984,..,..,..,..,..,..,..,..,..,..,7.00184,..,7.35234,7.07407,7.16299,7.40083,6.98513,..,..,7.8202,8.35537,8.31,8.58692,8.41666,..,8.6535,..,..,..,..,..,..
Paraguay,PRY,"Adult literacy rate, population 15+ years, both sexes (%)",SE.ADT.LITR.ZS,..,..,90.27182,..,..,..,..,..,..,..,..,..,92.80961,..,..,..,..,94.55822,93.29208,93.75424,93.87092,..,94.19747,95.05904,95.03481,95.55484,94.65024,..,94.0208,..,..,..,..,..,..
Peru,PER,"UIS: Mean years of schooling (ISCED 1 or higher), population 25+ years, female",UIS.EA.MEAN.1T6.AG25T99.F,..,..,..,6.9115,..,..,..,..,..,..,..,..,..,..,8.34347,7.60508,7.50296,7.75197,7.75522,7.78879,8.48205,8.60239,8.82972,8.91056,8.51655,8.59019,..,..,9.14771,..,..,..,..,..,..
Peru,PER,"UIS: Mean years of schooling (ISCED 1 or higher), population 25+ years, male",UIS.EA.MEAN.1T6.AG25T99.M,..,..,..,8.4951,..,..,..,..,..,..,..,..,..,..,9.17602,8.66727,8.83783,9.13127,9.13178,9.17646,9.77681,9.70786,9.90058,9.91074,9.75544,9.58847,..,..,10.25826,..,..,..,..,..,..
Peru,PER,"UIS: Mean years of schooling (ISCED 1 or higher), population 25+ years, both sexes",UIS.EA.MEAN.1T6.AG25T99,..,..,..,7.68687,..,..,..,..,..,..,..,..,..,..,8.75298,8.12389,8.1389,8.41307,8.41348,8.45004,9.1244,9.15104,9.35734,9.40111,9.13771,9.08603,..,..,9.69633,..,..,..,..,..,..
Peru,PER,"Adult literacy rate, population 15+ years, both sexes (%)",SE.ADT.LITR.ZS,..,..,..,87.15063,..,..,..,..,..,..,..,..,..,..,87.66985,87.90867,88.69934,89.59081,..,..,..,..,93.84173,..,93.70795,94.16234,94.17367,94.14961,94.40827,..,..,..,..,..,..
Philippines,PHL,"UIS: Mean years of schooling (ISCED 1 or higher), population 25+ years, female",UIS.EA.MEAN.1T6.AG25T99.F,7.39339,..,..,..,..,..,..,..,..,..,7.74698,..,..,..,9.22179,..,..,..,9.14628,..,9.03834,..,..,9.31816,..,..,..,8.72938,..,..,..,..,..,..,..
Philippines,PHL,"UIS: Mean years of schooling (ISCED 1 or higher), population 25+ years, male",UIS.EA.MEAN.1T6.AG25T99.M,7.61686,..,..,..,..,..,..,..,..,..,7.65406,..,..,..,8.85935,..,..,..,8.89073,..,8.79299,..,..,8.97665,..,..,..,8.17013,..,..,..,..,..,..,..
Philippines,PHL,"UIS: Mean years of schooling (ISCED 1 or higher), population 25+ years, both sexes",UIS.EA.MEAN.1T6.AG25T99,7.5043,..,..,..,..,..,..,..,..,..,7.70076,..,..,..,9.04151,..,..,..,9.01943,..,8.91674,..,..,9.14894,..,..,..,8.45226,..,..,..,..,..,..,..
Philippines,PHL,"Adult literacy rate, population 15+ years, both sexes (%)",SE.ADT.LITR.ZS,93.5739,..,..,..,93.91597,..,..,..,..,..,92.60006,..,..,92.59069,..,..,..,..,95.4201,..,..,..,..,96.398,..,98.18255,..,..,..,..,..,..,..,..,..
Poland,POL,"UIS: Mean years of schooling (ISCED 1 or higher), population 25+ years, female",UIS.EA.MEAN.1T6.AG25T99.F,..,..,..,..,..,..,..,..,..,..,..,..,11.53433,..,..,..,..,..,11.93996,12.13509,12.11506,12.3677,12.59262,12.99962,13.08283,..,13.34122,..,..,..,..,..,..,..,..
Poland,POL,"UIS: Mean years of schooling (ISCED 1 or higher), population 25+ years, male",UIS.EA.MEAN.1T6.AG25T99.M,..,..,..,..,..,..,..,..,..,..,..,..,11.88489,..,..,..,..,..,12.13035,12.25588,12.19445,12.3995,12.6284,12.87709,12.924,..,13.00993,..,..,..,..,..,..,..,..
Poland,POL,"UIS: Mean years of schooling (ISCED 1 or higher), population 25+ years, both sexes",UIS.EA.MEAN.1T6.AG25T99,..,..,..,..,..,..,..,..,..,..,..,..,11.69895,..,..,..,..,..,12.02899,12.1916,12.15227,12.38263,12.60952,12.94171,13.00774,..,13.18436,..,..,..,..,..,..,..,..
Poland,POL,"Adult literacy rate, population 15+ years, both sexes (%)",SE.ADT.LITR.ZS,..,..,..,..,..,..,..,..,98.74274,..,..,..,..,..,..,..,..,..,98.74274,..,..,..,..,..,..,..,..,..,..,..,..,..,..,..,..
Portugal,PRT,"UIS: Mean years of schooling (ISCED 1 or higher), population 25+ years, female",UIS.EA.MEAN.1T6.AG25T99.F,..,5.05082,..,..,..,..,..,..,6.39732,6.44294,6.53116,6.63511,6.75399,6.95241,7.18931,7.30054,7.43104,7.5157,7.62936,7.78093,7.94721,8.13571,8.35282,8.5281,9.05092,9.16382,9.30157,9.42491,9.36642,..,..,..,..,..,..
Portugal,PRT,"UIS: Mean years of schooling (ISCED 1 or higher), population 25+ years, male",UIS.EA.MEAN.1T6.AG25T99.M,..,5.75211,..,..,..,..,..,..,6.82861,6.87954,6.94294,7.01638,7.06127,7.21603,7.44112,7.53491,7.63954,7.65709,7.75789,7.88756,7.96818,8.19719,8.39766,8.52868,8.92471,9.0506,9.16957,9.24818,9.14325,..,..,..,..,..,..
Portugal,PRT,"UIS: Mean years of schooling (ISCED 1 or higher), population 25+ years, both sexes",UIS.EA.MEAN.1T6.AG25T99,..,5.37824,..,..,..,..,..,..,6.59954,6.64785,6.7247,6.81446,6.89854,7.07635,7.30763,7.41059,7.52888,7.582,7.68958,7.83082,7.95701,8.16437,8.37368,8.52837,8.99254,9.11153,9.24068,9.34347,9.26347,..,..,..,..,..,..
Portugal,PRT,"Adult literacy rate, population 15+ years, both sexes (%)",SE.ADT.LITR.ZS,..,87.94785,..,..,..,..,..,..,..,..,..,90.43975,..,..,..,..,..,..,..,..,..,94.47705,..,..,..,..,..,..,96.13759,..,..,..,..,..,..
Post-demographic dividend,PST,"UIS: Mean years of schooling (ISCED 1 or higher), population 25+ years, female",UIS.EA.MEAN.1T6.AG25T99.F,..,..,..,..,..,..,..,..,..,..,..,..,..,..,..,..,..,..,..,..,..,..,..,..,..,..,..,..,..,..,..,..,..,..,..
Post-demographic dividend,PST,"UIS: Mean years of schooling (ISCED 1 or higher), population 25+ years, male",UIS.EA.MEAN.1T6.AG25T99.M,..,..,..,..,..,..,..,..,..,..,..,..,..,..,..,..,..,..,..,..,..,..,..,..,..,..,..,..,..,..,..,..,..,..,..
Post-demographic dividend,PST,"UIS: Mean years of schooling (ISCED 1 or higher), population 25+ years, both sexes",UIS.EA.MEAN.1T6.AG25T99,..,..,..,..,..,..,..,..,..,..,..,..,..,..,..,..,..,..,..,..,..,..,..,..,..,..,..,..,..,..,..,..,..,..,..
Post-demographic dividend,PST,"Adult literacy rate, population 15+ years, both sexes (%)",SE.ADT.LITR.ZS,..,..,..,..,..,..,..,..,..,..,..,..,..,..,..,..,..,..,..,..,..,..,..,..,..,..,..,..,..,..,..,..,..,..,..
Pre-demographic dividend,PRE,"UIS: Mean years of schooling (ISCED 1 or higher), population 25+ years, female",UIS.EA.MEAN.1T6.AG25T99.F,..,..,..,..,..,..,..,..,..,..,..,..,..,..,..,..,..,..,..,..,..,..,..,..,..,..,..,..,..,..,..,..,..,..,..
Pre-demographic dividend,PRE,"UIS: Mean years of schooling (ISCED 1 or higher), population 25+ years, male",UIS.EA.MEAN.1T6.AG25T99.M,..,..,..,..,..,..,..,..,..,..,..,..,..,..,..,..,..,..,..,..,..,..,..,..,..,..,..,..,..,..,..,..,..,..,..
Pre-demographic dividend,PRE,"UIS: Mean years of schooling (ISCED 1 or higher), population 25+ years, both sexes",UIS.EA.MEAN.1T6.AG25T99,..,..,..,..,..,..,..,..,..,..,..,..,..,..,..,..,..,..,..,..,..,..,..,..,..,..,..,..,..,..,..,..,..,..,..
Pre-demographic dividend,PRE,"Adult literacy rate, population 15+ years, both sexes (%)",SE.ADT.LITR.ZS,50.84357,51.36339,51.7039,52.27743,52.8694,53.24315,53.93573,54.88716,55.55933,56.4572,54.76244,55.77255,56.35072,56.74931,57.68169,57.17171,58.51469,54.71631,54.66103,53.95864,54.58862,56.30136,58.83407,59.53053,60.6,59.66225,61.96347,62.92971,62.00147,62.55918,..,..,..,..,..
Puerto Rico,PRI,"UIS: Mean years of schooling (ISCED 1 or higher), population 25+ years, female",UIS.EA.MEAN.1T6.AG25T99.F,9.9598,..,..,..,..,..,..,..,..,..,11.64222,..,..,..,..,12.81945,12.8191,13.0173,13.05623,..,..,12.8563,12.5864,..,..,..,..,13.15169,..,..,..,..,..,..,..
Puerto Rico,PRI,"UIS: Mean years of schooling (ISCED 1 or higher), population 25+ years, male",UIS.EA.MEAN.1T6.AG25T99.M,9.83846,..,..,..,..,..,..,..,..,..,11.44584,..,..,..,..,12.55194,12.47554,12.64861,12.66769,..,..,12.22337,11.99742,..,..,..,..,12.5477,..,..,..,..,..,..,..
Puerto Rico,PRI,"UIS: Mean years of schooling (ISCED 1 or higher), population 25+ years, both sexes",UIS.EA.MEAN.1T6.AG25T99,9.90314,..,..,..,..,..,..,..,..,..,11.55134,..,..,..,..,12.69629,12.65973,12.84613,12.87604,..,..,12.56311,12.31373,..,..,..,..,12.88085,..,..,..,..,..,..,..
Puerto Rico,PRI,"Adult literacy rate, population 15+ years, both sexes (%)",SE.ADT.LITR.ZS,89.6225,..,..,..,..,..,..,..,..,..,..,..,..,..,..,..,..,..,..,..,91.96523,..,..,..,..,..,..,92.39,..,..,..,..,..,..,..
Qatar,QAT,"UIS: Mean years of schooling (ISCED 1 or higher), population 25+ years, female",UIS.EA.MEAN.1T6.AG25T99.F,..,..,..,..,..,..,..,..,..,..,..,..,..,..,9.33782,..,..,10.3634,10.57911,10.76515,8.93166,10.0603,10.66839,10.89421,11.13873,..,11.08825,11.28132,..,..,..,..,..,..,..
Qatar,QAT,"UIS: Mean years of schooling (ISCED 1 or higher), population 25+ years, male",UIS.EA.MEAN.1T6.AG25T99.M,..,..,..,..,..,..,..,..,..,..,..,..,..,..,8.0898,..,..,9.44452,9.53929,8.98635,8.27114,8.4493,8.91553,9.68853,9.54729,..,9.34187,9.36681,..,..,..,..,..,..,..
Qatar,QAT,"UIS: Mean years of schooling (ISCED 1 or higher), population 25+ years, both sexes",UIS.EA.MEAN.1T6.AG25T99,..,..,..,..,..,..,..,..,..,..,..,..,..,..,8.42911,..,..,9.62971,9.71914,9.27964,8.44116,8.76461,9.24289,9.92671,9.84677,..,9.66884,9.73144,..,..,..,..,..,..,..
Qatar,QAT,"Adult literacy rate, population 15+ years, both sexes (%)",SE.ADT.LITR.ZS,..,..,..,..,..,..,..,83.26216,..,..,..,..,..,..,86.73161,..,..,90.06062,91.01076,91.15142,91.77885,91.36408,90.17006,90.63299,91.32722,..,93.1453,93.46397,..,..,..,..,..,..,..
Romania,ROU,"UIS: Mean years of schooling (ISCED 1 or higher), population 25+ years, female",UIS.EA.MEAN.1T6.AG25T99.F,..,..,7.58687,..,..,..,..,..,..,..,..,..,8.99019,..,..,..,..,10.01484,10.13865,10.19376,10.23612,10.38089,10.50486,10.59083,10.58167,10.55144,10.66346,10.76149,..,..,..,..,..,..,..
Romania,ROU,"UIS: Mean years of schooling (ISCED 1 or higher), population 25+ years, male",UIS.EA.MEAN.1T6.AG25T99.M,..,..,8.87136,..,..,..,..,..,..,..,..,..,10.33634,..,..,..,..,11.10729,11.14164,11.12204,11.15124,11.24351,11.30491,11.34327,11.35036,11.29553,11.37379,11.40741,..,..,..,..,..,..,..
Romania,ROU,"UIS: Mean years of schooling (ISCED 1 or higher), population 25+ years, both sexes",UIS.EA.MEAN.1T6.AG25T99,..,..,8.20248,..,..,..,..,..,..,..,..,..,9.6305,..,..,..,..,10.53563,10.61683,10.63628,10.67233,10.79208,10.88644,10.94982,10.9496,10.90831,11.00392,11.0708,..,..,..,..,..,..,..
Romania,ROU,"Adult literacy rate, population 15+ years, both sexes (%)",SE.ADT.LITR.ZS,..,..,96.70998,..,..,..,..,..,..,..,..,..,97.29759,..,..,..,..,..,..,..,..,98.60429,..,..,..,..,..,..,98.8445,..,..,..,..,..,..
Russian Federation,RUS,"UIS: Mean years of schooling (ISCED 1 or higher), population 25+ years, female",UIS.EA.MEAN.1T6.AG25T99.F,..,..,..,..,..,..,..,..,..,..,..,..,12.2952,..,..,..,..,..,..,..,12.39659,..,..,..,..,..,..,..,..,..,..,..,..,..,..
Russian Federation,RUS,"UIS: Mean years of schooling (ISCED 1 or higher), population 25+ years, male",UIS.EA.MEAN.1T6.AG25T99.M,..,..,..,..,..,..,..,..,..,..,..,..,11.87666,..,..,..,..,..,..,..,12.41736,..,..,..,..,..,..,..,..,..,..,..,..,..,..
Russian Federation,RUS,"UIS: Mean years of schooling (ISCED 1 or higher), population 25+ years, both sexes",UIS.EA.MEAN.1T6.AG25T99,..,..,..,..,..,..,..,..,..,..,..,..,12.09673,..,..,..,..,..,..,..,12.40582,..,..,..,..,..,..,..,..,..,..,..,..,..,..
Russian Federation,RUS,"Adult literacy rate, population 15+ years, both sexes (%)",SE.ADT.LITR.ZS,..,..,..,..,..,..,..,..,..,..,..,..,99.44097,..,..,..,..,..,..,..,99.68427,..,..,..,..,..,..,..,99.73006,..,..,..,..,..,..
Rwanda,RWA,"UIS: Mean years of schooling (ISCED 1 or higher), population 25+ years, female",UIS.EA.MEAN.1T6.AG25T99.F,..,..,..,..,..,..,..,..,..,..,..,..,..,..,..,..,..,..,..,..,..,..,3.26061,..,3.58095,..,..,..,3.92527,..,..,..,..,..,..
Rwanda,RWA,"UIS: Mean years of schooling (ISCED 1 or higher), population 25+ years, male",UIS.EA.MEAN.1T6.AG25T99.M,..,..,..,..,..,..,..,..,..,..,..,..,..,..,..,..,..,..,..,..,..,..,4.35918,..,4.63905,..,..,..,4.82713,..,..,..,..,..,..
Rwanda,RWA,"UIS: Mean years of schooling (ISCED 1 or higher), population 25+ years, both sexes",UIS.EA.MEAN.1T6.AG25T99,..,..,..,..,..,..,..,..,..,..,..,..,..,..,..,..,..,..,..,..,..,..,3.76698,..,4.05784,..,..,..,4.34057,..,..,..,..,..,..
Rwanda,RWA,"Adult literacy rate, population 15+ years, both sexes (%)",SE.ADT.LITR.ZS,..,57.85349,..,..,..,..,..,..,..,..,64.8886,..,..,..,..,..,..,..,..,..,65.85227,..,68.33103,..,70.80413,..,..,..,73.21559,..,..,..,..,..,..
Samoa,WSM,"UIS: Mean years of schooling (ISCED 1 or higher), population 25+ years, female",UIS.EA.MEAN.1T6.AG25T99.F,..,..,..,..,..,..,..,..,..,..,..,10.96433,..,..,..,..,..,..,..,..,..,11.97068,..,..,..,..,..,..,..,..,..,..,..,..,..
Samoa,WSM,"UIS: Mean years of schooling (ISCED 1 or higher), population 25+ years, male",UIS.EA.MEAN.1T6.AG25T99.M,..,..,..,..,..,..,..,..,..,..,..,10.72114,..,..,..,..,..,..,..,..,..,11.70882,..,..,..,..,..,..,..,..,..,..,..,..,..
Samoa,WSM,"UIS: Mean years of schooling (ISCED 1 or higher), population 25+ years, both sexes",UIS.EA.MEAN.1T6.AG25T99,..,..,..,..,..,..,..,..,..,..,..,10.83923,..,..,..,..,..,..,..,..,..,11.8369,..,..,..,..,..,..,..,..,..,..,..,..,..
Samoa,WSM,"Adult literacy rate, population 15+ years, both sexes (%)",SE.ADT.LITR.ZS,..,97.94433,..,..,..,..,..,..,..,..,..,..,..,..,..,..,..,..,..,..,..,98.97326,..,..,..,..,..,..,99.09577,..,..,..,..,..,..
San Marino,SMR,"UIS: Mean years of schooling (ISCED 1 or higher), population 25+ years, female",UIS.EA.MEAN.1T6.AG25T99.F,..,..,..,..,..,..,..,..,..,..,..,..,..,..,..,..,..,..,..,..,..,..,..,..,..,..,..,..,10.8398,..,..,..,..,..,..
San Marino,SMR,"UIS: Mean years of schooling (ISCED 1 or higher), population 25+ years, male",UIS.EA.MEAN.1T6.AG25T99.M,..,..,..,..,..,..,..,..,..,..,..,..,..,..,..,..,..,..,..,..,..,..,..,..,..,..,..,..,10.64271,..,..,..,..,..,..
San Marino,SMR,"UIS: Mean years of schooling (ISCED 1 or higher), population 25+ years, both sexes",UIS.EA.MEAN.1T6.AG25T99,..,..,..,..,..,..,..,..,..,..,..,..,..,..,..,..,..,..,..,..,..,..,..,..,..,..,..,..,10.74603,..,..,..,..,..,..
San Marino,SMR,"Adult literacy rate, population 15+ years, both sexes (%)",SE.ADT.LITR.ZS,..,..,..,..,..,..,..,..,..,..,..,..,..,..,..,..,..,..,..,..,..,..,..,..,..,..,..,..,99.91643,..,..,..,..,..,..
Sao Tome and Principe,STP,"UIS: Mean years of schooling (ISCED 1 or higher), population 25+ years, female",UIS.EA.MEAN.1T6.AG25T99.F,..,..,..,..,..,..,..,..,..,..,..,..,..,..,..,..,..,..,..,..,..,..,5.35156,..,..,..,..,..,..,..,..,..,..,..,..
Sao Tome and Principe,STP,"UIS: Mean years of schooling (ISCED 1 or higher), population 25+ years, male",UIS.EA.MEAN.1T6.AG25T99.M,..,..,..,..,..,..,..,..,..,..,..,..,..,..,..,..,..,..,..,..,..,..,6.64523,..,..,..,..,..,..,..,..,..,..,..,..
Sao Tome and Principe,STP,"UIS: Mean years of schooling (ISCED 1 or higher), population 25+ years, both sexes",UIS.EA.MEAN.1T6.AG25T99,..,..,..,..,..,..,..,..,..,..,..,..,..,..,..,..,..,..,..,..,..,..,5.98449,..,..,..,..,..,..,..,..,..,..,..,..
Sao Tome and Principe,STP,"Adult literacy rate, population 15+ years, both sexes (%)",SE.ADT.LITR.ZS,..,73.24242,..,..,..,..,..,..,..,..,..,84.90851,..,..,..,..,..,..,69.53639,..,..,..,90.1431,..,..,..,..,..,92.81664,..,..,..,..,..,..
Saudi Arabia,SAU,"UIS: Mean years of schooling (ISCED 1 or higher), population 25+ years, female",UIS.EA.MEAN.1T6.AG25T99.F,..,..,..,..,..,..,..,..,..,..,5.13105,..,..,..,6.79016,..,..,..,..,..,..,..,..,9.00439,..,..,..,9.75244,..,..,..,..,..,..,..
Saudi Arabia,SAU,"UIS: Mean years of schooling (ISCED 1 or higher), population 25+ years, male",UIS.EA.MEAN.1T6.AG25T99.M,..,..,..,..,..,..,..,..,..,..,7.7687,..,..,..,8.13089,..,..,..,..,..,..,..,..,10.07565,..,..,..,10.522,..,..,..,..,..,..,..
Saudi Arabia,SAU,"UIS: Mean years of schooling (ISCED 1 or higher), population 25+ years, both sexes",UIS.EA.MEAN.1T6.AG25T99,..,..,..,..,..,..,..,..,..,..,6.69295,..,..,..,7.60631,..,..,..,..,..,..,..,..,9.66341,..,..,..,10.22517,..,..,..,..,..,..,..
Saudi Arabia,SAU,"Adult literacy rate, population 15+ years, both sexes (%)",SE.ADT.LITR.ZS,..,..,70.82165,..,..,..,..,..,..,..,79.35094,..,..,..,82.85774,..,..,..,..,..,..,..,..,94.42634,..,..,..,95.32863,..,..,..,..,..,..,..
Senegal,SEN,"UIS: Mean years of schooling (ISCED 1 or higher), population 25+ years, female",UIS.EA.MEAN.1T6.AG25T99.F,..,..,..,..,..,..,..,..,..,..,..,..,..,..,..,..,1.05173,..,..,..,..,1.77746,..,2.12662,..,..,..,1.66839,..,..,..,..,..,..,..
Senegal,SEN,"UIS: Mean years of schooling (ISCED 1 or higher), population 25+ years, male",UIS.EA.MEAN.1T6.AG25T99.M,..,..,..,..,..,..,..,..,..,..,..,..,..,..,..,..,2.13409,..,..,..,..,3.18303,..,3.50733,..,..,..,4.1292,..,..,..,..,..,..,..
Senegal,SEN,"UIS: Mean years of schooling (ISCED 1 or higher), population 25+ years, both sexes",UIS.EA.MEAN.1T6.AG25T99,..,..,..,..,..,..,..,..,..,..,..,..,..,..,..,..,1.53828,..,..,..,..,2.38971,..,2.78914,..,..,..,2.84401,..,..,..,..,..,..,..
Senegal,SEN,"Adult literacy rate, population 15+ years, both sexes (%)",SE.ADT.LITR.ZS,..,..,..,..,..,..,..,..,..,..,..,..,39.27525,..,..,..,41.89115,..,..,48.03678,..,51.81455,..,43.5345,..,..,..,51.90042,..,..,..,..,..,..,..
Serbia,SRB,"UIS: Mean years of schooling (ISCED 1 or higher), population 25+ years, female",UIS.EA.MEAN.1T6.AG25T99.F,..,..,..,..,..,..,..,..,..,..,..,..,6.87382,..,..,..,..,..,9.59154,9.69155,9.75981,10.04681,..,10.05881,10.20312,10.57633,10.71154,10.75746,..,..,..,..,..,..,..
Serbia,SRB,"UIS: Mean years of schooling (ISCED 1 or higher), population 25+ years, male",UIS.EA.MEAN.1T6.AG25T99.M,..,..,..,..,..,..,..,..,..,..,..,..,8.6192,..,..,..,..,..,10.962,10.99737,11.05685,11.14607,..,11.12466,11.29434,11.50028,11.58726,11.6051,..,..,..,..,..,..,..
Serbia,SRB,"UIS: Mean years of schooling (ISCED 1 or higher), population 25+ years, both sexes",UIS.EA.MEAN.1T6.AG25T99,..,..,..,..,..,..,..,..,..,..,..,..,7.69538,..,..,..,..,..,10.23721,10.30457,10.37371,10.57171,..,10.56494,10.72058,11.01757,11.1301,11.1624,..,..,..,..,..,..,..
Serbia,SRB,"Adult literacy rate, population 15+ years, both sexes (%)",SE.ADT.LITR.ZS,..,..,..,..,..,..,..,..,..,..,..,..,..,96.39724,..,..,..,..,..,..,..,97.96241,..,..,..,..,98.84151,..,..,..,..,..,..,..,..
Seychelles,SYC,"UIS: Mean years of schooling (ISCED 1 or higher), population 25+ years, female",UIS.EA.MEAN.1T6.AG25T99.F,..,..,..,..,..,..,..,..,..,..,..,..,10.21608,..,..,..,..,..,..,..,..,..,..,..,..,..,..,..,..,..,..,..,..,..,..
Seychelles,SYC,"UIS: Mean years of schooling (ISCED 1 or higher), population 25+ years, male",UIS.EA.MEAN.1T6.AG25T99.M,..,..,..,..,..,..,..,..,..,..,..,..,10.56397,..,..,..,..,..,..,..,..,..,..,..,..,..,..,..,..,..,..,..,..,..,..
Seychelles,SYC,"UIS: Mean years of schooling (ISCED 1 or higher), population 25+ years, both sexes",UIS.EA.MEAN.1T6.AG25T99,..,..,..,..,..,..,..,..,..,..,..,..,10.38537,..,..,..,..,..,..,..,..,..,..,..,..,..,..,..,..,..,..,..,..,..,..
Seychelles,SYC,"Adult literacy rate, population 15+ years, both sexes (%)",SE.ADT.LITR.ZS,..,..,..,..,87.81115,..,..,..,..,..,..,..,91.83646,..,..,..,..,..,..,..,93.95423,..,..,..,..,..,..,..,95.86771,..,..,..,..,..,..
Sierra Leone,SLE,"UIS: Mean years of schooling (ISCED 1 or higher), population 25+ years, female",UIS.EA.MEAN.1T6.AG25T99.F,..,..,..,..,..,..,..,..,..,..,..,..,..,..,..,..,..,..,..,..,..,..,..,..,..,..,..,..,..,..,..,..,..,..,..
Sierra Leone,SLE,"UIS: Mean years of schooling (ISCED 1 or higher), population 25+ years, male",UIS.EA.MEAN.1T6.AG25T99.M,..,..,..,..,..,..,..,..,..,..,..,..,..,..,..,..,..,..,..,..,..,..,..,..,..,..,..,..,..,..,..,..,..,..,..
Sierra Leone,SLE,"UIS: Mean years of schooling (ISCED 1 or higher), population 25+ years, both sexes",UIS.EA.MEAN.1T6.AG25T99,..,..,..,..,..,..,..,..,..,..,..,..,..,..,..,..,..,..,..,..,..,..,..,..,..,..,..,..,..,..,..,..,..,..,..
Sierra Leone,SLE,"Adult literacy rate, population 15+ years, both sexes (%)",SE.ADT.LITR.ZS,..,..,..,..,..,..,..,..,..,..,..,..,..,..,34.82679,..,..,..,..,..,..,..,..,32.42617,..,..,..,..,43.20633,..,..,..,..,..,..
Singapore,SGP,"UIS: Mean years of schooling (ISCED 1 or higher), population 25+ years, female",UIS.EA.MEAN.1T6.AG25T99.F,7.77237,..,..,..,..,7.2548,..,..,..,..,..,..,..,..,..,10.11796,10.03058,9.76617,10.04742,10.05609,10.51328,10.58024,10.61357,10.75111,10.84911,11.23868,11.25005,10.96681,11.17682,..,..,..,..,..,..
Singapore,SGP,"UIS: Mean years of schooling (ISCED 1 or higher), population 25+ years, male",UIS.EA.MEAN.1T6.AG25T99.M,8.15242,..,..,..,..,8.74176,..,..,..,..,..,..,..,..,..,11.1052,10.95215,10.77382,11.05442,11.0731,11.48607,11.5621,11.56835,11.70545,11.7397,12.05142,12.08026,11.86647,12.1125,..,..,..,..,..,..
Singapore,SGP,"UIS: Mean years of schooling (ISCED 1 or higher), population 25+ years, both sexes",UIS.EA.MEAN.1T6.AG25T99,7.96013,..,..,..,..,7.987,..,..,..,..,..,..,..,..,..,10.5963,10.47687,10.25053,10.53277,10.54429,10.98244,11.05215,11.07081,11.2085,11.2757,11.62752,11.64641,11.39785,11.62461,..,..,..,..,..,..
Singapore,SGP,"Adult literacy rate, population 15+ years, both sexes (%)",SE.ADT.LITR.ZS,89.096,..,..,..,..,..,..,..,..,..,92.5494,..,..,..,..,..,..,..,..,..,95.85733,96.18604,96.36979,96.54802,96.71669,96.82549,97.04956,97.20222,97.34486,..,..,..,..,..,..
Sint Maarten (Dutch part),SXM,"UIS: Mean years of schooling (ISCED 1 or higher), population 25+ years, female",UIS.EA.MEAN.1T6.AG25T99.F,..,..,..,..,..,..,..,..,..,..,..,..,..,..,..,..,..,..,..,..,..,..,..,..,..,..,..,..,..,..,..,..,..,..,..
Sint Maarten (Dutch part),SXM,"UIS: Mean years of schooling (ISCED 1 or higher), population 25+ years, male",UIS.EA.MEAN.1T6.AG25T99.M,..,..,..,..,..,..,..,..,..,..,..,..,..,..,..,..,..,..,..,..,..,..,..,..,..,..,..,..,..,..,..,..,..,..,..
Sint Maarten (Dutch part),SXM,"UIS: Mean years of schooling (ISCED 1 or higher), population 25+ years, both sexes",UIS.EA.MEAN.1T6.AG25T99,..,..,..,..,..,..,..,..,..,..,..,..,..,..,..,..,..,..,..,..,..,..,..,..,..,..,..,..,..,..,..,..,..,..,..
Sint Maarten (Dutch part),SXM,"Adult literacy rate, population 15+ years, both sexes (%)",SE.ADT.LITR.ZS,..,..,..,..,..,..,..,..,..,..,..,..,..,..,..,..,..,..,..,..,..,..,..,..,..,..,..,..,..,..,..,..,..,..,..
Slovak Republic,SVK,"UIS: Mean years of schooling (ISCED 1 or higher), population 25+ years, female",UIS.EA.MEAN.1T6.AG25T99.F,..,7.13826,..,..,..,..,..,..,..,..,..,9.04256,..,..,..,..,..,..,..,..,..,12.12237,11.99225,12.04716,12.42671,12.66722,12.7872,12.86727,..,..,..,..,..,..,..
Slovak Republic,SVK,"UIS: Mean years of schooling (ISCED 1 or higher), population 25+ years, male",UIS.EA.MEAN.1T6.AG25T99.M,..,8.75823,..,..,..,..,..,..,..,..,..,9.08187,..,..,..,..,..,..,..,..,..,12.67099,12.34188,12.39742,12.74915,12.91114,12.96461,13.00435,..,..,..,..,..,..,..
Slovak Republic,SVK,"UIS: Mean years of schooling (ISCED 1 or higher), population 25+ years, both sexes",UIS.EA.MEAN.1T6.AG25T99,..,7.90442,..,..,..,..,..,..,..,..,..,9.06105,..,..,..,..,..,..,..,..,..,12.38353,12.15897,12.21432,12.58071,12.78379,12.87209,12.9329,..,..,..,..,..,..,..
Slovak Republic,SVK,"Adult literacy rate, population 15+ years, both sexes (%)",SE.ADT.LITR.ZS,..,..,..,..,..,..,..,..,..,..,..,..,..,..,..,..,..,..,..,..,..,..,..,..,..,..,..,..,..,..,..,..,..,..,..
Slovenia,SVN,"UIS: Mean years of schooling (ISCED 1 or higher), population 25+ years, female",UIS.EA.MEAN.1T6.AG25T99.F,..,6.81548,..,..,..,..,..,..,..,..,..,..,..,..,11.81352,11.48591,11.68909,11.71838,11.80013,11.93174,11.97551,12.1536,12.28291,12.39184,12.43963,12.64336,12.74956,12.80054,..,..,..,..,..,..,..
Slovenia,SVN,"UIS: Mean years of schooling (ISCED 1 or higher), population 25+ years, male",UIS.EA.MEAN.1T6.AG25T99.M,..,8.32153,..,..,..,..,..,..,..,..,..,..,..,..,12.26287,12.04995,12.10922,11.95211,12.19149,12.29423,12.32188,12.42724,12.44009,12.53809,12.58913,12.67688,12.74032,12.73979,..,..,..,..,..,..,..
Slovenia,SVN,"UIS: Mean years of schooling (ISCED 1 or higher), population 25+ years, both sexes",UIS.EA.MEAN.1T6.AG25T99,..,7.52406,..,..,..,..,..,..,..,..,..,..,..,..,12.02882,11.75664,11.88993,11.82991,11.98996,12.10779,12.14363,12.2865,12.35916,12.46312,12.51229,12.65874,12.74503,12.77084,..,..,..,..,..,..,..
Slovenia,SVN,"Adult literacy rate, population 15+ years, both sexes (%)",SE.ADT.LITR.ZS,..,99.52452,..,..,..,..,..,..,..,..,..,..,..,..,99.7,..,..,..,..,..,..,..,..,..,99.7,..,..,..,..,..,..,..,..,..,..
Small states,SST,"UIS: Mean years of schooling (ISCED 1 or higher), population 25+ years, female",UIS.EA.MEAN.1T6.AG25T99.F,..,..,..,..,..,..,..,..,..,..,..,..,..,..,..,..,..,..,..,..,..,..,..,..,..,..,..,..,..,..,..,..,..,..,..
Small states,SST,"UIS: Mean years of schooling (ISCED 1 or higher), population 25+ years, male",UIS.EA.MEAN.1T6.AG25T99.M,..,..,..,..,..,..,..,..,..,..,..,..,..,..,..,..,..,..,..,..,..,..,..,..,..,..,..,..,..,..,..,..,..,..,..
Small states,SST,"UIS: Mean years of schooling (ISCED 1 or higher), population 25+ years, both sexes",UIS.EA.MEAN.1T6.AG25T99,..,..,..,..,..,..,..,..,..,..,..,..,..,..,..,..,..,..,..,..,..,..,..,..,..,..,..,..,..,..,..,..,..,..,..
Small states,SST,"Adult literacy rate, population 15+ years, both sexes (%)",SE.ADT.LITR.ZS,77.93048,78.21693,78.54538,78.961,79.11282,79.46136,79.95168,80.40125,81.04542,81.34552,81.58442,82.13945,82.78547,83.33485,83.61816,84.11855,83.83615,83.23432,84.11324,83.67305,83.99236,84.53432,84.70603,85.03682,85.36804,86.40521,86.35237,86.51476,86.69132,86.9055,..,..,..,..,..
Solomon Islands,SLB,"UIS: Mean years of schooling (ISCED 1 or higher), population 25+ years, female",UIS.EA.MEAN.1T6.AG25T99.F,..,..,..,..,..,..,..,..,..,..,..,..,..,..,..,..,..,..,..,..,..,..,..,..,..,..,..,..,..,..,..,..,..,..,..
Solomon Islands,SLB,"UIS: Mean years of schooling (ISCED 1 or higher), population 25+ years, male",UIS.EA.MEAN.1T6.AG25T99.M,..,..,..,..,..,..,..,..,..,..,..,..,..,..,..,..,..,..,..,..,..,..,..,..,..,..,..,..,..,..,..,..,..,..,..
Solomon Islands,SLB,"UIS: Mean years of schooling (ISCED 1 or higher), population 25+ years, both sexes",UIS.EA.MEAN.1T6.AG25T99,..,..,..,..,..,..,..,..,..,..,..,..,..,..,..,..,..,..,..,..,..,..,..,..,..,..,..,..,..,..,..,..,..,..,..
Solomon Islands,SLB,"Adult literacy rate, population 15+ years, both sexes (%)",SE.ADT.LITR.ZS,..,..,..,..,..,..,..,..,..,76.6,..,..,..,..,..,..,..,..,..,76.6,..,..,..,..,..,..,..,..,..,..,..,..,..,..,..
Somalia,SOM,"UIS: Mean years of schooling (ISCED 1 or higher), population 25+ years, female",UIS.EA.MEAN.1T6.AG25T99.F,..,..,..,..,..,..,..,..,..,..,..,..,..,..,..,..,..,..,..,..,..,..,..,..,..,..,..,..,..,..,..,..,..,..,..
Somalia,SOM,"UIS: Mean years of schooling (ISCED 1 or higher), population 25+ years, male",UIS.EA.MEAN.1T6.AG25T99.M,..,..,..,..,..,..,..,..,..,..,..,..,..,..,..,..,..,..,..,..,..,..,..,..,..,..,..,..,..,..,..,..,..,..,..
Somalia,SOM,"UIS: Mean years of schooling (ISCED 1 or higher), population 25+ years, both sexes",UIS.EA.MEAN.1T6.AG25T99,..,..,..,..,..,..,..,..,..,..,..,..,..,..,..,..,..,..,..,..,..,..,..,..,..,..,..,..,..,..,..,..,..,..,..
Somalia,SOM,"Adult literacy rate, population 15+ years, both sexes (%)",SE.ADT.LITR.ZS,..,..,..,..,..,..,..,..,..,..,..,..,..,..,..,..,..,..,..,..,..,..,..,..,..,..,..,..,..,..,..,..,..,..,..
South Africa,ZAF,"UIS: Mean years of schooling (ISCED 1 or higher), population 25+ years, female",UIS.EA.MEAN.1T6.AG25T99.F,..,..,..,..,..,..,..,..,..,..,..,7.23716,8.30818,8.49529,8.64094,8.62856,8.68436,8.83987,8.94028,9.37927,9.45039,9.55889,9.75726,..,10.014,10.07678,..,10.03064,..,..,..,..,..,..,..
South Africa,ZAF,"UIS: Mean years of schooling (ISCED 1 or higher), population 25+ years, male",UIS.EA.MEAN.1T6.AG25T99.M,..,..,..,..,..,..,..,..,..,..,..,7.79846,8.81993,9.12175,9.08542,9.25529,9.29938,9.39277,9.57903,9.91347,9.98352,9.91481,10.21029,..,10.38341,10.49304,..,10.29088,..,..,..,..,..,..,..
South Africa,ZAF,"UIS: Mean years of schooling (ISCED 1 or higher), population 25+ years, both sexes",UIS.EA.MEAN.1T6.AG25T99,..,..,..,..,..,..,..,..,..,..,..,7.4946,8.54534,8.78622,8.84754,8.92031,8.97118,9.09752,9.23829,9.6292,9.70024,9.72441,9.97053,..,10.18879,10.27425,..,10.15481,..,..,..,..,..,..,..
South Africa,ZAF,"Adult literacy rate, population 15+ years, both sexes (%)",SE.ADT.LITR.ZS,..,..,..,..,..,..,82.4021,..,..,..,..,..,..,..,..,..,..,88.71725,..,92.89486,92.87732,93.10214,93.72947,..,94.1399,94.36792,..,87.04667,..,..,..,..,..,..,..
South Asia,SAS,"UIS: Mean years of schooling (ISCED 1 or higher), population 25+ years, female",UIS.EA.MEAN.1T6.AG25T99.F,..,..,..,..,..,..,..,..,..,..,..,..,..,..,..,..,..,..,..,..,..,..,..,..,..,..,..,..,..,..,..,..,..,..,..
South Asia,SAS,"UIS: Mean years of schooling (ISCED 1 or higher), population 25+ years, male",UIS.EA.MEAN.1T6.AG25T99.M,..,..,..,..,..,..,..,..,..,..,..,..,..,..,..,..,..,..,..,..,..,..,..,..,..,..,..,..,..,..,..,..,..,..,..
South Asia,SAS,"UIS: Mean years of schooling (ISCED 1 or higher), population 25+ years, both sexes",UIS.EA.MEAN.1T6.AG25T99,..,..,..,..,..,..,..,..,..,..,..,..,..,..,..,..,..,..,..,..,..,..,..,..,..,..,..,..,..,..,..,..,..,..,..
South Asia,SAS,"Adult literacy rate, population 15+ years, both sexes (%)",SE.ADT.LITR.ZS,45.47371,45.85644,47.14771,48.12349,48.8951,49.68327,50.48079,51.28227,56.16218,56.91617,57.68935,58.13004,59.21208,60.101,60.87245,60.64293,60.81311,61.71448,63.63835,64.33769,66.01901,66.51319,67.26778,68.01311,68.73479,69.65735,70.99917,71.69515,72.24388,72.95145,..,..,..,..,..
South Asia (IDA & IBRD),TSA,"UIS: Mean years of schooling (ISCED 1 or higher), population 25+ years, female",UIS.EA.MEAN.1T6.AG25T99.F,..,..,..,..,..,..,..,..,..,..,..,..,..,..,..,..,..,..,..,..,..,..,..,..,..,..,..,..,..,..,..,..,..,..,..
South Asia (IDA & IBRD),TSA,"UIS: Mean years of schooling (ISCED 1 or higher), population 25+ years, male",UIS.EA.MEAN.1T6.AG25T99.M,..,..,..,..,..,..,..,..,..,..,..,..,..,..,..,..,..,..,..,..,..,..,..,..,..,..,..,..,..,..,..,..,..,..,..
South Asia (IDA & IBRD),TSA,"UIS: Mean years of schooling (ISCED 1 or higher), population 25+ years, both sexes",UIS.EA.MEAN.1T6.AG25T99,..,..,..,..,..,..,..,..,..,..,..,..,..,..,..,..,..,..,..,..,..,..,..,..,..,..,..,..,..,..,..,..,..,..,..
South Asia (IDA & IBRD),TSA,"Adult literacy rate, population 15+ years, both sexes (%)",SE.ADT.LITR.ZS,45.47371,45.85644,47.14771,48.12349,48.8951,49.68327,50.48079,51.28227,56.16218,56.91617,57.68935,58.13004,59.21208,60.101,60.87245,60.64293,60.81311,61.71448,63.63835,64.33769,66.01901,66.51319,67.26778,68.01311,68.73479,69.65735,70.99917,71.69515,72.24388,72.95145,..,..,..,..,..
South Sudan,SSD,"UIS: Mean years of schooling (ISCED 1 or higher), population 25+ years, female",UIS.EA.MEAN.1T6.AG25T99.F,..,..,..,..,..,..,..,..,..,..,..,..,..,..,..,..,..,..,4.76283,..,..,..,..,..,..,..,..,..,..,..,..,..,..,..,..
South Sudan,SSD,"UIS: Mean years of schooling (ISCED 1 or higher), population 25+ years, male",UIS.EA.MEAN.1T6.AG25T99.M,..,..,..,..,..,..,..,..,..,..,..,..,..,..,..,..,..,..,6.19289,..,..,..,..,..,..,..,..,..,..,..,..,..,..,..,..
South Sudan,SSD,"UIS: Mean years of schooling (ISCED 1 or higher), population 25+ years, both sexes",UIS.EA.MEAN.1T6.AG25T99,..,..,..,..,..,..,..,..,..,..,..,..,..,..,..,..,..,..,5.72866,..,..,..,..,..,..,..,..,..,..,..,..,..,..,..,..
South Sudan,SSD,"Adult literacy rate, population 15+ years, both sexes (%)",SE.ADT.LITR.ZS,..,..,..,..,..,..,..,..,..,..,..,..,..,..,..,..,..,..,26.83128,..,..,..,..,..,..,..,..,..,34.52276,..,..,..,..,..,..
Spain,ESP,"UIS: Mean years of schooling (ISCED 1 or higher), population 25+ years, female",UIS.EA.MEAN.1T6.AG25T99.F,..,6.94364,..,..,..,..,..,..,..,..,..,..,..,..,8.37247,8.66816,8.79214,8.88585,8.97088,9.06196,9.17393,9.31222,9.3644,..,9.60737,9.82567,10.00643,..,10.16173,..,..,..,..,..,..
Spain,ESP,"UIS: Mean years of schooling (ISCED 1 or higher), population 25+ years, male",UIS.EA.MEAN.1T6.AG25T99.M,..,7.48107,..,..,..,..,..,..,..,..,..,..,..,..,9.01197,9.29435,9.38321,9.47436,9.5209,9.55872,9.67342,9.78125,9.78388,..,9.96611,10.132,10.23251,..,10.34807,..,..,..,..,..,..
Spain,ESP,"UIS: Mean years of schooling (ISCED 1 or higher), population 25+ years, both sexes",UIS.EA.MEAN.1T6.AG25T99,..,7.19994,..,..,..,..,..,..,..,..,..,..,..,..,8.6824,8.97228,9.07983,9.17283,9.23923,9.30418,9.4173,9.54001,9.56764,..,9.7813,9.97406,10.11584,..,10.25178,..,..,..,..,..,..
Spain,ESP,"Adult literacy rate, population 15+ years, both sexes (%)",SE.ADT.LITR.ZS,..,96.49497,..,..,..,..,..,..,..,..,..,..,..,..,97.16512,97.75069,97.75214,97.93884,97.63061,97.67927,97.7489,97.78375,97.89454,98.07913,98.09372,98.14326,98.25051,..,98.4365,..,..,..,..,..,..
Sri Lanka,LKA,"UIS: Mean years of schooling (ISCED 1 or higher), population 25+ years, female",UIS.EA.MEAN.1T6.AG25T99.F,..,..,..,..,..,..,..,..,..,..,..,9.98453,..,..,..,..,..,..,10.00101,10.09026,..,..,..,..,..,..,10.48395,10.54045,10.62112,..,..,..,..,..,..
Sri Lanka,LKA,"UIS: Mean years of schooling (ISCED 1 or higher), population 25+ years, male",UIS.EA.MEAN.1T6.AG25T99.M,..,..,..,..,..,..,..,..,..,..,..,10.40786,..,..,..,..,..,..,10.27356,10.37709,..,..,..,..,..,..,10.5209,10.60633,10.64824,..,..,..,..,..,..
Sri Lanka,LKA,"UIS: Mean years of schooling (ISCED 1 or higher), population 25+ years, both sexes",UIS.EA.MEAN.1T6.AG25T99,..,..,..,..,..,..,..,..,..,..,..,10.19152,..,..,..,..,..,..,10.1275,10.22284,..,..,..,..,..,..,10.49987,10.56993,10.63257,..,..,..,..,..,..
Sri Lanka,LKA,"Adult literacy rate, population 15+ years, both sexes (%)",SE.ADT.LITR.ZS,..,..,..,..,..,..,..,..,..,..,..,90.68275,..,..,..,..,90.80883,..,90.55795,..,91.18136,..,..,..,..,..,92.3869,91.89575,91.70982,..,..,..,..,..,..
St. Kitts and Nevis,KNA,"UIS: Mean years of schooling (ISCED 1 or higher), population 25+ years, female",UIS.EA.MEAN.1T6.AG25T99.F,..,..,..,..,..,..,..,..,..,..,..,..,..,..,..,..,..,..,..,..,..,..,..,..,..,..,..,..,..,..,..,..,..,..,..
St. Kitts and Nevis,KNA,"UIS: Mean years of schooling (ISCED 1 or higher), population 25+ years, male",UIS.EA.MEAN.1T6.AG25T99.M,..,..,..,..,..,..,..,..,..,..,..,..,..,..,..,..,..,..,..,..,..,..,..,..,..,..,..,..,..,..,..,..,..,..,..
St. Kitts and Nevis,KNA,"UIS: Mean years of schooling (ISCED 1 or higher), population 25+ years, both sexes",UIS.EA.MEAN.1T6.AG25T99,..,..,..,..,..,..,..,..,..,..,..,..,..,..,..,..,..,..,..,..,..,..,..,..,..,..,..,..,..,..,..,..,..,..,..
St. Kitts and Nevis,KNA,"Adult literacy rate, population 15+ years, both sexes (%)",SE.ADT.LITR.ZS,..,..,..,..,..,..,..,..,..,..,..,..,..,..,..,..,..,..,..,..,..,..,..,..,..,..,..,..,..,..,..,..,..,..,..
St. Lucia,LCA,"UIS: Mean years of schooling (ISCED 1 or higher), population 25+ years, female",UIS.EA.MEAN.1T6.AG25T99.F,..,8.13976,..,..,..,..,..,..,..,..,..,..,..,..,..,..,..,..,..,..,8.66193,..,..,8.66818,..,..,..,..,..,..,..,..,..,..,..
St. Lucia,LCA,"UIS: Mean years of schooling (ISCED 1 or higher), population 25+ years, male",UIS.EA.MEAN.1T6.AG25T99.M,..,8.13744,..,..,..,..,..,..,..,..,..,..,..,..,..,..,..,..,..,..,8.08638,..,..,8.10693,..,..,..,..,..,..,..,..,..,..,..
St. Lucia,LCA,"UIS: Mean years of schooling (ISCED 1 or higher), population 25+ years, both sexes",UIS.EA.MEAN.1T6.AG25T99,..,8.13855,..,..,..,..,..,..,..,..,..,..,..,..,..,..,..,..,..,..,8.38092,..,..,8.40069,..,..,..,..,..,..,..,..,..,..,..
St. Lucia,LCA,"Adult literacy rate, population 15+ years, both sexes (%)",SE.ADT.LITR.ZS,..,..,..,..,..,..,..,..,..,..,..,..,..,..,..,..,..,..,..,..,..,..,..,..,..,..,..,..,..,..,..,..,..,..,..
St. Martin (French part),MAF,"UIS: Mean years of schooling (ISCED 1 or higher), population 25+ years, female",UIS.EA.MEAN.1T6.AG25T99.F,..,..,..,..,..,..,..,..,..,..,..,..,..,..,..,..,..,..,..,..,..,..,..,..,..,..,..,..,..,..,..,..,..,..,..
St. Martin (French part),MAF,"UIS: Mean years of schooling (ISCED 1 or higher), population 25+ years, male",UIS.EA.MEAN.1T6.AG25T99.M,..,..,..,..,..,..,..,..,..,..,..,..,..,..,..,..,..,..,..,..,..,..,..,..,..,..,..,..,..,..,..,..,..,..,..
St. Martin (French part),MAF,"UIS: Mean years of schooling (ISCED 1 or higher), population 25+ years, both sexes",UIS.EA.MEAN.1T6.AG25T99,..,..,..,..,..,..,..,..,..,..,..,..,..,..,..,..,..,..,..,..,..,..,..,..,..,..,..,..,..,..,..,..,..,..,..
St. Martin (French part),MAF,"Adult literacy rate, population 15+ years, both sexes (%)",SE.ADT.LITR.ZS,..,..,..,..,..,..,..,..,..,..,..,..,..,..,..,..,..,..,..,..,..,..,..,..,..,..,..,..,..,..,..,..,..,..,..
St. Vincent and the Grenadines,VCT,"UIS: Mean years of schooling (ISCED 1 or higher), population 25+ years, female",UIS.EA.MEAN.1T6.AG25T99.F,..,..,..,..,..,..,..,..,..,..,..,..,..,..,..,..,..,..,..,..,..,..,..,..,..,..,..,10.92901,..,..,..,..,..,..,..
St. Vincent and the Grenadines,VCT,"UIS: Mean years of schooling (ISCED 1 or higher), population 25+ years, male",UIS.EA.MEAN.1T6.AG25T99.M,..,..,..,..,..,..,..,..,..,..,..,..,..,..,..,..,..,..,..,..,..,..,..,..,..,..,..,10.75115,..,..,..,..,..,..,..
St. Vincent and the Grenadines,VCT,"UIS: Mean years of schooling (ISCED 1 or higher), population 25+ years, both sexes",UIS.EA.MEAN.1T6.AG25T99,..,..,..,..,..,..,..,..,..,..,..,..,..,..,..,..,..,..,..,..,..,..,..,..,..,..,..,10.83892,..,..,..,..,..,..,..
St. Vincent and the Grenadines,VCT,"Adult literacy rate, population 15+ years, both sexes (%)",SE.ADT.LITR.ZS,..,..,..,..,..,..,..,..,..,..,..,..,..,..,..,..,..,..,..,..,..,..,..,..,..,..,..,..,..,..,..,..,..,..,..
Sub-Saharan Africa,SSF,"UIS: Mean years of schooling (ISCED 1 or higher), population 25+ years, female",UIS.EA.MEAN.1T6.AG25T99.F,..,..,..,..,..,..,..,..,..,..,..,..,..,..,..,..,..,..,..,..,..,..,..,..,..,..,..,..,..,..,..,..,..,..,..
Sub-Saharan Africa,SSF,"UIS: Mean years of schooling (ISCED 1 or higher), population 25+ years, male",UIS.EA.MEAN.1T6.AG25T99.M,..,..,..,..,..,..,..,..,..,..,..,..,..,..,..,..,..,..,..,..,..,..,..,..,..,..,..,..,..,..,..,..,..,..,..
Sub-Saharan Africa,SSF,"UIS: Mean years of schooling (ISCED 1 or higher), population 25+ years, both sexes",UIS.EA.MEAN.1T6.AG25T99,..,..,..,..,..,..,..,..,..,..,..,..,..,..,..,..,..,..,..,..,..,..,..,..,..,..,..,..,..,..,..,..,..,..,..
Sub-Saharan Africa,SSF,"Adult literacy rate, population 15+ years, both sexes (%)",SE.ADT.LITR.ZS,51.84979,52.25028,52.72234,53.3102,54.05651,54.35146,55.02878,55.88913,56.53495,57.35188,55.98176,56.9662,57.46339,57.90785,59.50367,58.52419,59.76357,57.28401,57.37395,58.17715,58.73373,60.30552,61.43905,62.30361,62.95409,63.54936,64.25766,64.51749,65.03898,65.46861,..,..,..,..,..
Sub-Saharan Africa (excluding high income),SSA,"UIS: Mean years of schooling (ISCED 1 or higher), population 25+ years, female",UIS.EA.MEAN.1T6.AG25T99.F,..,..,..,..,..,..,..,..,..,..,..,..,..,..,..,..,..,..,..,..,..,..,..,..,..,..,..,..,..,..,..,..,..,..,..
Sub-Saharan Africa (excluding high income),SSA,"UIS: Mean years of schooling (ISCED 1 or higher), population 25+ years, male",UIS.EA.MEAN.1T6.AG25T99.M,..,..,..,..,..,..,..,..,..,..,..,..,..,..,..,..,..,..,..,..,..,..,..,..,..,..,..,..,..,..,..,..,..,..,..
Sub-Saharan Africa (excluding high income),SSA,"UIS: Mean years of schooling (ISCED 1 or higher), population 25+ years, both sexes",UIS.EA.MEAN.1T6.AG25T99,..,..,..,..,..,..,..,..,..,..,..,..,..,..,..,..,..,..,..,..,..,..,..,..,..,..,..,..,..,..,..,..,..,..,..
Sub-Saharan Africa (excluding high income),SSA,"Adult literacy rate, population 15+ years, both sexes (%)",SE.ADT.LITR.ZS,51.76823,52.1684,52.64143,53.23067,53.97893,54.27444,54.95352,55.81617,56.46336,57.28224,55.90881,56.89545,57.39415,57.84003,59.44001,58.45847,59.701,57.21605,57.30438,58.10976,58.66814,60.24391,61.37616,62.24434,62.89559,63.49286,64.20291,64.46804,64.99101,65.42197,..,..,..,..,..
Sub-Saharan Africa (IDA & IBRD countries),TSS,"UIS: Mean years of schooling (ISCED 1 or higher), population 25+ years, female",UIS.EA.MEAN.1T6.AG25T99.F,..,..,..,..,..,..,..,..,..,..,..,..,..,..,..,..,..,..,..,..,..,..,..,..,..,..,..,..,..,..,..,..,..,..,..
Sub-Saharan Africa (IDA & IBRD countries),TSS,"UIS: Mean years of schooling (ISCED 1 or higher), population 25+ years, male",UIS.EA.MEAN.1T6.AG25T99.M,..,..,..,..,..,..,..,..,..,..,..,..,..,..,..,..,..,..,..,..,..,..,..,..,..,..,..,..,..,..,..,..,..,..,..
Sub-Saharan Africa (IDA & IBRD countries),TSS,"UIS: Mean years of schooling (ISCED 1 or higher), population 25+ years, both sexes",UIS.EA.MEAN.1T6.AG25T99,..,..,..,..,..,..,..,..,..,..,..,..,..,..,..,..,..,..,..,..,..,..,..,..,..,..,..,..,..,..,..,..,..,..,..
Sub-Saharan Africa (IDA & IBRD countries),TSS,"Adult literacy rate, population 15+ years, both sexes (%)",SE.ADT.LITR.ZS,51.84979,52.25028,52.72234,53.3102,54.05651,54.35146,55.02878,55.88913,56.53495,57.35188,55.98176,56.9662,57.46339,57.90785,59.50367,58.52419,59.76357,57.28401,57.37395,58.17715,58.73373,60.30552,61.43905,62.30361,62.95409,63.54936,64.25766,64.51749,65.03898,65.46861,..,..,..,..,..
Sudan,SDN,"UIS: Mean years of schooling (ISCED 1 or higher), population 25+ years, female",UIS.EA.MEAN.1T6.AG25T99.F,..,..,..,..,..,..,..,..,..,..,..,..,..,..,..,..,..,..,..,..,..,..,..,..,..,..,..,..,..,..,..,..,..,..,..
Sudan,SDN,"UIS: Mean years of schooling (ISCED 1 or higher), population 25+ years, male",UIS.EA.MEAN.1T6.AG25T99.M,..,..,..,..,..,..,..,..,..,..,..,..,..,..,..,..,..,..,..,..,..,..,..,..,..,..,..,..,..,..,..,..,..,..,..
Sudan,SDN,"UIS: Mean years of schooling (ISCED 1 or higher), population 25+ years, both sexes",UIS.EA.MEAN.1T6.AG25T99,..,..,..,..,..,..,..,..,..,..,..,..,..,..,..,..,..,..,..,..,..,..,..,..,..,..,..,..,..,..,..,..,..,..,..
Sudan,SDN,"Adult literacy rate, population 15+ years, both sexes (%)",SE.ADT.LITR.ZS,..,..,..,..,..,..,..,..,..,..,61.34587,..,..,..,..,..,..,..,53.51738,..,..,..,..,..,..,..,..,..,60.69718,..,..,..,..,..,..
Suriname,SUR,"UIS: Mean years of schooling (ISCED 1 or higher), population 25+ years, female",UIS.EA.MEAN.1T6.AG25T99.F,..,..,..,..,..,..,..,..,..,..,..,..,..,..,7.37388,..,..,..,..,..,..,..,8.99991,..,..,..,..,..,..,..,..,..,..,..,..
Suriname,SUR,"UIS: Mean years of schooling (ISCED 1 or higher), population 25+ years, male",UIS.EA.MEAN.1T6.AG25T99.M,..,..,..,..,..,..,..,..,..,..,..,..,..,..,8.08189,..,..,..,..,..,..,..,9.18819,..,..,..,..,..,..,..,..,..,..,..,..
Suriname,SUR,"UIS: Mean years of schooling (ISCED 1 or higher), population 25+ years, both sexes",UIS.EA.MEAN.1T6.AG25T99,..,..,..,..,..,..,..,..,..,..,..,..,..,..,7.72181,..,..,..,..,..,..,..,9.09023,..,..,..,..,..,..,..,..,..,..,..,..
Suriname,SUR,"Adult literacy rate, population 15+ years, both sexes (%)",SE.ADT.LITR.ZS,..,..,..,..,..,..,..,..,..,..,..,..,..,..,89.59806,..,..,..,94.62094,..,94.67575,..,92.86866,..,..,..,..,..,94.38327,..,..,..,..,..,..
Sweden,SWE,"UIS: Mean years of schooling (ISCED 1 or higher), population 25+ years, female",UIS.EA.MEAN.1T6.AG25T99.F,10.70002,10.80061,11.06394,11.2183,11.33174,11.45976,..,..,..,..,..,..,..,..,12.56672,12.66466,12.75465,12.83885,12.36428,12.44933,12.53214,12.61514,12.69843,12.38336,12.46171,12.53956,12.61748,12.69396,..,..,..,..,..,..,..
Sweden,SWE,"UIS: Mean years of schooling (ISCED 1 or higher), population 25+ years, male",UIS.EA.MEAN.1T6.AG25T99.M,10.77871,10.87303,11.05707,11.16349,11.25662,11.37698,..,..,..,..,..,..,..,..,12.10305,12.17598,12.23944,12.30293,12.09062,12.15173,12.21067,12.27154,12.32825,12.21796,12.26509,12.30996,12.35439,12.39988,..,..,..,..,..,..,..
Sweden,SWE,"UIS: Mean years of schooling (ISCED 1 or higher), population 25+ years, both sexes",UIS.EA.MEAN.1T6.AG25T99,10.73896,10.83644,11.06051,11.19096,11.29425,11.41842,..,..,..,..,..,..,..,..,12.33368,12.41897,12.49553,12.56918,12.23003,12.30324,12.37422,12.44621,12.51634,12.30193,12.3648,12.42627,12.48744,12.54847,..,..,..,..,..,..,..
Sweden,SWE,"Adult literacy rate, population 15+ years, both sexes (%)",SE.ADT.LITR.ZS,..,..,..,..,..,..,..,..,..,..,..,..,..,..,..,..,..,..,..,..,..,..,..,..,..,..,..,..,..,..,..,..,..,..,..
Switzerland,CHE,"UIS: Mean years of schooling (ISCED 1 or higher), population 25+ years, female",UIS.EA.MEAN.1T6.AG25T99.F,..,..,..,..,..,..,..,..,..,..,..,..,..,..,..,..,..,..,..,12.8223,12.85282,12.87132,12.9621,..,13.4505,13.56562,13.49873,..,..,..,..,..,..,..,..
Switzerland,CHE,"UIS: Mean years of schooling (ISCED 1 or higher), population 25+ years, male",UIS.EA.MEAN.1T6.AG25T99.M,..,..,..,..,..,..,..,..,..,..,..,..,..,..,..,..,..,..,..,14.01975,13.95175,13.93491,14.02331,..,14.42191,14.46213,14.43511,..,..,..,..,..,..,..,..
Switzerland,CHE,"UIS: Mean years of schooling (ISCED 1 or higher), population 25+ years, both sexes",UIS.EA.MEAN.1T6.AG25T99,..,..,..,..,..,..,..,..,..,..,..,..,..,..,..,..,..,..,..,13.4012,13.38566,13.38748,13.47819,..,13.92457,14.00355,13.95618,..,..,..,..,..,..,..,..
Switzerland,CHE,"Adult literacy rate, population 15+ years, both sexes (%)",SE.ADT.LITR.ZS,..,..,..,..,..,..,..,..,..,..,..,..,..,..,..,..,..,..,..,..,..,..,..,..,..,..,..,..,..,..,..,..,..,..,..
Syrian Arab Republic,SYR,"UIS: Mean years of schooling (ISCED 1 or higher), population 25+ years, female",UIS.EA.MEAN.1T6.AG25T99.F,..,..,..,..,..,..,..,..,..,..,..,..,4.16658,..,..,..,..,5.60827,5.30352,5.59598,..,..,..,..,..,..,..,..,..,..,..,..,..,..,..
Syrian Arab Republic,SYR,"UIS: Mean years of schooling (ISCED 1 or higher), population 25+ years, male",UIS.EA.MEAN.1T6.AG25T99.M,..,..,..,..,..,..,..,..,..,..,..,..,5.34771,..,..,..,..,7.63386,7.09987,7.35852,..,..,..,..,..,..,..,..,..,..,..,..,..,..,..
Syrian Arab Republic,SYR,"UIS: Mean years of schooling (ISCED 1 or higher), population 25+ years, both sexes",UIS.EA.MEAN.1T6.AG25T99,..,..,..,..,..,..,..,..,..,..,..,..,4.73735,..,..,..,..,6.62552,6.20461,6.50089,..,..,..,..,..,..,..,..,..,..,..,..,..,..,..
Syrian Arab Republic,SYR,"Adult literacy rate, population 15+ years, both sexes (%)",SE.ADT.LITR.ZS,..,..,..,..,..,..,..,..,..,..,..,..,82.88825,..,80.84452,..,..,..,..,..,..,..,..,..,..,..,..,..,..,..,..,..,..,..,..
Tajikistan,TJK,"UIS: Mean years of schooling (ISCED 1 or higher), population 25+ years, female",UIS.EA.MEAN.1T6.AG25T99.F,..,..,..,..,..,..,..,..,..,..,10.30837,..,..,..,..,..,..,..,..,..,..,..,..,..,..,..,..,10.81197,..,..,..,..,..,..,..
Tajikistan,TJK,"UIS: Mean years of schooling (ISCED 1 or higher), population 25+ years, male",UIS.EA.MEAN.1T6.AG25T99.M,..,..,..,..,..,..,..,..,..,..,11.35808,..,..,..,..,..,..,..,..,..,..,..,..,..,..,..,..,11.92745,..,..,..,..,..,..,..
Tajikistan,TJK,"UIS: Mean years of schooling (ISCED 1 or higher), population 25+ years, both sexes",UIS.EA.MEAN.1T6.AG25T99,..,..,..,..,..,..,..,..,..,..,10.82551,..,..,..,..,..,..,..,..,..,..,..,..,..,..,..,..,11.36633,..,..,..,..,..,..,..
Tajikistan,TJK,"Adult literacy rate, population 15+ years, both sexes (%)",SE.ADT.LITR.ZS,..,..,..,..,..,..,..,..,..,..,99.45068,..,..,..,..,..,..,..,..,..,..,..,..,..,99.8,..,..,..,..,..,..,..,..,..,..
Tanzania,TZA,"UIS: Mean years of schooling (ISCED 1 or higher), population 25+ years, female",UIS.EA.MEAN.1T6.AG25T99.F,..,..,..,..,..,..,..,..,..,..,..,..,3.61015,..,..,..,..,..,..,..,..,..,4.87798,..,..,..,..,..,..,..,..,..,..,..,..
Tanzania,TZA,"UIS: Mean years of schooling (ISCED 1 or higher), population 25+ years, male",UIS.EA.MEAN.1T6.AG25T99.M,..,..,..,..,..,..,..,..,..,..,..,..,5.05274,..,..,..,..,..,..,..,..,..,6.09031,..,..,..,..,..,..,..,..,..,..,..,..
Tanzania,TZA,"UIS: Mean years of schooling (ISCED 1 or higher), population 25+ years, both sexes",UIS.EA.MEAN.1T6.AG25T99,..,..,..,..,..,..,..,..,..,..,..,..,4.29875,..,..,..,..,..,..,..,..,..,5.45327,..,..,..,..,..,..,..,..,..,..,..,..
Tanzania,TZA,"Adult literacy rate, population 15+ years, both sexes (%)",SE.ADT.LITR.ZS,..,..,..,..,..,..,..,..,..,..,..,..,69.4309,..,..,..,..,..,..,..,67.8007,..,78.10059,..,..,77.88723,..,..,..,..,..,..,..,..,..
Thailand,THA,"UIS: Mean years of schooling (ISCED 1 or higher), population 25+ years, female",UIS.EA.MEAN.1T6.AG25T99.F,..,..,..,..,..,..,..,..,..,..,..,..,..,..,7.02035,..,6.76725,..,..,..,7.52057,..,..,7.66224,..,..,7.70752,..,8.25076,..,..,..,..,..,..
Thailand,THA,"UIS: Mean years of schooling (ISCED 1 or higher), population 25+ years, male",UIS.EA.MEAN.1T6.AG25T99.M,..,..,..,..,..,..,..,..,..,..,..,..,..,..,7.60787,..,7.42759,..,..,..,7.93442,..,..,8.15843,..,..,8.19174,..,8.67013,..,..,..,..,..,..
Thailand,THA,"UIS: Mean years of schooling (ISCED 1 or higher), population 25+ years, both sexes",UIS.EA.MEAN.1T6.AG25T99,..,..,..,..,..,..,..,..,..,..,..,..,..,..,7.31288,..,7.08319,..,..,..,7.71917,..,..,7.90011,..,..,7.9391,..,8.45102,..,..,..,..,..,..
Thailand,THA,"Adult literacy rate, population 15+ years, both sexes (%)",SE.ADT.LITR.ZS,..,..,..,..,..,..,..,..,..,..,92.64654,..,..,..,..,93.50647,..,..,..,..,96.43091,..,..,93.70207,..,92.86831,..,..,93.76776,..,..,..,..,..,..
Timor-Leste,TLS,"UIS: Mean years of schooling (ISCED 1 or higher), population 25+ years, female",UIS.EA.MEAN.1T6.AG25T99.F,..,..,..,..,..,..,..,..,..,..,..,..,..,..,..,..,..,..,..,..,..,..,..,..,..,..,..,..,..,..,..,..,..,..,..
Timor-Leste,TLS,"UIS: Mean years of schooling (ISCED 1 or higher), population 25+ years, male",UIS.EA.MEAN.1T6.AG25T99.M,..,..,..,..,..,..,..,..,..,..,..,..,..,..,..,..,..,..,..,..,..,..,..,..,..,..,..,..,..,..,..,..,..,..,..
Timor-Leste,TLS,"UIS: Mean years of schooling (ISCED 1 or higher), population 25+ years, both sexes",UIS.EA.MEAN.1T6.AG25T99,..,..,..,..,..,..,..,..,..,..,..,..,..,..,..,..,..,..,..,..,..,..,..,..,..,..,..,..,..,..,..,..,..,..,..
Timor-Leste,TLS,"Adult literacy rate, population 15+ years, both sexes (%)",SE.ADT.LITR.ZS,..,..,..,..,..,..,..,..,..,..,..,37.6,..,..,..,..,..,50.6,..,..,58.30898,..,..,..,..,..,..,..,68.06683,..,..,..,..,..,..
Togo,TGO,"UIS: Mean years of schooling (ISCED 1 or higher), population 25+ years, female",UIS.EA.MEAN.1T6.AG25T99.F,..,..,..,..,..,..,..,..,..,..,..,..,..,..,..,..,..,..,..,2.67462,..,2.17725,..,..,..,..,..,..,..,..,..,..,..,..,..
Togo,TGO,"UIS: Mean years of schooling (ISCED 1 or higher), population 25+ years, male",UIS.EA.MEAN.1T6.AG25T99.M,..,..,..,..,..,..,..,..,..,..,..,..,..,..,..,..,..,..,..,5.77561,..,5.58121,..,..,..,..,..,..,..,..,..,..,..,..,..
Togo,TGO,"UIS: Mean years of schooling (ISCED 1 or higher), population 25+ years, both sexes",UIS.EA.MEAN.1T6.AG25T99,..,..,..,..,..,..,..,..,..,..,..,..,..,..,..,..,..,..,..,4.11005,..,3.65156,..,..,..,..,..,..,..,..,..,..,..,..,..
Togo,TGO,"Adult literacy rate, population 15+ years, both sexes (%)",SE.ADT.LITR.ZS,..,..,..,..,..,..,..,..,..,..,53.1776,..,..,..,..,..,56.88837,..,..,57.09338,..,60.40994,..,..,..,63.74562,..,..,..,..,..,..,..,..,..
Tonga,TON,"UIS: Mean years of schooling (ISCED 1 or higher), population 25+ years, female",UIS.EA.MEAN.1T6.AG25T99.F,..,..,..,..,..,..,9.95625,..,..,..,..,..,..,..,..,..,9.71814,..,..,..,..,10.90516,..,..,..,..,..,..,..,..,..,..,..,..,..
Tonga,TON,"UIS: Mean years of schooling (ISCED 1 or higher), population 25+ years, male",UIS.EA.MEAN.1T6.AG25T99.M,..,..,..,..,..,..,10.28397,..,..,..,..,..,..,..,..,..,10.04664,..,..,..,..,10.95225,..,..,..,..,..,..,..,..,..,..,..,..,..
Tonga,TON,"UIS: Mean years of schooling (ISCED 1 or higher), population 25+ years, both sexes",UIS.EA.MEAN.1T6.AG25T99,..,..,..,..,..,..,10.11681,..,..,..,..,..,..,..,..,..,9.87922,..,..,..,..,10.92791,..,..,..,..,..,..,..,..,..,..,..,..,..
Tonga,TON,"Adult literacy rate, population 15+ years, both sexes (%)",SE.ADT.LITR.ZS,..,..,..,..,..,..,98.90537,..,..,..,..,..,..,..,..,..,99.01846,..,..,..,..,99.38553,..,..,..,..,..,..,99.41437,..,..,..,..,..,..
Trinidad and Tobago,TTO,"UIS: Mean years of schooling (ISCED 1 or higher), population 25+ years, female",UIS.EA.MEAN.1T6.AG25T99.F,7.19545,..,..,..,..,..,..,..,..,..,..,..,..,..,..,..,..,..,10.63991,10.64839,..,10.59508,..,..,..,..,..,..,..,..,..,..,..,..,..
Trinidad and Tobago,TTO,"UIS: Mean years of schooling (ISCED 1 or higher), population 25+ years, male",UIS.EA.MEAN.1T6.AG25T99.M,7.39153,..,..,..,..,..,..,..,..,..,..,..,..,..,..,..,..,..,10.83943,10.84118,..,10.51536,..,..,..,..,..,..,..,..,..,..,..,..,..
Trinidad and Tobago,TTO,"UIS: Mean years of schooling (ISCED 1 or higher), population 25+ years, both sexes",UIS.EA.MEAN.1T6.AG25T99,7.29217,..,..,..,..,..,..,..,..,..,..,..,..,..,..,..,..,..,10.73842,10.74365,..,10.55661,..,..,..,..,..,..,..,..,..,..,..,..,..
Trinidad and Tobago,TTO,"Adult literacy rate, population 15+ years, both sexes (%)",SE.ADT.LITR.ZS,96.93855,..,..,..,..,..,..,..,..,..,97.9,..,..,..,..,..,..,..,..,..,98.7,..,..,..,..,..,..,..,..,..,..,..,..,..,..
Tunisia,TUN,"UIS: Mean years of schooling (ISCED 1 or higher), population 25+ years, female",UIS.EA.MEAN.1T6.AG25T99.F,..,..,..,..,..,..,..,..,..,..,..,..,..,..,..,..,..,..,5.27614,..,5.7159,5.88826,5.7892,..,..,..,6.47663,..,..,..,..,..,..,..,..
Tunisia,TUN,"UIS: Mean years of schooling (ISCED 1 or higher), population 25+ years, male",UIS.EA.MEAN.1T6.AG25T99.M,..,..,..,..,..,..,..,..,..,..,..,..,..,..,..,..,..,..,7.47906,..,7.73519,7.93481,7.77614,..,..,..,7.99608,..,..,..,..,..,..,..,..
Tunisia,TUN,"UIS: Mean years of schooling (ISCED 1 or higher), population 25+ years, both sexes",UIS.EA.MEAN.1T6.AG25T99,..,..,..,..,..,..,..,..,..,..,..,..,..,..,..,..,..,..,6.36185,..,6.70267,6.88022,6.76057,..,..,..,7.22022,..,..,..,..,..,..,..,..
Tunisia,TUN,"Adult literacy rate, population 15+ years, both sexes (%)",SE.ADT.LITR.ZS,..,..,..,..,..,..,..,..,..,..,..,..,..,..,74.297,..,..,77.1904,77.71462,..,79.13058,79.65391,80.21875,..,79.03643,..,..,..,..,..,..,..,..,..,..
Turkiye,TUR,"UIS: Mean years of schooling (ISCED 1 or higher), population 25+ years, female",UIS.EA.MEAN.1T6.AG25T99.F,..,..,..,..,..,..,..,..,..,..,..,..,..,..,4.90579,4.983,5.08196,5.19641,5.62212,5.81947,6.30557,6.60299,6.7628,6.76439,6.93554,7.10862,7.27688,7.46089,..,..,..,..,..,..,..
Turkiye,TUR,"UIS: Mean years of schooling (ISCED 1 or higher), population 25+ years, male",UIS.EA.MEAN.1T6.AG25T99.M,..,..,..,..,..,..,..,..,..,..,..,..,..,..,7.02712,7.19823,7.29287,7.3522,7.48301,7.65567,8.23551,8.5065,8.6199,8.53178,8.68472,8.83998,8.95451,9.11207,..,..,..,..,..,..,..
Turkiye,TUR,"UIS: Mean years of schooling (ISCED 1 or higher), population 25+ years, both sexes",UIS.EA.MEAN.1T6.AG25T99,..,..,..,..,..,..,..,..,..,..,..,..,..,..,5.96347,6.08772,6.18423,6.27093,6.53797,6.72474,7.25812,7.54283,7.67973,7.637,7.80071,7.965,8.10682,8.27803,..,..,..,..,..,..,..
Turkiye,TUR,"Adult literacy rate, population 15+ years, both sexes (%)",SE.ADT.LITR.ZS,79.23245,..,..,..,..,..,..,..,..,..,..,..,..,..,87.36549,88.22906,88.11939,88.6559,..,90.81672,92.6606,94.10609,94.91975,95.25666,95.43963,95.60142,96.16733,96.15053,..,..,..,..,..,..,..
Turkmenistan,TKM,"UIS: Mean years of schooling (ISCED 1 or higher), population 25+ years, female",UIS.EA.MEAN.1T6.AG25T99.F,..,..,..,..,..,10.53758,..,..,..,..,..,..,..,..,..,..,..,..,..,..,..,..,..,..,..,..,..,..,..,..,..,..,..,..,..
Turkmenistan,TKM,"UIS: Mean years of schooling (ISCED 1 or higher), population 25+ years, male",UIS.EA.MEAN.1T6.AG25T99.M,..,..,..,..,..,11.45449,..,..,..,..,..,..,..,..,..,..,..,..,..,..,..,..,..,..,..,..,..,..,..,..,..,..,..,..,..
Turkmenistan,TKM,"UIS: Mean years of schooling (ISCED 1 or higher), population 25+ years, both sexes",UIS.EA.MEAN.1T6.AG25T99,..,..,..,..,..,10.97698,..,..,..,..,..,..,..,..,..,..,..,..,..,..,..,..,..,..,..,..,..,..,..,..,..,..,..,..,..
Turkmenistan,TKM,"Adult literacy rate, population 15+ years, both sexes (%)",SE.ADT.LITR.ZS,..,..,..,..,..,98.77832,..,..,..,..,..,..,..,..,..,..,..,..,..,..,..,..,..,..,99.7,..,..,..,..,..,..,..,..,..,..
Turks and Caicos Islands,TCA,"UIS: Mean years of schooling (ISCED 1 or higher), population 25+ years, female",UIS.EA.MEAN.1T6.AG25T99.F,..,..,..,..,..,..,..,..,..,..,..,..,..,..,..,..,..,..,..,..,..,..,..,..,..,..,..,..,..,..,..,..,..,..,..
Turks and Caicos Islands,TCA,"UIS: Mean years of schooling (ISCED 1 or higher), population 25+ years, male",UIS.EA.MEAN.1T6.AG25T99.M,..,..,..,..,..,..,..,..,..,..,..,..,..,..,..,..,..,..,..,..,..,..,..,..,..,..,..,..,..,..,..,..,..,..,..
Turks and Caicos Islands,TCA,"UIS: Mean years of schooling (ISCED 1 or higher), population 25+ years, both sexes",UIS.EA.MEAN.1T6.AG25T99,..,..,..,..,..,..,..,..,..,..,..,..,..,..,..,..,..,..,..,..,..,..,..,..,..,..,..,..,..,..,..,..,..,..,..
Turks and Caicos Islands,TCA,"Adult literacy rate, population 15+ years, both sexes (%)",SE.ADT.LITR.ZS,..,..,..,..,..,..,..,..,..,..,..,..,..,..,..,..,..,..,..,..,..,..,..,..,..,..,..,..,..,..,..,..,..,..,..
Tuvalu,TUV,"UIS: Mean years of schooling (ISCED 1 or higher), population 25+ years, female",UIS.EA.MEAN.1T6.AG25T99.F,..,6.75007,..,..,..,..,..,..,..,..,..,..,..,..,..,..,..,..,..,..,..,..,..,..,..,..,..,..,..,..,..,..,..,..,..
Tuvalu,TUV,"UIS: Mean years of schooling (ISCED 1 or higher), population 25+ years, male",UIS.EA.MEAN.1T6.AG25T99.M,..,7.90611,..,..,..,..,..,..,..,..,..,..,..,..,..,..,..,..,..,..,..,..,..,..,..,..,..,..,..,..,..,..,..,..,..
Tuvalu,TUV,"UIS: Mean years of schooling (ISCED 1 or higher), population 25+ years, both sexes",UIS.EA.MEAN.1T6.AG25T99,..,7.2546,..,..,..,..,..,..,..,..,..,..,..,..,..,..,..,..,..,..,..,..,..,..,..,..,..,..,..,..,..,..,..,..,..
Tuvalu,TUV,"Adult literacy rate, population 15+ years, both sexes (%)",SE.ADT.LITR.ZS,..,..,..,..,..,..,..,..,..,..,..,..,..,..,..,..,..,..,..,..,..,..,..,..,..,..,..,..,..,..,..,..,..,..,..
Uganda,UGA,"UIS: Mean years of schooling (ISCED 1 or higher), population 25+ years, female",UIS.EA.MEAN.1T6.AG25T99.F,..,2.41752,..,..,..,..,..,..,..,..,..,..,3.1639,..,..,..,..,..,5.13807,..,4.9118,..,4.07719,..,..,..,..,..,..,..,..,..,..,..,..
Uganda,UGA,"UIS: Mean years of schooling (ISCED 1 or higher), population 25+ years, male",UIS.EA.MEAN.1T6.AG25T99.M,..,4.6072,..,..,..,..,..,..,..,..,..,..,5.25151,..,..,..,..,..,5.17103,..,6.27235,..,6.33898,..,..,..,..,..,..,..,..,..,..,..,..
Uganda,UGA,"UIS: Mean years of schooling (ISCED 1 or higher), population 25+ years, both sexes",UIS.EA.MEAN.1T6.AG25T99,..,3.47498,..,..,..,..,..,..,..,..,..,..,4.16364,..,..,..,..,..,5.15433,..,5.6587,..,5.12872,..,..,..,..,..,..,..,..,..,..,..,..
Uganda,UGA,"Adult literacy rate, population 15+ years, both sexes (%)",SE.ADT.LITR.ZS,..,56.10738,..,..,..,..,..,..,..,..,..,..,68.14251,..,..,..,71.37314,..,..,..,73.21188,..,70.19822,..,..,..,..,..,76.5275,..,..,..,..,..,..
Ukraine,UKR,"UIS: Mean years of schooling (ISCED 1 or higher), population 25+ years, female",UIS.EA.MEAN.1T6.AG25T99.F,..,..,..,..,..,..,..,..,..,..,..,10.94366,..,..,..,..,..,..,..,..,..,..,..,..,..,..,..,..,..,..,..,..,..,..,..
Ukraine,UKR,"UIS: Mean years of schooling (ISCED 1 or higher), population 25+ years, male",UIS.EA.MEAN.1T6.AG25T99.M,..,..,..,..,..,..,..,..,..,..,..,11.29624,..,..,..,..,..,..,..,..,..,..,..,..,..,..,..,..,..,..,..,..,..,..,..
Ukraine,UKR,"UIS: Mean years of schooling (ISCED 1 or higher), population 25+ years, both sexes",UIS.EA.MEAN.1T6.AG25T99,..,..,..,..,..,..,..,..,..,..,..,11.09939,..,..,..,..,..,..,..,..,..,..,..,..,..,..,..,..,..,..,..,..,..,..,..
Ukraine,UKR,"Adult literacy rate, population 15+ years, both sexes (%)",SE.ADT.LITR.ZS,..,..,..,..,..,..,..,..,..,..,..,99.43041,..,..,..,..,..,..,..,..,..,..,99.97435,..,..,..,..,..,..,..,..,..,..,..,..
United Arab Emirates,ARE,"UIS: Mean years of schooling (ISCED 1 or higher), population 25+ years, female",UIS.EA.MEAN.1T6.AG25T99.F,..,..,..,..,..,..,..,..,..,..,..,..,..,..,..,10.21696,..,..,..,..,..,..,..,..,..,..,..,11.6769,11.99121,..,..,..,..,..,..
United Arab Emirates,ARE,"UIS: Mean years of schooling (ISCED 1 or higher), population 25+ years, male",UIS.EA.MEAN.1T6.AG25T99.M,..,..,..,..,..,..,..,..,..,..,..,..,..,..,..,8.74556,..,..,..,..,..,..,..,..,..,..,..,12.42786,12.74428,..,..,..,..,..,..
United Arab Emirates,ARE,"UIS: Mean years of schooling (ISCED 1 or higher), population 25+ years, both sexes",UIS.EA.MEAN.1T6.AG25T99,..,..,..,..,..,..,..,..,..,..,..,..,..,..,..,9.10385,..,..,..,..,..,..,..,..,..,..,10.92346,12.11122,12.54852,..,..,..,..,..,..
United Arab Emirates,ARE,"Adult literacy rate, population 15+ years, both sexes (%)",SE.ADT.LITR.ZS,..,..,..,..,..,..,..,..,..,..,..,..,..,..,..,90.03385,..,..,..,..,..,..,..,..,..,93.22714,..,..,..,..,..,..,..,..,..
United Kingdom,GBR,"UIS: Mean years of schooling (ISCED 1 or higher), population 25+ years, female",UIS.EA.MEAN.1T6.AG25T99.F,..,..,..,..,..,..,..,..,..,..,..,..,..,..,..,..,..,..,..,13.16479,13.31702,13.26635,13.48834,12.81049,12.90327,..,..,13.24347,..,..,..,..,..,..,..
United Kingdom,GBR,"UIS: Mean years of schooling (ISCED 1 or higher), population 25+ years, male",UIS.EA.MEAN.1T6.AG25T99.M,..,..,..,..,..,..,..,..,..,..,..,..,..,..,..,..,..,..,..,13.35049,13.47053,13.46832,13.58462,12.96427,12.98754,..,..,13.24225,..,..,..,..,..,..,..
United Kingdom,GBR,"UIS: Mean years of schooling (ISCED 1 or higher), population 25+ years, both sexes",UIS.EA.MEAN.1T6.AG25T99,..,..,..,..,..,..,..,..,..,..,..,..,..,..,..,..,..,..,..,13.25646,13.3929,13.36426,13.53602,12.88665,12.94487,..,..,13.24287,..,..,..,..,..,..,..
United Kingdom,GBR,"Adult literacy rate, population 15+ years, both sexes (%)",SE.ADT.LITR.ZS,..,..,..,..,..,..,..,..,..,..,..,..,..,..,..,..,..,..,..,..,..,..,..,..,..,..,..,..,..,..,..,..,..,..,..
United States,USA,"UIS: Mean years of schooling (ISCED 1 or higher), population 25+ years, female",UIS.EA.MEAN.1T6.AG25T99.F,..,..,..,..,12.77304,..,..,..,..,..,..,..,..,..,13.03055,13.05544,13.18251,..,13.26284,13.28953,13.35091,13.39565,13.43278,13.28243,13.32508,13.36016,13.46054,..,13.7967,..,..,..,..,..,..
United States,USA,"UIS: Mean years of schooling (ISCED 1 or higher), population 25+ years, male",UIS.EA.MEAN.1T6.AG25T99.M,..,..,..,..,13.0101,..,..,..,..,..,..,..,..,..,13.06879,13.0492,13.10184,..,13.18932,13.19872,13.23445,13.30277,13.35173,13.24691,13.25032,13.27818,13.36257,..,13.70737,..,..,..,..,..,..
United States,USA,"UIS: Mean years of schooling (ISCED 1 or higher), population 25+ years, both sexes",UIS.EA.MEAN.1T6.AG25T99,12.68311,..,..,..,12.88613,..,..,..,..,..,..,..,..,..,13.04888,13.05244,13.14373,..,13.22747,13.24579,13.2948,13.35084,13.3939,13.26538,13.28915,13.32078,13.41344,..,13.75368,..,..,..,..,..,..
United States,USA,"Adult literacy rate, population 15+ years, both sexes (%)",SE.ADT.LITR.ZS,..,..,..,..,..,..,..,..,..,..,..,..,..,..,..,..,..,..,..,..,..,..,..,..,..,..,..,..,..,..,..,..,..,..,..
Upper middle income,UMC,"UIS: Mean years of schooling (ISCED 1 or higher), population 25+ years, female",UIS.EA.MEAN.1T6.AG25T99.F,..,..,..,..,..,..,..,..,..,..,..,..,..,..,..,..,..,..,..,..,..,..,..,..,..,..,..,..,..,..,..,..,..,..,..
Upper middle income,UMC,"UIS: Mean years of schooling (ISCED 1 or higher), population 25+ years, male",UIS.EA.MEAN.1T6.AG25T99.M,..,..,..,..,..,..,..,..,..,..,..,..,..,..,..,..,..,..,..,..,..,..,..,..,..,..,..,..,..,..,..,..,..,..,..
Upper middle income,UMC,"UIS: Mean years of schooling (ISCED 1 or higher), population 25+ years, both sexes",UIS.EA.MEAN.1T6.AG25T99,..,..,..,..,..,..,..,..,..,..,..,..,..,..,..,..,..,..,..,..,..,..,..,..,..,..,..,..,..,..,..,..,..,..,..
Upper middle income,UMC,"Adult literacy rate, population 15+ years, both sexes (%)",SE.ADT.LITR.ZS,81.57375,82.63586,83.18015,83.71357,84.2217,84.7752,85.24133,89.5247,89.92116,90.26804,90.58653,90.97035,91.19954,91.73466,92.01932,92.38861,92.65445,93.50337,93.73737,94.00576,94.14792,94.37333,94.78501,94.84182,95.25861,95.09962,95.62376,95.67085,95.45145,95.64834,..,..,..,..,..
Uruguay,URY,"UIS: Mean years of schooling (ISCED 1 or higher), population 25+ years, female",UIS.EA.MEAN.1T6.AG25T99.F,..,..,..,..,..,..,7.68095,..,..,..,..,..,..,9.14961,..,..,8.24297,..,8.62421,8.6226,8.57372,8.70449,8.7981,8.7551,8.86984,8.92642,8.98225,9.10682,9.19095,..,..,..,..,..,..
Uruguay,URY,"UIS: Mean years of schooling (ISCED 1 or higher), population 25+ years, male",UIS.EA.MEAN.1T6.AG25T99.M,..,..,..,..,..,..,7.34716,..,..,..,..,..,..,8.74712,..,..,7.82792,..,8.19873,8.20331,8.16006,8.19417,8.24717,8.28621,8.35254,8.4088,8.4214,8.55568,8.62677,..,..,..,..,..,..
Uruguay,URY,"UIS: Mean years of schooling (ISCED 1 or higher), population 25+ years, both sexes",UIS.EA.MEAN.1T6.AG25T99,..,..,..,..,..,..,7.52452,..,..,..,..,..,..,8.95977,..,..,8.05026,..,8.42598,8.42712,8.38086,8.46648,8.54098,8.53611,8.62804,8.68426,8.71883,8.84796,8.92573,..,..,..,..,..,..
Uruguay,URY,"Adult literacy rate, population 15+ years, both sexes (%)",SE.ADT.LITR.ZS,..,..,..,..,..,..,96.78181,..,..,..,..,..,..,..,..,..,97.78963,97.86389,98.16356,98.26723,98.07271,98.3359,98.39594,98.36387,98.43593,98.52387,98.56147,98.61572,98.70386,..,..,..,..,..,..
Uzbekistan,UZB,"UIS: Mean years of schooling (ISCED 1 or higher), population 25+ years, female",UIS.EA.MEAN.1T6.AG25T99.F,..,..,..,..,..,..,..,..,..,..,..,..,..,..,..,..,..,..,..,..,..,..,..,11.09597,11.18134,11.19261,11.47206,..,11.61857,..,..,..,..,..,..
Uzbekistan,UZB,"UIS: Mean years of schooling (ISCED 1 or higher), population 25+ years, male",UIS.EA.MEAN.1T6.AG25T99.M,..,..,..,..,..,..,..,..,..,..,..,..,..,..,..,..,..,..,..,..,..,..,..,11.51212,11.57484,11.59185,11.94813,..,12.00164,..,..,..,..,..,..
Uzbekistan,UZB,"UIS: Mean years of schooling (ISCED 1 or higher), population 25+ years, both sexes",UIS.EA.MEAN.1T6.AG25T99,..,..,..,..,..,..,..,..,..,..,..,..,..,..,..,..,..,..,..,..,..,..,..,11.29974,11.37418,11.38843,11.70572,..,11.8072,..,..,..,..,..,..
Uzbekistan,UZB,"Adult literacy rate, population 15+ years, both sexes (%)",SE.ADT.LITR.ZS,..,..,..,..,..,..,..,..,..,..,98.64258,..,..,..,..,..,..,..,..,..,..,..,..,99.99486,99.98055,99.98383,99.98657,..,99.99289,..,..,..,..,..,..
Vanuatu,VUT,"UIS: Mean years of schooling (ISCED 1 or higher), population 25+ years, female",UIS.EA.MEAN.1T6.AG25T99.F,..,..,..,..,..,..,..,..,..,..,..,..,..,..,..,..,..,..,..,..,..,..,..,..,..,..,..,..,..,..,..,..,..,..,..
Vanuatu,VUT,"UIS: Mean years of schooling (ISCED 1 or higher), population 25+ years, male",UIS.EA.MEAN.1T6.AG25T99.M,..,..,..,..,..,..,..,..,..,..,..,..,..,..,..,..,..,..,..,..,..,..,..,..,..,..,..,..,..,..,..,..,..,..,..
Vanuatu,VUT,"UIS: Mean years of schooling (ISCED 1 or higher), population 25+ years, both sexes",UIS.EA.MEAN.1T6.AG25T99,..,..,..,..,..,..,..,..,..,..,..,..,..,..,..,..,..,..,..,..,..,..,..,..,..,..,..,..,..,..,..,..,..,..,..
Vanuatu,VUT,"Adult literacy rate, population 15+ years, both sexes (%)",SE.ADT.LITR.ZS,..,..,..,..,68.7,..,..,..,..,74,..,..,..,..,78.4,..,..,..,..,..,..,..,..,..,84.7,..,..,..,87.50631,..,..,..,..,..,..
"Venezuela, RB",VEN,"UIS: Mean years of schooling (ISCED 1 or higher), population 25+ years, female",UIS.EA.MEAN.1T6.AG25T99.F,5.30007,..,..,..,..,..,..,..,..,..,..,..,..,..,..,..,7.76137,8.29043,8.48038,8.63594,..,9.30008,..,..,..,9.96522,10.5925,..,..,..,..,..,..,..,..
"Venezuela, RB",VEN,"UIS: Mean years of schooling (ISCED 1 or higher), population 25+ years, male",UIS.EA.MEAN.1T6.AG25T99.M,5.54853,..,..,..,..,..,..,..,..,..,..,..,..,..,..,..,7.43969,7.87969,7.99685,8.08713,..,8.59331,..,..,..,9.2941,10.01145,..,..,..,..,..,..,..,..
"Venezuela, RB",VEN,"UIS: Mean years of schooling (ISCED 1 or higher), population 25+ years, both sexes",UIS.EA.MEAN.1T6.AG25T99,5.42139,..,..,..,..,..,..,..,..,..,..,..,..,..,..,..,7.60344,8.08774,8.24169,8.36523,..,8.95748,..,..,..,9.63584,10.30728,..,..,..,..,..,..,..,..
"Venezuela, RB",VEN,"Adult literacy rate, population 15+ years, both sexes (%)",SE.ADT.LITR.ZS,89.82525,..,..,..,..,..,..,..,..,..,..,92.97983,..,..,..,..,..,95.15464,..,95.51199,..,94.77022,..,..,..,96.60522,97.12709,..,..,..,..,..,..,..,..
Viet Nam,VNM,"UIS: Mean years of schooling (ISCED 1 or higher), population 25+ years, female",UIS.EA.MEAN.1T6.AG25T99.F,..,..,..,..,..,..,..,..,..,..,..,..,..,..,..,..,..,..,..,7.09196,..,..,..,..,..,..,..,..,..,..,..,..,..,..,..
Viet Nam,VNM,"UIS: Mean years of schooling (ISCED 1 or higher), population 25+ years, male",UIS.EA.MEAN.1T6.AG25T99.M,..,..,..,..,..,..,..,..,..,..,..,..,..,..,..,..,..,..,..,8.18427,..,..,..,..,..,..,..,..,..,..,..,..,..,..,..
Viet Nam,VNM,"UIS: Mean years of schooling (ISCED 1 or higher), population 25+ years, both sexes",UIS.EA.MEAN.1T6.AG25T99,..,..,..,..,..,..,..,..,..,..,..,..,..,..,..,..,..,..,..,7.60819,..,..,..,..,..,..,..,..,..,..,..,..,..,..,..
Viet Nam,VNM,"Adult literacy rate, population 15+ years, both sexes (%)",SE.ADT.LITR.ZS,..,..,..,..,..,..,..,..,..,90.2783,90.15613,..,..,..,..,..,..,..,..,93.52045,..,..,..,..,..,..,..,..,95.00038,..,..,..,..,..,..
Virgin Islands (U.S.),VIR,"UIS: Mean years of schooling (ISCED 1 or higher), population 25+ years, female",UIS.EA.MEAN.1T6.AG25T99.F,..,..,..,..,..,..,..,..,..,..,..,..,..,..,..,..,..,..,..,..,..,..,..,..,..,..,..,..,..,..,..,..,..,..,..
Virgin Islands (U.S.),VIR,"UIS: Mean years of schooling (ISCED 1 or higher), population 25+ years, male",UIS.EA.MEAN.1T6.AG25T99.M,..,..,..,..,..,..,..,..,..,..,..,..,..,..,..,..,..,..,..,..,..,..,..,..,..,..,..,..,..,..,..,..,..,..,..
Virgin Islands (U.S.),VIR,"UIS: Mean years of schooling (ISCED 1 or higher), population 25+ years, both sexes",UIS.EA.MEAN.1T6.AG25T99,..,..,..,..,..,..,..,..,..,..,..,..,..,..,..,..,..,..,..,..,..,..,..,..,..,..,..,..,..,..,..,..,..,..,..
Virgin Islands (U.S.),VIR,"Adult literacy rate, population 15+ years, both sexes (%)",SE.ADT.LITR.ZS,..,..,..,..,..,..,..,..,..,..,..,..,..,..,..,..,..,..,..,..,..,..,..,..,..,..,..,..,..,..,..,..,..,..,..
West Bank and Gaza,PSE,"UIS: Mean years of schooling (ISCED 1 or higher), population 25+ years, female",UIS.EA.MEAN.1T6.AG25T99.F,..,..,..,..,..,..,..,..,..,..,..,..,..,..,6.72483,..,7.0987,7.33593,7.52405,7.84158,7.9655,8.21807,8.59969,8.49131,8.55439,8.78622,8.94876,..,9.42859,..,..,..,..,..,..
West Bank and Gaza,PSE,"UIS: Mean years of schooling (ISCED 1 or higher), population 25+ years, male",UIS.EA.MEAN.1T6.AG25T99.M,..,..,..,..,..,..,..,..,..,..,..,..,..,..,8.65451,..,8.7003,8.82777,8.85406,9.1703,9.16625,9.36727,9.5517,9.26456,9.28541,9.37948,9.37827,..,9.63667,..,..,..,..,..,..
West Bank and Gaza,PSE,"UIS: Mean years of schooling (ISCED 1 or higher), population 25+ years, both sexes",UIS.EA.MEAN.1T6.AG25T99,..,..,..,..,..,..,..,..,..,..,..,..,..,..,7.68986,..,7.90361,8.0871,8.19236,8.51056,8.56935,8.79638,9.07908,8.88092,8.92237,9.08547,9.16551,..,9.53342,..,..,..,..,..,..
West Bank and Gaza,PSE,"Adult literacy rate, population 15+ years, both sexes (%)",SE.ADT.LITR.ZS,..,..,..,..,..,..,..,86.06289,..,..,..,..,..,..,92.27997,..,93.45001,93.88214,94.05868,94.59917,94.93201,95.26724,95.90622,96.2849,96.42839,96.69073,96.93023,..,97.21861,..,..,..,..,..,..
World,WLD,"UIS: Mean years of schooling (ISCED 1 or higher), population 25+ years, female",UIS.EA.MEAN.1T6.AG25T99.F,..,..,..,..,..,..,..,..,..,..,..,..,..,..,..,..,..,..,..,..,..,..,..,..,..,..,..,..,..,..,..,..,..,..,..
World,WLD,"UIS: Mean years of schooling (ISCED 1 or higher), population 25+ years, male",UIS.EA.MEAN.1T6.AG25T99.M,..,..,..,..,..,..,..,..,..,..,..,..,..,..,..,..,..,..,..,..,..,..,..,..,..,..,..,..,..,..,..,..,..,..,..
World,WLD,"UIS: Mean years of schooling (ISCED 1 or higher), population 25+ years, both sexes",UIS.EA.MEAN.1T6.AG25T99,..,..,..,..,..,..,..,..,..,..,..,..,..,..,..,..,..,..,..,..,..,..,..,..,..,..,..,..,..,..,..,..,..,..,..
World,WLD,"Adult literacy rate, population 15+ years, both sexes (%)",SE.ADT.LITR.ZS,74.31615,74.87672,75.32282,75.75018,76.17237,76.58119,76.99569,79.02835,80.20595,80.54926,80.67543,80.99337,81.39531,81.92432,82.34433,82.2603,82.52599,82.81676,83.33974,83.62333,84.02163,84.28377,84.72968,84.93172,85.3606,85.54232,85.98551,86.22016,86.24694,86.4783,..,..,..,..,..
"Yemen, Rep.",YEM,"UIS: Mean years of schooling (ISCED 1 or higher), population 25+ years, female",UIS.EA.MEAN.1T6.AG25T99.F,..,..,..,..,..,..,..,..,..,..,..,..,..,..,..,..,..,..,..,..,..,..,..,..,..,..,..,..,..,..,..,..,..,..,..
"Yemen, Rep.",YEM,"UIS: Mean years of schooling (ISCED 1 or higher), population 25+ years, male",UIS.EA.MEAN.1T6.AG25T99.M,..,..,..,..,..,..,..,..,..,..,..,..,..,..,..,..,..,..,..,..,..,..,..,..,..,..,..,..,..,..,..,..,..,..,..
"Yemen, Rep.",YEM,"UIS: Mean years of schooling (ISCED 1 or higher), population 25+ years, both sexes",UIS.EA.MEAN.1T6.AG25T99,..,..,..,..,..,..,..,..,..,..,..,..,..,..,..,..,..,..,..,..,..,..,..,..,..,..,..,..,..,..,..,..,..,..,..
"Yemen, Rep.",YEM,"Adult literacy rate, population 15+ years, both sexes (%)",SE.ADT.LITR.ZS,..,..,..,..,37.09,..,..,..,..,..,..,..,..,..,54.1,..,..,..,..,..,..,..,..,..,..,..,..,..,..,..,..,..,..,..,..
Zambia,ZMB,"UIS: Mean years of schooling (ISCED 1 or higher), population 25+ years, female",UIS.EA.MEAN.1T6.AG25T99.F,3.229,..,..,..,..,..,..,..,..,..,..,..,..,..,..,..,..,..,..,..,..,..,..,..,..,..,..,..,..,..,..,..,..,..,..
Zambia,ZMB,"UIS: Mean years of schooling (ISCED 1 or higher), population 25+ years, male",UIS.EA.MEAN.1T6.AG25T99.M,5.77961,..,..,..,..,..,..,..,..,..,..,..,..,..,..,..,..,..,..,..,..,..,..,..,..,..,..,..,..,..,..,..,..,..,..
Zambia,ZMB,"UIS: Mean years of schooling (ISCED 1 or higher), population 25+ years, both sexes",UIS.EA.MEAN.1T6.AG25T99,4.48161,..,..,..,..,..,..,..,..,..,..,..,..,..,..,..,..,..,..,..,..,..,..,..,..,..,..,..,..,..,..,..,..,..,..
Zambia,ZMB,"Adult literacy rate, population 15+ years, both sexes (%)",SE.ADT.LITR.ZS,64.99828,..,..,..,..,..,..,..,..,68.00179,..,..,69.14922,..,..,..,..,61.12709,..,..,83.00767,..,..,..,..,..,..,..,86.74796,..,..,..,..,..,..
Zimbabwe,ZWE,"UIS: Mean years of schooling (ISCED 1 or higher), population 25+ years, female",UIS.EA.MEAN.1T6.AG25T99.F,..,..,4.85663,..,..,..,..,..,..,..,..,..,5.99852,..,..,..,..,..,..,..,..,..,7.52347,..,7.56864,..,..,8.06557,..,..,..,..,..,..,..
Zimbabwe,ZWE,"UIS: Mean years of schooling (ISCED 1 or higher), population 25+ years, male",UIS.EA.MEAN.1T6.AG25T99.M,..,..,6.71493,..,..,..,..,..,..,..,..,..,7.80468,..,..,..,..,..,..,..,..,..,8.30095,..,8.97092,..,..,8.923,..,..,..,..,..,..,..
Zimbabwe,ZWE,"UIS: Mean years of schooling (ISCED 1 or higher), population 25+ years, both sexes",UIS.EA.MEAN.1T6.AG25T99,..,..,5.74254,..,..,..,..,..,..,..,..,..,6.86474,..,..,..,..,..,..,..,..,..,7.89256,..,8.2014,..,..,8.4668,..,..,..,..,..,..,..
Zimbabwe,ZWE,"Adult literacy rate, population 15+ years, both sexes (%)",SE.ADT.LITR.ZS,..,..,83.51258,..,..,..,..,..,..,..,..,..,..,..,..,..,..,..,..,..,..,83.58271,..,..,88.69342,..,..,..,..,..,..,..,..,..,..
Afghanistan,AFG,"UIS: Mean years of schooling (ISCED 1 or higher), population 25+ years, female",UIS.EA.MEAN.1T6.AG25T99.F,..,..,..,..,..,..,..,..,..,..,..,..,..,..,..,..,..,..,..,..,..,..,..,..,..,..,..,..,..,..,..,..,..,..,..
Afghanistan,AFG,"UIS: Mean years of schooling (ISCED 1 or higher), population 25+ years, male",UIS.EA.MEAN.1T6.AG25T99.M,..,..,..,..,..,..,..,..,..,..,..,..,..,..,..,..,..,..,..,..,..,..,..,..,..,..,..,..,..,..,..,..,..,..,..
Afghanistan,AFG,"UIS: Mean years of schooling (ISCED 1 or higher), population 25+ years, both sexes",UIS.EA.MEAN.1T6.AG25T99,..,..,..,..,..,..,..,..,..,..,..,..,..,..,..,..,..,..,..,..,..,..,..,..,..,..,..,..,..,..,..,..,..,..,..
Afghanistan,AFG,"Adult literacy rate, population 15+ years, both sexes (%)",SE.ADT.LITR.ZS,..,..,..,..,..,..,..,..,..,..,..,..,..,..,..,..,..,..,..,..,..,31.44885,..,..,..,..,..,..,43.01972,..,..,..,..,..,..
,,,,,,,,,,,,,,,,,,,,,,,,,,,,,,,,,,,,,,
,,,,,,,,,,,,,,,,,,,,,,,,,,,,,,,,,,,,,,
,,,,,,,,,,,,,,,,,,,,,,,,,,,,,,,,,,,,,,
Data from database: Education Statistics: Education Attainment,,,,,,,,,,,,,,,,,,,,,,,,,,,,,,,,,,,,,,
Last Updated: 06/25/2024,,,,,,,,,,,,,,,,,,,,,,,,,,,,,,,,,,,,,,
