STRUCTURE,STRUCTURE_ID,ACTION,FREQ,REF_AREA,INDICATOR,SEX,AGE,URBANISATION,UNIT_MEASURE,COMP_BREAKDOWN_1,COMP_BREAKDOWN_2,COMP_BREAKDOWN_3,AGG_METHOD,UNIT_TYPE,DECIMALS,DATABASE_ID,TIME_FORMAT,UNIT_MULT,OBS_STATUS,OBS_CONF,FREQ_LABEL,REF_AREA_LABEL,INDICATOR_LABEL,SEX_LABEL,AGE_LABEL,URBANISATION_LABEL,UNIT_MEASURE_LABEL,COMP_BREAKDOWN_1_LABEL,COMP_BREAKDOWN_2_LABEL,COMP_BREAKDOWN_3_LABEL,AGG_METHOD_LABEL,UNIT_TYPE_LABEL,DECIMALS_LABEL,DATABASE_ID_LABEL,TIME_FORMAT_LABEL,UNIT_MULT_LABEL,OBS_STATUS_LABEL,OBS_CONF_LABEL,1960,1961,1962,1963,1964,1965,1966,1967,1968,1969,1970,1971,1972,1973,1974,1975,1976,1977,1978,1979,1980,1981,1982,1983,1984,1985,1986,1987,1988,1989,1990,1991,1992,1993,1994,1995,1996,1997,1998,1999,2000,2001,2002,2003,2004,2005,2006,2007,2008,2009,2010,2011,2012,2013,2014,2015,2016,2017,2018,2019,2020,2021,2022,2023,2024
datastructure,WB.DATA360:DS_DATA360(1.3),I,A,YEM,WB_WDI_NE_TRD_GNFS_ZS,_T,_T,_T,PT_GDP,_Z,_Z,_Z,_Z,RATIO,2,WB_WDI,P1Y,0,A,PU,Annual,"Yemen, Rep.",Trade (% of GDP),Total,All age ranges or no breakdown by age,Total,Percentage of GDP,Not Applicable,Not Applicable,Not Applicable,Not Applicable,Ratio,Two,World Development Indicators (WDI),Annual,Units,Normal value,Public,,,,,,,,,,,,,,,,,,,,,,,,,,,,,,,27.627666229605698,47.92135932141803,46.15035147339725,58.140414235862394,68.96404030738691,87.44469198382254,85.93910744309777,80.145988654048,72.66199854732372,72.0039277408966,75.43883863909085,70.89239797701823,74.73045586092064,74.3826165968098,71.84667400692025,76.773285677642,82.07616265641354,79.12342058760588,81.24471885029402,68.0713910145084,64.38563677971784,63.05945795490425,61.36163718256827,52.51187813670889,48.2430405122774,30.36765908446375,31.081544290855923,42.96990467219668,56.07782272150765,,,,,,
datastructure,WB.DATA360:DS_DATA360(1.3),I,A,TON,WB_WDI_NE_TRD_GNFS_ZS,_T,_T,_T,PT_GDP,_Z,_Z,_Z,_Z,RATIO,2,WB_WDI,P1Y,0,A,PU,Annual,Tonga,Trade (% of GDP),Total,All age ranges or no breakdown by age,Total,Percentage of GDP,Not Applicable,Not Applicable,Not Applicable,Not Applicable,Ratio,Two,World Development Indicators (WDI),Annual,Units,Normal value,Public,,,,,,,,,,,,,,,,112.14808371489897,83.56632545120185,91.0432684031195,96.66193983616714,95.8812886176115,97.78077095760375,92.62042353636247,92.21316163613486,87.82841664323037,89.5630438048927,102.35935719435336,95.58816322129758,95.53229249723502,89.48574358481345,87.90899241603466,98.96572344994428,83.46206799990665,72.6308207233457,67.44352272134397,62.95976808260415,71.11928575464769,77.83335654191414,71.85019825748404,78.2916318575919,60.777520877141235,61.508239295468016,62.406564393519446,73.83740938175141,73.21605681737311,73.97371512148688,76.20804943945718,66.35498847495322,68.2299182500325,72.65637911562375,74.3406648891028,70.79766812146488,78.85786488591341,77.97228727996519,82.73158119629204,74.73042459357451,81.3902410936397,87.77716753879551,88.04349374862575,86.10396243231942,88.04539009689525,81.84949888902622,68.54614860022694,70.12727566172343,79.62392050240447,
datastructure,WB.DATA360:DS_DATA360(1.3),I,A,SLB,WB_WDI_NE_TRD_GNFS_ZS,_T,_T,_T,PT_GDP,_Z,_Z,_Z,_Z,RATIO,2,WB_WDI,P1Y,0,A,PU,Annual,Solomon Islands,Trade (% of GDP),Total,All age ranges or no breakdown by age,Total,Percentage of GDP,Not Applicable,Not Applicable,Not Applicable,Not Applicable,Ratio,Two,World Development Indicators (WDI),Annual,Units,Normal value,Public,,,,,,,,,,,,,,,,,,,,,142.3528681779818,142.35286376861188,142.5308075536118,142.69095216706694,150.90649662240128,142.79660059554996,157.92730110765035,157.99579318019877,192.62550345994583,193.4615519316701,142.44201796900165,168.20040941177615,149.79177673611844,161.46880705322454,136.81471215210297,114.20518631644244,98.79545332230603,100.91097317162985,83.13880199981494,69.16174399236232,58.55232808924142,45.110068567304225,45.12751002525815,55.95860913349695,62.81189766830835,66.57107656352566,69.7893991429226,83.74761387149995,87.35261580287256,71.88495301923771,96.14855454233854,107.24751557253423,104.82343462896651,99.60746055513145,93.45340701002964,88.18848591073257,85.54984577725003,82.19749220273243,88.49496146553884,82.99856590205522,60.22043655775728,67.42005678350606,74.83554053298583,101.13453179316984,111.35297206445497
datastructure,WB.DATA360:DS_DATA360(1.3),I,A,PAK,WB_WDI_NE_TRD_GNFS_ZS,_T,_T,_T,PT_GDP,_Z,_Z,_Z,_Z,RATIO,2,WB_WDI,P1Y,0,A,PU,Annual,Pakistan,Trade (% of GDP),Total,All age ranges or no breakdown by age,Total,Percentage of GDP,Not Applicable,Not Applicable,Not Applicable,Not Applicable,Ratio,Two,World Development Indicators (WDI),Annual,Units,Normal value,Public,20.39318920129943,20.23147912099118,21.091352009744213,23.988753854525665,23.125958202210924,24.04108376128918,19.19408526437076,20.494570415799245,19.132546480050134,17.480471111756028,17.96611589286088,18.202043669153984,15.821337771843504,28.979730931073313,30.83017411636512,32.3880449349271,28.945874627964773,27.200363276971977,27.9180418977622,32.864581997280865,35.89689938038851,35.1680110425743,31.322283200528133,34.69196211719957,33.362632860253164,33.17074617129472,32.40673077670582,32.89710190242786,33.28422583133572,34.4216591208777,35.03457590049805,35.419655104840295,37.69453972106308,38.49931687523153,35.057723713159454,36.13275367351904,38.33012683398949,36.85226610089642,34.01172518053103,32.319962809426556,21.459963888465357,23.577207429846716,23.12901595452911,24.650158524839835,24.808334851906412,29.87849405507474,33.04971936722845,30.787881431274567,34.34896081352415,33.32688728639883,31.989002046231548,32.3626382751438,31.318973276007583,30.89027434018438,29.469825690399787,26.68818601722468,24.701578048057314,25.47203500234398,27.62605707963371,28.905576986703235,26.71628073288137,27.03042041255475,33.03135347803203,28.46769254698369,27.578468352069503
datastructure,WB.DATA360:DS_DATA360(1.3),I,A,CHN,WB_WDI_NE_TRD_GNFS_ZS,_T,_T,_T,PT_GDP,_Z,_Z,_Z,_Z,RATIO,2,WB_WDI,P1Y,0,A,PU,Annual,China,Trade (% of GDP),Total,All age ranges or no breakdown by age,Total,Percentage of GDP,Not Applicable,Not Applicable,Not Applicable,Not Applicable,Ratio,Two,World Development Indicators (WDI),Annual,Units,Normal value,Public,6.305576279678273,5.808545536723621,5.565523018639993,5.662062298489088,5.71690657135873,5.899470471551923,5.927989229968287,5.582337495081785,5.578898188897791,4.941376789042072,4.825486330042918,4.945569997272026,5.667472185237629,8.083539278098966,10.337506566045832,9.976087395217291,9.591903356739378,9.320199322407078,15.396924229266173,16.518607055901832,21.5410562047131,23.743825591036867,19.655474761645664,17.886713506127045,18.996339813090888,20.674337284396056,19.845054136932667,24.81383367446971,30.01333891832386,25.06155489141197,24.225982479967843,25.872981494710235,30.034094053380763,35.90864165821461,35.60546352487796,34.104952158932285,33.62875123130053,34.31357632200212,32.17173993574878,33.22553807600541,39.01094247749984,38.082646951833446,42.194442338741275,51.077480130180305,58.64033404084389,61.36007494082367,63.569579862162726,61.26646400061758,56.71113300032089,44.41976443311194,49.85407223389774,49.94582722536431,47.480213078431724,45.916041379557115,44.06845648125317,38.697184836262466,36.177170692977995,36.950852615859965,36.894384391471846,35.199420273883646,34.038950786458095,36.52069117626763,37.44071987636599,36.105192369113844,37.19842013880647
datastructure,WB.DATA360:DS_DATA360(1.3),I,A,OED,WB_WDI_NE_TRD_GNFS_ZS,_T,_T,_T,PT_GDP,_Z,_Z,_Z,_Z,RATIO,2,WB_WDI,P1Y,0,A,PU,Annual,OECD members,Trade (% of GDP),Total,All age ranges or no breakdown by age,Total,Percentage of GDP,Not Applicable,Not Applicable,Not Applicable,Not Applicable,Ratio,Two,World Development Indicators (WDI),Annual,Units,Normal value,Public,,,,,,,,,,,26.394216229202534,26.273934990026422,26.3076769043071,28.78043028320764,33.95288085995515,31.660196609149136,32.902052813986465,33.22032076827834,32.533475934899066,34.48191899538934,36.721289746272234,37.124882917857,35.89793114012144,35.31781791756617,37.243915023280906,36.847707838221616,34.251064174543984,34.33299793677854,35.07168444359228,36.12874000960287,36.133610035486534,35.63042402706495,35.54936618938342,35.29765393613947,37.092561697434405,39.13211646998107,39.93470542839297,41.9362397012007,42.491506342495626,42.609708916971435,46.534067458032,45.29833840035555,43.944016691310104,43.65864669183445,45.92054788258007,47.80205797978622,50.48250461612081,51.57187905307732,53.739789307777926,46.815122151161525,51.374979893576324,55.14467915680728,55.56036130081864,55.23644223317326,55.35409177022411,54.32696668085496,53.253886063963435,55.15669827348094,56.50311043578805,55.86383084895721,51.41973346246883,55.71220028053942,63.14044216860029,58.48780772891892,57.23554876970437
datastructure,WB.DATA360:DS_DATA360(1.3),I,A,AZE,WB_WDI_NE_TRD_GNFS_ZS,_T,_T,_T,PT_GDP,_Z,_Z,_Z,_Z,RATIO,2,WB_WDI,P1Y,0,A,PU,Annual,Azerbaijan,Trade (% of GDP),Total,All age ranges or no breakdown by age,Total,Percentage of GDP,Not Applicable,Not Applicable,Not Applicable,Not Applicable,Ratio,Two,World Development Indicators (WDI),Annual,Units,Normal value,Public,,,,,,,,,,,,,,,,,,,,,,,,,,,,,,,83.08321964529331,86.86377245508982,140.79998340283396,133.4904458598726,55.34931945556445,85.89371075077325,80.84974017419307,82.07896653262831,77.22780910306342,69.82596487510264,78.54856827960408,78.8151854917601,92.81814432989691,107.5519485062618,121.50711589411736,115.84188460770612,105.26239984636887,96.64180814865746,89.24289686375731,74.74404168363694,74.9859884610856,80.50804500595216,78.26306954042201,74.67584476298511,69.48322519533467,72.60150790731886,90.0773187345677,90.4023156823216,91.67257653698248,85.81814540845608,72.0178676487811,76.28686568701504,86.98227325417788,83.53588611563214,82.6898691594703
datastructure,WB.DATA360:DS_DATA360(1.3),I,A,LTU,WB_WDI_NE_TRD_GNFS_ZS,_T,_T,_T,PT_GDP,_Z,_Z,_Z,_Z,RATIO,2,WB_WDI,P1Y,0,A,PU,Annual,Lithuania,Trade (% of GDP),Total,All age ranges or no breakdown by age,Total,Percentage of GDP,Not Applicable,Not Applicable,Not Applicable,Not Applicable,Ratio,Two,World Development Indicators (WDI),Annual,Units,Normal value,Public,,,,,,,,,,,,,,,,,,,,,,,,,,,,,,,,,,,,84.5445654964236,92.81379669775798,99.64948896611808,89.36530459852641,74.58473574249332,83.19149427481159,93.48713736858365,100.33222947481768,98.09140432067113,104.07207069854326,117.44969116518573,124.61363304729238,116.29581032817175,126.75970783184066,105.04025123661383,131.62650739600878,149.6453069272154,156.6389256505128,156.62663792741802,143.2901157806939,138.1955750096005,134.69044965087696,144.91839310132474,147.20213252522097,148.37499601181847,135.7965655635187,154.80672767596954,175.65161215109273,149.04190901460825,143.04839086337967
datastructure,WB.DATA360:DS_DATA360(1.3),I,A,FRA,WB_WDI_NE_TRD_GNFS_ZS,_T,_T,_T,PT_GDP,_Z,_Z,_Z,_Z,RATIO,2,WB_WDI,P1Y,0,A,PU,Annual,France,Trade (% of GDP),Total,All age ranges or no breakdown by age,Total,Percentage of GDP,Not Applicable,Not Applicable,Not Applicable,Not Applicable,Ratio,Two,World Development Indicators (WDI),Annual,Units,Normal value,Public,28.441785411774795,27.91409889903356,26.338498506988,26.390236284563656,27.296748805743242,27.24924700381237,27.909667836396636,27.988487771069558,28.340628032289366,30.436316689171715,32.89783195355079,33.478606527445926,33.96896424584174,35.99796654699885,44.214449862135105,38.369675177420945,41.36955421546036,42.36158274631203,41.1188563628231,42.63754320128287,45.242690410729885,47.34637502437045,47.14303372563318,46.98444516301324,49.40169569232049,48.88387988366336,42.50391014267424,42.023495153912435,43.224622374235324,46.005115870575246,44.5862869486888,44.953700155056225,43.963354493582955,41.72561631231084,43.7513491504061,45.431661693863845,46.11248015896406,49.803453474736,51.421432803077074,51.670661463873365,57.786047031819706,56.89323285607223,55.13252485031017,52.59888228706573,53.749764829202775,55.82283612412989,57.86927752926727,58.15256113096589,59.1797928411748,52.19911230276135,56.58755524779604,60.60563548164058,61.65895707711015,61.81923387339621,62.19926693795067,63.504687195648444,63.342756438335144,65.39584815597112,66.80226078122658,66.4289771741449,58.83889072406472,63.788482630871954,75.96300779819963,70.62614506102246,68.10818754437437
datastructure,WB.DATA360:DS_DATA360(1.3),I,A,NCL,WB_WDI_NE_TRD_GNFS_ZS,_T,_T,_T,PT_GDP,_Z,_Z,_Z,_Z,RATIO,2,WB_WDI,P1Y,0,A,PU,Annual,New Caledonia,Trade (% of GDP),Total,All age ranges or no breakdown by age,Total,Percentage of GDP,Not Applicable,Not Applicable,Not Applicable,Not Applicable,Ratio,Two,World Development Indicators (WDI),Annual,Units,Normal value,Public,,,,,,,,,,,,,,,,,,,,,,,,,,,,,,,53.19993469435772,49.52706311401713,45.39188002884656,43.376463422650744,42.05797708772138,41.95162014709121,43.0935194214281,44.711963671281,51.716436204263246,56.39406569758395,60.36672251646177,58.18435232720914,56.13300403523771,61.88803389964983,58.581337864570216,61.910327001525744,68.02051447874447,72.17438871664648,67.91747838432441,56.07715703322748,68.16848239379391,66.8445220722878,63.753391309775665,58.87234350468806,58.95779793464777,60.046796095430835,58.02961614683893,58.92818262212835,59.097083299999994,58.210367099603964,54.58180483533839,49.04423431109911,50.47274874396391,51.63073472042662,40.36895772428101
datastructure,WB.DATA360:DS_DATA360(1.3),I,A,LBY,WB_WDI_NE_TRD_GNFS_ZS,_T,_T,_T,PT_GDP,_Z,_Z,_Z,_Z,RATIO,2,WB_WDI,P1Y,0,A,PU,Annual,Libya,Trade (% of GDP),Total,All age ranges or no breakdown by age,Total,Percentage of GDP,Not Applicable,Not Applicable,Not Applicable,Not Applicable,Ratio,Two,World Development Indicators (WDI),Annual,Units,Normal value,Public,,,,,,,,,,,,,,,,,,,,,,,,,,,,,,,70.79780085522297,64.59637011468656,56.058065192327845,59.79211315902272,53.15240292966791,51.59176029962546,52.545155993431855,48.632412184606686,40.25270758122744,34.80163010907347,45.281093765942245,43.173449612403104,78.85975703521451,90.61273051754908,96.12933207924011,90.86088968546147,97.73810111973812,102.73231550089346,103.24215804554366,107.62093050103903,98.07721307423898,63.0054352895288,98.22431891684482,106.3343609181056,76.52488263811169,56.904907332688346,41.11017606151346,47.5489661921214,63.78113359681831,78.99396918501384,50.975793437331895,164.28406996710464,156.3216846823475,159.4338253421425,128.81617584293642
datastructure,WB.DATA360:DS_DATA360(1.3),I,A,PST,WB_WDI_NE_TRD_GNFS_ZS,_T,_T,_T,PT_GDP,_Z,_Z,_Z,_Z,RATIO,2,WB_WDI,P1Y,0,A,PU,Annual,Post-demographic dividend,Trade (% of GDP),Total,All age ranges or no breakdown by age,Total,Percentage of GDP,Not Applicable,Not Applicable,Not Applicable,Not Applicable,Ratio,Two,World Development Indicators (WDI),Annual,Units,Normal value,Public,,,,,,,,,,,29.093115035932943,28.870052576663326,28.647691711435012,31.201628506339098,36.95765229322318,34.33491773834014,35.77696645870491,36.12233754445899,35.422497556057294,37.79260136993588,40.28023506296828,40.639743528883734,39.164687157567386,38.32076808785247,40.1201235721767,39.61667561613409,36.873360481207065,37.08103633556696,37.935442501648225,38.960049316653546,38.987746244566736,38.36568330013916,38.17354308710303,38.04211576803662,39.758285844611635,41.78829617673468,42.29824837076442,44.18780880006788,44.501945331437135,44.8782264763312,49.14005522210714,47.64219820766966,46.31290930773924,46.31283638186318,48.87519323548517,51.007721919415765,53.74566712579822,54.702447285593294,57.27985243656158,49.48191563185511,54.45703510966967,58.38516969733248,58.731677688731175,58.42953401862926,58.29651368245464,56.659999756685885,55.05635886638462,57.043644603433236,58.31394737082886,57.36402248560892,52.759944293116405,57.34976141992466,64.47007991273728,60.29754744416142,59.30112660263329
datastructure,WB.DATA360:DS_DATA360(1.3),I,A,ECS,WB_WDI_NE_TRD_GNFS_ZS,_T,_T,_T,PT_GDP,_Z,_Z,_Z,_Z,RATIO,2,WB_WDI,P1Y,0,A,PU,Annual,Europe & Central Asia,Trade (% of GDP),Total,All age ranges or no breakdown by age,Total,Percentage of GDP,Not Applicable,Not Applicable,Not Applicable,Not Applicable,Ratio,Two,World Development Indicators (WDI),Annual,Units,Normal value,Public,,,,,,,,,,,41.59762734136896,41.22572261968036,41.01119224673447,43.85595669777854,51.11564253340805,46.74548818438358,49.541294717122845,50.05250358810179,48.11505170876239,50.39795332155712,52.3961016644188,54.19953225244155,54.13991281289526,54.26239796059415,57.581534074145516,57.912590521442134,51.64798972919671,50.985919603305135,51.712279923792536,53.27317439587308,52.07377437391369,50.727570766365666,58.721902642447645,54.39231790464643,55.332236461280154,56.90117639794208,57.16280449983823,60.15483903620814,61.23154199719203,62.88560821370271,69.1462160399585,68.178773628587,66.00833622218316,65.07937592436573,67.45241039084105,69.83134929880832,73.33323471791982,74.02786196617905,75.69902884335623,67.31670067910919,73.53752100685969,78.08953793657979,78.87598741687867,78.53480451213484,78.3407556009866,78.7659251133764,78.45367801023335,81.2214677871365,83.42009819889437,83.25473363201047,77.13019712816278,83.3069113887783,93.58662048888384,86.37088268091554,83.04181951223991
datastructure,WB.DATA360:DS_DATA360(1.3),I,A,LSO,WB_WDI_NE_TRD_GNFS_ZS,_T,_T,_T,PT_GDP,_Z,_Z,_Z,_Z,RATIO,2,WB_WDI,P1Y,0,A,PU,Annual,Lesotho,Trade (% of GDP),Total,All age ranges or no breakdown by age,Total,Percentage of GDP,Not Applicable,Not Applicable,Not Applicable,Not Applicable,Ratio,Two,World Development Indicators (WDI),Annual,Units,Normal value,Public,50.20242914979757,58.03921568627452,62.207357859531776,65.77380952380952,64.95956873315365,68.87755102040816,67.4074074074074,68.74557051736357,67.21348826611985,65.15280135823429,61.099796334012225,67.64168190127971,85.20900321543408,82.04518430439953,90.73170731707317,118.44484629294756,156.54205607476635,124.33075550267698,107.85159620362381,145.72247237003683,131.09193692353466,136.29921259842519,,,,,,,,,,,,,,,,,,,,,,,,,,165.04894883337195,161.12659059339077,158.89473758563747,150.10243548733274,149.79660669915336,150.2085753584383,133.36548975517047,126.29247536057804,129.72277308286698,136.3152477417604,146.36677132949362,144.434955465602,140.5166334916798,141.0966050629983,139.1864794654067,142.37398107422882,141.51375589724964,
datastructure,WB.DATA360:DS_DATA360(1.3),I,A,OSS,WB_WDI_NE_TRD_GNFS_ZS,_T,_T,_T,PT_GDP,_Z,_Z,_Z,_Z,RATIO,2,WB_WDI,P1Y,0,A,PU,Annual,Other small states,Trade (% of GDP),Total,All age ranges or no breakdown by age,Total,Percentage of GDP,Not Applicable,Not Applicable,Not Applicable,Not Applicable,Ratio,Two,World Development Indicators (WDI),Annual,Units,Normal value,Public,,,,,,,,,,,,,,,,,,,,,,,,,,,,,,,,,,104.3840391508782,107.70366911443378,114.32572944897812,116.47399587418066,118.94073455254903,120.36665111929725,116.78248462719486,118.25504055627836,117.04040620505806,113.31181361367068,106.91602224031384,108.70826029622684,111.04410538837085,115.80544413809291,115.21687328386865,118.53156775087227,109.36450453533355,119.12668648225758,128.36026815500082,131.07383729886044,134.03260074916818,132.58208472474348,132.4375833590155,129.9015024262894,132.34737851221075,134.56056244921567,136.65942876683238,132.47906429540825,148.26001415532255,164.573905802679,152.40656034963746,147.99182654349465
datastructure,WB.DATA360:DS_DATA360(1.3),I,A,PSE,WB_WDI_NE_TRD_GNFS_ZS,_T,_T,_T,PT_GDP,_Z,_Z,_Z,_Z,RATIO,2,WB_WDI,P1Y,0,A,PU,Annual,West Bank and Gaza,Trade (% of GDP),Total,All age ranges or no breakdown by age,Total,Percentage of GDP,Not Applicable,Not Applicable,Not Applicable,Not Applicable,Ratio,Two,World Development Indicators (WDI),Annual,Units,Normal value,Public,,,,,,,,,,,,,,,,,,,,,,,,,,,,,,,,,,,86.45587873245876,91.48592664798343,89.26853589863913,90.33725198148838,88.99159250700625,96.34528938003372,87.63909495548961,82.72597846991533,76.25288261432026,76.39868951612904,81.1235906237101,83.8363540589578,82.6374735897388,91.99924342727445,79.4799190194791,75.15119284663047,68.49765015751692,67.24953290244142,66.92932734838308,66.27131811623691,67.73983716591492,70.78096819444046,65.42251418333831,68.44866071428571,71.40127545064693,68.9934922812035,67.28819124757753,73.08354961621293,82.39492838694528,79.53316636691152,81.31368015695313
datastructure,WB.DATA360:DS_DATA360(1.3),I,A,NRU,WB_WDI_NE_TRD_GNFS_ZS,_T,_T,_T,PT_GDP,_Z,_Z,_Z,_Z,RATIO,2,WB_WDI,P1Y,0,A,PU,Annual,Nauru,Trade (% of GDP),Total,All age ranges or no breakdown by age,Total,Percentage of GDP,Not Applicable,Not Applicable,Not Applicable,Not Applicable,Ratio,Two,World Development Indicators (WDI),Annual,Units,Normal value,Public,,,,,,,,,,,,,,,,,,,,,,,,,,,,,,,,,,,,,,,,,,,,,,,,,164.28571428571428,145.0,100.0,130.3030303030303,120.40816326530613,179.34782608695653,197.22222222222223,200.0,170.1492537313433,142.06896551724137,140.64005917159764,155.90668571428571,134.9801075268817,110.79625531914894,167.33876190476192,143.95555555555555,165.84677419354838
datastructure,WB.DATA360:DS_DATA360(1.3),I,A,IDX,WB_WDI_NE_TRD_GNFS_ZS,_T,_T,_T,PT_GDP,_Z,_Z,_Z,_Z,RATIO,2,WB_WDI,P1Y,0,A,PU,Annual,IDA only,Trade (% of GDP),Total,All age ranges or no breakdown by age,Total,Percentage of GDP,Not Applicable,Not Applicable,Not Applicable,Not Applicable,Ratio,Two,World Development Indicators (WDI),Annual,Units,Normal value,Public,,,,,,,,,,,,,,,,,,,,,,,,,,,,,,,37.62538578794515,38.66789166154684,40.947243976963584,44.36161869887417,48.22594897368515,51.80277656296767,51.66261845880776,51.13744035379541,50.73862677374684,51.143943276051495,54.834985637995366,53.42457509643091,53.49297166593764,53.47300323172958,55.84219177807954,57.91592898238618,56.902949449694376,59.42788054165532,60.951123973212354,54.58212806391046,57.21304004522517,60.858394400791596,60.99128361323696,58.91825152755652,57.61951039335988,54.04070956609196,51.14735378651573,51.707584108315295,54.058687539573064,53.27184837175973,47.99786746355887,52.214194446388156,55.00140022683366,51.97793033716409,50.83873428798462
datastructure,WB.DATA360:DS_DATA360(1.3),I,A,LAO,WB_WDI_NE_TRD_GNFS_ZS,_T,_T,_T,PT_GDP,_Z,_Z,_Z,_Z,RATIO,2,WB_WDI,P1Y,0,A,PU,Annual,Lao PDR,Trade (% of GDP),Total,All age ranges or no breakdown by age,Total,Percentage of GDP,Not Applicable,Not Applicable,Not Applicable,Not Applicable,Ratio,Two,World Development Indicators (WDI),Annual,Units,Normal value,Public,,,,,,,,,,,,,,,,,,,,,,,,,9.105691323418608,13.802817481187606,11.315165811744736,20.115545365158948,45.52810663461097,44.1268320044714,35.84720847697855,38.18232164386761,44.13075861417205,52.628812012210304,64.80926999725398,60.55446614049463,63.7571736099789,65.15697076594584,84.26954050935119,80.0584561654881,68.83730136783251,65.89943687984817,67.25490285235321,60.57209588278798,66.07975162228374,71.79264627378518,81.96137541624209,79.21262890352688,81.8491820941317,76.93082621865199,84.72033789166765,91.69869586802163,98.1851264313662,98.1791466159604,99.05973829333993,85.79832170368095,75.09189092041244,,,,,,,,
datastructure,WB.DATA360:DS_DATA360(1.3),I,A,CEB,WB_WDI_NE_TRD_GNFS_ZS,_T,_T,_T,PT_GDP,_Z,_Z,_Z,_Z,RATIO,2,WB_WDI,P1Y,0,A,PU,Annual,Central Europe and the Baltics,Trade (% of GDP),Total,All age ranges or no breakdown by age,Total,Percentage of GDP,Not Applicable,Not Applicable,Not Applicable,Not Applicable,Ratio,Two,World Development Indicators (WDI),Annual,Units,Normal value,Public,,,,,,,,,,,,,,,,,,,,,,,,,,,,,,,,,,,,65.2964780313877,68.87839539152453,74.07055777812064,74.22183275359342,73.83077737222574,79.96618278481901,80.59117530526778,79.54472196188557,83.84674672746655,90.76346202615123,93.73208087761054,101.88819694631178,104.6820371828649,104.18516687123882,92.93197551293925,104.46498490573103,112.88396669334531,116.12084582552959,117.68285828381146,119.87514479702433,119.41355566270481,120.3355129866393,123.35187983609381,123.81950055178105,121.3630139028953,114.65831087306948,125.55242593515999,139.83650926868012,123.60500779984588,116.31951255297695
datastructure,WB.DATA360:DS_DATA360(1.3),I,A,BLZ,WB_WDI_NE_TRD_GNFS_ZS,_T,_T,_T,PT_GDP,_Z,_Z,_Z,_Z,RATIO,2,WB_WDI,P1Y,0,A,PU,Annual,Belize,Trade (% of GDP),Total,All age ranges or no breakdown by age,Total,Percentage of GDP,Not Applicable,Not Applicable,Not Applicable,Not Applicable,Ratio,Two,World Development Indicators (WDI),Annual,Units,Normal value,Public,,,,,,,,,,,,,,,,,,,,,78.69985858585859,80.00367018216683,71.8370006035003,69.05004997139044,80.76390098157397,67.07328402366865,69.67048587479935,76.84657248720022,81.49214616205956,78.41603461616778,79.39374212048705,79.17796595540574,80.34747549429841,75.74810886970997,80.88297026059873,77.33676280654454,79.57390763284906,85.45073148786759,85.2837692818555,93.32229883365032,96.60184471462647,93.16240504898639,93.07945847136058,94.3631228859413,86.38535368468264,92.99712663325145,98.8810743235728,95.95555115198306,105.46187427723122,89.58088438609246,94.85815915074109,106.9149602088736,111.16665236542904,108.6726140678313,107.11251746878814,104.07095879994081,96.49983583042179,97.7072571800462,100.98921436297468,102.44185690767739,81.6431433128545,98.98243694299971,107.84025008603673,106.40050585077103,108.97244652147604
datastructure,WB.DATA360:DS_DATA360(1.3),I,A,GBR,WB_WDI_NE_TRD_GNFS_ZS,_T,_T,_T,PT_GDP,_Z,_Z,_Z,_Z,RATIO,2,WB_WDI,P1Y,0,A,PU,Annual,United Kingdom,Trade (% of GDP),Total,All age ranges or no breakdown by age,Total,Percentage of GDP,Not Applicable,Not Applicable,Not Applicable,Not Applicable,Ratio,Two,World Development Indicators (WDI),Annual,Units,Normal value,Public,,,,,,,,,,,43.00430846081798,42.6502218205718,41.58397742968819,47.44702776293356,58.74106573829423,52.758545491150684,57.42088296639629,58.93126525037131,54.985077327974516,54.660762785043396,51.310280258497635,49.39102960031217,49.613543454517085,50.81331481945877,55.40829408611139,54.95088144031097,50.52782011693569,49.894873510028184,47.36032196469998,48.677013373061826,48.24982645007983,45.31566008093017,46.3059467099097,49.748196780146216,51.88610701077301,50.830076697145124,52.057608889579676,50.704561838381125,49.14090889146832,49.46839051634285,52.33802123359032,52.63423673364379,51.2361820991323,50.06811870397036,50.28855217561333,52.54427403832107,56.70477917298117,52.74935249647329,56.436550105260395,54.653730108599106,59.051180222782094,63.32406157089005,61.96887044725354,61.71953951545829,58.82102283332959,57.12504460543896,59.83953151382588,63.18992457641585,64.90977219592008,65.00356641770541,59.15988930306111,58.538386292910005,69.1989264413981,64.99238417478028,62.840160526711806
datastructure,WB.DATA360:DS_DATA360(1.3),I,A,EAS,WB_WDI_NE_TRD_GNFS_ZS,_T,_T,_T,PT_GDP,_Z,_Z,_Z,_Z,RATIO,2,WB_WDI,P1Y,0,A,PU,Annual,East Asia & Pacific,Trade (% of GDP),Total,All age ranges or no breakdown by age,Total,Percentage of GDP,Not Applicable,Not Applicable,Not Applicable,Not Applicable,Ratio,Two,World Development Indicators (WDI),Annual,Units,Normal value,Public,19.05600945875802,21.343145387503526,19.973841149021997,20.535976352192325,20.327962868619544,19.873886784653063,21.77060150583446,20.96120824271412,22.27357259345485,22.113814150420797,21.917969951607564,22.17932475463443,22.032895701117667,25.239611806343955,30.46380204658113,28.601788157237735,29.106897717249414,28.938310831320745,31.40299896008869,34.478878005978764,39.467397301022544,40.45710957468459,37.05561889199292,35.52637294346579,36.08520056906199,35.870361297661155,34.24302155190694,37.689083420708016,41.10614111578811,38.9384511285279,38.960795630184364,39.48026180044552,41.14527026831248,43.612076872518664,44.3275903961678,45.33559346702114,45.13471738308292,46.472316894744075,47.90126454419721,46.757680499523424,52.492944979034725,51.204403420567665,52.72603176327838,58.21276271712809,64.71351232818016,67.2266375708886,69.65797585385396,68.8974872614115,69.3381079119863,57.278660883139096,62.457657739441856,64.63462746523625,63.22118568099106,62.45604909842002,61.49537493560655,55.97520613478538,52.3453171319671,54.29445796327994,55.296957126788406,53.03127247409411,50.06352217336942,55.122133032402736,60.109599225837215,57.190729535617194,58.468741655864505
datastructure,WB.DATA360:DS_DATA360(1.3),I,A,MNP,WB_WDI_NE_TRD_GNFS_ZS,_T,_T,_T,PT_GDP,_Z,_Z,_Z,_Z,RATIO,2,WB_WDI,P1Y,0,A,PU,Annual,Northern Mariana Islands,Trade (% of GDP),Total,All age ranges or no breakdown by age,Total,Percentage of GDP,Not Applicable,Not Applicable,Not Applicable,Not Applicable,Ratio,Two,World Development Indicators (WDI),Annual,Units,Normal value,Public,,,,,,,,,,,,,,,,,,,,,,,,,,,,,,,,,,,,,,,,,,,151.94704049844236,152.70379338175948,178.099173553719,174.55230914231856,159.6969696969697,128.57142857142858,100.85197018104365,84.52830188679246,92.61576971214018,105.07544581618656,114.87935656836461,120.07772020725389,119.83173076923077,122.74725274725276,152.84552845528455,131.4102564102564,108.76249039200614,104.74978795589482,78.9838337182448,78.88402625820568,93.15693430656934,,
datastructure,WB.DATA360:DS_DATA360(1.3),I,A,BWA,WB_WDI_NE_TRD_GNFS_ZS,_T,_T,_T,PT_GDP,_Z,_Z,_Z,_Z,RATIO,2,WB_WDI,P1Y,0,A,PU,Annual,Botswana,Trade (% of GDP),Total,All age ranges or no breakdown by age,Total,Percentage of GDP,Not Applicable,Not Applicable,Not Applicable,Not Applicable,Ratio,Two,World Development Indicators (WDI),Annual,Units,Normal value,Public,65.91957811470006,69.74182766113977,72.76503187895045,76.33980019525372,77.38771243932099,82.31707317073172,80.21680216802169,75.3873411098824,86.0,75.33753375337534,85.56925308194344,94.7136563876652,97.91502753737214,100.79669519032164,105.69848521279152,107.38625547306302,116.70788253477589,120.2103879026956,120.58492688413949,119.3729422328644,119.50154629798071,121.23539232053422,123.83618008707717,124.64906482093556,118.77347071785482,117.52280817558172,117.45958959073712,123.57175329595394,114.45159022292071,105.36086456212632,104.84732039674718,99.55838534642287,89.75125458681512,86.20820500966985,88.18060972836828,94.59517164600204,90.955575275056,108.60441515075459,101.84103932029242,98.92908120214183,91.92472968991801,87.52506556809571,91.8357740585774,85.83404251512643,90.9978228872631,88.50535205735048,86.61243391352403,98.49652494072521,99.00822200798896,88.48078863373782,94.63900208739258,98.9614677801469,111.8752806209518,125.78303991122002,119.49754179146359,112.90089101600478,100.46468976602598,81.92395137634941,87.45510399464932,83.09298136011748,77.6634178592071,88.75874958658049,85.61170775434319,68.80335783608163,71.10525790521241
datastructure,WB.DATA360:DS_DATA360(1.3),I,A,TKM,WB_WDI_NE_TRD_GNFS_ZS,_T,_T,_T,PT_GDP,_Z,_Z,_Z,_Z,RATIO,2,WB_WDI,P1Y,0,A,PU,Annual,Turkmenistan,Trade (% of GDP),Total,All age ranges or no breakdown by age,Total,Percentage of GDP,Not Applicable,Not Applicable,Not Applicable,Not Applicable,Ratio,Two,World Development Indicators (WDI),Annual,Units,Normal value,Public,,,,,,,,,,,,,,,,,,,,,,,,,,,,,,,,66.10169491525424,105.31250000000001,146.06786427145707,170.25802752293578,168.1795245398773,152.51612903225805,103.69036903690369,96.3201143265452,90.47619047619048,103.58031782500478,81.9858549438358,63.70468611847922,63.20175069438599,59.3199674884855,53.972341974133585,52.447301002292235,56.277777777777786,94.72407519708914,104.95217927131972,96.86305584040272,111.06283382344115,109.3336526372508,98.5928226795449,91.09348295766019,81.29993056608592,62.04608469662619,53.57535670699553,50.900272639982056,44.285759403720434,35.936593852696696,33.05811707974815,37.360950959777526,34.09927380172572,28.734607630305213
datastructure,WB.DATA360:DS_DATA360(1.3),I,A,SWE,WB_WDI_NE_TRD_GNFS_ZS,_T,_T,_T,PT_GDP,_Z,_Z,_Z,_Z,RATIO,2,WB_WDI,P1Y,0,A,PU,Annual,Sweden,Trade (% of GDP),Total,All age ranges or no breakdown by age,Total,Percentage of GDP,Not Applicable,Not Applicable,Not Applicable,Not Applicable,Ratio,Two,World Development Indicators (WDI),Annual,Units,Normal value,Public,42.26104381881204,40.073869013538676,39.40230160231983,39.553665496884506,40.230296652240234,40.401338520875804,39.45994711050892,38.314835708420205,39.2672336932166,41.75992521829716,44.36074618956234,43.24208091903049,42.6585435708081,47.381066108494466,59.30653443557063,51.406145157788195,51.828065940850266,51.34905731270879,50.43770344246197,56.23261274521521,55.953841492404,55.823836004968086,60.743888159814105,64.39467094670252,64.27656094607705,64.08947778382938,58.33002414272478,58.7705267884249,58.43888036522805,59.1255769216923,55.90551877495847,51.170227497596365,50.85240746656529,58.23359100186213,63.9497416473143,68.6810841853675,66.506522070023,71.99489858446461,74.33475410338481,74.84791716669726,81.47215908501208,80.56918281177138,77.08531869724021,75.32821748642375,78.73588191873561,84.16792301803099,88.33026089182387,89.54692366102228,92.80836870955959,81.95831396739302,85.09148492727327,86.39074480601876,85.29806054243595,81.64025213299637,83.8229810483527,84.1730765958171,83.4519478574149,86.0693088740521,90.40871423617006,92.75113902905613,84.47459581416179,91.11023744130415,107.11175182651169,107.61970944397427,105.88309148046433
datastructure,WB.DATA360:DS_DATA360(1.3),I,A,SST,WB_WDI_NE_TRD_GNFS_ZS,_T,_T,_T,PT_GDP,_Z,_Z,_Z,_Z,RATIO,2,WB_WDI,P1Y,0,A,PU,Annual,Small states,Trade (% of GDP),Total,All age ranges or no breakdown by age,Total,Percentage of GDP,Not Applicable,Not Applicable,Not Applicable,Not Applicable,Ratio,Two,World Development Indicators (WDI),Annual,Units,Normal value,Public,,,,,,,,,,,,,,,,,,,,,,,,,,,,,,,,,,,,,,,,,116.68431925951798,114.75343525711591,111.23171151291582,105.65357475176694,107.88708109421768,110.3363231333294,111.80821218329112,111.56704634636449,114.90041679007027,105.25759639886095,113.97702906770414,124.02373971018959,126.17843204611523,129.0309546377626,127.60750778476638,126.53643353956296,123.96461539210078,126.0960835578671,128.4266122966392,130.08704721539777,124.13007433781587,138.94218167733518,154.50732220142046,144.8539413754478,141.28965508911514
datastructure,WB.DATA360:DS_DATA360(1.3),I,A,ARG,WB_WDI_NE_TRD_GNFS_ZS,_T,_T,_T,PT_GDP,_Z,_Z,_Z,_Z,RATIO,2,WB_WDI,P1Y,0,A,PU,Annual,Argentina,Trade (% of GDP),Total,All age ranges or no breakdown by age,Total,Percentage of GDP,Not Applicable,Not Applicable,Not Applicable,Not Applicable,Ratio,Two,World Development Indicators (WDI),Annual,Units,Normal value,Public,15.208096087379678,11.98989231097267,14.075525649563655,15.780906235374886,11.127429679548754,10.376457409948538,11.642605417141128,12.49266037291795,11.888164885294227,12.797426633059802,10.33744408092327,12.615188915543923,14.035643197271522,13.322168511557578,13.19157985763214,11.802724294775576,15.09688462425186,16.94228656793501,14.323796372436885,12.840684641136773,11.545672460684356,14.292977478883442,15.611486099988559,14.987670106859074,12.346381429221665,18.009425070688028,14.486032792139502,15.44896988295196,15.743458608705046,19.637797701883777,14.990858999944138,13.75305415888915,14.730980586353045,16.223151447783952,18.134345866998135,19.771423090375507,21.50646840572148,23.33617884374392,23.35002797306892,21.382744962489816,22.622444777734284,21.852255451545282,41.75272435856421,40.64474803110855,40.69264610894695,40.551270970623804,40.43347987191512,40.94517061857098,40.402673379038234,34.05712690548787,34.97101326356957,35.20615499996436,30.526542371710804,29.33392900210371,28.406793645227452,22.48622608897916,26.093887848879856,25.28960113767786,30.762535954992597,32.630615045849886,30.203698807415957,33.07868956746599,31.580179260625613,26.67695124822146,27.929760849367003
datastructure,WB.DATA360:DS_DATA360(1.3),I,A,IRL,WB_WDI_NE_TRD_GNFS_ZS,_T,_T,_T,PT_GDP,_Z,_Z,_Z,_Z,RATIO,2,WB_WDI,P1Y,0,A,PU,Annual,Ireland,Trade (% of GDP),Total,All age ranges or no breakdown by age,Total,Percentage of GDP,Not Applicable,Not Applicable,Not Applicable,Not Applicable,Ratio,Two,World Development Indicators (WDI),Annual,Units,Normal value,Public,,,,,,,,,,,74.42604456471221,72.20384269699245,67.62917242354072,75.23564200777203,90.67666017298606,83.04667812699658,91.23842968228857,97.99984537719963,99.71217237945575,105.2991404109785,102.30310314034827,100.97457409105073,93.96964726098382,97.73645922114737,108.30545144960323,107.76135468611517,97.12546968876626,100.7442008818602,105.218413116447,112.46531657172922,105.02942597332014,106.44021390439684,109.54544839146838,116.60268010750106,126.48890139452772,136.10312435969126,138.86811849150743,142.2694421552834,157.77236818714778,159.87097476017138,174.95451807128694,174.8407111018705,163.71932935961493,146.5314740212754,146.5874963700712,148.17556425312875,150.02178580926503,153.3968470680247,160.03942013247408,173.59147487466547,190.08027278671977,186.3048791790385,190.35568231798467,199.74258622444628,211.1816020020851,223.70293829064204,239.70852779876844,233.30408334671108,222.4537160003992,257.6527729104208,258.78043702625206,231.03235086358603,237.75541955937786,239.64962758511086,246.16987485740106
datastructure,WB.DATA360:DS_DATA360(1.3),I,A,BLR,WB_WDI_NE_TRD_GNFS_ZS,_T,_T,_T,PT_GDP,_Z,_Z,_Z,_Z,RATIO,2,WB_WDI,P1Y,0,A,PU,Annual,Belarus,Trade (% of GDP),Total,All age ranges or no breakdown by age,Total,Percentage of GDP,Not Applicable,Not Applicable,Not Applicable,Not Applicable,Ratio,Two,World Development Indicators (WDI),Annual,Units,Normal value,Public,,,,,,,,,,,,,,,,,,,,,,,,,,,,,,,89.60739030023095,66.66666666666666,117.3913043478261,150.96446700507616,155.37570954869892,103.71819477278157,96.77489978575785,125.51617915655753,122.95769773598933,120.8351178296295,141.6091659550242,137.04493047306266,131.00205828229073,134.14185227322452,142.1365103877036,118.88435169232991,124.2951038893865,128.15387797907277,129.5994785454747,108.63564482836037,115.91797298930342,157.97425507331283,153.08526931337192,119.81596523572418,110.65142436758238,115.91482620194616,125.20932289966194,133.36775472301184,139.39373625017066,130.8504061021835,118.93417614653407,136.01416787747556,120.02420757609387,131.58467488496072,131.91792910244993
datastructure,WB.DATA360:DS_DATA360(1.3),I,A,GTM,WB_WDI_NE_TRD_GNFS_ZS,_T,_T,_T,PT_GDP,_Z,_Z,_Z,_Z,RATIO,2,WB_WDI,P1Y,0,A,PU,Annual,Guatemala,Trade (% of GDP),Total,All age ranges or no breakdown by age,Total,Percentage of GDP,Not Applicable,Not Applicable,Not Applicable,Not Applicable,Ratio,Two,World Development Indicators (WDI),Annual,Units,Normal value,Public,27.175165501644837,25.448130904442362,25.209863588667364,30.218561925879,33.477025131015715,36.397779510123144,38.07435104623571,35.72067423460613,35.15057435579013,35.23376677356691,36.34978991596638,35.98347440548166,37.44348736496454,41.08671800222957,48.072119186212845,45.25631531309141,49.155840416198636,50.712526203356404,48.738180781531284,47.19960457799656,47.10548694581593,40.69125736771685,33.474818176258516,27.546959003449327,28.15311480302941,24.932245591930567,30.644019253415717,38.14296342708968,38.039913985103354,39.78154615050747,45.86948547034582,39.52025622317773,45.36224906731065,43.77892815258681,42.37089269720214,44.68943034225155,40.39295295730098,41.551951156959184,44.423739963255386,46.36050685442951,49.14558790495367,70.66903317694758,67.10481152446445,67.00233918624245,70.21487235818718,67.10369960820373,67.91192373966165,69.00136431017627,65.17873052131034,58.04068697386732,63.12519257462218,65.0470510420457,61.95941933520418,56.68524902081982,55.08327359451262,49.893451771068925,46.37273447224957,46.0694033463258,47.011685269922296,45.5167341512863,41.14075945077163,49.261149457622786,54.4310384820058,48.29707074673561,47.344196760267046
datastructure,WB.DATA360:DS_DATA360(1.3),I,A,KOR,WB_WDI_NE_TRD_GNFS_ZS,_T,_T,_T,PT_GDP,_Z,_Z,_Z,_Z,RATIO,2,WB_WDI,P1Y,0,A,PU,Annual,"Korea, Rep.",Trade (% of GDP),Total,All age ranges or no breakdown by age,Total,Percentage of GDP,Not Applicable,Not Applicable,Not Applicable,Not Applicable,Ratio,Two,World Development Indicators (WDI),Annual,Units,Normal value,Public,14.553429027113237,17.926708484648398,19.401360544217688,18.52207293666027,17.256220578345662,21.319311663479922,26.4692185899227,28.560640386648544,32.524471015766956,32.785122115169166,32.24640249521514,35.29496444303688,37.53502697945856,50.81557625727237,54.556092217298215,53.041367074423384,52.96470652262647,52.968181433527974,53.250649269376396,53.516262753166664,64.22888722868437,65.73219375471915,58.95100395007975,56.606183520680055,55.99894521853132,51.32713758764691,58.42157275319284,61.11093365700961,56.93288702683893,51.327819837805286,49.19037349440721,48.289859896329446,47.20682424850945,45.42161807940972,47.74182421351254,51.39673378563874,51.613452117146316,55.89494774327299,66.32898511082067,57.89485788963825,64.05881557290562,60.42773866416932,56.66887679602728,59.424294554173166,67.9270638751076,66.1695148242697,68.37495094022627,71.32396149880132,92.08335449618191,83.12460990571617,88.02786771231239,101.68061646213012,101.51727207905022,94.16752358558726,86.93425779720386,75.38817745649067,69.89972213169192,73.19214082640161,74.70751621408243,71.4470632403511,65.544957860621,75.30630476109123,90.58514752785493,82.25800907166285,84.64249511920376
datastructure,WB.DATA360:DS_DATA360(1.3),I,A,UKR,WB_WDI_NE_TRD_GNFS_ZS,_T,_T,_T,PT_GDP,_Z,_Z,_Z,_Z,RATIO,2,WB_WDI,P1Y,0,A,PU,Annual,Ukraine,Trade (% of GDP),Total,All age ranges or no breakdown by age,Total,Percentage of GDP,Not Applicable,Not Applicable,Not Applicable,Not Applicable,Ratio,Two,World Development Indicators (WDI),Annual,Units,Normal value,Public,,,,,,,,,,,,,,,,,,,,,,,,,,,,,,64.21539865701806,56.40718562874252,50.13377926421405,45.968607192529305,52.0688190027854,73.94400420678718,97.22969648410515,93.8566450766079,84.24141616237348,86.0497284415116,101.95170696554791,115.73571493459302,99.92612761927312,95.99466981011199,102.59018225739575,109.9817085449623,94.64757010878479,89.18105263903097,88.04656067186257,94.17189214175345,87.47616262003164,95.72973045329002,104.80507390425875,102.6227883566263,94.0016694501782,100.6917824836239,107.80661629815584,105.52120491312238,104.03498291139857,99.1998150718675,90.51123429107628,79.15645237618149,82.69796136344999,87.39651399072439,77.50961419356571,77.75301133005138
datastructure,WB.DATA360:DS_DATA360(1.3),I,A,BHR,WB_WDI_NE_TRD_GNFS_ZS,_T,_T,_T,PT_GDP,_Z,_Z,_Z,_Z,RATIO,2,WB_WDI,P1Y,0,A,PU,Annual,Bahrain,Trade (% of GDP),Total,All age ranges or no breakdown by age,Total,Percentage of GDP,Not Applicable,Not Applicable,Not Applicable,Not Applicable,Ratio,Two,World Development Indicators (WDI),Annual,Units,Normal value,Public,,,,,,,,,,,,,,,,,,,,,210.49853631748525,220.86736918527006,198.54642541555427,166.77485072523663,167.38843952924964,168.51412000766098,161.40219829886038,166.89388394720618,151.99972035589272,163.82094350179085,184.82880468089874,158.86779659368057,159.29189833556794,144.76304558598875,136.4734708974157,134.08673231916904,144.33345049030558,130.67244900188334,113.00141895735192,124.73573715432809,135.80913532786525,127.02626627753664,131.13363421639184,128.0915821552161,140.73731003992347,148.31352510892302,147.10418106898885,137.7850505723042,145.88251114582147,117.96372540948919,115.56148644961578,167.52964103585376,178.82402082168437,184.5895088448501,168.57585814185967,147.91606017290388,132.82299790277412,136.42923981039402,144.07537257453507,135.41754339821145,135.4609850129314,153.79931648510802,167.14124115253477,157.44785468229745,157.81849214758608
datastructure,WB.DATA360:DS_DATA360(1.3),I,A,CYM,WB_WDI_NE_TRD_GNFS_ZS,_T,_T,_T,PT_GDP,_Z,_Z,_Z,_Z,RATIO,2,WB_WDI,P1Y,0,A,PU,Annual,Cayman Islands,Trade (% of GDP),Total,All age ranges or no breakdown by age,Total,Percentage of GDP,Not Applicable,Not Applicable,Not Applicable,Not Applicable,Ratio,Two,World Development Indicators (WDI),Annual,Units,Normal value,Public,,,,,,,,,,,,,,,,,,,,,,,,,,,,,,,,,,,,,,,,,,,,,,,,,,,,,,,,,,117.43658395871415,117.11712214032059,114.83853985003985,105.47279015891911,,,,
datastructure,WB.DATA360:DS_DATA360(1.3),I,A,ECA,WB_WDI_NE_TRD_GNFS_ZS,_T,_T,_T,PT_GDP,_Z,_Z,_Z,_Z,RATIO,2,WB_WDI,P1Y,0,A,PU,Annual,Europe & Central Asia (excluding high income),Trade (% of GDP),Total,All age ranges or no breakdown by age,Total,Percentage of GDP,Not Applicable,Not Applicable,Not Applicable,Not Applicable,Ratio,Two,World Development Indicators (WDI),Annual,Units,Normal value,Public,,,,,,,,,,,,,,,,,,,,,,,,,,,,,,,40.721089324193464,39.31253952691967,61.68701385005523,56.475193227399124,61.93060523817701,56.88534956451329,56.97140729655522,58.64790991966875,55.385499367489494,55.88799605708287,64.24753806138654,66.4631964070799,65.3190217284669,65.93379682833559,70.0060845461264,66.16740128915545,66.49604830122217,66.46607593880131,69.56002906791853,61.941733556105284,61.72115559393817,68.71862075542775,68.10335568920893,64.50716486231609,64.61290209009577,62.04544986554014,61.71770305791381,66.56353514366579,72.4218659007976,71.31330053470666,65.55372711317814,73.32206036137052,82.32197714809257,72.44537854753598,64.98576242311134
datastructure,WB.DATA360:DS_DATA360(1.3),I,A,HPC,WB_WDI_NE_TRD_GNFS_ZS,_T,_T,_T,PT_GDP,_Z,_Z,_Z,_Z,RATIO,2,WB_WDI,P1Y,0,A,PU,Annual,Heavily indebted poor countries (HIPC),Trade (% of GDP),Total,All age ranges or no breakdown by age,Total,Percentage of GDP,Not Applicable,Not Applicable,Not Applicable,Not Applicable,Ratio,Two,World Development Indicators (WDI),Annual,Units,Normal value,Public,,,,,,,,,,,,,,,,,,,,,,,,,,,,,42.2370021558406,44.228965707117545,42.749878280018194,42.61306452805495,44.34087742156161,44.90197117448283,51.726868953948724,52.61598784092627,52.201289251519654,51.04437243530357,51.94529023390436,50.52122195726159,53.56153122860185,52.89766590472442,54.94514393120745,55.81418083057653,58.50017434195003,60.13707434289069,57.18251015827689,61.12103814543674,62.81485839029034,57.26224677182798,61.364301028415596,63.458680300643834,63.34301340274449,59.76035204544063,58.58086700816181,56.22441836489955,53.4924824357727,52.35029932820497,53.90211965009373,53.21509623754751,47.360280135469935,51.05498074914566,55.97361055780346,52.31694939863024,52.070357751971265
datastructure,WB.DATA360:DS_DATA360(1.3),I,A,URY,WB_WDI_NE_TRD_GNFS_ZS,_T,_T,_T,PT_GDP,_Z,_Z,_Z,_Z,RATIO,2,WB_WDI,P1Y,0,A,PU,Annual,Uruguay,Trade (% of GDP),Total,All age ranges or no breakdown by age,Total,Percentage of GDP,Not Applicable,Not Applicable,Not Applicable,Not Applicable,Ratio,Two,World Development Indicators (WDI),Annual,Units,Normal value,Public,32.41379310344827,28.97727272727273,25.773195876288657,24.034334763948497,23.283582089552237,29.87249544626594,28.615384615384613,27.787716159809182,27.388362652232743,25.528062764031382,29.094339622641506,21.717897155989657,30.33040784718637,19.923484402589757,31.27281631199359,37.0585261028947,39.63817419163061,42.55498313240409,40.00155530986168,38.000124359327394,35.664396338553644,34.23545887562056,31.61665881546155,49.292739245702556,47.9560746008794,47.85656984323295,46.48374022543683,40.85464499028607,39.793813172605816,41.19356188208103,41.628472119091406,38.55490474070918,40.07304362925287,38.68496675895845,40.148833719520326,38.097674842528654,39.52843645528886,37.706397080706985,35.64001540069561,33.386448946902654,36.713738150790235,36.30951264350566,40.029067307559956,51.75919958264724,61.4766880860242,58.877696325577446,61.971574516587594,59.210447837409454,65.20809500718208,53.394419268373575,51.699037201225615,53.24703401090185,55.06115416337678,49.71784647462325,49.0876240632174,45.32824080875339,48.47055837856232,46.378004203551455,47.79131048064754,49.744834115963606,47.731873318208784,58.31504102303376,61.03079510438214,52.910987066462965,52.46491678563794
datastructure,WB.DATA360:DS_DATA360(1.3),I,A,FSM,WB_WDI_NE_TRD_GNFS_ZS,_T,_T,_T,PT_GDP,_Z,_Z,_Z,_Z,RATIO,2,WB_WDI,P1Y,0,A,PU,Annual,"Micronesia, Fed. Sts.",Trade (% of GDP),Total,All age ranges or no breakdown by age,Total,Percentage of GDP,Not Applicable,Not Applicable,Not Applicable,Not Applicable,Ratio,Two,World Development Indicators (WDI),Annual,Units,Normal value,Public,,,,,,,,,,,,,,,,,,,,,,,,111.04459399902886,,,,,,,,,,,,90.93802434988177,102.98043057611548,107.14434191972524,102.53065939270326,95.76477116690648,91.89221184991051,97.29778218557149,91.72986439884423,96.7006160347744,95.52594301975851,94.34535777730885,97.35158050819402,100.78914958124234,111.18655427518615,111.0485651061059,108.03785948479279,108.53998624471298,113.05977372212246,114.76667235006101,107.64535737478707,107.68112767246747,102.76923076923077,103.3426183844011,103.57142857142858,95.68527918781726,85.00877038433886,87.33359056735935,90.63439024572017,97.85502687162463,98.42496729666526
datastructure,WB.DATA360:DS_DATA360(1.3),I,A,SAS,WB_WDI_NE_TRD_GNFS_ZS,_T,_T,_T,PT_GDP,_Z,_Z,_Z,_Z,RATIO,2,WB_WDI,P1Y,0,A,PU,Annual,South Asia,Trade (% of GDP),Total,All age ranges or no breakdown by age,Total,Percentage of GDP,Not Applicable,Not Applicable,Not Applicable,Not Applicable,Ratio,Two,World Development Indicators (WDI),Annual,Units,Normal value,Public,13.659110082498977,12.770788816752136,12.674655019038182,12.54504657545841,11.996116741214852,11.22437020832903,13.051616647832354,12.085739142736175,11.07208860077386,9.966807154899717,10.297791412249337,9.920780373456637,9.996167329098721,11.119368650743064,12.78870473069492,13.942151498300658,15.258303468906664,15.015579860336132,15.708423910286433,17.73247968189956,18.559981411588492,17.16370386842584,16.803968442860064,16.215526550098136,16.06167388340777,15.237309815761233,14.389839420428812,14.744626853566833,15.707626859001724,17.25208648753563,17.721182537980923,19.028364239377435,20.63266154635597,22.143501563915926,22.599608168167137,25.643915799553913,24.550761742272783,25.273518445620358,26.21666791825926,27.202249105901846,29.452134563867762,28.622689443291133,31.20588564386842,32.00007797322958,38.160795016686656,42.49714644035364,45.994421447526264,46.01711120343361,52.801635953460895,45.92410172130628,48.31886967440903,54.78191229407896,55.00284047845295,53.12818401475813,48.73436589631279,42.33204918601833,39.79380344548859,40.30898589844434,43.154103974807704,39.81644185268116,36.98845377376796,44.014541411472365,48.842150266814855,43.97198968087229,43.29640869808725
datastructure,WB.DATA360:DS_DATA360(1.3),I,A,NAM,WB_WDI_NE_TRD_GNFS_ZS,_T,_T,_T,PT_GDP,_Z,_Z,_Z,_Z,RATIO,2,WB_WDI,P1Y,0,A,PU,Annual,Namibia,Trade (% of GDP),Total,All age ranges or no breakdown by age,Total,Percentage of GDP,Not Applicable,Not Applicable,Not Applicable,Not Applicable,Ratio,Two,World Development Indicators (WDI),Annual,Units,Normal value,Public,,,,,,,,,,,,,,,,,,,,,126.66300941381724,124.1791467424424,113.28549434932759,97.69858413443622,96.91126756679272,91.73169137126284,102.71467029893928,97.84663323779654,91.0117626010634,96.38015692953832,93.75924558540027,93.86472522005576,91.9734600107459,96.09557800967038,89.49368083452468,93.56084718650945,96.54422397717451,92.84109037339208,92.1305009296504,91.10020514659475,85.13224429472676,88.58410183802448,94.41522289489059,95.95247438172126,81.86226059165429,80.68038029398161,86.83396932599985,104.97930375891546,119.64449818478518,123.76284429297621,108.07247717360559,102.18914775413836,100.21340877430009,97.72490423038323,103.08013700925368,97.2390317873478,93.96618796016202,81.2196661011436,81.71386529638043,82.90115074263547,76.92524240364645,83.54430309236237,99.2625547814064,110.77071396598323,109.62850981893162
datastructure,WB.DATA360:DS_DATA360(1.3),I,A,BOL,WB_WDI_NE_TRD_GNFS_ZS,_T,_T,_T,PT_GDP,_Z,_Z,_Z,_Z,RATIO,2,WB_WDI,P1Y,0,A,PU,Annual,Bolivia,Trade (% of GDP),Total,All age ranges or no breakdown by age,Total,Percentage of GDP,Not Applicable,Not Applicable,Not Applicable,Not Applicable,Ratio,Two,World Development Indicators (WDI),Annual,Units,Normal value,Public,40.142889037731635,39.737274220032845,40.75464614229398,43.32287308228731,43.77224199288256,48.147632311977716,47.735849056603776,48.51319746074173,43.81868131868132,43.670771459616084,48.95712630359212,45.789797172710514,45.131578947368425,56.03434631212409,62.09013467853234,58.15495240866204,57.56306363985585,56.41907062448708,52.7033855482567,51.57077929276134,46.81329150900152,46.21976713599424,58.46829880728186,52.35579793798018,49.47473086052527,41.892791193411895,47.031357397090424,43.62265666545914,41.90625186166475,45.654685536327605,46.70327258418469,48.44496887468605,49.11085787838888,47.46712568955226,48.86085050207025,49.73798709789796,49.85629137230234,50.46966280587479,52.28116295812277,44.168256487016485,45.59777502185548,45.22782243155222,49.35026037259567,51.967836443987004,57.46426609013163,67.64194136137428,74.53784843154699,76.06191144761479,82.86702089617982,68.62707391275916,75.51162625128768,82.48039542435176,84.94876116849422,81.23090752671736,85.26446956251306,67.93284519052482,56.40103450265729,45.57611236507076,46.926195341736765,45.82097327490238,37.51643424464857,47.66708431589839,57.52493357896306,49.608325559459686,46.977871614840325
datastructure,WB.DATA360:DS_DATA360(1.3),I,A,TUN,WB_WDI_NE_TRD_GNFS_ZS,_T,_T,_T,PT_GDP,_Z,_Z,_Z,_Z,RATIO,2,WB_WDI,P1Y,0,A,PU,Annual,Tunisia,Trade (% of GDP),Total,All age ranges or no breakdown by age,Total,Percentage of GDP,Not Applicable,Not Applicable,Not Applicable,Not Applicable,Ratio,Two,World Development Indicators (WDI),Annual,Units,Normal value,Public,,,,,,33.44224485873535,34.528819762122595,35.73684210526316,31.78610631958601,34.80507974010632,46.74430915828481,48.53608715388107,50.08899297423888,52.471119603926,67.57332988758237,63.96003215803376,63.09881013967925,67.59432455860212,69.70087362615243,80.94798083504449,85.83815845219603,91.21095627102355,84.34976271750895,77.08403168610293,77.29087393175722,70.23638202983629,67.48505670074297,70.64204198972035,83.67549592406993,92.00721592508785,94.16126556764704,85.68602021814313,86.00008755417414,88.41096774193548,92.80438604257041,93.71444656869069,85.7203547620671,80.50071044396209,79.97945826200785,77.90511394116652,82.639110670191,89.55220119446614,85.34217596926557,82.39034070991598,86.92534469662834,90.25124788039454,93.94093040943086,104.05940097664671,114.3436602186955,93.01687878767221,100.15100983679926,100.10637930423694,101.55072392966807,98.95495668620381,96.10710385587005,87.24853065960522,87.09266436414659,95.8091979825804,103.87182426063521,102.33261472578927,84.3333297071767,93.6334140664079,116.09579438414566,112.12885801335437,106.29854920424687
datastructure,WB.DATA360:DS_DATA360(1.3),I,A,ETH,WB_WDI_NE_TRD_GNFS_ZS,_T,_T,_T,PT_GDP,_Z,_Z,_Z,_Z,RATIO,2,WB_WDI,P1Y,0,A,PU,Annual,Ethiopia,Trade (% of GDP),Total,All age ranges or no breakdown by age,Total,Percentage of GDP,Not Applicable,Not Applicable,Not Applicable,Not Applicable,Ratio,Two,World Development Indicators (WDI),Annual,Units,Normal value,Public,,,,,,,,,,,,,,,,,,,,,,,,,,,,,,,,,,,,,,,,,,,,,,,,,,,,48.23293541168899,45.39790418350722,41.47178708076246,40.74108414986262,39.65612414495149,34.899021081611146,31.103649492901635,31.199368977788133,28.815293928834627,24.006114340179355,24.345057464764352,26.595499696731277,20.59820150726521,17.400435858318723
datastructure,WB.DATA360:DS_DATA360(1.3),I,A,MIC,WB_WDI_NE_TRD_GNFS_ZS,_T,_T,_T,PT_GDP,_Z,_Z,_Z,_Z,RATIO,2,WB_WDI,P1Y,0,A,PU,Annual,Middle income,Trade (% of GDP),Total,All age ranges or no breakdown by age,Total,Percentage of GDP,Not Applicable,Not Applicable,Not Applicable,Not Applicable,Ratio,Two,World Development Indicators (WDI),Annual,Units,Normal value,Public,15.638056028891917,15.128010122979012,13.43107863774349,14.82425596967274,14.386274197203807,13.7425195238155,14.753366725608787,14.009723185327696,14.0997908464275,13.6463466874756,14.766722841104334,15.032840705759744,15.632314271451847,17.997058717512342,22.02434663449606,21.17247167220843,20.886465125881518,20.912414264731467,23.207221076082565,25.174893418022567,28.683855604464263,29.638984260066238,26.946977431405127,26.42344634749394,26.829546695076434,27.007678466081522,25.28887420893579,28.45533077399913,32.454319927939316,31.161128537458218,31.654169661751045,32.57601809309431,36.06515663393,38.209509301649895,39.100053184241006,39.5650942849794,39.213386624453626,41.20281625306243,42.10778312385642,42.04426940906108,46.78820320392028,46.22996208330462,48.630924751505454,53.20588241115933,58.56740814360412,60.2614529639116,61.14660680817186,59.98193165851374,59.602234241706604,49.74343055599831,52.791987163402375,54.68214302944684,53.381026736696896,51.8661100241344,50.253118896043006,46.560315159468914,44.57101501167208,45.93991947567783,48.001052491153814,45.99191096800231,43.532121730277765,48.791310455285206,52.39212381179681,48.43360327144164,48.64136920562395
datastructure,WB.DATA360:DS_DATA360(1.3),I,A,BRA,WB_WDI_NE_TRD_GNFS_ZS,_T,_T,_T,PT_GDP,_Z,_Z,_Z,_Z,RATIO,2,WB_WDI,P1Y,0,A,PU,Annual,Brazil,Trade (% of GDP),Total,All age ranges or no breakdown by age,Total,Percentage of GDP,Not Applicable,Not Applicable,Not Applicable,Not Applicable,Ratio,Two,World Development Indicators (WDI),Annual,Units,Normal value,Public,12.615471527874448,12.893396778927793,9.384850142859994,17.939984423698107,12.205805360183636,12.892035104109148,12.263294107667416,11.354384350846678,12.590626362183732,13.275924691813138,14.47917336613845,14.650916979304917,16.131952621638206,16.856189136133757,20.967778068845615,18.2343303683349,16.4155479824129,15.155249405126481,14.577887598525695,16.5668826070039,20.15540749196973,19.632923992709227,16.49117037173192,21.90035252320329,23.830074665772287,20.449766584076084,15.86065414524641,16.26239733907487,17.767244709777792,14.390877647213355,15.155599081021817,16.59207776266463,19.253374787895883,19.599320547463535,18.674759796102276,16.98445999919555,15.635591478382944,16.57620926333712,16.438584928207003,20.982166473880962,22.639761358975523,26.93628502494304,27.61835740771732,28.140384721548905,29.67825248034954,27.086795205247867,26.041699887944564,25.29261137578055,27.257569416595288,22.105975606071073,22.772178113220825,23.934405176510307,25.114273610332155,25.785957328145216,24.68540581329201,26.953625937236946,24.53368207707561,24.319734374168437,28.876203376152986,28.89025786973537,32.30207854434918,37.65633075925755,38.816065976432135,33.666229830128415,35.58452393853885
datastructure,WB.DATA360:DS_DATA360(1.3),I,A,HTI,WB_WDI_NE_TRD_GNFS_ZS,_T,_T,_T,PT_GDP,_Z,_Z,_Z,_Z,RATIO,2,WB_WDI,P1Y,0,A,PU,Annual,Haiti,Trade (% of GDP),Total,All age ranges or no breakdown by age,Total,Percentage of GDP,Not Applicable,Not Applicable,Not Applicable,Not Applicable,Ratio,Two,World Development Indicators (WDI),Annual,Units,Normal value,Public,,,,,,,,,,,,,,,,,,,,,,,,,,,,,48.77835905733856,40.56313256881569,46.414854320160856,39.80749018089285,32.537688442211056,48.752266643640446,31.13363997621953,37.84781906331423,40.223379852938024,36.89404880939155,36.52078670412877,41.9484795102088,27.15352206369176,27.569933019116032,24.939678475982806,37.19734344446407,33.780970353105886,34.96510450382282,37.05707041289962,34.282548961129336,36.14503814542444,33.09649982461079,44.7215241260457,44.1635704019387,40.25824149881285,40.33250975625513,42.35152590716193,41.94573811720442,41.41090221619738,42.074547786891124,45.13857630272228,44.56871877582935,37.4138801252638,37.0465594645645,36.52955028382801,30.78542369953594,22.247885372610686
datastructure,WB.DATA360:DS_DATA360(1.3),I,A,NAC,WB_WDI_NE_TRD_GNFS_ZS,_T,_T,_T,PT_GDP,_Z,_Z,_Z,_Z,RATIO,2,WB_WDI,P1Y,0,A,PU,Annual,North America,Trade (% of GDP),Total,All age ranges or no breakdown by age,Total,Percentage of GDP,Not Applicable,Not Applicable,Not Applicable,Not Applicable,Ratio,Two,World Development Indicators (WDI),Annual,Units,Normal value,Public,,,,,,,,,,,13.38227689776581,13.312508952245684,13.945356438857733,15.743767847384554,19.14628924120823,18.10666575189831,18.45789990153594,18.922912020408205,19.693959082810824,21.267206404235264,22.945072076811158,22.21576496825502,20.01951078147675,19.23061464473462,20.506717592156843,19.69781961765704,19.985840156296494,20.781887118081688,21.827425336864543,22.03206126112997,22.39170899047086,22.299707349674442,22.74990403494248,23.30656682367831,24.755385992279525,26.43268770657665,26.748736180680492,27.77474381079159,27.54345015032377,28.163131142431464,30.02606402560076,27.695134617163806,26.847296624670566,26.65822252409458,28.353601414014964,29.40545808841299,30.482320186792094,31.279534519542587,33.040066383345724,27.638021867129325,30.965433234350158,33.55937664350305,33.41992857065789,32.77350258533987,32.95370120188596,31.111036604315636,29.931023239154182,30.553139016626723,30.954653982674053,29.860572028921975,26.639115129292975,28.751697587890106,30.74409031751447,28.834843193667428,28.789622276997033
datastructure,WB.DATA360:DS_DATA360(1.3),I,A,XKX,WB_WDI_NE_TRD_GNFS_ZS,_T,_T,_T,PT_GDP,_Z,_Z,_Z,_Z,RATIO,2,WB_WDI,P1Y,0,A,PU,Annual,Kosovo,Trade (% of GDP),Total,All age ranges or no breakdown by age,Total,Percentage of GDP,Not Applicable,Not Applicable,Not Applicable,Not Applicable,Ratio,Two,World Development Indicators (WDI),Annual,Units,Normal value,Public,,,,,,,,,,,,,,,,,,,,,,,,,,,,,,,,,,,,,,,,,,,,,,,,,76.7307430830911,77.75537669774967,82.1774799739022,86.15174946618717,81.3639162574412,75.10348366070295,77.07605216432758,74.02044225465744,75.01881230774633,80.41013734697448,86.31508467109674,85.75340850534823,75.60801712800014,98.63843048552535,110.01203161922572,109.95185157790215,113.78965196413269
datastructure,WB.DATA360:DS_DATA360(1.3),I,A,UMC,WB_WDI_NE_TRD_GNFS_ZS,_T,_T,_T,PT_GDP,_Z,_Z,_Z,_Z,RATIO,2,WB_WDI,P1Y,0,A,PU,Annual,Upper middle income,Trade (% of GDP),Total,All age ranges or no breakdown by age,Total,Percentage of GDP,Not Applicable,Not Applicable,Not Applicable,Not Applicable,Ratio,Two,World Development Indicators (WDI),Annual,Units,Normal value,Public,14.395626691488307,14.209995341062143,12.347522062407672,13.84927941544156,13.368365697737248,12.680694095440428,13.725562495164384,12.967669309685432,13.303849394779165,12.92692593066078,14.098536450669178,14.48382847740155,15.234145792436998,17.603710168679477,21.5010126822567,20.37779788919518,19.898756883823445,19.82774238097203,22.52690912081943,24.25991804587372,28.053346431633564,29.161799943981087,26.358236629115666,25.939356863016506,26.439695237227543,26.92564436957538,25.272166322467278,29.079823812836665,33.38872733148944,30.95900812374787,31.098089646203892,32.162660212575055,36.15636052826255,38.455043340906585,39.288725497599216,39.30557362934078,38.857711595479415,40.92533193960827,42.075768151733115,41.98953839031325,47.182347494302114,46.501065555708394,48.830859428952834,54.04130796797275,59.349421260127635,60.80117701451626,61.528061064773325,59.76326339604637,58.25036895631743,48.111941822070364,51.75723688234253,53.147652815756224,51.787021751445096,50.350025298891715,49.04847262984939,45.52815695989873,43.61911772621394,44.73271157206832,46.53110224375817,44.61407315940822,42.65679112873717,47.61818055425428,50.70338679568228,46.86571802675408,47.32254661856996
datastructure,WB.DATA360:DS_DATA360(1.3),I,A,GIN,WB_WDI_NE_TRD_GNFS_ZS,_T,_T,_T,PT_GDP,_Z,_Z,_Z,_Z,RATIO,2,WB_WDI,P1Y,0,A,PU,Annual,Guinea,Trade (% of GDP),Total,All age ranges or no breakdown by age,Total,Percentage of GDP,Not Applicable,Not Applicable,Not Applicable,Not Applicable,Ratio,Two,World Development Indicators (WDI),Annual,Units,Normal value,Public,,,,,,,,,,,,,,,,,,,,,,,,,,,40.577027246958345,42.75166611057472,39.74224318179025,41.75340826553514,44.24810300224518,41.77871156784449,34.94190599493388,37.44824351336923,33.341812501930065,31.304429169327282,29.861424528614027,29.089787494025288,33.06462362520794,32.69589940591173,36.679695491288115,40.18787813943785,38.02840326743963,35.075126989158505,34.59509592105348,47.937700391716724,69.3862937148949,71.12103222650151,64.18424339095813,69.81534541581232,73.54657393403872,85.95467327083857,86.67433183225812,80.42644771804612,76.77196589523054,72.44273074693454,111.83946741536772,101.25163376842875,88.98411154370902,78.41531322859738,115.76525951892933,115.19553278935615,94.16527269312208,95.82952675822696,97.77781773127477
datastructure,WB.DATA360:DS_DATA360(1.3),I,A,ATG,WB_WDI_NE_TRD_GNFS_ZS,_T,_T,_T,PT_GDP,_Z,_Z,_Z,_Z,RATIO,2,WB_WDI,P1Y,0,A,PU,Annual,Antigua and Barbuda,Trade (% of GDP),Total,All age ranges or no breakdown by age,Total,Percentage of GDP,Not Applicable,Not Applicable,Not Applicable,Not Applicable,Ratio,Two,World Development Indicators (WDI),Annual,Units,Normal value,Public,,,,,,,,,,,,,,,,,,,,,,,,,,,,,,,,,,,,,,,,,,,,,,,,,,,,,,,141.54616105799582,130.0715498517215,132.02591790508538,127.6643235821443,130.65515265941914,137.53778363199118,94.289529886499,101.07496058477857,117.70352776835267,,
datastructure,WB.DATA360:DS_DATA360(1.3),I,A,COG,WB_WDI_NE_TRD_GNFS_ZS,_T,_T,_T,PT_GDP,_Z,_Z,_Z,_Z,RATIO,2,WB_WDI,P1Y,0,A,PU,Annual,"Congo, Rep.",Trade (% of GDP),Total,All age ranges or no breakdown by age,Total,Percentage of GDP,Not Applicable,Not Applicable,Not Applicable,Not Applicable,Ratio,Two,World Development Indicators (WDI),Annual,Units,Normal value,Public,106.06049210998015,103.12075746049855,93.44131168869168,94.3204210439142,94.60161267435312,89.09463187353253,80.99630996309963,86.30140176393866,87.62057877813506,88.96957269641376,92.49997368421052,85.23108729500993,80.09662801932367,74.99999172185431,112.70391767210788,99.63503649635037,106.9328951747088,110.85095212765958,104.79052445789208,96.03921568627452,120.14428412874585,134.11482370315673,123.77464788732395,109.7097097097097,107.25091288471572,112.79357231149567,93.50223488767006,80.35519248324657,81.04704097116844,83.35300932249868,70.81935433070866,69.68454299466632,57.14070588614116,74.1761942770688,132.73624842216702,128.31250426055672,128.407663306917,135.7581795382459,148.90166246413355,131.39419029876493,123.90988440567065,130.73248108187278,135.45607107225996,156.86177733536766,131.36819871732226,119.552892262402,125.60076297449076,148.5866253950688,133.10848665960847,135.55236568197543,124.06475439960735,124.59174271014146,97.44443514544302,93.00286339152353,104.19762010341688,117.32072155858117,122.25981828402067,94.61709525834216,100.58321677971374,91.57575479303745,69.30662471883969,85.54620315521876,98.16133669220008,96.21039440396183,93.18812208397523
datastructure,WB.DATA360:DS_DATA360(1.3),I,A,WSM,WB_WDI_NE_TRD_GNFS_ZS,_T,_T,_T,PT_GDP,_Z,_Z,_Z,_Z,RATIO,2,WB_WDI,P1Y,0,A,PU,Annual,Samoa,Trade (% of GDP),Total,All age ranges or no breakdown by age,Total,Percentage of GDP,Not Applicable,Not Applicable,Not Applicable,Not Applicable,Ratio,Two,World Development Indicators (WDI),Annual,Units,Normal value,Public,,,,,,,,,,,,,,,,,,,,,,,,,,,,,,,,,,,,,,,,,,,87.91997113867336,76.27214876925495,72.52937031496738,76.22474426707177,82.46919384174078,83.20220418246407,73.88642705865787,75.97939216159733,78.5698016774915,81.60095501436298,82.73397947752919,77.877751737476,80.50077404408555,74.63435456438386,75.21181717063139,74.01108503149399,78.9349676190658,83.33108204103772,77.48480062172472,59.76977918579537,60.84777965414487,80.84051252359654,79.5241461770504
datastructure,WB.DATA360:DS_DATA360(1.3),I,A,MLI,WB_WDI_NE_TRD_GNFS_ZS,_T,_T,_T,PT_GDP,_Z,_Z,_Z,_Z,RATIO,2,WB_WDI,P1Y,0,A,PU,Annual,Mali,Trade (% of GDP),Total,All age ranges or no breakdown by age,Total,Percentage of GDP,Not Applicable,Not Applicable,Not Applicable,Not Applicable,Ratio,Two,World Development Indicators (WDI),Annual,Units,Normal value,Public,,,,,,,,35.26535221126359,28.317692643176073,30.21585561954476,30.671085186659163,33.63166892944391,29.598585117193565,33.03114500033338,53.59387365292414,38.92558776553885,32.03685919220741,32.335106307372996,41.42655288008433,39.218459947111825,28.947634479520985,28.565229648540218,34.84505731894422,41.19692363466952,47.80572999561055,51.7785569314836,43.10572265601032,41.06994817337438,37.44864492571172,34.61608306498679,38.45980848683658,36.154583368093235,37.974034948891564,35.78394725132416,44.06050233926654,45.0810713232829,38.99349676552378,45.04870384463517,39.83024509019602,40.53930296675408,44.66576097905192,49.32390699154031,46.35292274198907,46.89153466646251,44.01209864225663,44.91240850775508,49.01907734497039,46.89779162403764,53.64301930906249,40.54138158056615,48.81669536606147,43.181469913290776,49.42523562238082,54.603243986300654,51.07868218756902,53.575176010226464,53.61261936042525,49.49199849419719,50.69984625232756,53.99871327986363,56.04154744220191,56.71505255654654,61.56132748619869,57.533262182301634,49.896041430950596
datastructure,WB.DATA360:DS_DATA360(1.3),I,A,NOR,WB_WDI_NE_TRD_GNFS_ZS,_T,_T,_T,PT_GDP,_Z,_Z,_Z,_Z,RATIO,2,WB_WDI,P1Y,0,A,PU,Annual,Norway,Trade (% of GDP),Total,All age ranges or no breakdown by age,Total,Percentage of GDP,Not Applicable,Not Applicable,Not Applicable,Not Applicable,Ratio,Two,World Development Indicators (WDI),Annual,Units,Normal value,Public,,,,,,,,,,,70.96361848574237,69.70368426679107,66.9628023294451,73.07046979865773,80.10892478338066,76.2687010107711,78.76493353525156,76.20198399768292,70.72168668276701,74.8798626364437,78.08714995334283,77.13423905449943,76.03289433005627,73.91900937825943,74.62022642284289,75.64731277627035,69.70504131208843,64.8760226438632,64.26837568741304,69.64210116336173,71.38709707532462,69.58980466708097,66.71106503192131,67.25068125943271,67.63459579466856,67.29928629126874,70.20163614848977,72.15369653214643,71.62268418461042,69.50672858188514,74.31251871936982,73.15830390857772,67.51701408756861,66.32075094129345,68.67195377499199,70.46945049090228,71.65992994650027,71.94202630822981,74.7852799340995,67.46431546018546,68.2395193584281,69.59873363348326,68.49855283897661,67.97279259368321,69.1373772209037,70.431856540017,69.11684239746985,69.10878176210608,70.0031957894984,70.89582052729865,65.35397904133234,71.22271377595989,82.60947983613892,80.36384564012687,81.36350918272426
datastructure,WB.DATA360:DS_DATA360(1.3),I,A,SSA,WB_WDI_NE_TRD_GNFS_ZS,_T,_T,_T,PT_GDP,_Z,_Z,_Z,_Z,RATIO,2,WB_WDI,P1Y,0,A,PU,Annual,Sub-Saharan Africa (excluding high income),Trade (% of GDP),Total,All age ranges or no breakdown by age,Total,Percentage of GDP,Not Applicable,Not Applicable,Not Applicable,Not Applicable,Ratio,Two,World Development Indicators (WDI),Annual,Units,Normal value,Public,38.7957461229675,,,,,,,,,,,,,,,,,,,,,,,,,,,,,,,,,,,,,,,,,,,,,61.55106185578354,60.51535841199048,65.47421888981087,71.03016943888316,61.948202310446405,63.19235610380868,65.88718812651736,64.79888370822354,63.280025250062295,61.649166343790206,58.09769044672672,56.07504005014843,55.296779686922925,57.901090266980944,57.04961361056055,52.530550181800905,57.223160920525565,60.77455062820426,59.18499137672026,57.96327004442686
datastructure,WB.DATA360:DS_DATA360(1.3),I,A,SVK,WB_WDI_NE_TRD_GNFS_ZS,_T,_T,_T,PT_GDP,_Z,_Z,_Z,_Z,RATIO,2,WB_WDI,P1Y,0,A,PU,Annual,Slovak Republic,Trade (% of GDP),Total,All age ranges or no breakdown by age,Total,Percentage of GDP,Not Applicable,Not Applicable,Not Applicable,Not Applicable,Ratio,Two,World Development Indicators (WDI),Annual,Units,Normal value,Public,,,,,,,,,,,,,,,,,,,,,,,,,,,,,,,56.466265712049015,86.7736125430284,131.44189760845754,110.82922663555685,107.06018667068862,107.23518811455143,110.81770421569847,117.28813374510862,101.90621775139415,97.53025218025104,108.93926295874607,121.93113122291174,120.59916804588767,125.99850622080415,140.22246002158542,148.70546116174637,164.9922057262357,166.58002521688152,162.4644729916407,136.71435209236367,155.10849768158593,169.17807631106572,176.96895818143128,180.90313649145807,176.75631609813186,179.42602289503048,182.75737959620062,186.64468739954876,188.73296469949642,183.72260863123552,167.53417332036636,181.97948448511966,204.05631853115133,181.3908723564498,171.21280015163487
datastructure,WB.DATA360:DS_DATA360(1.3),I,A,GRC,WB_WDI_NE_TRD_GNFS_ZS,_T,_T,_T,PT_GDP,_Z,_Z,_Z,_Z,RATIO,2,WB_WDI,P1Y,0,A,PU,Annual,Greece,Trade (% of GDP),Total,All age ranges or no breakdown by age,Total,Percentage of GDP,Not Applicable,Not Applicable,Not Applicable,Not Applicable,Ratio,Two,World Development Indicators (WDI),Annual,Units,Normal value,Public,23.840357524324727,22.9913263932097,22.473424529198216,23.684858384394147,23.652333698306503,23.945765535258992,24.294597297710375,23.56645423432463,22.967040242546556,22.627604042711855,22.45739002618779,22.668346212925925,24.621124743901756,30.86463462204252,34.55354752312278,34.40316802237744,33.97357412508928,33.76281682251715,32.28801902611437,34.642056970327125,43.479355499192565,46.005944601801396,40.77850286787829,40.103004602622185,39.84929223465902,39.334950169582584,41.56427827981993,41.26012645831631,38.59855489747114,39.7076913413775,39.035730627946236,37.54151858852432,37.78707559597244,36.03303016891183,35.22023022921475,36.12563534360751,36.82092926308948,39.43854865290834,42.48989595774884,48.17603702613186,59.11265774880859,56.85763395510667,50.05333719046333,47.8943121550822,49.82531767256803,50.35553343914074,51.10474658348066,54.525681818904424,57.10528362649255,46.37795939860826,50.922518199722745,56.2929957941907,62.39421173513185,62.954727221537354,66.43353645136774,65.2716454619318,63.65754908828659,70.88249673972527,79.23799086387062,80.59009495104566,70.29374645807445,88.01266544903785,108.12184322992242,92.4710882947018,89.77652794461684
datastructure,WB.DATA360:DS_DATA360(1.3),I,A,BEN,WB_WDI_NE_TRD_GNFS_ZS,_T,_T,_T,PT_GDP,_Z,_Z,_Z,_Z,RATIO,2,WB_WDI,P1Y,0,A,PU,Annual,Benin,Trade (% of GDP),Total,All age ranges or no breakdown by age,Total,Percentage of GDP,Not Applicable,Not Applicable,Not Applicable,Not Applicable,Ratio,Two,World Development Indicators (WDI),Annual,Units,Normal value,Public,18.234199816607205,14.118121685227752,13.477127657662766,15.447259020027019,17.38050342517251,22.17327363507775,23.042607839763317,27.438088320841597,28.41122936678409,33.2017249500644,39.63790344674171,45.6184127164884,41.18455160670065,41.61214261333323,43.811404502046294,47.941227961552194,44.019757708696446,50.95968551865935,51.0704526504407,54.538168153561564,53.138619599486084,59.88937209796516,57.85733537394624,45.34201189082713,50.511303491975525,60.301217978157105,49.29141769820418,46.2181352147978,45.886828029030575,38.30036735894052,45.720182145139624,51.34471683554863,56.74074580485531,55.381799133660515,64.40047925355648,63.80014001047499,56.51779144563671,58.71162961139657,59.59362529814328,54.39178915389571,47.348151501284434,48.25717063921973,43.768422536431096,41.61623055743336,39.90297433650955,39.09593118791423,39.77469871285512,49.113784152970524,47.775359269516855,44.70262906298062,51.43085994929244,47.21702881184026,50.73673677911344,59.20019183318752,65.26827494045507,56.75631318494763,58.98692833782759,61.47659695884744,61.79519449034482,63.68133231422999,44.83323337687261,48.05486083244088,44.38159288774241,44.663130818021095,40.639802240152314
datastructure,WB.DATA360:DS_DATA360(1.3),I,A,TLA,WB_WDI_NE_TRD_GNFS_ZS,_T,_T,_T,PT_GDP,_Z,_Z,_Z,_Z,RATIO,2,WB_WDI,P1Y,0,A,PU,Annual,Latin America & Caribbean (IDA & IBRD),Trade (% of GDP),Total,All age ranges or no breakdown by age,Total,Percentage of GDP,Not Applicable,Not Applicable,Not Applicable,Not Applicable,Ratio,Two,World Development Indicators (WDI),Annual,Units,Normal value,Public,21.728915478499882,20.883272846818056,19.6727942484635,23.066574877941697,20.180473217578506,20.30062734095178,20.2551707178107,19.645533098774138,20.488542109905904,20.932022501289886,21.365389931459152,21.088194525582995,21.884483071880883,23.17025125572132,27.615668918017356,25.81941040103493,25.46121882914838,26.021148080126604,25.596841946531047,26.993112379745064,28.193969911652516,27.172539668356,25.832535313695665,27.479930987383007,28.162361105575606,27.535359401789822,26.615294051528057,27.46759267872578,30.908221557334908,30.449252984210805,31.209773798628024,30.799831076445134,31.840100121820065,30.135277168813502,30.619977874138268,33.41941062787913,34.514485068525794,34.71426786828116,34.555659241931245,35.71960637047189,37.69327134683839,37.80447273708956,40.368788433106886,42.113607444204874,44.33657412396591,44.15383565806595,44.65852161894386,44.64325983771627,46.131465358649535,39.76068604655124,42.316095061768635,44.574250684355086,44.565679929912314,44.19183429516147,43.738026069252484,44.2142879401788,43.26921697937137,43.49456572322028,47.53152454028233,47.14988185798619,45.589431506447575,51.49967558433684,54.76757743891926,46.90304094716591,47.70330060205699
datastructure,WB.DATA360:DS_DATA360(1.3),I,A,ESP,WB_WDI_NE_TRD_GNFS_ZS,_T,_T,_T,PT_GDP,_Z,_Z,_Z,_Z,RATIO,2,WB_WDI,P1Y,0,A,PU,Annual,Spain,Trade (% of GDP),Total,All age ranges or no breakdown by age,Total,Percentage of GDP,Not Applicable,Not Applicable,Not Applicable,Not Applicable,Ratio,Two,World Development Indicators (WDI),Annual,Units,Normal value,Public,,,,,,,,,,,25.852884233468252,25.9266965745753,27.21435382111214,28.14136146106102,31.732129389894748,29.119899935799516,30.11234414698013,29.198526545184073,27.759822610161898,27.870494066069185,31.59836943084927,35.42280675246176,36.57260580760228,39.817262967198964,41.593834840449176,40.91807926234931,35.39200900238132,36.36480054395181,36.75814282628894,37.428557956183184,35.65290497725902,35.52065860377591,36.020774482446015,36.99516195938188,41.69588010995635,44.83062797251113,46.297750671853336,51.227139859452656,52.730313072058955,54.69691318824948,60.121624104921636,58.013889562570085,55.1021415309759,53.43578972022579,54.47951826560736,54.69916670437722,56.08392638232157,57.626948765754626,55.82813151725229,46.836689997110874,52.69336997340191,58.51182288596319,60.554034696186356,61.66877264413271,63.39926213895003,63.58204122482321,63.188677850729356,66.167446137857,67.00941039829213,66.36622504406921,59.446128014707575,66.52458894319103,78.4657338703054,71.79763660557326,69.9502612382631
datastructure,WB.DATA360:DS_DATA360(1.3),I,A,MNA,WB_WDI_NE_TRD_GNFS_ZS,_T,_T,_T,PT_GDP,_Z,_Z,_Z,_Z,RATIO,2,WB_WDI,P1Y,0,A,PU,Annual,"Middle East, North Africa, Afghanistan & Pakistan (excluding high income)",Trade (% of GDP),Total,All age ranges or no breakdown by age,Total,Percentage of GDP,Not Applicable,Not Applicable,Not Applicable,Not Applicable,Ratio,Two,World Development Indicators (WDI),Annual,Units,Normal value,Public,44.165809309037755,43.684612674010616,31.144342513516637,36.24828397442615,37.149617528437034,34.596047607658,34.62017432363281,34.821223606029044,33.581514921097806,34.43551669581164,38.315646508175334,40.195495800159506,38.65396229956592,47.27249467308052,62.75302072342313,65.21652026447596,60.088250552614,60.82691052726038,54.79574666408683,58.934048118713555,60.63605014245853,61.301591882893824,56.708796576568474,49.861420129176395,46.04391868898646,42.74848904581865,33.409276906649254,35.066340017180316,40.0772098188002,45.65057075535254,46.20457249531416,47.70241302843602,45.2636268872504,45.65376651201269,43.444353193682936,43.51805626041171,42.57317056411188,53.35484052971835,52.94996310806882,54.71180785790094,55.32408243658887,54.97809684935587,57.10214346232047,63.33486921455274,63.82992425412852,67.13956582775,64.12687207058202,63.036781403910574,66.32144274922115,58.43834186885099,56.46213699487111,55.02060052379258,55.16803744594958,54.76459135260872,52.28281922113573,47.85826008139327,44.20663275443401,49.00913272407121,55.1637940210484,52.351728629491,44.92206734883163,50.045466082872466,58.628572458423186,57.11989462962299,55.851229420948876
datastructure,WB.DATA360:DS_DATA360(1.3),I,A,UZB,WB_WDI_NE_TRD_GNFS_ZS,_T,_T,_T,PT_GDP,_Z,_Z,_Z,_Z,RATIO,2,WB_WDI,P1Y,0,A,PU,Annual,Uzbekistan,Trade (% of GDP),Total,All age ranges or no breakdown by age,Total,Percentage of GDP,Not Applicable,Not Applicable,Not Applicable,Not Applicable,Ratio,Two,World Development Indicators (WDI),Annual,Units,Normal value,Public,,,,,,,,,,,,,,,,,,,,,,,,,,,,,,,,,,,,,,57.198591361854156,45.41795477623259,36.618858812586325,44.05402997911291,56.776277587152045,58.95452471074603,70.45927468508737,76.59566919500857,69.5252584247083,67.47129217179726,74.41419297623271,79.74799203485776,68.67314219979099,49.268997799448435,49.65428849293508,44.23931913332035,42.37791497273587,36.35705466490434,30.756191430708927,29.192297038804217,42.55950818952166,64.13813949857727,64.96392276324072,56.05153083499712,57.458971697322156,62.84125253785171,66.10514430403391,60.72744038129968
datastructure,WB.DATA360:DS_DATA360(1.3),I,A,CIV,WB_WDI_NE_TRD_GNFS_ZS,_T,_T,_T,PT_GDP,_Z,_Z,_Z,_Z,RATIO,2,WB_WDI,P1Y,0,A,PU,Annual,Côte d’Ivoire,Trade (% of GDP),Total,All age ranges or no breakdown by age,Total,Percentage of GDP,Not Applicable,Not Applicable,Not Applicable,Not Applicable,Ratio,Two,World Development Indicators (WDI),Annual,Units,Normal value,Public,57.144067572815416,63.39605591950136,60.139553503330326,57.45531758539302,60.60880001423148,66.94763092729136,65.10334587451139,65.01500699477648,68.69483570427863,63.831591182129834,64.87695669597801,60.63731917286794,62.51877165329621,68.98587056221159,84.07307130901577,73.31336678575718,77.98922385969036,78.95660402640603,73.95669727745005,72.2659282420616,76.18028969457067,77.45919887520205,75.75002166650296,72.68017696891943,77.10319819192803,79.17251371205984,69.67735716376026,63.05024828106098,58.37827151783132,61.088544044965474,58.801495610320906,56.99782131429688,60.02506533609009,55.34852184908428,69.83665801669868,76.20234390524199,52.80429442115666,54.006290338036656,53.65383379447608,55.89356269087465,54.963991629515206,53.114104718044665,55.90194822753883,53.26006068187701,58.118296303594555,62.820936040280614,63.69037706145198,61.43094234844263,61.94062129694993,66.67290374691848,67.472940081257,64.71590306113451,70.3010893191249,58.35267925272344,53.680417561034446,52.7153604615931,47.56631389356556,48.65960503871765,46.040028237159035,44.66041058307946,41.94263181905262,45.1140327762435,52.866391041348315,48.81700391033316,51.26403794091189
datastructure,WB.DATA360:DS_DATA360(1.3),I,A,IRQ,WB_WDI_NE_TRD_GNFS_ZS,_T,_T,_T,PT_GDP,_Z,_Z,_Z,_Z,RATIO,2,WB_WDI,P1Y,0,A,PU,Annual,Iraq,Trade (% of GDP),Total,All age ranges or no breakdown by age,Total,Percentage of GDP,Not Applicable,Not Applicable,Not Applicable,Not Applicable,Ratio,Two,World Development Indicators (WDI),Annual,Units,Normal value,Public,,,,,,,,,,,57.521972864578885,66.64959016393442,58.40817816721431,70.93621399176955,92.61371989767414,94.90224693656745,93.28247186725157,97.0315113857499,88.32692033632607,93.61702127659575,95.04968073706304,93.91199358415074,92.78944843370273,57.55249187861501,55.327849136479536,54.96143034146471,42.93884793884794,49.34943181818181,42.4995625816943,44.83508837264001,15.126281816312481,3.7911409699516625,1.9211456331596999,0.5446966844698332,0.09958236192188531,0.020999232183835464,0.026888482909031126,106.18816993994093,132.24316052096108,138.31460124292084,125.33659564090397,126.78025597677487,119.76204774698746,154.23452528826627,120.23397712167572,115.74254030864199,89.65051985817777,74.09285310549804,81.05554326658347,78.6873788189898,73.4974796202443,72.17132822336548,73.60868459128123,67.41001840956719,68.98248685690363,69.59176859831146,54.588320188676995,59.780912392315685,65.80179177010834,68.98993842028058,57.742316395146,61.50326831172178,68.75879409409,69.46132079901668,70.70874347489435
datastructure,WB.DATA360:DS_DATA360(1.3),I,A,SSF,WB_WDI_NE_TRD_GNFS_ZS,_T,_T,_T,PT_GDP,_Z,_Z,_Z,_Z,RATIO,2,WB_WDI,P1Y,0,A,PU,Annual,Sub-Saharan Africa,Trade (% of GDP),Total,All age ranges or no breakdown by age,Total,Percentage of GDP,Not Applicable,Not Applicable,Not Applicable,Not Applicable,Ratio,Two,World Development Indicators (WDI),Annual,Units,Normal value,Public,38.79574612296751,,,,,,,,,,,,,,,,,,,,,,,,,,,,,,,,,,,,,,,,,,,,,,,,,,,65.14809354584172,63.986857362428196,62.322232769436965,60.757382138091096,57.30621459319234,55.139950329735356,54.233275881935015,56.695350199487606,55.75402127456587,51.20339811316888,55.70464296712077,59.1775548748557,57.3480479141028,56.02087202641676
datastructure,WB.DATA360:DS_DATA360(1.3),I,A,LKA,WB_WDI_NE_TRD_GNFS_ZS,_T,_T,_T,PT_GDP,_Z,_Z,_Z,_Z,RATIO,2,WB_WDI,P1Y,0,A,PU,Annual,Sri Lanka,Trade (% of GDP),Total,All age ranges or no breakdown by age,Total,Percentage of GDP,Not Applicable,Not Applicable,Not Applicable,Not Applicable,Ratio,Two,World Development Indicators (WDI),Annual,Units,Normal value,Public,62.86589330949188,56.022973221818184,56.99396925394547,53.24937921972365,51.33726182471449,51.39782285997031,48.21878373515653,43.76452362509682,44.21013342974435,43.00983326207781,54.054449648711945,51.22419928825622,46.22548698104545,49.90762877635297,60.329813638467044,62.448733867629905,60.42777207562162,63.971214326915145,74.31618422594633,79.4643709317197,87.0173012461106,76.99547085465561,73.61393820915374,67.7601335515333,63.54766953286589,63.977213240954576,59.04755006296176,60.888660705662275,62.91320917912263,64.01697559658741,68.24391517291102,67.59591239307632,72.80375655739824,77.14751834095664,79.43079069703187,81.63504908861108,78.87396371438093,80.13755330955034,78.49498912558718,78.75147834963737,88.63644170491303,80.89860153275762,76.33513178265171,75.33624733054299,79.48294490111874,73.60397295805335,71.26117848830087,68.60651166013913,63.36904360822204,49.14914153082347,,,,,,46.91797080888159,46.47153702521869,47.14040980046442,49.809396752136095,49.42552388545998,37.08911885729198,41.22884632919991,46.68260801968193,43.53623029609506,42.39750087110473
datastructure,WB.DATA360:DS_DATA360(1.3),I,A,SLE,WB_WDI_NE_TRD_GNFS_ZS,_T,_T,_T,PT_GDP,_Z,_Z,_Z,_Z,RATIO,2,WB_WDI,P1Y,0,A,PU,Annual,Sierra Leone,Trade (% of GDP),Total,All age ranges or no breakdown by age,Total,Percentage of GDP,Not Applicable,Not Applicable,Not Applicable,Not Applicable,Ratio,Two,World Development Indicators (WDI),Annual,Units,Normal value,Public,,,,,58.59332106416716,60.14803272302298,59.395973154362416,58.392715756136184,50.53058937802629,52.82243265066432,60.30236817316697,63.654435873677926,56.80644217791123,48.042420435065004,50.23033501308476,59.57973409755184,50.466448346283535,46.44928970664071,43.8304797295215,46.990557541685995,61.08178277801818,62.75344373935923,41.68899968837644,33.105911198763394,23.02985894852537,31.43184421534937,26.926977687626774,55.153079387682446,43.116165081363214,41.58841734621922,68.69066737137398,60.24404960866111,64.49287525287772,52.859837589187286,55.160067518832435,45.02925043757803,49.59553065409394,28.27802403626651,35.33267955640824,33.74916370236416,57.52996289592216,35.938158608131516,38.91691119688456,46.44643637026253,46.17199917660375,47.54798398922499,22.088866473967446,21.806799268923893,21.25661556369843,23.075339597654636,27.95412592413892,43.78079693326187,53.38134471393978,53.36276461141172,51.11877727888072,36.48239582423189,43.06721269699613,41.521378234359105,37.37746041060058,37.56195303020561,30.61310095145073,42.143516128012735,45.054212739031904,55.28679694489449,40.545445045216574
datastructure,WB.DATA360:DS_DATA360(1.3),I,A,LDC,WB_WDI_NE_TRD_GNFS_ZS,_T,_T,_T,PT_GDP,_Z,_Z,_Z,_Z,RATIO,2,WB_WDI,P1Y,0,A,PU,Annual,Least developed countries: UN classification,Trade (% of GDP),Total,All age ranges or no breakdown by age,Total,Percentage of GDP,Not Applicable,Not Applicable,Not Applicable,Not Applicable,Ratio,Two,World Development Indicators (WDI),Annual,Units,Normal value,Public,,,,,,,,,,,,,,,,,,,,,,,,,,,,,,,,,,,39.12405887181799,43.00940066965088,41.10816240513015,38.6828280542573,39.939188014098114,39.80304581214685,40.521556412860996,40.97433936899713,50.443144230982604,50.29391348730259,51.62089504770304,55.176941584431056,55.19294329104064,59.92459799200689,63.77962519754215,58.817256147128646,58.33399490571728,60.37914685352616,59.01694630267925,58.56014836289624,55.880533403800584,50.50462188693758,46.918200479228396,47.0303880111819,51.46194378976551,50.567035372375635,46.47107560980434,50.67930634527316,51.177665295119766,48.60386616393109,47.220088076023984
datastructure,WB.DATA360:DS_DATA360(1.3),I,A,MRT,WB_WDI_NE_TRD_GNFS_ZS,_T,_T,_T,PT_GDP,_Z,_Z,_Z,_Z,RATIO,2,WB_WDI,P1Y,0,A,PU,Annual,Mauritania,Trade (% of GDP),Total,All age ranges or no breakdown by age,Total,Percentage of GDP,Not Applicable,Not Applicable,Not Applicable,Not Applicable,Ratio,Two,World Development Indicators (WDI),Annual,Units,Normal value,Public,,30.047614708058546,32.99215822869124,40.37869444178862,50.13885762235131,48.38067112215978,48.62504549352715,49.07292670823964,45.27987374243259,47.02312326506626,49.59125419205536,48.87720604999239,72.21180397060965,69.12927769041318,79.23156481265674,72.18533675667594,83.87703503041197,76.7985437705003,71.23541116600866,67.59842588970248,75.22594289412959,87.48510943598873,90.25934254993206,88.95438551310606,86.64949443593046,103.28590329103066,99.29006259024125,84.89964379948981,83.37836593987711,78.6897916288234,78.12454877296562,55.81685116764711,42.327920120649935,46.0763040408496,62.685883674437115,73.416940256179,70.45588975492717,62.74956356571264,51.39101255067724,49.01693803975602,58.94037476706677,60.70121246047153,56.785529600180574,55.3180243332438,75.2188046787959,88.23509955964911,82.78850121303226,86.06405567791325,94.12021100042506,82.00861760181509,93.42074513346077,98.48532960415804,110.78812274342083,102.39882418316873,91.61037136360403,77.34678649449657,73.1532616736712,78.8149801833884,89.1467294935148,93.48669413513173,86.77616813227412,88.30687375712351,102.0258991256956,92.16544451467425,93.59883558814715
datastructure,WB.DATA360:DS_DATA360(1.3),I,A,MDV,WB_WDI_NE_TRD_GNFS_ZS,_T,_T,_T,PT_GDP,_Z,_Z,_Z,_Z,RATIO,2,WB_WDI,P1Y,0,A,PU,Annual,Maldives,Trade (% of GDP),Total,All age ranges or no breakdown by age,Total,Percentage of GDP,Not Applicable,Not Applicable,Not Applicable,Not Applicable,Ratio,Two,World Development Indicators (WDI),Annual,Units,Normal value,Public,,,,,,,,,,,,,,,,,,,,,,,,,,,,,,,,,,,,,,,,,,,,,,,,,,,,,,,165.97925116042992,143.72050666130167,144.38021227894157,141.91211057495238,142.49112854661792,137.1252308751849,114.36190290432693,142.60729669626087,162.2434329336557,149.34997617743443,156.47395574101117
datastructure,WB.DATA360:DS_DATA360(1.3),I,A,AGO,WB_WDI_NE_TRD_GNFS_ZS,_T,_T,_T,PT_GDP,_Z,_Z,_Z,_Z,RATIO,2,WB_WDI,P1Y,0,A,PU,Annual,Angola,Trade (% of GDP),Total,All age ranges or no breakdown by age,Total,Percentage of GDP,Not Applicable,Not Applicable,Not Applicable,Not Applicable,Ratio,Two,World Development Indicators (WDI),Annual,Units,Normal value,Public,,,,,,,,,,,,,,,,,,,,,,,,,,,,,,,,,,,,,,,,,,,90.5708209731095,90.68071618204831,90.3860384733605,95.34145928847032,84.62460411715408,97.2256306999958,108.68040874199293,102.26318325798604,90.9940631355109,89.03694434258446,81.93947854863615,77.34980137160777,69.58014244811466,54.979380877983516,47.015566140531305,45.66434235399206,58.91648007597601,60.71482433366852,54.34422868471886,61.526213669580606,55.25477327138352,53.03348363230801,50.84223055620905
datastructure,WB.DATA360:DS_DATA360(1.3),I,A,CPV,WB_WDI_NE_TRD_GNFS_ZS,_T,_T,_T,PT_GDP,_Z,_Z,_Z,_Z,RATIO,2,WB_WDI,P1Y,0,A,PU,Annual,Cabo Verde,Trade (% of GDP),Total,All age ranges or no breakdown by age,Total,Percentage of GDP,Not Applicable,Not Applicable,Not Applicable,Not Applicable,Ratio,Two,World Development Indicators (WDI),Annual,Units,Normal value,Public,,,,,,,,,,,,,,,,,,,,,84.0505820548006,92.16438744651659,102.11592188226373,102.43676700803282,100.4734549575249,101.82128505225525,93.05252412314832,83.83261889256352,76.20162485175827,81.43779264177002,85.9515840306445,80.95396930966211,83.93988996811267,60.30643200238976,71.56344204560644,77.51555138097469,75.48996785739084,85.97934615471904,81.88141375062754,80.96901996404429,87.52060836149165,92.16372249741522,101.08970229361618,98.76838080765474,101.56716998950186,104.34383985705252,117.81669723282168,94.20620754778469,90.96638823962556,80.46095613253439,85.54844988161913,90.55645011227475,90.64991655411696,86.16986003084179,91.30385241172215,94.00848701679931,95.3781398609533,100.05213390421892,105.86752405210451,103.60265646372568,78.39345459319013,77.45505862653414,96.9941368513357,95.03249433466918,96.50535366786292
datastructure,WB.DATA360:DS_DATA360(1.3),I,A,CHE,WB_WDI_NE_TRD_GNFS_ZS,_T,_T,_T,PT_GDP,_Z,_Z,_Z,_Z,RATIO,2,WB_WDI,P1Y,0,A,PU,Annual,Switzerland,Trade (% of GDP),Total,All age ranges or no breakdown by age,Total,Percentage of GDP,Not Applicable,Not Applicable,Not Applicable,Not Applicable,Ratio,Two,World Development Indicators (WDI),Annual,Units,Normal value,Public,,,,,,,,,,,82.88126300660835,78.64015291746783,76.68223638674345,77.62691222686277,82.59850249991474,74.05162581251452,78.90103078440228,87.31801033856594,83.61997806137796,87.771793728228,94.88464535057936,95.97544663046243,88.20930259590227,87.21299623002187,91.78892403981604,92.99246253241735,87.08479378502841,81.10987507542671,83.49506516628439,88.42692283057923,82.50881868489064,78.22391289404061,78.88264528099982,77.67113369008763,76.15536381036365,76.2521729078802,78.7524849566866,88.46997845594339,88.21561676555473,89.8170140994489,97.93685621240927,96.03983788516327,91.7818508640225,90.33549610931269,95.51709445885294,102.26117214183557,106.24515478494504,113.33185776850887,116.77800014748838,109.77598459896814,120.0651232693406,125.5562731599067,126.4538604645048,133.6937084144768,120.21342337523873,117.13848221887197,123.56592451357677,123.62180760230083,124.42850432580796,124.127612180467,121.78597799837085,130.0162612884893,138.5006987535193,135.3200022490898,134.09514852060977
datastructure,WB.DATA360:DS_DATA360(1.3),I,A,MDA,WB_WDI_NE_TRD_GNFS_ZS,_T,_T,_T,PT_GDP,_Z,_Z,_Z,_Z,RATIO,2,WB_WDI,P1Y,0,A,PU,Annual,Moldova,Trade (% of GDP),Total,All age ranges or no breakdown by age,Total,Percentage of GDP,Not Applicable,Not Applicable,Not Applicable,Not Applicable,Ratio,Two,World Development Indicators (WDI),Annual,Units,Normal value,Public,,,,,,,,,,,,,,,,,,,,,,,,,,,,,,,,,,,,128.0163865231727,129.237536040111,127.5604002478419,116.80312445153879,117.5279351938887,126.163100130478,124.50073959935293,129.8395255015349,140.0565299250516,132.69906968031967,143.0235684691384,137.15476381999375,142.72053902302076,134.42160134770035,110.36332685049462,87.93785189515728,98.61759653265561,96.30640983362943,95.68729683323835,94.22829196909277,88.96641545653229,89.00468371886707,88.62339027543784,87.44678742756476,87.63223711489063,79.26572211915801,88.47088653992667,112.11767157976556,93.99462114880515,88.66611542868309
datastructure,WB.DATA360:DS_DATA360(1.3),I,A,SDN,WB_WDI_NE_TRD_GNFS_ZS,_T,_T,_T,PT_GDP,_Z,_Z,_Z,_Z,RATIO,2,WB_WDI,P1Y,0,A,PU,Annual,Sudan,Trade (% of GDP),Total,All age ranges or no breakdown by age,Total,Percentage of GDP,Not Applicable,Not Applicable,Not Applicable,Not Applicable,Ratio,Two,World Development Indicators (WDI),Annual,Units,Normal value,Public,27.562468128505863,27.665570690465007,29.664864864864864,34.75026567481403,33.47124534546959,29.277491067884082,28.264654672083577,30.65928175808469,31.95823348168435,31.10523861339966,32.749897442909884,32.8187751004016,32.68563497571132,31.871208586094262,33.43489299963729,34.79814219364059,30.365842009743048,26.003370098039213,23.13408513134737,29.311633313958318,33.736231819298915,33.2784239338425,34.39153439153439,31.77807686556004,24.959688997857445,17.62910091585329,12.96050415172113,16.64829106945976,11.487943843590793,14.688098488111983,11.090890474979439,15.07295623276993,19.670633293097836,11.466083243778485,14.610015048857983,14.772398487232309,20.029843213730928,17.85860672030701,21.875147987053374,24.71436823329991,29.40423445994917,20.293345622341057,25.625561721305157,26.440228067055344,30.432337619505194,35.87159140219459,36.20259361727026,34.40333616156319,36.74109782738351,32.780878334483305,32.72830995003497,27.51233902351799,21.8561745247301,26.85852450201342,20.845109004131313,18.37827285465414,15.281669890346109,17.83138982971024,21.86791872743227,26.11962045526248,9.955145076261505,4.127548638284258,2.698834435858558,2.473728782676652,1.99541210225008
datastructure,WB.DATA360:DS_DATA360(1.3),I,A,ECU,WB_WDI_NE_TRD_GNFS_ZS,_T,_T,_T,PT_GDP,_Z,_Z,_Z,_Z,RATIO,2,WB_WDI,P1Y,0,A,PU,Annual,Ecuador,Trade (% of GDP),Total,All age ranges or no breakdown by age,Total,Percentage of GDP,Not Applicable,Not Applicable,Not Applicable,Not Applicable,Ratio,Two,World Development Indicators (WDI),Annual,Units,Normal value,Public,19.911646625338115,19.109158394831198,21.03588914562395,19.190297130250034,19.044512059587774,19.270138278824295,21.600069188619294,22.138779143479084,24.960373010949873,20.605302707611692,22.451253559779836,27.270514729921175,27.95798973766353,34.53763474031399,41.404370100131956,35.40505004483065,34.01390427315741,34.44221023729022,33.295828816945374,36.079581767021764,35.02500959131353,29.915273689660953,32.41294558816885,30.87601734481294,33.05830053321004,35.71730939740879,33.1106044808965,37.73072285478745,42.66230147566657,45.11298118648792,44.594912294027836,45.19663998455598,44.80654365220694,43.171218423468275,43.77774749519976,45.911270731824374,44.21570268321529,45.01718631807648,43.39510794980504,49.201250798937636,65.40429538263906,56.128486744205,54.796643936613606,52.3575426975979,56.07454672399421,61.95815079025719,65.84235561665616,68.85058544626769,74.59029636484391,57.34734606276085,65.77738491350622,70.03568375252486,67.0029290916898,63.43330033424136,61.426376621756496,47.828039707782644,40.53449179966469,43.6177233172817,48.009347615483556,48.082849493330734,43.9893109378389,53.26127561057301,61.880792818785956,56.99775356490914,57.2031395531255
datastructure,WB.DATA360:DS_DATA360(1.3),I,A,AFG,WB_WDI_NE_TRD_GNFS_ZS,_T,_T,_T,PT_GDP,_Z,_Z,_Z,_Z,RATIO,2,WB_WDI,P1Y,0,A,PU,Annual,Afghanistan,Trade (% of GDP),Total,All age ranges or no breakdown by age,Total,Percentage of GDP,Not Applicable,Not Applicable,Not Applicable,Not Applicable,Ratio,Two,World Development Indicators (WDI),Annual,Units,Normal value,Public,,,,,,,,,,,,,,,,,,,,,,,,,,,,,,,,,,,,,,,,,,,,,,,,,,,,,,,,,,,,,46.70989455141026,51.41171637472706,72.88546960865361,67.58466515163852,
datastructure,WB.DATA360:DS_DATA360(1.3),I,A,DJI,WB_WDI_NE_TRD_GNFS_ZS,_T,_T,_T,PT_GDP,_Z,_Z,_Z,_Z,RATIO,2,WB_WDI,P1Y,0,A,PU,Annual,Djibouti,Trade (% of GDP),Total,All age ranges or no breakdown by age,Total,Percentage of GDP,Not Applicable,Not Applicable,Not Applicable,Not Applicable,Ratio,Two,World Development Indicators (WDI),Annual,Units,Normal value,Public,,,,,,,,,,,,,,,,,,,,,,,,,,,,,,,,,,,,,,,,,,,,,,,,,,,,,,347.7203170584026,298.564535821251,268.36345625462917,213.07199860792073,305.96796640346764,300.39890052384357,320.9392303641797,225.7448713237232,263.4777287338912,302.28540923154515,285.9020438006442,241.23746309828667
datastructure,WB.DATA360:DS_DATA360(1.3),I,A,EGY,WB_WDI_NE_TRD_GNFS_ZS,_T,_T,_T,PT_GDP,_Z,_Z,_Z,_Z,RATIO,2,WB_WDI,P1Y,0,A,PU,Annual,"Egypt, Arab Rep.",Trade (% of GDP),Total,All age ranges or no breakdown by age,Total,Percentage of GDP,Not Applicable,Not Applicable,Not Applicable,Not Applicable,Ratio,Two,World Development Indicators (WDI),Annual,Units,Normal value,Public,41.69169852539596,37.38819320214669,34.57085094651718,41.34578412524032,43.272283272283275,37.26329728536747,36.81756839651577,35.93971910998896,29.263489562820006,29.985897721368666,30.662793603198402,31.024676363420923,30.08534652914848,31.696272204153114,51.664828114095315,53.71424264123921,45.08546371148167,52.95192389675879,53.83938258715634,69.46426306443429,73.3830375629879,74.45957742953598,64.20199501246883,57.14285714285714,52.53164556962025,46.11260053619303,36.054421768707485,35.33980582524272,52.5974025974026,50.12987012987013,52.92275574112735,62.84444444444445,59.309849029475195,55.927835051546396,50.62857142857143,50.245098039215684,46.9485614646905,43.73824746145167,41.92762700069589,38.36150845253576,39.01793590120553,39.81042654028436,40.987067827922935,46.17964071856287,57.81990521327014,62.95264623955432,61.518536506394696,65.07787325456499,71.68062534896706,56.55344463634619,47.936350074589754,45.2556341623514,40.71176927210844,40.37303805633197,36.92018779342723,34.84594296002291,30.246549051450504,42.832134358160786,45.911019673395906,41.12401715511079,32.12625556675226,29.856973480812233,36.98310487727128,40.45040077200307,39.60075208737333
datastructure,WB.DATA360:DS_DATA360(1.3),I,A,IBD,WB_WDI_NE_TRD_GNFS_ZS,_T,_T,_T,PT_GDP,_Z,_Z,_Z,_Z,RATIO,2,WB_WDI,P1Y,0,A,PU,Annual,IBRD only,Trade (% of GDP),Total,All age ranges or no breakdown by age,Total,Percentage of GDP,Not Applicable,Not Applicable,Not Applicable,Not Applicable,Ratio,Two,World Development Indicators (WDI),Annual,Units,Normal value,Public,15.549898238356931,15.203691548873604,13.53007060929391,14.913133135027747,14.453104764217835,13.76145683587166,14.86285140472731,14.113189407342654,14.208829028797453,13.811669497695297,14.589720189294642,14.860159767655725,15.517604809575948,17.82380141710908,22.132857123929558,21.385539650466946,20.956739847059538,21.027434591740068,23.307646364343377,25.24953194912414,28.742715155486593,29.758389217234107,27.05380637363114,26.35138676319944,26.881898333617826,27.04234913536379,25.390262218721848,28.68560966070871,32.78861496059994,32.374516332633156,32.42687082420386,32.669850179718416,41.76715549332939,40.66406481289016,40.18788332858276,40.81963940518837,40.32690263588667,42.14153825452458,43.54740197515787,44.34652994203162,48.752780317208114,47.68525669835152,50.00231411301747,54.40239795650109,59.304682310268646,60.918534191482365,61.79555977166782,60.55302899709806,60.257359826626065,50.51068933023375,53.79072848236986,55.46659579070943,54.25792925439531,53.044188054014896,51.77534132348937,48.4463469736626,46.47596420473658,47.854645281692996,50.135430281035404,48.12694309980852,45.384104873126745,50.69520820645436,53.74455313219121,49.41897562296614,49.34606708575237
datastructure,WB.DATA360:DS_DATA360(1.3),I,A,LAC,WB_WDI_NE_TRD_GNFS_ZS,_T,_T,_T,PT_GDP,_Z,_Z,_Z,_Z,RATIO,2,WB_WDI,P1Y,0,A,PU,Annual,Latin America & Caribbean (excluding high income),Trade (% of GDP),Total,All age ranges or no breakdown by age,Total,Percentage of GDP,Not Applicable,Not Applicable,Not Applicable,Not Applicable,Ratio,Two,World Development Indicators (WDI),Annual,Units,Normal value,Public,18.54557607368155,17.723930635883487,16.366880460257754,20.209060563246567,16.933291376775585,16.91239803735051,16.938863261328073,16.308126784134554,17.243141147616107,17.601894296289966,19.23598817544198,19.173462908352054,20.008623968681583,21.013867445527943,24.077786905413923,21.720187115652827,21.734596366275706,22.24800516761829,21.91560053395053,23.390033152017335,24.71179204329711,23.761229596163343,22.74000857791166,25.5141396541335,25.861327934750154,25.213812058126727,24.090195734475575,24.70360769218852,28.099678166460407,26.78881058663698,27.251090096539933,26.576441260721737,27.54734682821642,25.782447315376086,26.345349415825435,29.62496045725639,30.22476444281125,30.59816945202962,31.001901311810602,32.67847082949231,34.24345837060665,34.58521663309127,37.07429394455755,38.720667628739626,40.59970585352397,39.99901045043856,40.59519824713751,40.55198042295951,42.16537761785417,36.8646234810182,39.23483772422943,41.383720011288936,41.57290773237274,40.91814773894744,40.35277421685569,41.58080413050576,41.746198893934015,41.90886388127996,45.61606783197379,44.99757251975777,45.08777329634066,51.941104730760905,55.088454453884985,47.71634728974334,48.69968037060714
datastructure,WB.DATA360:DS_DATA360(1.3),I,A,TEA,WB_WDI_NE_TRD_GNFS_ZS,_T,_T,_T,PT_GDP,_Z,_Z,_Z,_Z,RATIO,2,WB_WDI,P1Y,0,A,PU,Annual,East Asia & Pacific (IDA & IBRD),Trade (% of GDP),Total,All age ranges or no breakdown by age,Total,Percentage of GDP,Not Applicable,Not Applicable,Not Applicable,Not Applicable,Ratio,Two,World Development Indicators (WDI),Annual,Units,Normal value,Public,10.647044962031439,10.287238379252289,9.018656703556118,9.685972298969538,10.227601644345516,9.312952333331095,10.93853329678299,10.032864353694075,10.155596705014936,9.414034177158461,9.684413834580354,9.79251800158809,10.654018674086027,13.19119560276406,16.644111179246657,15.63454693405136,15.301195001120087,15.185325820922102,20.357825289275944,22.636390115552118,27.28437957855928,29.40022388207082,25.34068323892838,24.36720797889915,24.85374873961577,25.839874395052387,24.96930586685253,29.924633689595368,34.89645228128598,31.96735984115137,32.219159410844895,34.02473120784435,37.48890396817322,42.19924575797316,42.90595164858195,42.4617176434667,41.94715407856247,43.58253726518669,45.40398888041816,44.291488292845806,50.739121181698124,49.399601975426954,51.89548494182922,59.03805440331623,66.61575427475137,69.08463779223729,70.32554889323528,67.94352430923291,64.17035549813923,51.5560642674388,56.15004584315377,56.80898935515199,54.37003600897156,52.765075443476,51.14720477081587,46.03866876462437,43.46915800892633,44.7746517907454,45.07516869635022,42.68280789082208,40.578574799294366,44.655706019989886,46.760527925516755,44.50610870974051,45.95211793161984
datastructure,WB.DATA360:DS_DATA360(1.3),I,A,THA,WB_WDI_NE_TRD_GNFS_ZS,_T,_T,_T,PT_GDP,_Z,_Z,_Z,_Z,RATIO,2,WB_WDI,P1Y,0,A,PU,Annual,Thailand,Trade (% of GDP),Total,All age ranges or no breakdown by age,Total,Percentage of GDP,Not Applicable,Not Applicable,Not Applicable,Not Applicable,Ratio,Two,World Development Indicators (WDI),Annual,Units,Normal value,Public,33.559858358621305,34.445571358183116,33.3361802438981,33.50933963006622,36.13004069325235,34.91623817924723,35.56025029542246,38.3731248017245,37.62027233837263,36.12230081447778,34.402306765272414,34.801825179915824,37.373310103382146,38.649257665657586,45.544769778570576,41.33795121508106,42.94025900909804,45.33605864811194,43.998974766104254,51.867956173562725,54.479065609658996,53.96866645673343,47.548328822450934,47.384496042474424,48.069265418317556,49.1552284474048,49.17085468177859,57.22798448933869,67.41347050689058,72.40693352085793,75.78236436453989,78.47113497741749,77.95464569260926,77.74611711740974,81.24895299382774,89.75617493682448,84.27414799797526,95.0517906464755,100.24047373282828,100.7062887044331,121.29795535147205,120.26796627353298,114.9697430210667,116.69281970486456,127.4118737203927,137.85386683224743,134.0869461912682,129.8732269897175,140.43701154093122,119.26941885458935,127.25052263825106,139.67540722457585,137.6749385102395,132.4622741742687,130.90549544439796,124.83966215252616,120.5752272891298,120.89142743363792,120.84186473098377,109.68951471516606,97.8007432465178,117.25294462085199,132.85871208287122,128.8241141523753,136.7471070224512
datastructure,WB.DATA360:DS_DATA360(1.3),I,A,ITA,WB_WDI_NE_TRD_GNFS_ZS,_T,_T,_T,PT_GDP,_Z,_Z,_Z,_Z,RATIO,2,WB_WDI,P1Y,0,A,PU,Annual,Italy,Trade (% of GDP),Total,All age ranges or no breakdown by age,Total,Percentage of GDP,Not Applicable,Not Applicable,Not Applicable,Not Applicable,Ratio,Two,World Development Indicators (WDI),Annual,Units,Normal value,Public,,,,,,,,,,,30.02963363897331,30.326193520748213,31.749631565923043,33.98633503419263,40.70906873826422,37.3144454322672,41.09743075432815,41.71341604004964,41.17329192888986,43.60990724266853,42.87384084918832,45.17791207780448,43.40824198521826,40.097277757736215,42.3380867149025,42.539111003158986,36.08018940129678,35.4808325109317,35.03036369317447,36.967566605846024,36.23822767330867,33.80053395558769,34.83342762366995,37.67240196244733,40.36200260812655,45.57950266369947,42.802049047411714,44.4771651978702,44.99787427334497,44.52984022670126,50.27473114556389,49.86327232034953,47.87131867915415,45.994085977707364,47.26639238917706,49.12217422886182,52.92354295970123,54.82804155725314,54.21425489566707,45.141476572160414,51.66211181383393,54.47221494492875,54.88449527022041,54.03418463174985,54.454529933203155,55.43568581482214,54.43214670183131,57.58299402749108,59.274983512815446,58.694190259473764,53.93948390427637,60.30197762027984,72.01650230326966,65.10717787631737,62.82376851195257
datastructure,WB.DATA360:DS_DATA360(1.3),I,A,VIR,WB_WDI_NE_TRD_GNFS_ZS,_T,_T,_T,PT_GDP,_Z,_Z,_Z,_Z,RATIO,2,WB_WDI,P1Y,0,A,PU,Annual,Virgin Islands (U.S.),Trade (% of GDP),Total,All age ranges or no breakdown by age,Total,Percentage of GDP,Not Applicable,Not Applicable,Not Applicable,Not Applicable,Ratio,Two,World Development Indicators (WDI),Annual,Units,Normal value,Public,,,,,,,,,,,,,,,,,,,,,,,,,,,,,,,,,,,,,,,,,,,283.1698344573881,362.96834156259075,435.15933631814596,503.20686540198733,552.1186440677966,560.3678929765886,863.1950989632422,508.402761247322,586.4014801110084,679.2327729102534,157.17779408168255,142.2418405564473,164.29172510518936,84.76658476658476,113.29647182727751,157.6963626779125,159.24037726229926,155.4234409123999,113.59659493970207,180.2973152873308,205.62928082191783,,
datastructure,WB.DATA360:DS_DATA360(1.3),I,A,GEO,WB_WDI_NE_TRD_GNFS_ZS,_T,_T,_T,PT_GDP,_Z,_Z,_Z,_Z,RATIO,2,WB_WDI,P1Y,0,A,PU,Annual,Georgia,Trade (% of GDP),Total,All age ranges or no breakdown by age,Total,Percentage of GDP,Not Applicable,Not Applicable,Not Applicable,Not Applicable,Ratio,Two,World Development Indicators (WDI),Annual,Units,Normal value,Public,,,,,,,,,,,,,,,,,,,,,,,,,,,,82.29584300485334,88.6041439476554,87.78040964191166,85.5271949752773,59.16230366492147,101.9436997319035,118.63888905829762,166.90261553806937,67.82867880915391,45.696549050019385,57.75306592899953,53.56666932159854,57.1518743274472,62.66139564130992,63.32992508240935,71.62912553648069,77.63337653693908,79.04074590556071,84.52959753547488,89.12537436819701,88.39341406866033,86.29822436814872,78.19303903035694,81.6733870603639,85.4659350932986,89.73488009463382,93.81391378955315,94.95069793833932,97.01631150862569,94.92625283834433,102.58427769714562,109.84774055626569,117.81008023971363,92.89108417521943,101.60090754890983,114.69543768871809,107.151179161579,103.45647144905574
datastructure,WB.DATA360:DS_DATA360(1.3),I,A,IRN,WB_WDI_NE_TRD_GNFS_ZS,_T,_T,_T,PT_GDP,_Z,_Z,_Z,_Z,RATIO,2,WB_WDI,P1Y,0,A,PU,Annual,"Iran, Islamic Rep.",Trade (% of GDP),Total,All age ranges or no breakdown by age,Total,Percentage of GDP,Not Applicable,Not Applicable,Not Applicable,Not Applicable,Ratio,Two,World Development Indicators (WDI),Annual,Units,Normal value,Public,31.237541670682447,29.595243518664972,28.175999957927683,27.790913279152186,32.728649811811486,32.62603557051873,33.90697886971027,36.955438385917475,37.991939793274064,39.07814316902472,39.66701454830665,44.428029510676595,44.453449868357644,54.097886920795666,71.404688105953,76.11562342669063,65.43508112543414,59.88807836490354,45.69456563719663,42.80582677606689,42.482673867628606,40.3131061355616,38.06351687819442,38.73011351687523,27.93413761017479,23.17239114054755,14.144853904130134,17.884853137682587,21.583978839735437,27.935025707906213,37.08056769881109,44.194171647804154,40.397927252238084,46.040864324369124,41.60913639813276,35.14424491595736,35.22129915460417,32.64955811164156,29.22821964631344,34.885414134593425,41.257247463803104,40.53556647952296,48.172686552065684,50.67910577532613,51.31385732658884,54.44049526355364,53.16735871438452,49.887306922593396,48.22940277414385,43.69958022435846,43.77064373713993,41.21941479185781,44.08934668074519,47.08671791947549,45.35142014131612,39.42258866117996,39.8772417738866,43.15569313839062,56.61534961428295,48.59177121370379,43.88446749050129,42.672379536261005,48.9183508223052,49.39355009602028,52.06213067943476
datastructure,WB.DATA360:DS_DATA360(1.3),I,A,TJK,WB_WDI_NE_TRD_GNFS_ZS,_T,_T,_T,PT_GDP,_Z,_Z,_Z,_Z,RATIO,2,WB_WDI,P1Y,0,A,PU,Annual,Tajikistan,Trade (% of GDP),Total,All age ranges or no breakdown by age,Total,Percentage of GDP,Not Applicable,Not Applicable,Not Applicable,Not Applicable,Ratio,Two,World Development Indicators (WDI),Annual,Units,Normal value,Public,,,,,,,,,,,,,,,,,,,,,,,,,,,,,,,,,,70.19630582977399,86.36584158415842,137.51590257879656,156.67059014267187,181.59011964492473,106.89554276797035,133.60594795539035,175.3512061342139,146.6573055620563,138.6839688324001,137.66959297685554,128.33817067436317,126.99469930341631,141.1539120747279,145.5280997157227,114.48014909357882,85.97813704341081,73.49304450947298,79.78424467345724,83.17594454015281,71.7437428882341,54.607159605370484,49.937816068955506,55.72464469075731,53.78610460577674,55.84611141133027,56.04501591458959,55.74910401949539,71.82593743538297,65.43551158935774,65.63470103673535,
datastructure,WB.DATA360:DS_DATA360(1.3),I,A,EMU,WB_WDI_NE_TRD_GNFS_ZS,_T,_T,_T,PT_GDP,_Z,_Z,_Z,_Z,RATIO,2,WB_WDI,P1Y,0,A,PU,Annual,Euro area,Trade (% of GDP),Total,All age ranges or no breakdown by age,Total,Percentage of GDP,Not Applicable,Not Applicable,Not Applicable,Not Applicable,Ratio,Two,World Development Indicators (WDI),Annual,Units,Normal value,Public,,,,,,,,,,,39.49681711271597,39.21522847572236,39.39453513913448,41.507269846687905,48.30169505414685,44.462447054559355,47.09988436986695,47.23815120936427,46.06115086885192,48.914080581430674,51.32281181670262,53.93084670983391,53.634542397846886,53.34622495019824,56.40031313889256,56.86723225891863,50.07015823054938,49.52388184219443,50.766313982474365,53.63933140218051,53.11864227502222,53.34582158202262,52.40096457935018,50.62796801454118,53.22411558062864,56.18880135509714,56.87475986959947,60.88886294445651,62.12387305513045,62.86652345192897,70.51185175102782,69.65818659936151,67.2678383535692,65.77623090409361,68.55795577970997,71.6139909282343,75.65593143270586,77.31963555296045,78.23460330580845,68.00156340150662,75.87461399292084,81.02776637177061,82.6466325925168,82.3346463167316,82.774155890855,84.12502391938958,83.13914348161818,86.14195151829823,87.7964429522812,87.96970407186154,81.20549872578063,88.42004534560176,100.60508423916855,92.04037692076382,88.58215910550655
datastructure,WB.DATA360:DS_DATA360(1.3),I,A,TCD,WB_WDI_NE_TRD_GNFS_ZS,_T,_T,_T,PT_GDP,_Z,_Z,_Z,_Z,RATIO,2,WB_WDI,P1Y,0,A,PU,Annual,Chad,Trade (% of GDP),Total,All age ranges or no breakdown by age,Total,Percentage of GDP,Not Applicable,Not Applicable,Not Applicable,Not Applicable,Ratio,Two,World Development Indicators (WDI),Annual,Units,Normal value,Public,30.4272143078476,32.46780886409092,33.65933722136603,32.16026944322076,35.05707450873882,31.31329358597806,31.87583477889519,32.52602726986259,33.62604128062433,30.905662031336078,38.30956790845337,36.9700137014997,33.94915755367029,39.22903079326235,45.19481740031297,40.25327869958535,42.4681536718392,43.726654621192715,44.39031039078174,52.41622967353411,45.81058348784817,37.7617788793387,20.056797593173105,39.96040584322792,42.07083877541909,43.23366538798963,48.76989912790275,51.8817263983252,45.123382903232226,45.19009186565548,41.38702344281653,36.34954132191181,35.90456002909202,42.64733333337468,50.98835135589355,55.69655657263134,46.61003319294462,49.313101141288016,48.05898289512494,50.50786776428229,51.57117201356519,64.32190804068539,126.3508078499123,83.3789149599315,101.76859092156376,77.57749364979699,77.0815766029615,75.10599627319486,69.06777460906413,64.85975119170668,63.7311691270791,57.543756187089826,54.3851887421013,51.53081645498161,40.811626985931866,48.5114982079885,43.95801493315369,43.29006138524677,46.738431786018346,46.67772471527682,40.64281706219321,43.94650410158949,47.98837843194294,46.89510150943433,47.86798929516993
datastructure,WB.DATA360:DS_DATA360(1.3),I,A,COM,WB_WDI_NE_TRD_GNFS_ZS,_T,_T,_T,PT_GDP,_Z,_Z,_Z,_Z,RATIO,2,WB_WDI,P1Y,0,A,PU,Annual,Comoros,Trade (% of GDP),Total,All age ranges or no breakdown by age,Total,Percentage of GDP,Not Applicable,Not Applicable,Not Applicable,Not Applicable,Ratio,Two,World Development Indicators (WDI),Annual,Units,Normal value,Public,,,,,,,,,,,,,,,,,,,,,35.75618350915532,35.75551973610225,35.75728508583343,35.75732675979181,35.75659199048369,35.757685475385,35.756616711657216,35.75681697194346,35.75653123881637,35.75775935666875,35.75703171753446,35.75721110707997,35.75735553997802,35.75695191624973,35.757279406155114,35.757238536976836,35.7578150774993,35.757043860422364,35.75725005433939,35.757157047698904,35.75747853062669,35.75722885093456,35.75711903359134,35.7569591176854,35.75706312532485,35.75740932382584,35.75727457398422,33.15617921274949,36.21852635428094,37.896922325354176,39.55010580298979,40.00094857243996,40.81044240894227,39.243330414992855,39.23582441691938,37.804952071456256,37.13287971583374,40.164358921351955,42.99615333694532,42.26807853729085,33.729934602921816,42.06772363684464,50.38877048146993,45.683778919627166,44.37317674990267
datastructure,WB.DATA360:DS_DATA360(1.3),I,A,RUS,WB_WDI_NE_TRD_GNFS_ZS,_T,_T,_T,PT_GDP,_Z,_Z,_Z,_Z,RATIO,2,WB_WDI,P1Y,0,A,PU,Annual,Russian Federation,Trade (% of GDP),Total,All age ranges or no breakdown by age,Total,Percentage of GDP,Not Applicable,Not Applicable,Not Applicable,Not Applicable,Ratio,Two,World Development Indicators (WDI),Annual,Units,Normal value,Public,,,,,,,,,,,,,,,,,,,,,,,,,,,,,,42.91448516579406,36.10679913070475,26.2567036110118,110.57706470278801,68.69844323946126,50.95371264838313,55.18290546572573,47.922500819418985,47.25692141007482,55.77225328497659,69.39328149881196,68.09390703735548,61.11085866442064,59.64544573196066,59.12826900760143,56.581852398405545,56.71324849054219,54.73340186726601,51.706122745460625,53.38246604089083,48.43506102781807,50.3555054872589,48.035399407791864,47.151390385795715,46.287149400499,47.80134126281159,49.35934931168865,46.518119839609604,46.87652433713111,51.5809003703964,49.22875366190334,45.966908202912734,50.586195462175176,42.78278642948111,40.83432641052731,39.508164766039634
datastructure,WB.DATA360:DS_DATA360(1.3),I,A,TEC,WB_WDI_NE_TRD_GNFS_ZS,_T,_T,_T,PT_GDP,_Z,_Z,_Z,_Z,RATIO,2,WB_WDI,P1Y,0,A,PU,Annual,Europe & Central Asia (IDA & IBRD),Trade (% of GDP),Total,All age ranges or no breakdown by age,Total,Percentage of GDP,Not Applicable,Not Applicable,Not Applicable,Not Applicable,Ratio,Two,World Development Indicators (WDI),Annual,Units,Normal value,Public,,,,,,,,,,,,,,,,,,,,,,,,,,,,,,42.02475529552141,38.85734869488087,33.088487121247084,86.84683011688173,62.691632677016635,56.38105927302839,54.55082263429493,52.41202763181471,53.712925146010576,56.01844024221946,61.89918253052852,64.9879687193964,62.883276425298135,62.23438249395577,63.4457849926342,64.60014680476479,63.083920225397705,63.56727901435645,62.91303056708341,64.88911757080979,58.2829722686652,60.56091241856246,63.47399502260798,63.21069088167423,61.93943508920089,62.95379769646982,62.63949871374667,61.97224032001074,64.69553152968432,69.19480068887177,67.56325215634965,63.01766513203281,70.09904386080206,72.74879368475608,65.50880840714403,60.39686448922693
datastructure,WB.DATA360:DS_DATA360(1.3),I,A,CYP,WB_WDI_NE_TRD_GNFS_ZS,_T,_T,_T,PT_GDP,_Z,_Z,_Z,_Z,RATIO,2,WB_WDI,P1Y,0,A,PU,Annual,Cyprus,Trade (% of GDP),Total,All age ranges or no breakdown by age,Total,Percentage of GDP,Not Applicable,Not Applicable,Not Applicable,Not Applicable,Ratio,Two,World Development Indicators (WDI),Annual,Units,Normal value,Public,,,,,,,,,,,,,,,,92.17898634193755,112.36898380724345,115.57550857348218,105.25172791610325,108.44711699123447,108.32566298271729,113.57306494289669,115.16245707952555,114.38374026789558,121.75862967295245,107.56982497694364,93.45992761305891,97.55645632331007,101.58324251992781,111.33412642291151,108.60820871690247,104.17990491589674,110.09700734081365,95.41637535074753,95.77615160518774,134.39051406460922,140.84898344456843,139.76297660398632,134.909736760687,131.20933334429424,137.4949032485561,131.8490678681144,123.64133212337958,114.00463298148458,113.90361348920692,111.917065271958,109.8064980403429,111.2751228446228,112.92593087470817,102.79109189919966,108.90169926952329,110.6171312870391,112.3442732972728,120.92620063938907,130.8443630793902,137.27642647719287,139.02209845724812,148.01335555813526,147.62356741005382,150.50616956116215,160.66871645996954,176.82773681986995,205.75354374552353,190.74078840832937,190.40287092075968
datastructure,WB.DATA360:DS_DATA360(1.3),I,A,LMY,WB_WDI_NE_TRD_GNFS_ZS,_T,_T,_T,PT_GDP,_Z,_Z,_Z,_Z,RATIO,2,WB_WDI,P1Y,0,A,PU,Annual,Low & middle income,Trade (% of GDP),Total,All age ranges or no breakdown by age,Total,Percentage of GDP,Not Applicable,Not Applicable,Not Applicable,Not Applicable,Ratio,Two,World Development Indicators (WDI),Annual,Units,Normal value,Public,15.745929104772653,15.244461754896017,13.566651404323244,14.975684785804575,14.550976838518482,13.893180805371253,14.908721215667434,14.182428410457362,14.268772085684947,13.813189322259083,14.936643516261062,15.202681499274759,15.782329737901957,18.12648952198711,22.156375382718355,21.293828281657795,20.996171913747027,21.014302197818186,23.318277017421824,25.312508693302057,28.808816009505602,29.722347338578366,27.02929522297049,26.499519233138393,26.89748874669742,27.054457088838113,25.323902015837742,28.484915850193307,32.42539253314309,31.153016590981874,31.62473068554468,32.58067266446156,36.055543562885894,38.168427629191314,39.12352105440336,39.61873707449191,39.2767242178341,41.18725863144375,42.11078848047916,42.03307429643176,46.72645191499548,46.15130426563981,48.6018196529748,53.13491024115193,58.46068392208441,60.1575888892988,61.03140260398356,59.912981986000624,59.5812275739273,49.77032614416875,52.807225244472,54.67651826659952,53.36485082022265,51.87626691794718,50.25974316157792,46.54744130239692,44.61581014271675,46.006999975814225,48.09870804423303,46.08880812976841,43.624413833138156,48.876380341835606,52.420124131734944,48.4823027251615,48.719405197967646
datastructure,WB.DATA360:DS_DATA360(1.3),I,A,IDN,WB_WDI_NE_TRD_GNFS_ZS,_T,_T,_T,PT_GDP,_Z,_Z,_Z,_Z,RATIO,2,WB_WDI,P1Y,0,A,PU,Annual,Indonesia,Trade (% of GDP),Total,All age ranges or no breakdown by age,Total,Percentage of GDP,Not Applicable,Not Applicable,Not Applicable,Not Applicable,Ratio,Two,World Development Indicators (WDI),Annual,Units,Normal value,Public,24.090210148641724,24.67560093597107,10.561006666167328,18.418100224382947,25.31716548678769,11.012231126107128,34.85280151946819,25.642840292521825,26.446320408260597,23.841059602649008,28.68263473053892,31.062091503267975,35.41191936897458,39.53416057097166,50.418378782218895,44.52125766264584,43.006588347869936,43.570199940033774,42.71476303525895,53.65553591836479,52.65404647744452,53.17730023876951,48.6762274326459,56.55923666442326,50.11061997730165,44.71837231104467,41.00953816778633,46.974247878292125,47.254561422274264,49.08188368911748,52.89186143768929,54.839564880576056,57.427434110152774,50.523385888230735,51.87710104947495,53.95859006354259,52.264743657148,55.99385880867771,96.18619236026863,62.94391286019243,71.43687591737309,69.79320752562379,59.07946176637226,53.616493747301575,59.761294836691036,63.98793586886347,56.65712681488665,54.829249978207464,58.56139963129606,45.51212136870539,46.7012738758737,50.18001318411037,49.5828982992627,48.637372675289285,48.08017558552271,41.93764024152938,37.421341802331824,39.355497070460586,43.07430895520015,37.62777753571081,32.97217540024274,40.20475827496714,45.46467019594532,41.33628687076515,42.572647301833996
datastructure,WB.DATA360:DS_DATA360(1.3),I,A,CUB,WB_WDI_NE_TRD_GNFS_ZS,_T,_T,_T,PT_GDP,_Z,_Z,_Z,_Z,RATIO,2,WB_WDI,P1Y,0,A,PU,Annual,Cuba,Trade (% of GDP),Total,All age ranges or no breakdown by age,Total,Percentage of GDP,Not Applicable,Not Applicable,Not Applicable,Not Applicable,Ratio,Two,World Development Indicators (WDI),Annual,Units,Normal value,Public,,,,,,,,,,,76.80653795995127,76.8086504461305,76.80949749398887,76.80180344206637,76.78569339834715,76.82704405591942,76.81921840911296,76.81372741130083,76.76333052655416,76.70514707382088,77.0337920495621,76.78009369955687,76.78627504091874,76.51134796853435,76.4142284347136,78.6770155734963,75.51160049000053,76.81718105419752,75.13671282397834,75.92863188117641,71.11449322371969,50.99611653996916,35.146867338388745,28.91583017901785,27.775896647282032,29.308417622848637,32.62533361472184,32.75419893206977,32.50463298358548,31.868932246258712,31.075987881722472,29.361096381587252,24.729313347523853,26.58713357770771,31.311415333874304,39.36137443319739,37.18801428820616,37.96760966420323,44.91722074850797,32.91398195876289,40.29194130083323,46.960429047688066,45.86620363407665,44.32389692539016,39.2741528539069,31.61381247934188,27.269113242078458,26.22243637876184,27.083548448614703,22.820891135441602,15.682986809747373,80.02377030839041,93.86077558905248,120.53387842718718,124.86323886505313
datastructure,WB.DATA360:DS_DATA360(1.3),I,A,HRV,WB_WDI_NE_TRD_GNFS_ZS,_T,_T,_T,PT_GDP,_Z,_Z,_Z,_Z,RATIO,2,WB_WDI,P1Y,0,A,PU,Annual,Croatia,Trade (% of GDP),Total,All age ranges or no breakdown by age,Total,Percentage of GDP,Not Applicable,Not Applicable,Not Applicable,Not Applicable,Ratio,Two,World Development Indicators (WDI),Annual,Units,Normal value,Public,,,,,,,,,,,,,,,,,,,,,,,,,,,,,,,,,,,,62.80426534858711,67.05425058977147,74.8841744957651,64.98432965861,66.26377437417221,74.60168547034063,79.44058560345877,81.16099779602105,81.44325143532082,81.64441266033377,81.49233557141181,83.5170835916925,83.26221038126805,82.07907910600763,69.70155788974385,72.64670399326675,77.783952809242,79.00754930581378,80.91881320020265,85.21662413192165,90.65227054851182,92.1392009356077,97.24452565403745,99.08485463625343,101.39476656421643,89.54805231432121,102.32869715079937,125.41087797469352,107.27831400830397,104.9123260732532
datastructure,WB.DATA360:DS_DATA360(1.3),I,A,MHL,WB_WDI_NE_TRD_GNFS_ZS,_T,_T,_T,PT_GDP,_Z,_Z,_Z,_Z,RATIO,2,WB_WDI,P1Y,0,A,PU,Annual,Marshall Islands,Trade (% of GDP),Total,All age ranges or no breakdown by age,Total,Percentage of GDP,Not Applicable,Not Applicable,Not Applicable,Not Applicable,Ratio,Two,World Development Indicators (WDI),Annual,Units,Normal value,Public,,,,,,,,,,,,,,,,,,,,,,,,,,,,,,,,,,,,106.86426016801131,113.29394360352885,107.51669704699563,111.95082363627765,107.9977344927884,130.08311672479178,118.73436046079402,102.32055168232796,117.02467426989556,114.02310007524454,124.70101449275361,112.40851955307262,114.52770764119602,122.0467939972715,128.86223544973546,144.80496585971449,153.24016250725478,157.51710016602104,161.9197424892704,149.8534946236559,138.48982035928142,116.32636273538157,125.14525035095929,128.48227272727271,153.00772863890083,107.82597187758478,120.05618046108057,128.33797552729126,118.49359754231547,123.80913396677471
datastructure,WB.DATA360:DS_DATA360(1.3),I,A,ZMB,WB_WDI_NE_TRD_GNFS_ZS,_T,_T,_T,PT_GDP,_Z,_Z,_Z,_Z,RATIO,2,WB_WDI,P1Y,0,A,PU,Annual,Zambia,Trade (% of GDP),Total,All age ranges or no breakdown by age,Total,Percentage of GDP,Not Applicable,Not Applicable,Not Applicable,Not Applicable,Ratio,Two,World Development Indicators (WDI),Annual,Units,Normal value,Public,,,,,,,,,,,,,,,,,,,,,,,,,,,,,,,,,,,66.65059482955846,69.22677469559639,63.82148217553119,58.27286262233602,56.25030701995938,59.76753420291563,60.387468988496465,64.66828270897899,64.91649699906482,62.31284467576288,70.81307493177216,62.20028219136403,57.85681887390267,65.77145869090678,59.45488912058744,56.121380955516486,65.01470252061218,72.79543243842829,75.36770985590704,80.45624102133733,76.19349972763135,79.8652687573958,73.95856125461596,71.58569465425661,74.88836952746648,68.791204936096,79.20684940959546,86.20851119346447,69.2973154193203,78.24188704514849,62.53488740644427
datastructure,WB.DATA360:DS_DATA360(1.3),I,A,PLW,WB_WDI_NE_TRD_GNFS_ZS,_T,_T,_T,PT_GDP,_Z,_Z,_Z,_Z,RATIO,2,WB_WDI,P1Y,0,A,PU,Annual,Palau,Trade (% of GDP),Total,All age ranges or no breakdown by age,Total,Percentage of GDP,Not Applicable,Not Applicable,Not Applicable,Not Applicable,Ratio,Two,World Development Indicators (WDI),Annual,Units,Normal value,Public,,,,,,,,,,,,,,,,,,,,,,,,,,,,,,,,,,,,,,,,,,,,,,118.68421273421663,126.26583774900682,114.78653172994417,126.28311455224686,111.73767621113673,120.65868627898857,135.59992951896288,143.6411923342899,142.19463423976887,145.70206581423946,126.49548425039742,118.02027439592884,121.74175099562552,117.86601964792298,115.46197227873097,103.35218890149262,81.14784534003464,105.20093515202076,106.69759028159369,
datastructure,WB.DATA360:DS_DATA360(1.3),I,A,GAB,WB_WDI_NE_TRD_GNFS_ZS,_T,_T,_T,PT_GDP,_Z,_Z,_Z,_Z,RATIO,2,WB_WDI,P1Y,0,A,PU,Annual,Gabon,Trade (% of GDP),Total,All age ranges or no breakdown by age,Total,Percentage of GDP,Not Applicable,Not Applicable,Not Applicable,Not Applicable,Ratio,Two,World Development Indicators (WDI),Annual,Units,Normal value,Public,66.79819617904262,62.87450501327132,62.48265714605515,92.4966571564271,77.8433514519825,80.54054054054053,79.30463233520403,96.10781437125749,97.66799789629688,108.70632460409857,87.70947760682066,118.6488106565176,145.34531797235024,116.51145872129112,100.80710250201777,97.42647058823529,91.68404950632736,102.85424514633439,108.67952522255193,95.8889233633261,96.35036496350365,104.05907575035731,101.26167045167801,104.86729087673142,99.29314998072228,119.85338220593135,89.89564774751845,87.91442761435951,78.5220207494277,86.99363534256833,76.89744539059608,80.53493854813112,79.868842088552,83.34303654202921,99.92668680016334,95.13469618616678,95.67090085141444,98.53626451384645,95.97478260869565,97.73145245559039,101.7019289396375,83.63861324241077,84.75908153762232,80.30260820563122,81.76753714186978,83.94959983992409,88.6494092562519,85.13247916365782,88.99887259457478,83.50457742356362,89.15766272483529,90.49837733313234,92.3428089420545,90.63503614786447,73.52032901624376,73.94978145882813,70.13338106453078,75.06874044566383,77.0365976973024,73.4280894486644,70.11405464660118,85.3483122054007,92.06308885001309,91.47865331869195,92.04680551512557
datastructure,WB.DATA360:DS_DATA360(1.3),I,A,ZAF,WB_WDI_NE_TRD_GNFS_ZS,_T,_T,_T,PT_GDP,_Z,_Z,_Z,_Z,RATIO,2,WB_WDI,P1Y,0,A,PU,Annual,South Africa,Trade (% of GDP),Total,All age ranges or no breakdown by age,Total,Percentage of GDP,Not Applicable,Not Applicable,Not Applicable,Not Applicable,Ratio,Two,World Development Indicators (WDI),Annual,Units,Normal value,Public,46.85549687950072,43.74810318664644,43.352353780313834,44.97613826905714,45.94847775175644,45.51687198714515,42.09437493842971,42.49181488363862,41.29332897318509,39.62195565249,39.78622327790974,40.49808886765408,40.772577735328454,41.15149677251657,48.796358852185044,49.81405609832966,48.880753430399906,48.21138623909073,50.95151082984223,54.10700828937453,56.507316512773386,52.19295562705685,47.14181568677902,40.2562021253767,43.39294128922504,47.94826638080455,46.64892791943586,44.971254133808195,45.85131224935276,42.699765345189576,38.21180092417985,34.881609256977555,34.321353499347445,35.69812434604288,37.114609166627915,39.47803377930257,42.19925173252796,42.30133442918307,44.035745336896454,42.25829601726733,46.22072173540766,49.170945185829034,53.46550162943685,45.72386256897895,45.64357522400406,47.4277813970329,53.768141274114534,57.12513913774696,65.97452379962331,49.5875353278801,50.406087162599924,54.63635043589712,55.58261719333446,58.875027630051015,59.499574055059256,56.726676144715626,55.86125750487819,53.53593182937409,54.48554512763406,53.8979964081406,50.75965908041766,56.16471362775458,64.94713440234001,65.67987597407074,61.64677047302495
datastructure,WB.DATA360:DS_DATA360(1.3),I,A,VEN,WB_WDI_NE_TRD_GNFS_ZS,_T,_T,_T,PT_GDP,_Z,_Z,_Z,_Z,RATIO,2,WB_WDI,P1Y,0,A,PU,Annual,"Venezuela, RB",Trade (% of GDP),Total,All age ranges or no breakdown by age,Total,Percentage of GDP,Not Applicable,Not Applicable,Not Applicable,Not Applicable,Ratio,Two,World Development Indicators (WDI),Annual,Units,Normal value,Public,48.582057574695185,48.65563943161635,49.57933954276037,47.22456968868452,48.1611807952409,48.22491760052736,44.81399939265108,44.635915915915916,44.78950282360758,44.325130177386946,42.036905333974055,44.20066152149945,43.26916197847225,47.8209766152922,61.475310511966065,57.84924384832936,58.58960504500237,62.14840789693395,61.36058204187862,58.32114644959733,57.36822435789002,55.406405149925675,53.05759644039166,35.710518706195,42.61267116113428,39.440591641365835,39.0019257030247,42.305746093239584,46.37203518218034,53.42731969376858,57.70721738317815,55.7196397554298,53.476139197474616,52.39018552401829,51.44481400484048,47.342342941376856,55.972427788302085,51.24503640653989,43.59939293343665,42.07023048432376,47.857221552980796,42.14126801736199,48.57571064940682,50.57700737819405,55.36745560232195,60.12732975614217,58.665591558460285,56.199095481890936,51.82901237899317,38.52092965832975,46.13689352402029,49.638121596799515,50.64858388287063,62.47952142145867,64.20744011129594,60.28884610180505,41.30721719865497,42.58293584087514,54.645066790559916,58.12929032565036,26.091234495870662,29.226340031172693,27.898277065002226,28.0946077372131,26.08116575964987
datastructure,WB.DATA360:DS_DATA360(1.3),I,A,MAR,WB_WDI_NE_TRD_GNFS_ZS,_T,_T,_T,PT_GDP,_Z,_Z,_Z,_Z,RATIO,2,WB_WDI,P1Y,0,A,PU,Annual,Morocco,Trade (% of GDP),Total,All age ranges or no breakdown by age,Total,Percentage of GDP,Not Applicable,Not Applicable,Not Applicable,Not Applicable,Ratio,Two,World Development Indicators (WDI),Annual,Units,Normal value,Public,46.27024488075527,46.53203800498759,39.113110487650545,38.001041585476,38.627218544138806,35.053619302949066,38.33470733718055,38.07732226258433,38.53820598006645,37.20980572541804,39.21632286099596,36.67924185264306,37.79695866352538,42.942736776408175,55.749254621347646,55.818845953146024,54.644442345830576,54.217158015313196,46.439242847300285,46.87474815853521,47.342067826873766,57.43605580279285,55.34027035714352,52.614095021893604,60.36267951752624,59.31507463249223,50.28060358382233,49.65750551422619,50.13760316593194,50.35084474553493,54.62668742061981,49.77929547664941,50.26331618457246,49.66845661410101,47.31355373250477,51.71502538412359,47.095543447978315,51.15015464861041,45.67235959439915,48.57887648664603,53.440305838878466,53.49157101878711,54.31012791420999,52.331858266992334,55.55163847445365,61.493827686323456,64.67219777871544,71.34964677966575,77.83447164256016,62.370956015226945,69.54197961014401,76.8258714906247,78.22210189560718,73.8577565315318,71.89356675393978,67.28867592538485,71.12266038168643,74.17335787865731,77.25488752439892,75.99811587984217,68.84380339043642,75.52341717565055,100.9063102016514,93.11788441797775,92.18724460624036
datastructure,WB.DATA360:DS_DATA360(1.3),I,A,MLT,WB_WDI_NE_TRD_GNFS_ZS,_T,_T,_T,PT_GDP,_Z,_Z,_Z,_Z,RATIO,2,WB_WDI,P1Y,0,A,PU,Annual,Malta,Trade (% of GDP),Total,All age ranges or no breakdown by age,Total,Percentage of GDP,Not Applicable,Not Applicable,Not Applicable,Not Applicable,Ratio,Two,World Development Indicators (WDI),Annual,Units,Normal value,Public,,,,,,,,,,,115.53967814338655,114.4499565765156,113.98450101810475,133.80961089796898,175.72190163369362,160.02433461220122,161.90558437385235,167.35297821740025,154.08561785824264,164.00850773520722,167.3400071256395,153.1058803489492,138.15944885377846,133.46432690968902,138.89454138195384,143.65219556727962,138.1595322727181,148.04796239432235,150.3181747623118,154.602522648659,164.48373762213993,165.23780976956908,170.4653958385589,178.90543482004918,181.70194942774992,177.06237358012834,164.09859607522554,155.65919399353828,157.046508810061,165.17097683189388,189.6012193154868,161.32536031479424,162.52407615423755,154.57416173503356,155.889918335599,157.54849784272076,182.43405559470241,184.83133425152656,185.74952378547255,163.55684844911096,178.23295530213943,192.0273413807832,199.21386514283932,187.43225285004462,181.30112711295894,207.19601985524423,213.35947324267676,213.04759102575628,228.09855073711142,233.07044191053717,242.36119073585692,220.165634087757,245.16037509200447,221.0618354724053,218.17055242788106
datastructure,WB.DATA360:DS_DATA360(1.3),I,A,TSA,WB_WDI_NE_TRD_GNFS_ZS,_T,_T,_T,PT_GDP,_Z,_Z,_Z,_Z,RATIO,2,WB_WDI,P1Y,0,A,PU,Annual,South Asia (IDA & IBRD),Trade (% of GDP),Total,All age ranges or no breakdown by age,Total,Percentage of GDP,Not Applicable,Not Applicable,Not Applicable,Not Applicable,Ratio,Two,World Development Indicators (WDI),Annual,Units,Normal value,Public,13.659110082498977,12.770788816752136,12.674655019038182,12.54504657545841,11.996116741214852,11.224370208329029,13.051616647832356,12.08573914273618,11.07208860077386,9.966807154899719,10.297791412249337,9.920780373456637,9.996167329098721,11.119368650743064,12.78870473069492,13.942151498300658,15.258303468906664,15.015579860336128,15.708423910286433,17.732479681899555,18.559981411588492,17.163703868425845,16.803968442860057,16.215526550098133,16.061673883407778,15.237309815761233,14.389839420428812,14.744626853566833,15.707626859001724,17.25208648753563,17.721182537980923,19.028364239377435,20.63266154635597,22.143501563915926,22.59960816816714,25.643915799553923,24.550761742272794,25.273518445620354,26.21666791825927,27.20224910590183,29.452134563867762,28.622689443291133,31.20588564386842,32.00007797322957,38.16079501668665,42.49714644035364,45.99442144752626,46.0171112034336,52.801635953460895,45.924101721306265,48.31886967440903,54.78191229407897,55.00284047845295,53.12818401475813,48.73436589631279,42.332049186018324,39.793803445488585,40.30898589844435,43.154103974807704,39.81644185268115,36.988453773767965,44.014541411472365,48.842150266814855,43.97198968087229,43.29640869808725
datastructure,WB.DATA360:DS_DATA360(1.3),I,A,MOZ,WB_WDI_NE_TRD_GNFS_ZS,_T,_T,_T,PT_GDP,_Z,_Z,_Z,_Z,RATIO,2,WB_WDI,P1Y,0,A,PU,Annual,Mozambique,Trade (% of GDP),Total,All age ranges or no breakdown by age,Total,Percentage of GDP,Not Applicable,Not Applicable,Not Applicable,Not Applicable,Ratio,Two,World Development Indicators (WDI),Annual,Units,Normal value,Public,,,,,,,,,,,,,,,,,,,,,,,,,,,,,,,,49.4808133334293,59.33716924530748,55.240268566329476,58.742224936616175,63.773536025392396,51.02929256163736,43.29868197310237,39.00754605930458,45.52761313554109,47.92088080158906,50.415309577726475,73.30916275742297,70.16835994791829,72.05200016123736,72.00926097809824,67.3498976872689,66.12038218405164,64.98141649982803,67.89857276814101,73.83735326818918,84.40621193330186,105.93458806051086,109.38537659912998,116.35685524221708,98.76120365109007,110.39435820148083,105.74564070208706,124.60745752537153,105.5911714019212,99.90614605197895,112.07896445833299,135.2795784169914,106.05861343002223,95.65942035119403
datastructure,WB.DATA360:DS_DATA360(1.3),I,A,GUM,WB_WDI_NE_TRD_GNFS_ZS,_T,_T,_T,PT_GDP,_Z,_Z,_Z,_Z,RATIO,2,WB_WDI,P1Y,0,A,PU,Annual,Guam,Trade (% of GDP),Total,All age ranges or no breakdown by age,Total,Percentage of GDP,Not Applicable,Not Applicable,Not Applicable,Not Applicable,Ratio,Two,World Development Indicators (WDI),Annual,Units,Normal value,Public,,,,,,,,,,,,,,,,,,,,,,,,,,,,,,,,,,,,,,,,,,,68.88626988803772,64.02353600448305,68.00206771775653,66.43721813434608,72.7701746106654,79.4632704116443,78.27393731215115,72.01739850869926,72.03475449585774,77.78892455858748,76.75213675213676,79.53324689757363,78.36007130124777,71.33988618727368,70.41179461108287,69.26658905704308,72.96314658734093,78.06451612903226,63.67478025693036,61.838306063522616,71.86685962373372,,
datastructure,WB.DATA360:DS_DATA360(1.3),I,A,SLV,WB_WDI_NE_TRD_GNFS_ZS,_T,_T,_T,PT_GDP,_Z,_Z,_Z,_Z,RATIO,2,WB_WDI,P1Y,0,A,PU,Annual,El Salvador,Trade (% of GDP),Total,All age ranges or no breakdown by age,Total,Percentage of GDP,Not Applicable,Not Applicable,Not Applicable,Not Applicable,Ratio,Two,World Development Indicators (WDI),Annual,Units,Normal value,Public,,,,,,55.19755730756961,54.44100180738446,54.29625076828519,52.45206262358752,48.98036973508671,49.38389294919324,51.24607965467237,57.22153641629475,62.943036219424265,73.24897351549932,71.26297309815865,72.36070952116114,75.63807686739109,69.7962857581299,74.11278522342926,67.40646418556628,60.266492478384,51.24774023310442,54.397801039588835,50.29067504853095,52.210538209372636,53.714122724425664,45.09462219967237,38.09570441158219,36.92829582294358,49.615627778317645,47.75343092636154,48.67524582390203,53.52729048703606,55.148648641609796,59.36075433578842,55.281856729330705,63.557092754938296,60.87229075095336,60.990489620129814,68.71008890449112,65.89073853622513,65.91909077677079,68.23698247861003,69.78226417676909,69.71581167505782,73.45556750702661,77.62105603479948,80.66597393990845,66.07119117444871,73.53728767253978,79.27664370250515,77.64857162228826,80.45119449082713,78.1044257477935,76.56027073705192,72.81909337314909,74.30465119165193,75.63361688799559,76.04201309914683,66.45950694970826,81.84507598007653,88.70110937768668,81.71477234259882,84.6596461582312
datastructure,WB.DATA360:DS_DATA360(1.3),I,A,HIC,WB_WDI_NE_TRD_GNFS_ZS,_T,_T,_T,PT_GDP,_Z,_Z,_Z,_Z,RATIO,2,WB_WDI,P1Y,0,A,PU,Annual,High income,Trade (% of GDP),Total,All age ranges or no breakdown by age,Total,Percentage of GDP,Not Applicable,Not Applicable,Not Applicable,Not Applicable,Ratio,Two,World Development Indicators (WDI),Annual,Units,Normal value,Public,,,,,,,,,,,30.861265784425516,30.768319448216147,30.772971920909278,34.11426673235707,39.16205266489204,36.91974927274656,38.23419744013792,38.74390953331311,38.228793490548135,40.5210849299455,43.033424986884256,43.33631272364364,41.65327640792835,40.77162280474421,42.50162471537645,41.77397940382586,38.97796163961232,39.312239354832656,40.10544759395629,41.170228764133334,40.93846300405583,40.29997152280802,42.92792650164831,41.22896488856478,42.17574117310738,44.47395164002009,44.76276429068016,46.5373021995344,47.05697717285803,47.78753544356679,52.01853015675659,50.64091983866339,49.47731987794282,49.76356064374547,52.47245412285335,54.66971298453859,57.43270101800745,58.53173415713355,61.0841636075935,53.247712686708795,58.176140471876344,61.90007121577804,62.242285968923674,61.94040593903212,61.84265446876141,60.091019788711925,58.41073601145142,60.2299036444844,61.44932522227767,60.58885266715736,56.104322218929106,60.61045937069693,67.38917588510849,63.025832404149206,60.83280442913445
datastructure,WB.DATA360:DS_DATA360(1.3),I,A,CUW,WB_WDI_NE_TRD_GNFS_ZS,_T,_T,_T,PT_GDP,_Z,_Z,_Z,_Z,RATIO,2,WB_WDI,P1Y,0,A,PU,Annual,Curaçao,Trade (% of GDP),Total,All age ranges or no breakdown by age,Total,Percentage of GDP,Not Applicable,Not Applicable,Not Applicable,Not Applicable,Ratio,Two,World Development Indicators (WDI),Annual,Units,Normal value,Public,,,,,,,,,,,,,,,,,,,,,,,,,,,,,,,,,,,,,,,,,,,,,,134.91145978269154,144.5555110688931,146.04912247329202,166.73954173154425,144.7023416599163,143.93221182381598,172.923417836707,183.23646076444064,166.4061489321844,164.35981749914208,148.31381621544006,139.05297819831125,139.81244917812077,155.2688580039632,,,,,,
datastructure,WB.DATA360:DS_DATA360(1.3),I,A,MKD,WB_WDI_NE_TRD_GNFS_ZS,_T,_T,_T,PT_GDP,_Z,_Z,_Z,_Z,RATIO,2,WB_WDI,P1Y,0,A,PU,Annual,North Macedonia,Trade (% of GDP),Total,All age ranges or no breakdown by age,Total,Percentage of GDP,Not Applicable,Not Applicable,Not Applicable,Not Applicable,Ratio,Two,World Development Indicators (WDI),Annual,Units,Normal value,Public,,,,,,,,,,,,,,,,,,,,,,,,,,,,,,,58.68703007518798,46.37634297520661,102.38399161695955,96.44244854016358,82.33506493506493,72.04378866138377,57.92314311423383,71.83425890434063,76.58748211751971,72.62497868972513,80.16014735809142,71.47821056843891,71.53348467211434,71.06932049096743,80.87048499569067,85.84100347871757,92.55166646756659,106.09296600328784,111.57005471329751,87.17675376608092,97.88106911565622,113.19191013946997,112.21483470215534,104.85722995630526,112.53792896929862,113.69844387910275,116.18540841802638,124.13728389628965,133.21520764800766,138.5762318405389,128.24124432225676,146.7214114840735,166.14735737987755,147.79425348308993,136.32487617555557
datastructure,WB.DATA360:DS_DATA360(1.3),I,A,IND,WB_WDI_NE_TRD_GNFS_ZS,_T,_T,_T,PT_GDP,_Z,_Z,_Z,_Z,RATIO,2,WB_WDI,P1Y,0,A,PU,Annual,India,Trade (% of GDP),Total,All age ranges or no breakdown by age,Total,Percentage of GDP,Not Applicable,Not Applicable,Not Applicable,Not Applicable,Ratio,Two,World Development Indicators (WDI),Annual,Units,Normal value,Public,11.296833112389669,10.261162594809216,10.200790179247193,10.187337843093252,9.41054892008962,8.519034369517684,10.814237511206715,9.981062668106073,8.981744475579884,7.744776643448999,7.6617693379454845,7.669606558424989,7.736399597247866,8.932096018772548,10.85189025372338,12.293978213985271,12.801203072683698,12.648101137552864,12.903011842484915,14.918804531376246,15.384576848506088,14.507264761620434,14.12592774954747,13.690593886880247,14.009375944128916,12.900036194148711,12.219271899372565,12.584814035675782,13.4904501163017,15.168132090669529,15.506261510196545,16.987726551135058,18.433099041828044,19.651539786468376,20.07814437692546,22.8674487062499,21.92948787138665,22.619386867047854,23.69947007906474,24.815598044292916,26.900922910447356,25.993254753436517,29.5086629350614,30.592436132907984,37.50381405944698,42.00166961486911,45.724480499265226,45.686268679347975,53.368220439222625,46.272869642883734,49.25520649741613,55.62388001352977,55.793721728751144,53.844131946677734,48.922185747066905,41.92291386586472,40.08248571327602,40.74249695452253,43.61696933238889,39.90540353064419,37.75810532927675,45.423088784044594,50.0752701498882,44.99284228775613,44.64929350696764
datastructure,WB.DATA360:DS_DATA360(1.3),I,A,GMB,WB_WDI_NE_TRD_GNFS_ZS,_T,_T,_T,PT_GDP,_Z,_Z,_Z,_Z,RATIO,2,WB_WDI,P1Y,0,A,PU,Annual,"Gambia, The",Trade (% of GDP),Total,All age ranges or no breakdown by age,Total,Percentage of GDP,Not Applicable,Not Applicable,Not Applicable,Not Applicable,Ratio,Two,World Development Indicators (WDI),Annual,Units,Normal value,Public,,,,,,,79.74794173527549,87.71131855309218,90.98379008746356,91.4845908607864,78.7004130335016,69.54855895196506,74.52880067567568,77.48375,82.68852959121415,88.32316926770709,87.41173912225105,84.25261826855574,93.56919642857143,98.21476967887689,106.33468458295603,110.71812304052735,103.97254704792218,112.97054102085565,115.91412838263058,97.78146652255532,102.7224719975109,108.70499103024089,108.81899997205065,120.33740420312328,131.4854153418491,64.10294689432875,67.44308364772382,64.62992213125486,49.916078943854494,59.27679803396282,50.9543943800384,48.31749809809926,53.870962270150834,52.41329752306674,56.3598198850954,46.92926318656227,59.64295091883396,68.85879303422324,49.93429956156826,50.01872339509755,50.374468581974966,44.29384446567907,39.089099456134385,41.7773944257977,41.01251502794663,42.63970204688941,47.70067311419847,45.46191936232959,58.25793077522636,44.52237308038132,38.114087956594794,55.73357960908325,64.81246400037351,55.99791161869933,47.395520173629066,42.09798279717544,44.72192153694659,39.96201732316938,42.17061722748818
datastructure,WB.DATA360:DS_DATA360(1.3),I,A,PYF,WB_WDI_NE_TRD_GNFS_ZS,_T,_T,_T,PT_GDP,_Z,_Z,_Z,_Z,RATIO,2,WB_WDI,P1Y,0,A,PU,Annual,French Polynesia,Trade (% of GDP),Total,All age ranges or no breakdown by age,Total,Percentage of GDP,Not Applicable,Not Applicable,Not Applicable,Not Applicable,Ratio,Two,World Development Indicators (WDI),Annual,Units,Normal value,Public,,,,,,,,,,,,,,,,,,,,,,,,,,,,,,,,28.086810983114596,25.42830584285378,25.939487209963573,27.19012341460283,26.78328192509451,28.37227064453011,28.99450583352097,31.74571428736782,28.378655461403728,27.944731117851884,,,,,58.875739644970416,56.61325748286473,57.45546809376597,58.03964776728739,51.675077705215436,54.043882112225916,56.231985424763245,57.88068197936662,56.06196755855126,56.23245789442254,55.630468635433616,53.616494942779326,54.57769050381779,65.01466285120674,63.30611240240034,45.83318343860226,52.97881839376954,69.52640232214422,71.67220376522701,64.4688665693732
datastructure,WB.DATA360:DS_DATA360(1.3),I,A,TUR,WB_WDI_NE_TRD_GNFS_ZS,_T,_T,_T,PT_GDP,_Z,_Z,_Z,_Z,RATIO,2,WB_WDI,P1Y,0,A,PU,Annual,Türkiye,Trade (% of GDP),Total,All age ranges or no breakdown by age,Total,Percentage of GDP,Not Applicable,Not Applicable,Not Applicable,Not Applicable,Ratio,Two,World Development Indicators (WDI),Annual,Units,Normal value,Public,5.726872246696035,11.96105702364395,13.57409713574097,11.158798283261802,9.940357852882704,9.935004642525534,9.771473601260835,9.090909090909092,8.761904761904763,8.333333333333332,10.78880407124682,13.567010309278352,14.562435143548946,16.126373626373628,17.00282371924163,15.653118212845174,15.524781341107872,14.522389472687683,11.43561539920349,9.099744429646162,17.089817611746263,21.141627642070624,26.880921065172224,29.031051791338864,35.28010510476381,34.82697211893262,29.414459477714068,33.33828502754882,36.206833843427525,33.9836682372597,30.942995500434794,30.476011673389493,31.737365644503956,33.01708777546183,41.745852340941184,35.992480495277405,39.647718034454904,42.761066682699415,40.37698873779021,37.66650432732438,42.37467469880772,49.94478306790135,48.10261012344019,46.3681553387846,48.993457543526574,46.30883088462105,48.94567666413138,48.02746817971302,50.761250006668135,47.039138573219915,46.94333667098914,53.65158389761802,53.32776129686072,53.06835300430433,54.30677404127998,51.87492525968317,48.87018380798705,56.135658515868904,62.825132385116525,62.57845893262392,60.38985311729702,69.60889760864374,79.89827223143409,65.68320847386669,54.59880611959156
datastructure,WB.DATA360:DS_DATA360(1.3),I,A,EAP,WB_WDI_NE_TRD_GNFS_ZS,_T,_T,_T,PT_GDP,_Z,_Z,_Z,_Z,RATIO,2,WB_WDI,P1Y,0,A,PU,Annual,East Asia & Pacific (excluding high income),Trade (% of GDP),Total,All age ranges or no breakdown by age,Total,Percentage of GDP,Not Applicable,Not Applicable,Not Applicable,Not Applicable,Ratio,Two,World Development Indicators (WDI),Annual,Units,Normal value,Public,10.647044962031439,10.287238379252289,9.018656703556116,9.685972298969538,10.227601644345516,9.312952333331095,10.938533296782992,10.032864353694073,10.155596705014936,9.414034177158461,9.684413834580358,9.79251800158809,10.654018674086027,13.191195602764063,16.644111179246657,15.634546934051357,15.301195001120085,15.185325820922104,20.357825289275944,22.636390115552114,27.284379578559292,29.400223882070826,25.34068323892838,24.367207978899142,24.853748739615774,25.8398743950524,24.96930586685254,29.92463368959537,34.89645228128599,31.967359841151378,32.2191594108449,34.02473120784435,37.48890396817321,42.19924575797316,42.90595164858196,42.46171764346669,41.94715407856248,43.582537265186694,45.403988880418154,44.291488292845806,50.73912118169812,49.39960197542695,51.89548494182921,59.03805440331625,66.6157542747514,69.08357450390398,70.32434967617402,67.94252011467385,64.16793619496144,51.55375884885432,56.14818650804461,56.806501757797484,54.36740475182428,52.761782966761096,51.14359063512976,46.03527116941927,43.46618343038957,44.77194194021752,45.07256727469988,42.68001465760996,40.576200993406836,44.65420356768616,46.757962404660354,44.503692354344665,45.949564923536414
datastructure,WB.DATA360:DS_DATA360(1.3),I,A,SGP,WB_WDI_NE_TRD_GNFS_ZS,_T,_T,_T,PT_GDP,_Z,_Z,_Z,_Z,RATIO,2,WB_WDI,P1Y,0,A,PU,Annual,Singapore,Trade (% of GDP),Total,All age ranges or no breakdown by age,Total,Percentage of GDP,Not Applicable,Not Applicable,Not Applicable,Not Applicable,Ratio,Two,World Development Indicators (WDI),Annual,Units,Normal value,Public,339.3065727264299,299.40188832400565,286.6445261534812,296.8814524741901,255.03068829460761,257.54122536533043,253.7778572279824,235.93498509195493,256.8004765832646,273.6976757916281,271.05947987005254,259.2966709476327,229.0533948423931,245.728962253261,313.96496095515687,283.57018508671615,305.89999600090647,326.98370961035147,334.6019610195557,375.0104062210281,410.9367752110585,399.77826831839747,372.53716761032575,333.14703873035893,313.12352625424154,304.1448456787102,294.82646046849436,325.03847462650526,359.8671590030749,347.5726856797997,344.33221784506964,323.88799482575104,311.3122672815184,313.4161398076654,316.21654758456725,345.4592638954615,334.9111632880925,323.86442214814036,312.07925567468595,336.48484641288184,364.36452046821756,349.2921056949783,349.74601398567637,377.2185643015814,401.5237125385094,420.4305129205586,425.36339954301934,394.2884719190782,437.3267148910571,358.19281182884225,369.6855557876458,379.09863137753905,369.2129657876647,367.0417800490191,360.467319166237,329.4713989402615,302.83965604657357,316.7944092875681,326.59658728674964,324.39498511530087,332.04080548191337,329.161383683762,332.3495677548403,325.6932240537803,322.3714279347164
datastructure,WB.DATA360:DS_DATA360(1.3),I,A,MWI,WB_WDI_NE_TRD_GNFS_ZS,_T,_T,_T,PT_GDP,_Z,_Z,_Z,_Z,RATIO,2,WB_WDI,P1Y,0,A,PU,Annual,Malawi,Trade (% of GDP),Total,All age ranges or no breakdown by age,Total,Percentage of GDP,Not Applicable,Not Applicable,Not Applicable,Not Applicable,Ratio,Two,World Development Indicators (WDI),Annual,Units,Normal value,Public,,,,,,,,,,,,,,,,,,,,,,,,,,,,,,,,,,,,,,,,,,,,,,,,,,,,,,,,,,45.30031371600076,43.578773488999985,44.19545246357976,41.03234293973277,44.5957618170542,43.61662485678103,42.43766839909665,
datastructure,WB.DATA360:DS_DATA360(1.3),I,A,RWA,WB_WDI_NE_TRD_GNFS_ZS,_T,_T,_T,PT_GDP,_Z,_Z,_Z,_Z,RATIO,2,WB_WDI,P1Y,0,A,PU,Annual,Rwanda,Trade (% of GDP),Total,All age ranges or no breakdown by age,Total,Percentage of GDP,Not Applicable,Not Applicable,Not Applicable,Not Applicable,Ratio,Two,World Development Indicators (WDI),Annual,Units,Normal value,Public,22.521003861310145,21.31147261488884,22.07999858688009,18.5937515625,24.615385751479344,29.032261966701878,31.2775359101997,25.925041572757905,23.879207724589204,22.034970772157294,26.7394262826896,27.080523204327907,24.537445358147856,25.040985042663323,33.50767572309925,26.871328327000278,33.97446071684945,31.927965904116483,38.581117823828116,43.7974413276596,40.81859446548234,31.5802354173209,35.70304957642676,32.34075736833285,32.295692971309904,30.669895348964577,32.73883472743643,26.59128118110674,24.222847569495375,23.42777303010041,19.6841588743296,25.37197378306373,23.831447033071377,25.679007006985806,71.0956283073375,30.972173149486405,32.23006582076592,33.46746051001822,28.794463591001122,27.333536421235856,27.484863825044474,29.19890943769253,27.609438116217326,29.31062423541006,33.46167310308705,34.21653834186518,33.221437072405905,35.97097319722779,37.60451085480552,36.805628008481584,37.27887909233511,39.716102477509985,40.5408629987193,42.693492429536214,43.90273369107503,45.201975615910285,49.48490710698917,53.67526741772534,55.784126373960284,57.97566286379543,55.18795155198553,54.29383184633674,61.14507950336513,64.90690414200412,69.95441356805613
datastructure,WB.DATA360:DS_DATA360(1.3),I,A,HKG,WB_WDI_NE_TRD_GNFS_ZS,_T,_T,_T,PT_GDP,_Z,_Z,_Z,_Z,RATIO,2,WB_WDI,P1Y,0,A,PU,Annual,"Hong Kong SAR, China",Trade (% of GDP),Total,All age ranges or no breakdown by age,Total,Percentage of GDP,Not Applicable,Not Applicable,Not Applicable,Not Applicable,Ratio,Two,World Development Indicators (WDI),Annual,Units,Normal value,Public,,173.682092555332,165.00518015425348,153.27515105015826,153.50773889636608,141.08793807783272,155.34939084161883,156.60096930533118,175.04385169055828,181.11334053609096,178.67220635332814,174.5099509013905,160.8325831186167,164.52924238391367,168.47586790855206,161.20712254733914,168.20412945721705,160.1904917853829,170.15457788347206,177.97073413138583,178.00708819863667,182.58477456820566,169.17323537664853,186.3292234479775,199.9114476777917,197.80029339009377,200.30730832228377,215.12728930769813,231.34038225525453,225.19559861189285,226.0002402979695,231.86513395330402,240.1328162749495,233.96913029935234,237.42799706557673,256.8982650673901,244.85376438616987,233.440294577968,221.1332845083688,220.27231314534203,247.65402044559218,240.84897762693186,255.99645736934238,292.454655919737,326.8410545890539,342.6892095246526,359.2086611842477,362.14946363968994,376.6568061718771,348.39755430933945,404.770560908659,421.8547065543856,430.568530415663,442.62001912729943,425.975871734797,389.40594926363895,371.72723177325287,376.79566673472175,376.89277354502616,353.74352113973106,350.6797050444485,402.4596814544628,384.8811432237237,353.00750014748235,359.50671066746366
datastructure,WB.DATA360:DS_DATA360(1.3),I,A,SVN,WB_WDI_NE_TRD_GNFS_ZS,_T,_T,_T,PT_GDP,_Z,_Z,_Z,_Z,RATIO,2,WB_WDI,P1Y,0,A,PU,Annual,Slovenia,Trade (% of GDP),Total,All age ranges or no breakdown by age,Total,Percentage of GDP,Not Applicable,Not Applicable,Not Applicable,Not Applicable,Ratio,Two,World Development Indicators (WDI),Annual,Units,Normal value,Public,,,,,,,,,,,,,,,,,,,,,,,,,,,,,,,139.57359230425845,130.09938167341352,98.39195595529354,96.0223552504566,97.12480492911327,93.05052729727231,93.66844151777765,96.4295395033677,97.06808154262305,92.95818742472783,104.62034858145881,105.5832235306839,104.8804582894155,103.28002712762614,112.39993346676206,121.1272842179144,130.51791308615844,137.66309435102,135.3870936648016,114.48230102363782,128.60657542536254,140.33235575031878,143.6564485729754,145.16878943240258,146.4717050967463,147.21836771450307,148.23844808038754,158.70213584467018,162.61349397585062,160.04427568524875,147.5490085849416,161.78872751143868,186.64707627463176,160.1596693009,155.65792868447372
datastructure,WB.DATA360:DS_DATA360(1.3),I,A,SMR,WB_WDI_NE_TRD_GNFS_ZS,_T,_T,_T,PT_GDP,_Z,_Z,_Z,_Z,RATIO,2,WB_WDI,P1Y,0,A,PU,Annual,San Marino,Trade (% of GDP),Total,All age ranges or no breakdown by age,Total,Percentage of GDP,Not Applicable,Not Applicable,Not Applicable,Not Applicable,Ratio,Two,World Development Indicators (WDI),Annual,Units,Normal value,Public,,,,,,,,,,,,,,,,,,,,,,,,,,,,,,,,,,,,,,,,,,,,,,,,,,,,,,,,321.3640134209095,320.14608906070845,313.8503237706702,309.4879564369177,307.264778080283,304.9031675790627,342.47017400796153,370.4360718134137,340.98339501248574,
datastructure,WB.DATA360:DS_DATA360(1.3),I,A,BIH,WB_WDI_NE_TRD_GNFS_ZS,_T,_T,_T,PT_GDP,_Z,_Z,_Z,_Z,RATIO,2,WB_WDI,P1Y,0,A,PU,Annual,Bosnia and Herzegovina,Trade (% of GDP),Total,All age ranges or no breakdown by age,Total,Percentage of GDP,Not Applicable,Not Applicable,Not Applicable,Not Applicable,Ratio,Two,World Development Indicators (WDI),Annual,Units,Normal value,Public,,,,,,,,,,,,,,,,,,,,,,,,,,,,,,,,,,,101.84722768383799,91.87961266484528,107.50004353072589,100.63096475631654,125.66660905701093,121.8205415641928,85.35774313417878,86.03573401309478,78.72747836260004,80.56945726393647,81.81268618171842,84.35546282179843,79.82994777520157,83.55185888916297,86.16287984305042,73.74749422550227,80.9682159626823,87.83634771365556,88.14510886285292,87.93123802805619,90.55227803956623,88.29199258758803,88.24403400227379,96.64588035668615,98.43206941826314,94.51612515424601,82.52164679940071,96.73911444087437,110.20528437738682,99.63303179544421,95.15629571081715
datastructure,WB.DATA360:DS_DATA360(1.3),I,A,CMR,WB_WDI_NE_TRD_GNFS_ZS,_T,_T,_T,PT_GDP,_Z,_Z,_Z,_Z,RATIO,2,WB_WDI,P1Y,0,A,PU,Annual,Cameroon,Trade (% of GDP),Total,All age ranges or no breakdown by age,Total,Percentage of GDP,Not Applicable,Not Applicable,Not Applicable,Not Applicable,Ratio,Two,World Development Indicators (WDI),Annual,Units,Normal value,Public,,,,,,48.0200388004601,44.5719713285582,43.204517026989514,46.756755688093534,46.242564916464396,50.87995264105418,50.176130520438434,46.47761948844077,44.690894096169316,48.23801324186239,48.22799390317913,50.00721605736993,52.865708956373034,51.77722643771232,49.320941716909964,55.01613908690616,50.28117841370066,62.12539351896105,59.701190873731015,64.47202025124719,65.02458837565528,46.00580702492309,37.32029526895024,31.99460885683343,38.476483784826335,37.49644544112596,34.63877935567148,38.86259217302771,26.15884295860653,36.96112100519215,36.68227266370099,45.11561210204421,48.46963527044549,42.29465383440741,37.238379846481386,47.927944246014945,51.572269189036554,48.48172272796026,40.24319258945293,41.83774242725573,44.997681347847774,47.104434180356705,53.21569086051775,56.92441715627342,42.17610735947648,47.238585396595106,51.52198760391801,50.03601272712294,49.674536346213436,50.83238930876478,45.54014682793927,40.63863152682682,39.19902160526295,40.58760287702803,43.37851324804155,33.73883136238705,36.730834718855796,41.28660255946786,37.89033212425784,34.40317859154232
datastructure,WB.DATA360:DS_DATA360(1.3),I,A,ASM,WB_WDI_NE_TRD_GNFS_ZS,_T,_T,_T,PT_GDP,_Z,_Z,_Z,_Z,RATIO,2,WB_WDI,P1Y,0,A,PU,Annual,American Samoa,Trade (% of GDP),Total,All age ranges or no breakdown by age,Total,Percentage of GDP,Not Applicable,Not Applicable,Not Applicable,Not Applicable,Ratio,Two,World Development Indicators (WDI),Annual,Units,Normal value,Public,,,,,,,,,,,,,,,,,,,,,,,,,,,,,,,,,,,,,,,,,,,210.9375,207.44274809160305,202.35756385068763,223.20000000000002,229.81744421906694,218.14671814671814,249.82142857142856,161.33333333333331,157.94066317626528,157.5438596491228,176.40625,173.8244514106583,174.80559875583202,162.407132243685,159.16542473919523,161.43790849673204,171.83098591549296,156.56877897990725,154.36893203883494,136.8,124.68427095292766,,
datastructure,WB.DATA360:DS_DATA360(1.3),I,A,TGO,WB_WDI_NE_TRD_GNFS_ZS,_T,_T,_T,PT_GDP,_Z,_Z,_Z,_Z,RATIO,2,WB_WDI,P1Y,0,A,PU,Annual,Togo,Trade (% of GDP),Total,All age ranges or no breakdown by age,Total,Percentage of GDP,Not Applicable,Not Applicable,Not Applicable,Not Applicable,Ratio,Two,World Development Indicators (WDI),Annual,Units,Normal value,Public,,,,43.51851851848116,53.90625000081555,48.04597701102966,49.905838041230346,46.31578947359267,50.250417361317226,55.17241379338411,59.83717774653604,61.53846153846154,54.22374429223362,47.89823008872037,66.87069625083872,73.49961028857682,73.58767424836185,72.03791469233671,100.63559322042528,94.73684210526315,109.60570469798843,95.81395348822096,118.65035224346681,96.00671140919198,103.18674314853689,105.5474452552994,99.61894393023127,92.168353755935,90.05095850514455,89.08711770152738,59.76648830984922,59.4614554308219,49.65501313605839,42.71250044157317,57.56435643438158,55.601773730364435,59.40986880033531,53.206901492231815,55.73792451222703,50.108899621779,48.80800411141827,51.39415206503072,51.60956528244096,55.38997841725896,57.87109387088722,61.45428001284807,61.61286046207331,61.77407210866588,62.307667447210456,62.21041999429902,66.79748859371041,77.73231266414304,75.71320856841628,82.14778775641952,70.91565175025168,69.12813788133755,66.44504098050813,58.20886025267323,57.57373884994518,56.3421740349757,55.065951395440315,56.37755807573212,61.57509239689401,,
datastructure,WB.DATA360:DS_DATA360(1.3),I,A,DEU,WB_WDI_NE_TRD_GNFS_ZS,_T,_T,_T,PT_GDP,_Z,_Z,_Z,_Z,RATIO,2,WB_WDI,P1Y,0,A,PU,Annual,Germany,Trade (% of GDP),Total,All age ranges or no breakdown by age,Total,Percentage of GDP,Not Applicable,Not Applicable,Not Applicable,Not Applicable,Ratio,Two,World Development Indicators (WDI),Annual,Units,Normal value,Public,,,,,,,,,,,31.590453152006337,30.726907188161213,30.61624742705835,31.582819470761326,36.81233652278229,35.77069406561403,38.224803659761555,37.959606931750216,37.03966896352792,39.07648010789755,41.69634422213062,44.01626624043426,44.21975970032012,43.410690209636435,46.06753968209608,47.733583671043924,42.7811833269648,41.53078580136578,42.36465953404357,45.0439093136764,45.68895468479345,47.63541319795679,44.68404400283059,39.749393970432585,41.09574433357635,42.606148647581755,43.90358609532501,48.38032106873799,50.15546577923266,51.519227436406,59.195599297540454,59.55928636821177,58.332568724812894,58.91454429425074,62.90649094651641,66.95310249343211,72.7591934646234,74.8838416816798,76.11316659457455,66.13912757571262,73.88523512002631,78.43300290144198,79.33164956703152,77.58602885769305,76.8483516336234,77.75658156869224,76.00599021660548,77.45483947424478,79.12522604636536,79.0732427175683,72.93353271201373,79.91953486098512,88.78575421305011,81.96254837876336,79.09073058949357
datastructure,WB.DATA360:DS_DATA360(1.3),I,A,BFA,WB_WDI_NE_TRD_GNFS_ZS,_T,_T,_T,PT_GDP,_Z,_Z,_Z,_Z,RATIO,2,WB_WDI,P1Y,0,A,PU,Annual,Burkina Faso,Trade (% of GDP),Total,All age ranges or no breakdown by age,Total,Percentage of GDP,Not Applicable,Not Applicable,Not Applicable,Not Applicable,Ratio,Two,World Development Indicators (WDI),Annual,Units,Normal value,Public,20.701370059555316,21.218862439749195,21.237948391870358,21.2485012803128,14.317275639341528,16.029217124616295,16.700219186292113,18.85581328437393,21.492128824118648,22.349608364856667,21.597010421847468,25.44255661423101,27.68872686121302,29.23133631137104,32.79367889359969,37.49937070695011,35.21349567833334,38.40353375800819,35.219248484459584,37.528578065335125,40.213028682332016,40.71152425266567,39.81975144281088,37.45829724601244,39.718705664087196,40.947546982869575,37.96172942298748,39.43994633000749,38.129682276595105,32.39475994393062,35.42265044017486,33.79623642636472,28.374016377197524,29.625083953461623,39.22922223864105,40.747471418340695,38.18029776919413,37.416418780351094,40.93978357525617,35.25481578148237,35.12294197042633,31.658170814851083,31.312522852796636,30.368236407732297,35.48094360174617,34.17216976810485,35.10654235545495,33.77971728950732,35.385316980150165,40.29598367359238,49.0732385398039,57.49725310385083,61.238607981839785,64.03585130242335,58.823562493742564,59.0891813101662,57.893172799440585,59.2687802020168,60.59562562364882,60.408692875322615,60.73977864032392,62.42035866077954,67.52029013316555,63.13268516932988,60.502422291234836
datastructure,WB.DATA360:DS_DATA360(1.3),I,A,NLD,WB_WDI_NE_TRD_GNFS_ZS,_T,_T,_T,PT_GDP,_Z,_Z,_Z,_Z,RATIO,2,WB_WDI,P1Y,0,A,PU,Annual,Netherlands,Trade (% of GDP),Total,All age ranges or no breakdown by age,Total,Percentage of GDP,Not Applicable,Not Applicable,Not Applicable,Not Applicable,Ratio,Two,World Development Indicators (WDI),Annual,Units,Normal value,Public,,,,,,,,,,80.98287486234119,86.48274814384932,85.42090093342047,82.75926642117723,86.23361505360046,96.11460245502758,90.5219132175669,92.85030185769833,89.73028724189209,86.48191794104332,94.59875770727606,99.88012556652521,104.95794679865229,104.59524478153651,104.89857252467975,110.63975210528743,114.57408624388464,97.20904546331333,95.74088869313306,100.05804510621601,106.11665631313167,104.11568071362409,105.1946168211762,102.08077069611518,99.03283366455591,103.04602895389819,107.91680806709651,108.66463944396176,114.29502786344207,112.40809545156381,114.3277407930157,125.66703008242092,119.47546387653978,112.75002435867098,111.30450319575995,116.95816002693891,122.25584952325165,127.19561353933311,129.79824174059652,130.15204998011666,115.10966036310664,130.0817079353428,141.75709932577556,149.39322305813147,150.65185022694936,151.71589105650085,160.32581256480853,150.96552921164994,159.64605965684729,163.5591465730439,160.67667188499902,152.23323040970627,163.15484268969772,184.1074842526816,165.03042947893266,153.83065216635976
datastructure,WB.DATA360:DS_DATA360(1.3),I,A,ABW,WB_WDI_NE_TRD_GNFS_ZS,_T,_T,_T,PT_GDP,_Z,_Z,_Z,_Z,RATIO,2,WB_WDI,P1Y,0,A,PU,Annual,Aruba,Trade (% of GDP),Total,All age ranges or no breakdown by age,Total,Percentage of GDP,Not Applicable,Not Applicable,Not Applicable,Not Applicable,Ratio,Two,World Development Indicators (WDI),Annual,Units,Normal value,Public,,,,,,,,,,,,,,,,,,,,,,,,,,,,,,,,,,,,171.36209813874788,175.3441295546559,168.7819110138585,163.26735994632674,164.55901426718546,145.07287951620407,140.3911086183056,133.23077142124896,132.79429127402324,132.43092979517345,145.0502801442372,141.04262673462551,139.972309491093,139.1101498247008,137.556575933708,135.4646546775809,154.43778686288695,156.64519720594384,155.7319044170458,156.49105276623646,140.49300113349602,136.88726332082655,138.71662009523604,138.82497224565734,137.9619293133995,122.72373804640402,139.91779770876835,160.63454641801468,159.01859692465212,160.36527878994727
datastructure,WB.DATA360:DS_DATA360(1.3),I,A,LUX,WB_WDI_NE_TRD_GNFS_ZS,_T,_T,_T,PT_GDP,_Z,_Z,_Z,_Z,RATIO,2,WB_WDI,P1Y,0,A,PU,Annual,Luxembourg,Trade (% of GDP),Total,All age ranges or no breakdown by age,Total,Percentage of GDP,Not Applicable,Not Applicable,Not Applicable,Not Applicable,Ratio,Two,World Development Indicators (WDI),Annual,Units,Normal value,Public,,,,,,,,,,,160.83798585868425,168.22201594135632,155.73003968303692,162.09995629866333,180.06606768766346,176.08552355486816,166.20069393829516,165.3719304790407,161.87755241649572,173.31966163417457,173.11871398888619,171.50634841942008,174.93638471821268,175.62810775443697,195.35064642951798,206.5701052574082,188.53317589700617,187.43096184324233,188.92057460633268,191.01181054177545,187.81116710145673,188.663907871345,182.54727407881015,181.40266678342596,185.78624714886493,189.54444588879605,195.63690664814965,212.08875793191737,236.57001498757543,239.92249957769118,272.4123268453483,270.76563044325707,250.6891981614239,244.9779460605285,265.22688485563737,284.07747686947846,305.87954748852565,307.485020085196,292.2134807834298,263.5327015416839,293.6718769069386,308.7144538741623,311.78683520468604,320.53350631676807,333.42885319668034,351.13197436149005,348.43740937688875,353.7939919803034,361.8654451986675,382.66078058442014,375.5813963764318,397.5061808679712,412.1771699241749,402.5669681973445,351.2679211531919
datastructure,WB.DATA360:DS_DATA360(1.3),I,A,NER,WB_WDI_NE_TRD_GNFS_ZS,_T,_T,_T,PT_GDP,_Z,_Z,_Z,_Z,RATIO,2,WB_WDI,P1Y,0,A,PU,Annual,Niger,Trade (% of GDP),Total,All age ranges or no breakdown by age,Total,Percentage of GDP,Not Applicable,Not Applicable,Not Applicable,Not Applicable,Ratio,Two,World Development Indicators (WDI),Annual,Units,Normal value,Public,14.50575373586916,17.82657799549449,22.231367078535232,19.63342022625012,23.365301260423625,23.500419498565712,28.53846804049196,22.804354696932293,22.290325292145724,25.830694906106995,28.873074248903784,27.968902996797972,34.70831407486646,39.24978802485844,41.24354351974211,50.24018356638057,56.6014748012522,48.97211232048905,50.35934881337353,65.4123428237894,62.71029742273011,60.35731578947367,57.0681085272408,47.7392587544749,49.87571527250026,53.526637183081164,40.69229501916723,45.98451143712502,41.888443336314474,39.89804356646843,35.616773555329914,30.336179238057014,28.706649946223845,26.09893764829599,33.64252861705974,34.7775356997428,36.539997643492995,33.1743453903346,35.0196895457842,31.375236724539068,34.71278070436043,33.01366708430145,30.83438574975493,33.382793141623836,36.96410444648958,38.34774180707357,36.53137318424288,35.50280284710066,39.711244054038275,49.51225670316246,51.94598630276275,50.24639515693449,45.08596447308003,46.29514914932913,45.741600836593236,44.727430371185996,36.4881092245519,39.07111173701491,37.5388483992356,37.102566425080106,35.51299065708412,37.015893550371295,52.8061484327332,46.475558063066764,49.97598373513892
datastructure,WB.DATA360:DS_DATA360(1.3),I,A,PRY,WB_WDI_NE_TRD_GNFS_ZS,_T,_T,_T,PT_GDP,_Z,_Z,_Z,_Z,RATIO,2,WB_WDI,P1Y,0,A,PU,Annual,Paraguay,Trade (% of GDP),Total,All age ranges or no breakdown by age,Total,Percentage of GDP,Not Applicable,Not Applicable,Not Applicable,Not Applicable,Ratio,Two,World Development Indicators (WDI),Annual,Units,Normal value,Public,,,27.30593205421581,24.534854874720914,26.59177485812019,30.7092249338009,29.389117917617796,27.846062148621876,29.125781920765366,31.77920762415648,31.038026721479962,29.318333811025127,27.606064046068585,29.233798639954717,32.667527690799616,31.062965043924827,32.698802722486676,41.89528549534923,40.53487607815416,37.61434006791881,33.89561056205717,29.13929805598789,31.89636926082709,25.142208470837286,41.126253912421184,54.20862358349796,67.13555492379123,72.48536665127135,85.0769742658953,82.95522790852215,91.30834080205608,89.13931922062082,89.49755755883587,113.60376354784188,123.07932946686397,118.06407419654947,103.0352672060356,95.93427624797452,101.60632013855879,77.55527569063571,78.64472976114848,72.60569901182383,79.44156564829274,81.12736377011628,80.10444661555417,85.02196365404573,84.73353130481259,79.00113742029681,80.77757465725914,70.8419818624334,81.25752337467893,78.49212384899022,74.76495745610856,73.36987138413296,69.08372496308907,66.91506552594574,67.7593152322119,71.08013440384588,72.06922362594948,71.22216173424333,62.76021747485747,69.74227302111998,73.7379050218566,82.40521077415727,76.83115654306243
datastructure,WB.DATA360:DS_DATA360(1.3),I,A,BGR,WB_WDI_NE_TRD_GNFS_ZS,_T,_T,_T,PT_GDP,_Z,_Z,_Z,_Z,RATIO,2,WB_WDI,P1Y,0,A,PU,Annual,Bulgaria,Trade (% of GDP),Total,All age ranges or no breakdown by age,Total,Percentage of GDP,Not Applicable,Not Applicable,Not Applicable,Not Applicable,Ratio,Two,World Development Indicators (WDI),Annual,Units,Normal value,Public,,,,,,,,,,,,,,,,,,,,,66.39641735489124,70.16104680422748,67.49939682211422,74.08786299329859,78.37731166465115,85.99736771865882,83.50356439440155,83.40765316317787,91.46175130590349,94.57897077252699,69.84706084519702,82.68238761974945,100.04980079681276,84.04148544663768,90.7201293759513,55.262735002669174,85.8207914540411,86.46373646732246,77.04520303409996,90.07496165785034,77.74570415944886,79.08136874776677,75.2696110143524,79.01388537135755,93.06389796418301,99.71421121273814,111.04746275380985,123.53255766075317,124.68874751535921,92.69264560363749,103.38052232119233,117.41810388629013,123.9713227141743,129.6886829864819,130.2483771152453,126.73664221294958,122.80551435651341,129.63442904800365,129.16650293063154,125.26041834641084,110.4238998462493,121.21408826382259,138.84487724123846,119.89950595655594,110.22631455921008
datastructure,WB.DATA360:DS_DATA360(1.3),I,A,BGD,WB_WDI_NE_TRD_GNFS_ZS,_T,_T,_T,PT_GDP,_Z,_Z,_Z,_Z,RATIO,2,WB_WDI,P1Y,0,A,PU,Annual,Bangladesh,Trade (% of GDP),Total,All age ranges or no breakdown by age,Total,Percentage of GDP,Not Applicable,Not Applicable,Not Applicable,Not Applicable,Ratio,Two,World Development Indicators (WDI),Annual,Units,Normal value,Public,19.30394367080713,22.48235237452231,21.554848275691004,21.63976306313537,24.150267810431068,23.029313713444786,22.93610297499636,21.90186010932143,19.937140376938316,19.811321170025572,20.820596953836727,17.01907183727938,19.407289555938483,18.394656510977438,14.049621065410362,10.995626132386494,22.382274929661637,19.422198198369518,21.038514961189243,21.907063543083364,23.377231112234973,19.24715909090909,20.606924193735203,20.316880621237072,16.81172717490344,18.22218462499935,17.01874250827821,16.68779763129631,17.67806430996123,18.32517401906931,18.96650201253851,18.88982688507471,19.934005502451058,23.121583069898193,22.86586455457032,28.209496076421807,26.07608772338093,26.32551339008326,27.88006340283938,28.387940557115787,29.321714361903794,32.09801707301166,28.967380721164922,27.65788490015796,26.85823414924314,34.396934864464974,38.11192443259214,39.94238265317351,42.6209140325589,40.09279622302296,37.80284267083215,47.420849835689815,48.11092274904673,46.29640272281737,44.51408019680959,42.085996307038194,31.3341501346142,29.99973067243435,32.51463172408839,31.578054491240426,26.27144737621502,27.72400470366311,33.77996727057349,30.982971410459648,26.778075804047756
datastructure,WB.DATA360:DS_DATA360(1.3),I,A,ROU,WB_WDI_NE_TRD_GNFS_ZS,_T,_T,_T,PT_GDP,_Z,_Z,_Z,_Z,RATIO,2,WB_WDI,P1Y,0,A,PU,Annual,Romania,Trade (% of GDP),Total,All age ranges or no breakdown by age,Total,Percentage of GDP,Not Applicable,Not Applicable,Not Applicable,Not Applicable,Ratio,Two,World Development Indicators (WDI),Annual,Units,Normal value,Public,,,,,,,,,,,,,,,,,,,,,,,,,,,,,,,42.90709872945565,39.13516947229911,63.99024746234989,51.00370337096597,51.86707006716607,56.291225396158,60.7813693722174,63.20524233238301,53.83879571008195,57.973675044987516,48.5213253850786,51.92859102114805,53.710247813937606,56.179527047024344,60.626478666940756,59.360549449055455,61.68362592651591,63.5051566734658,65.1752009979412,58.47005836665288,69.95493549327178,76.271356441629,76.59432399136725,81.39761317471827,83.37514295752013,83.5205767017155,85.8925282906884,87.15606456678009,87.0911701095809,84.90636305847933,78.36164635627091,87.07119654601449,93.9496509383447,83.37533240622314,77.21498379390027
datastructure,WB.DATA360:DS_DATA360(1.3),I,A,ZWE,WB_WDI_NE_TRD_GNFS_ZS,_T,_T,_T,PT_GDP,_Z,_Z,_Z,_Z,RATIO,2,WB_WDI,P1Y,0,A,PU,Annual,Zimbabwe,Trade (% of GDP),Total,All age ranges or no breakdown by age,Total,Percentage of GDP,Not Applicable,Not Applicable,Not Applicable,Not Applicable,Ratio,Two,World Development Indicators (WDI),Annual,Units,Normal value,Public,,,,,,,,,,,,,,,,47.198608414195775,41.557346148039045,41.61263057146153,42.00714656595898,44.461136672554034,49.89041556472091,45.33064354081202,39.145288780436985,35.91685517397007,41.36613539098778,44.213676670860266,45.570353032992806,45.29059605292821,44.1003494901414,45.06254264029565,45.6592519741447,51.05250983113579,63.7120651369356,63.169515398378316,71.12086158755486,79.15671117357695,72.068361086766,82.20353878603234,88.51332890987862,70.92108139619616,74.07089231688641,67.89809386867235,66.80981836807061,70.4519675420993,76.03942498063184,76.04306864064603,82.82003029329417,84.16827989990084,109.5235400633771,61.7764909650234,83.12340478512586,89.4659437238642,74.16270038251525,58.65607371438294,54.67175924739176,56.74965266043333,51.2190376594477,55.02831783106102,54.55031658745998,46.10654426755153,40.178406223435495,44.11455948998549,55.06735224760363,40.29126120469416,41.486531265631356
datastructure,WB.DATA360:DS_DATA360(1.3),I,A,IDA,WB_WDI_NE_TRD_GNFS_ZS,_T,_T,_T,PT_GDP,_Z,_Z,_Z,_Z,RATIO,2,WB_WDI,P1Y,0,A,PU,Annual,IDA total,Trade (% of GDP),Total,All age ranges or no breakdown by age,Total,Percentage of GDP,Not Applicable,Not Applicable,Not Applicable,Not Applicable,Ratio,Two,World Development Indicators (WDI),Annual,Units,Normal value,Public,32.09331432023217,,,,,,,,,,,,,,,,,,,,,,,,,,,,,,,,,,,,,,,,,,,,,,,,,,,,,,,48.00458176306778,45.19434214291913,46.21963100617096,49.31044374009233,48.804557983678016,43.878000987054584,47.3725889536315,51.3326796915021,48.39051173907796,47.10911934795078
datastructure,WB.DATA360:DS_DATA360(1.3),I,A,GRL,WB_WDI_NE_TRD_GNFS_ZS,_T,_T,_T,PT_GDP,_Z,_Z,_Z,_Z,RATIO,2,WB_WDI,P1Y,0,A,PU,Annual,Greenland,Trade (% of GDP),Total,All age ranges or no breakdown by age,Total,Percentage of GDP,Not Applicable,Not Applicable,Not Applicable,Not Applicable,Ratio,Two,World Development Indicators (WDI),Annual,Units,Normal value,Public,,,,,,,,,,,,,,,,,,,,,,,,,,,,,,,,,,,,,,,,,,,,87.29719728103149,88.15243572952825,99.70792654893582,89.69385624190787,94.96705396291428,107.37322125157958,85.7573657356888,110.47236823412416,130.54794235399422,100.9784010849072,95.91166815875857,87.0885837878503,83.10138100845734,85.83767292042779,84.20725586731037,89.77669062660331,92.19075156074916,82.65950288925829,83.68385722771417,93.36513287666321,91.89009943758208,
datastructure,WB.DATA360:DS_DATA360(1.3),I,A,VNM,WB_WDI_NE_TRD_GNFS_ZS,_T,_T,_T,PT_GDP,_Z,_Z,_Z,_Z,RATIO,2,WB_WDI,P1Y,0,A,PU,Annual,Vietnam,Trade (% of GDP),Total,All age ranges or no breakdown by age,Total,Percentage of GDP,Not Applicable,Not Applicable,Not Applicable,Not Applicable,Ratio,Two,World Development Indicators (WDI),Annual,Units,Normal value,Public,,,,,,,,,,,,,,,,,,,,,,,,,,,23.21869432387312,20.798606574912892,18.950487086900132,57.904462154985225,81.31569794088904,66.94695239417524,73.57688512647921,66.21226715124983,77.47319794268878,74.72126592060884,92.70574680189387,94.34448406845162,97.00124851184293,102.78740660395758,111.41709441951247,111.95593799852482,116.6968686524987,124.32795443912474,133.01649786874728,130.7148460450262,138.3136218695982,154.6053839965543,154.31747962775836,134.70631772175759,113.97768753971418,125.26057794082932,123.2241167459847,130.84635486674253,135.410521454361,144.9142281952372,145.40950797311808,160.9800836588696,164.66393677589295,164.70421503140798,163.24586281493492,186.6758328368143,183.15361914783583,164.8180712698939,173.86202478296536
datastructure,WB.DATA360:DS_DATA360(1.3),I,A,EUU,WB_WDI_NE_TRD_GNFS_ZS,_T,_T,_T,PT_GDP,_Z,_Z,_Z,_Z,RATIO,2,WB_WDI,P1Y,0,A,PU,Annual,European Union,Trade (% of GDP),Total,All age ranges or no breakdown by age,Total,Percentage of GDP,Not Applicable,Not Applicable,Not Applicable,Not Applicable,Ratio,Two,World Development Indicators (WDI),Annual,Units,Normal value,Public,,,,,,,,,,,40.15446854899923,39.80711451653026,39.886828486908165,42.17511850320388,49.18956839638736,45.14819563894542,47.65804594167562,47.74779594119209,46.528485592772775,49.52876844760183,51.94486993100339,54.514579501985004,54.437117049546906,54.318635250081826,57.196260835240025,57.68068489924951,50.93212700971466,50.35282161429803,51.58194854066121,54.375332891863856,53.64149474134525,53.84421746316874,53.402298147932385,51.82961195478613,54.45507392954249,57.06686186683774,57.81812384063211,61.922366210142876,63.24768732580156,64.02976428404963,71.57053620403843,70.72997127665624,68.43616133751306,67.35820617958632,70.3968764065819,73.55210630423377,77.98399572104951,79.7970825624113,80.78452290767741,70.50611172295284,78.282201525606,83.47164689781927,85.08729941389916,84.78025446884514,85.49456192633497,86.67847482272731,85.784351990334,88.71535672225812,90.42879443045841,90.55351856065555,83.81784547619891,91.20311155804782,103.7064336934257,95.21603717631383,91.6513434875625
datastructure,WB.DATA360:DS_DATA360(1.3),I,A,FIN,WB_WDI_NE_TRD_GNFS_ZS,_T,_T,_T,PT_GDP,_Z,_Z,_Z,_Z,RATIO,2,WB_WDI,P1Y,0,A,PU,Annual,Finland,Trade (% of GDP),Total,All age ranges or no breakdown by age,Total,Percentage of GDP,Not Applicable,Not Applicable,Not Applicable,Not Applicable,Ratio,Two,World Development Indicators (WDI),Annual,Units,Normal value,Public,,,,,,,,,,,49.41696843026223,47.438218267292115,47.786072956293864,48.50340799694599,55.20999143280272,50.328086702494765,49.26369185720157,52.385313314515315,52.62124741070448,58.10835141066708,62.94117647058823,61.60636872389059,57.5902037764068,57.43883023294788,56.618390030313236,55.326749677973375,49.99680898589572,49.49478535763879,48.16644722262055,47.88299408449392,45.83901323600546,43.48141244692969,50.23942632038308,58.23151500992875,62.49917260552038,64.1355353769273,65.7903252694235,68.24780614640136,66.99105711984456,66.25449215055798,74.9255788717317,70.28413766397212,69.32093775262732,68.07150295951593,70.967802899062,76.58897404442932,82.00056692949826,82.86316082091747,86.18965987655274,70.1279335295898,75.46120852312288,78.71594444866055,79.43037658824821,77.48517177157403,74.62777197541959,71.96182537870138,71.72221011788594,75.93878223100407,79.14361484228456,80.56415029473666,72.1845955995888,79.78927819137817,94.56253405226671,85.56339060575851,83.46010153535074
datastructure,WB.DATA360:DS_DATA360(1.3),I,A,SRB,WB_WDI_NE_TRD_GNFS_ZS,_T,_T,_T,PT_GDP,_Z,_Z,_Z,_Z,RATIO,2,WB_WDI,P1Y,0,A,PU,Annual,Serbia,Trade (% of GDP),Total,All age ranges or no breakdown by age,Total,Percentage of GDP,Not Applicable,Not Applicable,Not Applicable,Not Applicable,Ratio,Two,World Development Indicators (WDI),Annual,Units,Normal value,Public,,,,,,,,,,,,,,,,,,,,,,,,,,,,,,,,,,,,12.574495417182217,27.319003710405937,32.67802049469569,39.16697557569806,24.19794239207087,21.109043880746018,53.895078617848526,54.302882889577035,58.294672022219096,72.28761624556495,71.9925488520017,75.529235364472,72.71658757715343,75.74324628688387,63.50172261575408,73.70886158652951,75.74936130695227,82.07668143482539,84.33225637666382,88.38150232704456,93.52814776632371,97.69069404318039,102.74044516693428,105.56371302855916,107.57730954609185,100.32446081012915,112.34229832494529,131.91329228351623,114.4920646432201,111.72502838891627
datastructure,WB.DATA360:DS_DATA360(1.3),I,A,PRI,WB_WDI_NE_TRD_GNFS_ZS,_T,_T,_T,PT_GDP,_Z,_Z,_Z,_Z,RATIO,2,WB_WDI,P1Y,0,A,PU,Annual,Puerto Rico,Trade (% of GDP),Total,All age ranges or no breakdown by age,Total,Percentage of GDP,Not Applicable,Not Applicable,Not Applicable,Not Applicable,Ratio,Two,World Development Indicators (WDI),Annual,Units,Normal value,Public,,,,,,,,,,,,82.80619111709287,80.29989413642181,85.14080886553181,98.89912554653341,98.6680165400144,97.87480766228843,106.83187197933589,101.42498880429915,105.25568627450981,108.41917138285271,108.62575756626158,103.62617959699836,98.56105946771935,97.45232901589554,101.80736549494311,98.45974201814688,94.86427090877308,97.82496645923186,107.94177804923086,114.45266209206737,115.30109411422809,105.22104403554908,97.97993936264695,96.765407855708,99.95443794595259,92.64341955766805,94.0796549047141,96.27263045793397,104.08049653360074,106.16951207258134,109.88564971882026,106.32948683043972,118.84015748241954,117.00086375749663,113.74479472839465,117.72847799438813,117.59577905807912,116.277994389108,105.2621968426819,104.15322830659892,108.5584001068243,103.31118655282145,104.8922401171303,102.38545650480546,108.88063419282132,110.27404547009824,113.13164903258237,106.00120247904823,107.57145683672226,103.5098113174616,96.74536253154756,98.25646917659915,101.65755095167714,94.62250855556053
datastructure,WB.DATA360:DS_DATA360(1.3),I,A,ARE,WB_WDI_NE_TRD_GNFS_ZS,_T,_T,_T,PT_GDP,_Z,_Z,_Z,_Z,RATIO,2,WB_WDI,P1Y,0,A,PU,Annual,United Arab Emirates,Trade (% of GDP),Total,All age ranges or no breakdown by age,Total,Percentage of GDP,Not Applicable,Not Applicable,Not Applicable,Not Applicable,Ratio,Two,World Development Indicators (WDI),Annual,Units,Normal value,Public,,,,,,,,,,,,,,,,,,,,,,,,,,,,,,,,,,,,,,,,,,89.86457992894267,93.07165881477808,102.3001694907831,116.62261252383101,119.55287164225442,119.4706695777856,136.79815286577133,148.51354402572267,153.46194435837282,135.48570912842584,144.17678686898213,156.6376945014814,157.39808398964087,159.51561505776388,164.28618273790346,165.39501917458,165.47654246981486,154.74700501929283,163.82215294485297,181.29188817063957,182.90935506659721,185.74166098281856,199.0449792375464,
datastructure,WB.DATA360:DS_DATA360(1.3),I,A,USA,WB_WDI_NE_TRD_GNFS_ZS,_T,_T,_T,PT_GDP,_Z,_Z,_Z,_Z,RATIO,2,WB_WDI,P1Y,0,A,PU,Annual,United States,Trade (% of GDP),Total,All age ranges or no breakdown by age,Total,Percentage of GDP,Not Applicable,Not Applicable,Not Applicable,Not Applicable,Ratio,Two,World Development Indicators (WDI),Annual,Units,Normal value,Public,,,,,,,,,,,10.758285404960203,10.757179035927372,11.340619649600113,13.079215589430436,16.444986322539563,15.516373633156547,16.048845635663696,16.417894675155367,16.97283422896506,18.376163204283582,20.109844689422594,19.425913170427194,17.536812280918443,16.66559348031033,17.522407422405266,16.603906126302988,16.897977151434254,17.9735809845702,19.070100705861503,19.41511066048873,19.81506735373152,19.786448124097433,19.95059450239229,20.044618701975153,21.055459161745276,22.453381649056794,22.687071990241197,23.42832109168386,22.825890952369342,23.313563704660236,25.102995359581275,22.967181335595964,22.286374109489657,22.627313006278925,24.448062264325664,25.638553031651657,26.975278097319677,28.01201768226667,29.867795794531933,24.759531168987643,28.219895234673064,30.842486241194344,30.681835365729548,30.007953968464506,30.004478161485533,27.823564918787213,26.607962060458373,27.31302088772056,27.610379272095802,26.453759494047542,23.401562996939425,25.60955766219321,27.313939735536323,25.290329788336592,25.378634250708764
datastructure,WB.DATA360:DS_DATA360(1.3),I,A,POL,WB_WDI_NE_TRD_GNFS_ZS,_T,_T,_T,PT_GDP,_Z,_Z,_Z,_Z,RATIO,2,WB_WDI,P1Y,0,A,PU,Annual,Poland,Trade (% of GDP),Total,All age ranges or no breakdown by age,Total,Percentage of GDP,Not Applicable,Not Applicable,Not Applicable,Not Applicable,Ratio,Two,World Development Indicators (WDI),Annual,Units,Normal value,Public,,,,,,,,,,,,,,,,,,,,,,,,,,,,,,,,,,,,43.55521809799036,45.37673444534652,50.37637864053599,56.54605565550842,53.89801876246857,60.610720942329664,57.8785312712895,60.79679905739114,69.21344798417884,70.98157656941618,70.31147909025836,77.70080354023524,80.74539905669103,80.57468155692065,74.96859652642691,82.22585232199216,86.9236892837618,88.82990330665832,90.41750724156292,92.03401971131778,92.25542727419422,96.8659028060623,100.56589524627961,102.4424621680053,101.58103381737295,99.25909123034361,110.87428302194462,123.02133286034473,110.0249350418151,100.35944284716398
datastructure,WB.DATA360:DS_DATA360(1.3),I,A,COL,WB_WDI_NE_TRD_GNFS_ZS,_T,_T,_T,PT_GDP,_Z,_Z,_Z,_Z,RATIO,2,WB_WDI,P1Y,0,A,PU,Annual,Colombia,Trade (% of GDP),Total,All age ranges or no breakdown by age,Total,Percentage of GDP,Not Applicable,Not Applicable,Not Applicable,Not Applicable,Ratio,Two,World Development Indicators (WDI),Annual,Units,Normal value,Public,30.452012023913234,26.821148877420203,24.450817562983932,24.333249474446013,24.609117880666588,21.844002116122205,24.328307293443405,21.55400927766733,24.584457580688348,25.548653873693254,27.825228970836346,27.983269825385214,26.052928581222908,27.588419147886167,30.170541962380266,29.828835767252187,30.941251620418207,30.06442476491874,30.42451403923311,28.66160224828548,31.814986733201195,27.269384846374244,26.103772957812804,23.69982093141205,24.348750085567954,26.333101283296443,30.8306359086594,29.865550187615987,30.14280200365721,31.821621848176186,34.777810380308125,33.52991809471532,33.61159134365239,36.17747144496271,35.91753745013798,35.497230317766615,36.04410718632825,35.597068088679265,35.90892305351378,36.14927931417942,32.66708546930672,33.901111794944455,32.98263921442343,36.51618351722998,35.863426933799495,37.422697494954996,39.64135596062934,37.09889709829034,39.16764941643549,35.156128507458526,34.26460316876815,39.470423554536744,38.835151018668974,37.98664879784566,37.48746564111034,38.36076411844532,36.20265298420203,35.2829149424588,36.534752796897315,37.558533980838966,34.05557096801009,40.05914639361279,48.28265511233591,40.38813249339565,37.025468707788754
datastructure,WB.DATA360:DS_DATA360(1.3),I,A,KEN,WB_WDI_NE_TRD_GNFS_ZS,_T,_T,_T,PT_GDP,_Z,_Z,_Z,_Z,RATIO,2,WB_WDI,P1Y,0,A,PU,Annual,Kenya,Trade (% of GDP),Total,All age ranges or no breakdown by age,Total,Percentage of GDP,Not Applicable,Not Applicable,Not Applicable,Not Applicable,Ratio,Two,World Development Indicators (WDI),Annual,Units,Normal value,Public,64.76585106342321,63.84712142843965,62.162963148841065,60.995712320227334,62.601644090709804,62.0931711821468,63.284435767680236,57.837346660608816,58.69817098402714,57.617356244600174,60.489644815422764,63.82846301602796,55.31490831783151,56.062848684959576,74.57340435561422,64.33526781983788,64.20610897083104,66.55196515941716,67.62354066145298,57.36417474894859,65.41679594076068,64.28018575851394,58.21573714764021,54.162705390729236,58.80389757806249,55.44543455316651,55.74138559273695,47.702768005684845,49.97498209177025,53.15637722331799,57.02091368172687,55.59769922436536,52.93087010382862,72.8584813635643,71.26612522931075,71.74574164030346,57.312110703810184,54.057116860289256,48.89724194007533,48.19227498890953,53.309044386227335,55.94683602866438,55.17267226400534,54.132265895729034,59.47700334842886,64.47886616397959,55.23648512573032,53.89478880460585,57.57859864731311,45.945191812780514,50.394287350283385,58.40220597456249,51.62369202324807,47.46464251273036,46.17048936221598,40.3273846919019,34.86501957318242,35.99505787540744,34.41475317674248,31.759461841481023,30.39913878304108,35.0020477795269,40.2753238373561,41.11109041673956,40.18601399687559
datastructure,WB.DATA360:DS_DATA360(1.3),I,A,SAU,WB_WDI_NE_TRD_GNFS_ZS,_T,_T,_T,PT_GDP,_Z,_Z,_Z,_Z,RATIO,2,WB_WDI,P1Y,0,A,PU,Annual,Saudi Arabia,Trade (% of GDP),Total,All age ranges or no breakdown by age,Total,Percentage of GDP,Not Applicable,Not Applicable,Not Applicable,Not Applicable,Ratio,Two,World Development Indicators (WDI),Annual,Units,Normal value,Public,,,,,,,,,72.44894145580697,73.13276002574338,72.36548475080585,71.90185190929677,79.85570201717596,120.61944985921593,76.13822449384676,95.06655321218015,83.98114543684164,89.98168407126005,90.9143881174621,89.10033037362544,90.75616435353072,92.9118801604833,89.85007633239044,86.14526942243573,79.7444242547882,66.71352420027743,62.48928637972797,67.99436639028326,66.52658394827529,71.82305742651897,71.70807559162363,74.69929883516164,75.09203457773172,67.80697438575001,60.071311459218144,65.04172720837525,66.65382006795795,65.18806694404489,56.08839261057253,57.84604881941959,68.16644880051669,63.56058367945131,64.59279740992542,69.83117070874198,75.08283665693412,81.95407594101583,89.9446046768984,94.86331709676571,96.10263087421855,84.85834156248427,82.54968502275368,84.35943424389946,81.74067854615997,80.25150142867832,78.00011111773601,67.10526923005925,57.92166351103645,59.53197915782293,59.10291046971411,56.79382048865131,47.53315922504798,50.88392633987874,56.824164774933216,54.1690118283683,54.67870526687325
datastructure,WB.DATA360:DS_DATA360(1.3),I,A,LIC,WB_WDI_NE_TRD_GNFS_ZS,_T,_T,_T,PT_GDP,_Z,_Z,_Z,_Z,RATIO,2,WB_WDI,P1Y,0,A,PU,Annual,Low income,Trade (% of GDP),Total,All age ranges or no breakdown by age,Total,Percentage of GDP,Not Applicable,Not Applicable,Not Applicable,Not Applicable,Ratio,Two,World Development Indicators (WDI),Annual,Units,Normal value,Public,,,,,,,,,,,,,,,,,,,,,,,,,,,,,,,,33.068481585615196,35.048429390690764,33.8596709147828,41.26677624809699,44.5283465791767,45.07364218743382,39.75858876581942,42.386772981682796,41.00501740908876,41.05411478848057,38.92597071876914,45.914402787912834,46.58170079480349,48.606311756992305,50.57141858874498,50.39643424294117,53.54725539436766,57.72290871979703,52.149598245542016,54.15090649013028,54.18063225912229,51.949062811833485,52.765486620291995,50.83976947557237,45.41656412170797,48.55074519917736,51.774627263968824,56.49519929928357,54.42009238093615,51.0254007187152,55.69821119413928,54.75461575252027,52.67156309954981,55.57017766408701
datastructure,WB.DATA360:DS_DATA360(1.3),I,A,PRT,WB_WDI_NE_TRD_GNFS_ZS,_T,_T,_T,PT_GDP,_Z,_Z,_Z,_Z,RATIO,2,WB_WDI,P1Y,0,A,PU,Annual,Portugal,Trade (% of GDP),Total,All age ranges or no breakdown by age,Total,Percentage of GDP,Not Applicable,Not Applicable,Not Applicable,Not Applicable,Ratio,Two,World Development Indicators (WDI),Annual,Units,Normal value,Public,,,,,,,,,,,43.213462214925165,44.674188784103556,46.23248120082551,47.237122719411175,53.94137424396751,41.53306686341119,37.71448027862583,40.52807304525869,41.130410208051494,50.733285631948924,54.23525013388301,55.576139978877514,55.762204448781205,58.927638630084,64.4120956691972,61.51639837757328,54.02006626674254,59.575853276296144,63.199381985848504,64.86889637869663,65.05559263068871,60.36660021578073,56.307277597898285,54.17523266333909,57.17736001568652,59.914472162005275,60.20980504716661,62.304951502458294,63.830898857036054,63.314329817223694,67.45299798632468,65.09195517711217,62.30825941697724,61.138947488365304,63.20459366702785,62.94450456045203,68.54705311820094,69.9461175817991,72.07574292216043,61.492693526775945,67.68924019279825,73.00757567005311,75.9411067187813,78.0305056874282,80.220669072079,80.63467562664434,79.52234648440006,84.80779230695387,86.73569549183993,86.77098890835859,76.5086407209215,85.87354521489755,101.36414647943451,93.13585370720384,89.696408854026
datastructure,WB.DATA360:DS_DATA360(1.3),I,A,EAR,WB_WDI_NE_TRD_GNFS_ZS,_T,_T,_T,PT_GDP,_Z,_Z,_Z,_Z,RATIO,2,WB_WDI,P1Y,0,A,PU,Annual,Early-demographic dividend,Trade (% of GDP),Total,All age ranges or no breakdown by age,Total,Percentage of GDP,Not Applicable,Not Applicable,Not Applicable,Not Applicable,Ratio,Two,World Development Indicators (WDI),Annual,Units,Normal value,Public,23.540601558553973,23.5965556970318,20.60516001762685,22.05509867117389,22.21781773380727,20.073455659091618,22.85152032636935,21.624322872099874,25.494213875462986,25.044811500976163,26.722911165844025,27.30107137716411,28.52073297266669,34.292809687177076,35.3455939907005,36.32275533134891,35.23654079930404,36.32141814217583,35.8028693204579,37.67457437585429,39.42538855126135,39.17785733424722,37.71391523706472,37.23327356607295,36.372845336814535,34.737347521997044,32.324951540418965,34.36030487207982,36.83480855706367,38.3650182170606,39.19852890214255,40.00686700066138,40.55940060542693,39.5674534383876,40.515561893571146,43.29291072223468,44.487039700695775,45.186412751830524,47.32764694592685,44.47684006951244,48.7709965948359,47.59583071249123,49.101205457780544,49.95395470866744,54.15929749808149,56.55897826261481,57.953759261184054,58.24738151000088,61.27362893263585,53.287779002895235,54.831532330357426,58.063814762747434,57.743366140568185,56.668811253254184,55.00232368804755,51.05261361408845,48.695520138338175,50.697226243087144,54.62589228279506,52.21367661213303,47.337569645626104,53.40802001262861,58.93414453760223,53.07132432413305,51.66586278468998
datastructure,WB.DATA360:DS_DATA360(1.3),I,A,TSS,WB_WDI_NE_TRD_GNFS_ZS,_T,_T,_T,PT_GDP,_Z,_Z,_Z,_Z,RATIO,2,WB_WDI,P1Y,0,A,PU,Annual,Sub-Saharan Africa (IDA & IBRD),Trade (% of GDP),Total,All age ranges or no breakdown by age,Total,Percentage of GDP,Not Applicable,Not Applicable,Not Applicable,Not Applicable,Ratio,Two,World Development Indicators (WDI),Annual,Units,Normal value,Public,38.7957461229675,,,,,,,,,,,,,,,,,,,,,,,,,,,,,,,,,,,,,,,,,,,,,,,,,,,65.14809354584172,63.98685736242817,62.32223276943698,60.75738213809111,57.306214593192315,55.13995032973537,54.23327588193501,56.695350199487606,55.75402127456585,51.203398113168916,55.704642967120776,59.17755487485571,57.348047914102814,56.02087202641676
datastructure,WB.DATA360:DS_DATA360(1.3),I,A,CHL,WB_WDI_NE_TRD_GNFS_ZS,_T,_T,_T,PT_GDP,_Z,_Z,_Z,_Z,RATIO,2,WB_WDI,P1Y,0,A,PU,Annual,Chile,Trade (% of GDP),Total,All age ranges or no breakdown by age,Total,Percentage of GDP,Not Applicable,Not Applicable,Not Applicable,Not Applicable,Ratio,Two,World Development Indicators (WDI),Annual,Units,Normal value,Public,28.19589050672081,26.279847917836523,23.585069774139615,26.539350997140236,25.04960503768426,25.615707781417953,27.38450848336288,26.623750877214263,26.449157626490628,29.798576015953117,27.967588981745322,22.62329095118813,22.299991487893568,28.005863820855808,37.95930986553921,49.447898756515116,43.47126787820168,40.85057130127622,42.46455645476245,46.72583756963779,47.225557404450186,40.96358862604113,39.49925359423264,44.23851307790639,46.545285593742065,49.974866679081146,51.23835926837915,53.34255856388646,58.15911276631984,62.62767564782536,61.208637778781814,57.5075471638552,55.54174770035466,52.91385305602708,52.807683953965764,54.68748359988533,53.92074989432572,54.09929817928925,53.836178515328236,54.6956098321562,58.71192308769725,62.144766968764465,62.48385190162954,65.69341959090498,69.88936005324582,72.06253423802941,73.71163504485206,76.97702471409282,80.6766262406468,66.68603096314179,69.71768013703375,72.48164280773341,68.15614289133401,65.14328795238785,65.63462812188874,59.34911047753091,56.05786108777225,56.02615896757065,58.177050633437034,57.61175456808293,58.18286356297483,64.87740632378343,75.20161774253033,60.72472368744081,63.85985724806601
datastructure,WB.DATA360:DS_DATA360(1.3),I,A,AUT,WB_WDI_NE_TRD_GNFS_ZS,_T,_T,_T,PT_GDP,_Z,_Z,_Z,_Z,RATIO,2,WB_WDI,P1Y,0,A,PU,Annual,Austria,Trade (% of GDP),Total,All age ranges or no breakdown by age,Total,Percentage of GDP,Not Applicable,Not Applicable,Not Applicable,Not Applicable,Ratio,Two,World Development Indicators (WDI),Annual,Units,Normal value,Public,,,,,,,,,,,55.07611932457579,54.59430951759923,54.5095261285031,54.670959889834506,59.80196965529929,56.821696637489104,60.151889806092754,60.51462521464555,59.90261923933703,63.56620001737278,67.08778143739363,68.66550398678197,64.36924039708283,62.717843835786034,66.83679752750574,70.35874875631858,64.26632073655244,63.100881839038756,66.82429381435176,70.8157362192816,71.76948194640802,70.32385668628191,67.89610882480078,63.513827043435356,66.24657391084503,68.52500575299722,70.46931629828121,75.24447603055545,77.3495216604118,78.56293297729613,85.84260773365487,87.99625671860471,87.58449370546188,86.88222632286077,91.4742201880009,94.6747547827805,98.78572531612406,101.3649584354605,102.74370436130017,87.60049310219534,99.64488255467155,105.77509837237788,105.84079138970569,104.98537401536726,104.49673998925999,103.11758174626,101.57349459717217,105.55606675543766,108.37796997182795,108.20728490442558,99.94821410959752,111.03293212416465,123.57957865290192,115.15291482273196,108.82577783440472
datastructure,WB.DATA360:DS_DATA360(1.3),I,A,HND,WB_WDI_NE_TRD_GNFS_ZS,_T,_T,_T,PT_GDP,_Z,_Z,_Z,_Z,RATIO,2,WB_WDI,P1Y,0,A,PU,Annual,Honduras,Trade (% of GDP),Total,All age ranges or no breakdown by age,Total,Percentage of GDP,Not Applicable,Not Applicable,Not Applicable,Not Applicable,Ratio,Two,World Development Indicators (WDI),Annual,Units,Normal value,Public,36.35025754231052,38.436320286111666,38.736031552258424,53.71273712737127,56.31872779563526,65.2868443283926,71.77634905728527,72.22851055329915,74.91569072291372,71.67219327333018,74.9391862007961,69.79498148051542,67.48168631446174,80.08065230878313,96.07401448109412,92.26720799969927,92.26388976278865,97.0958068080181,93.82324065757317,97.29389326712008,99.01080266298203,85.26614883774059,65.79361790302528,66.91880069260912,70.53400828804685,67.48261442136636,66.7835362614479,60.56161439261264,68.83042833709068,79.5974815013278,94.22249138778727,89.5935124691766,84.75845943442009,98.24846653849674,114.43811388632224,114.5376474631649,122.72511272796393,121.46619020764746,122.6967070309598,121.50210560273422,120.39216458423579,115.94307173795366,117.99745445029907,122.24827717553414,135.46175874185408,136.48976801848625,133.13183510432017,135.07063491791655,135.7489551930535,96.90500601889039,109.44183824168188,122.21690259733671,121.18821580828481,116.306049247436,112.97509728471047,107.26440535424014,99.81571695059243,101.8131110796223,103.55116221545187,99.45997799375888,88.00085638362921,103.37264345991841,112.6985249139662,98.79197983363649,91.1101585856976
datastructure,WB.DATA360:DS_DATA360(1.3),I,A,PNG,WB_WDI_NE_TRD_GNFS_ZS,_T,_T,_T,PT_GDP,_Z,_Z,_Z,_Z,RATIO,2,WB_WDI,P1Y,0,A,PU,Annual,Papua New Guinea,Trade (% of GDP),Total,All age ranges or no breakdown by age,Total,Percentage of GDP,Not Applicable,Not Applicable,Not Applicable,Not Applicable,Ratio,Two,World Development Indicators (WDI),Annual,Units,Normal value,Public,,44.23604757548033,44.125214408233276,48.37662337662338,52.60454878943507,56.00390497884803,56.917788599255225,56.997957150619385,58.93350440131477,64.81107875297796,72.41497702724202,79.60859520473333,79.4589789955288,79.69828359024817,86.72602954123056,86.14302808067163,82.55464563279206,91.24374278013092,87.35608661018176,91.06946030445545,96.50489432703003,96.98430287889602,97.3302080951292,89.64760793465577,92.58839026078431,94.55467618684558,94.93448664619213,92.83887442941787,95.17365382795495,93.39396526250124,89.57154931408881,94.41979143554471,93.55197726734549,89.5892872552444,93.30266531652894,104.7399809514585,107.80335261306607,99.20797502683767,102.86093213388692,116.00680206610635,115.42183795887344,117.58036705366332,118.9191102912788,123.44906900674589,131.0829110162487,,,,,,,,,,,,,,,,,,,,
datastructure,WB.DATA360:DS_DATA360(1.3),I,A,LBN,WB_WDI_NE_TRD_GNFS_ZS,_T,_T,_T,PT_GDP,_Z,_Z,_Z,_Z,RATIO,2,WB_WDI,P1Y,0,A,PU,Annual,Lebanon,Trade (% of GDP),Total,All age ranges or no breakdown by age,Total,Percentage of GDP,Not Applicable,Not Applicable,Not Applicable,Not Applicable,Ratio,Two,World Development Indicators (WDI),Annual,Units,Normal value,Public,,,,,,,,,,,,,,,,,,,,,,,,,,,,,,109.92508864648929,117.9058080250038,92.4546720066934,82.84425644704798,76.35107471697667,70.27211547404515,73.13538699182341,68.09661275797039,62.08659793814433,54.71719759837852,50.81417076612135,50.115295926210614,55.55680835870259,51.04253255749514,54.09083402146986,90.97279702709561,92.76265627258499,91.06939702984093,97.96770796604943,106.62567317619379,90.39783886190924,95.09665294162426,102.13988241250311,88.54550192305915,86.17432859205654,79.81715659256272,71.83904263478107,67.7236177908116,68.45542925932757,68.25730730437184,62.98091601016004,50.1298042879627,78.82862040252412,114.88827826566647,104.20641006918237,
datastructure,WB.DATA360:DS_DATA360(1.3),I,A,MAC,WB_WDI_NE_TRD_GNFS_ZS,_T,_T,_T,PT_GDP,_Z,_Z,_Z,_Z,RATIO,2,WB_WDI,P1Y,0,A,PU,Annual,"Macao SAR, China",Trade (% of GDP),Total,All age ranges or no breakdown by age,Total,Percentage of GDP,Not Applicable,Not Applicable,Not Applicable,Not Applicable,Ratio,Two,World Development Indicators (WDI),Annual,Units,Normal value,Public,,,,,,,,,,,,,,,,,,,,,,,210.09419372979053,214.16577982736194,211.43974811563783,198.14593850390088,205.05823898346503,202.07257190230217,195.73439113188067,190.98771679624605,175.66436251920123,168.52478598447144,147.12218280201128,134.57389069803506,130.41262763988138,125.36603612268891,122.34407248049813,123.26564414002519,124.88797920008852,132.25670820273677,147.76978681921017,150.0235883292205,152.38264099966227,150.78839554325972,148.90375020496123,136.37222193707333,128.7856890785958,130.67059879471728,126.6071312092695,113.55459255005019,119.93841143989805,122.88686870054354,123.71134916794404,121.37507616788739,118.5808354435573,119.25043681325572,112.89023274185877,115.45466255784227,116.56867684501265,115.23129893554976,123.43437444297003,171.3159708205398,170.3680493385059,145.8744672523267,142.07943455075963
datastructure,WB.DATA360:DS_DATA360(1.3),I,A,AFE,WB_WDI_NE_TRD_GNFS_ZS,_T,_T,_T,PT_GDP,_Z,_Z,_Z,_Z,RATIO,2,WB_WDI,P1Y,0,A,PU,Annual,Eastern & Southern Africa,Trade (% of GDP),Total,All age ranges or no breakdown by age,Total,Percentage of GDP,Not Applicable,Not Applicable,Not Applicable,Not Applicable,Ratio,Two,World Development Indicators (WDI),Annual,Units,Normal value,Public,,,,,,,,,,,,,,,,,,,,,,,,,,,,,,,41.25421683085751,39.740226296266,40.418490984594946,42.85305499176293,45.36802833148241,47.43630940927819,47.19847093438132,45.061201269364986,46.65893956680282,44.90577608783103,46.557169077646265,47.955963700470285,57.294303886258376,54.865818834396045,55.901469079597604,58.65830063466143,59.22119685341766,64.92655224592298,72.1139529810406,60.82678972937189,61.14400160114954,63.068392153438495,61.026215192006674,61.47494764794756,59.89988482471446,54.91933504367703,52.953201856578886,51.833207175423524,55.02203789483864,53.528129184284005,49.52170477651693,54.50126451535958,57.152776271151694,56.170527745230494,54.42217832325404
datastructure,WB.DATA360:DS_DATA360(1.3),I,A,EST,WB_WDI_NE_TRD_GNFS_ZS,_T,_T,_T,PT_GDP,_Z,_Z,_Z,_Z,RATIO,2,WB_WDI,P1Y,0,A,PU,Annual,Estonia,Trade (% of GDP),Total,All age ranges or no breakdown by age,Total,Percentage of GDP,Not Applicable,Not Applicable,Not Applicable,Not Applicable,Ratio,Two,World Development Indicators (WDI),Annual,Units,Normal value,Public,,,,,,,,,,,,,,,,,,,,,,,,,,,,,,,,,,132.12637273145927,148.14306942379673,139.08747367766296,132.97744275089198,151.05134439040262,156.83823582752123,144.11645359293288,126.4956263686586,126.54664006729189,123.28234538757007,122.74477280779648,129.9495000776615,135.91279211510667,136.6207376626454,133.98082923575384,136.681988157836,116.75907985980159,143.6717622569779,166.74607243390025,169.15606777386455,164.6016321569155,157.95394484222888,148.50715712355762,147.74623270970037,144.63565094413298,143.48522486473502,140.35214799854862,137.3926412838461,160.47192230592688,175.6871195052402,154.59261711114905,151.03770241045515
datastructure,WB.DATA360:DS_DATA360(1.3),I,A,ALB,WB_WDI_NE_TRD_GNFS_ZS,_T,_T,_T,PT_GDP,_Z,_Z,_Z,_Z,RATIO,2,WB_WDI,P1Y,0,A,PU,Annual,Albania,Trade (% of GDP),Total,All age ranges or no breakdown by age,Total,Percentage of GDP,Not Applicable,Not Applicable,Not Applicable,Not Applicable,Ratio,Two,World Development Indicators (WDI),Annual,Units,Normal value,Public,,,,,,,,,,,,,,,,,,,,,47.49409250418724,46.10046628370469,44.81056160833827,40.4106676033234,38.115683021292725,35.93482397219582,31.63730487805605,32.15956391693805,36.89787073527001,40.066086463479046,39.43696340311417,36.07052006328295,108.78547224115917,80.51833277041297,53.102584735611224,40.13869895183142,44.41178200546629,44.72937806491813,47.13062669932216,49.89541840951953,61.60926104364073,64.24744625870092,65.99146503368017,64.8232150960777,65.03793831876975,69.11629266023219,72.20190894836738,79.91190089199543,75.24854727987281,73.32135756461692,75.53253296873783,80.69899852989536,76.9683583166821,75.75061856197482,75.02120230841288,71.27944766060136,74.01445045468154,76.78738178989887,75.6940783717425,75.38212893268896,59.52069943918749,75.59040409050093,84.69804359448655,82.3524933990723,79.45463607522235
datastructure,WB.DATA360:DS_DATA360(1.3),I,A,CZE,WB_WDI_NE_TRD_GNFS_ZS,_T,_T,_T,PT_GDP,_Z,_Z,_Z,_Z,RATIO,2,WB_WDI,P1Y,0,A,PU,Annual,Czechia,Trade (% of GDP),Total,All age ranges or no breakdown by age,Total,Percentage of GDP,Not Applicable,Not Applicable,Not Applicable,Not Applicable,Ratio,Two,World Development Indicators (WDI),Annual,Units,Normal value,Public,,,,,,,,,,,,,,,,,,,,,,,,,,,,,,,63.05127858451252,70.77122766719701,77.96113108488882,78.1977381830196,74.80301807991947,82.90099907252528,80.59955795966002,84.15323066772329,83.93865232073269,85.45712363961144,97.49839563278742,98.5368737300189,90.87927154565818,94.64686006656085,113.17397597041496,121.19128731610498,127.05101505501591,129.87673950488886,123.90480992994786,113.04925478487544,126.7564801167978,136.7508555424377,145.48019539693462,145.50223062496116,156.41512282688566,154.01840099763254,148.5470046644353,147.75083485476154,145.14171789078912,138.15460999387147,128.78043030596479,137.37811630286845,144.0114941093966,131.89259829587624,131.4849810699523
datastructure,WB.DATA360:DS_DATA360(1.3),I,A,JOR,WB_WDI_NE_TRD_GNFS_ZS,_T,_T,_T,PT_GDP,_Z,_Z,_Z,_Z,RATIO,2,WB_WDI,P1Y,0,A,PU,Annual,Jordan,Trade (% of GDP),Total,All age ranges or no breakdown by age,Total,Percentage of GDP,Not Applicable,Not Applicable,Not Applicable,Not Applicable,Ratio,Two,World Development Indicators (WDI),Annual,Units,Normal value,Public,,,,,,,,,,,,,,,,,112.16502115655854,116.03418308227114,113.2905821702502,121.46564885496183,125.69319254871662,142.18555847024714,134.8948548572814,117.13869920519421,118.6259621930146,115.91393484218004,81.83887525106003,90.78147548869549,108.12478719782091,130.44733044733044,149.44768389410018,137.26166328600408,131.64469864834922,130.48523324065494,118.33617607233838,124.58268818800772,131.05912329994297,120.73711288030677,109.05240293771614,104.47037363930566,110.32890459599581,109.2854785737857,114.03885781571977,115.7068352539184,134.62161193439545,146.90889127901764,141.74738183112575,145.99424628852637,140.9129259609196,112.1519981871085,114.22267769412522,118.69967950180138,117.85558768518946,111.45152799762823,109.93880553502171,95.35791222667909,88.72071789546874,89.7316005071358,87.63591519068568,85.68783349642038,66.05994880890592,80.3328699444404,104.09545943918867,100.34786875203427,99.67944773657244
datastructure,WB.DATA360:DS_DATA360(1.3),I,A,ARM,WB_WDI_NE_TRD_GNFS_ZS,_T,_T,_T,PT_GDP,_Z,_Z,_Z,_Z,RATIO,2,WB_WDI,P1Y,0,A,PU,Annual,Armenia,Trade (% of GDP),Total,All age ranges or no breakdown by age,Total,Percentage of GDP,Not Applicable,Not Applicable,Not Applicable,Not Applicable,Ratio,Two,World Development Indicators (WDI),Annual,Units,Normal value,Public,,,,,,,,,,,,,,,,,,,,,,,,,,,,,,,81.33571854502087,100.86585518885683,101.07675940552565,107.97314628023355,112.42936460226203,86.11485706675785,79.2295601199241,78.5477450545048,71.84245188154136,70.56047914404039,72.23333022733665,69.86426639253364,73.98450184323094,80.05136760224264,73.07063399193709,70.13973858353336,61.03013798185657,56.97504708531471,54.54232796136659,57.274235744199466,64.64297597363299,69.43557366204533,75.96167596067043,77.55504815988242,75.77886696263904,71.68207434275752,76.07796745935478,87.20237653983696,92.47310702121204,97.84700486532697,70.12135713687886,79.24890576471122,103.87862921350799,123.41875007762695,150.06472658874205
datastructure,WB.DATA360:DS_DATA360(1.3),I,A,JPN,WB_WDI_NE_TRD_GNFS_ZS,_T,_T,_T,PT_GDP,_Z,_Z,_Z,_Z,RATIO,2,WB_WDI,P1Y,0,A,PU,Annual,Japan,Trade (% of GDP),Total,All age ranges or no breakdown by age,Total,Percentage of GDP,Not Applicable,Not Applicable,Not Applicable,Not Applicable,Ratio,Two,World Development Indicators (WDI),Annual,Units,Normal value,Public,,,,,,,,,,,19.15050276589816,19.494997962136694,17.75970795386848,18.888182808411358,26.332827711490147,24.075438852872917,24.788258452790245,23.127135880503392,19.308241655635396,22.652427720833078,26.64936450482064,27.046831592781047,26.7229126893106,24.51719281576151,25.803500930353035,24.11126123069267,17.799091514937608,16.788784616085277,16.888514752467067,18.541513741098072,19.33571373292281,17.759451254316836,17.018068824018982,15.723339130517516,15.810306232275712,16.390104934017234,18.253868225552182,19.78351762336688,19.003186222337703,18.125630716691106,19.562371583905424,19.55960447200707,20.447122066158265,21.32612526781185,23.66435342289747,26.229954577856496,30.016376098669173,32.816578051879006,34.12947654122455,24.390166533855524,28.49847269383891,30.194960728629617,30.47091091717523,33.97876865095107,37.43143456865795,35.42740835447983,31.31024684558842,34.42321357216859,36.609931802107,35.216418108414466,31.335208636772993,36.73844622806984,46.812986836893806,45.150879564124764,46.40695161508589
datastructure,WB.DATA360:DS_DATA360(1.3),I,A,GUY,WB_WDI_NE_TRD_GNFS_ZS,_T,_T,_T,PT_GDP,_Z,_Z,_Z,_Z,RATIO,2,WB_WDI,P1Y,0,A,PU,Annual,Guyana,Trade (% of GDP),Total,All age ranges or no breakdown by age,Total,Percentage of GDP,Not Applicable,Not Applicable,Not Applicable,Not Applicable,Ratio,Two,World Development Indicators (WDI),Annual,Units,Normal value,Public,105.68882796435915,105.05335844318896,101.52603231597845,109.06073680716895,110.63192572626535,112.91034482758621,115.1491769547325,117.2348930166941,113.3841131664853,114.68110709987967,113.46153846153845,113.10051409324589,116.23560820957783,121.07630272952854,134.7648475961035,149.78526315789475,157.08124284834082,141.9756379478972,126.1812731718861,129.03250131965916,174.92704907161806,161.2335792882642,122.8630705394191,110.45640326975476,95.52013857365372,109.96923076923078,99.51613361825501,170.33092459479354,131.56114382699718,139.87416591718292,142.5662308036858,222.6090897192424,274.97311593272565,245.369438806576,222.06784266632803,213.32717044127952,211.33753249247684,209.1366716142753,203.8424314970261,201.05931477536006,206.7673704752144,199.57700073011415,196.72507835983006,189.16248563138603,200.7252869016415,194.35075731017207,,,,,,,,,,,,,,,,,,,
datastructure,WB.DATA360:DS_DATA360(1.3),I,A,AUS,WB_WDI_NE_TRD_GNFS_ZS,_T,_T,_T,PT_GDP,_Z,_Z,_Z,_Z,RATIO,2,WB_WDI,P1Y,0,A,PU,Annual,Australia,Trade (% of GDP),Total,All age ranges or no breakdown by age,Total,Percentage of GDP,Not Applicable,Not Applicable,Not Applicable,Not Applicable,Ratio,Two,World Development Indicators (WDI),Annual,Units,Normal value,Public,26.966764829617162,27.33935571842509,26.487427031881456,26.75215450109023,28.611032797669395,28.397985103543288,27.974118514271673,26.69262701590684,26.69811643250265,25.208828729955492,26.114718614718612,25.51691729323308,24.721493735009975,25.096207808867156,26.2867069236496,28.929592465945404,26.824972743719073,28.59100251198904,28.13759409930804,29.581325731776026,32.2525128889878,31.557664453634466,30.280782443289894,29.133102779300746,28.506924806371853,32.449202034039196,32.96771031937457,32.47057182219277,32.52367736019742,32.0235276889659,32.110028353498286,32.145690969333536,32.998171630787375,35.350276948530734,36.4066117966299,37.64687403720104,38.17402088008954,37.92170149569622,39.9240664596368,38.96024671023587,40.86312576919543,44.13373139719286,41.38131281469212,40.13480117944817,36.95051596182888,39.09788225648107,41.48789234891527,41.92974512765614,42.75222078803084,45.593612086778904,40.39050708606058,41.721986014968905,43.019849552755815,41.10051188105599,42.2993095385282,41.49475069399008,40.81340221732101,42.0354135251854,43.57322536452184,46.00168270521715,44.499564103879024,40.20223593905949,45.69464188057522,49.044339318427966,47.14538110651953
datastructure,WB.DATA360:DS_DATA360(1.3),I,A,LCN,WB_WDI_NE_TRD_GNFS_ZS,_T,_T,_T,PT_GDP,_Z,_Z,_Z,_Z,RATIO,2,WB_WDI,P1Y,0,A,PU,Annual,Latin America & Caribbean,Trade (% of GDP),Total,All age ranges or no breakdown by age,Total,Percentage of GDP,Not Applicable,Not Applicable,Not Applicable,Not Applicable,Ratio,Two,World Development Indicators (WDI),Annual,Units,Normal value,Public,21.72891547849989,20.88327284681805,19.672794248463514,23.066574877941697,20.180473217578502,20.30062734095178,20.255170717810692,19.645533098774138,20.488542109905904,20.932022501289893,22.188982816631587,22.65164692850275,23.39635805784514,24.706098963386054,29.198563939708226,27.448184777406865,27.08987897281457,27.97303003874339,27.497554251370747,28.859113993606808,30.0759971794406,29.075891428937233,27.70563969690335,29.239397613129945,29.882411174907364,29.3630989732092,28.37819078027684,29.173150562944844,32.36154991876593,32.19790254839327,32.943040317531626,32.25358308818854,32.902673019529715,31.072003625282303,31.513600826717987,34.36171409267328,35.39018215793837,35.55059702334881,35.412773743645616,36.624324747079065,38.55212163114148,38.6638830521832,41.19984011832497,43.12561837096021,45.38757204407599,45.40054971302241,45.954068100344834,45.955796750313056,47.69955697949436,40.940079773211,43.56802597378728,46.015850379560646,45.573687335536114,45.18832185711384,44.65083924077286,44.987768158097666,44.03238708960109,44.339169550185005,48.195908875937896,47.712839346076606,45.977000048760885,52.61802791233366,56.055503307996645,48.74882997268881,49.51026514844559
datastructure,WB.DATA360:DS_DATA360(1.3),I,A,LTE,WB_WDI_NE_TRD_GNFS_ZS,_T,_T,_T,PT_GDP,_Z,_Z,_Z,_Z,RATIO,2,WB_WDI,P1Y,0,A,PU,Annual,Late-demographic dividend,Trade (% of GDP),Total,All age ranges or no breakdown by age,Total,Percentage of GDP,Not Applicable,Not Applicable,Not Applicable,Not Applicable,Ratio,Two,World Development Indicators (WDI),Annual,Units,Normal value,Public,11.667970724747757,11.137470002739352,10.250724841079741,11.578948393247764,10.78462933425467,11.847842215978943,11.790876455068377,11.549495969268143,11.990894331823432,11.727443069908768,12.98062267917578,13.111543545608688,13.724733993561076,16.12449811178612,19.766944296335136,19.126274015742595,18.821357145452954,18.750140344639043,22.942105751646384,24.560184941303454,29.08905788273375,30.438690035906273,26.62964535034725,26.017661960031617,27.213179596602075,27.909288823082424,26.45223361640042,30.38700109220147,34.85811598026606,33.34691893883518,33.47005941291963,34.167334273129704,46.72411090309193,45.553783535702294,44.32960220611581,44.37909258965799,43.101874414026184,44.18241129801726,44.45712471934703,46.98887131550818,51.79088837056225,51.68366920225005,53.79135894940049,59.439645212743,65.17154683105748,66.8093401120753,68.099496380042,66.89302559232785,65.09225629923085,54.909674448955144,58.77478652617407,59.97671589811203,58.73011709496185,57.719287143983465,56.732024819578236,53.73838884447499,51.966455552591846,52.852649809896455,53.672637741179486,52.577575235538696,51.21717591706078,55.39105337701059,57.70238904779163,54.31070679938311,51.401460375236475
datastructure,WB.DATA360:DS_DATA360(1.3),I,A,BTN,WB_WDI_NE_TRD_GNFS_ZS,_T,_T,_T,PT_GDP,_Z,_Z,_Z,_Z,RATIO,2,WB_WDI,P1Y,0,A,PU,Annual,Bhutan,Trade (% of GDP),Total,All age ranges or no breakdown by age,Total,Percentage of GDP,Not Applicable,Not Applicable,Not Applicable,Not Applicable,Ratio,Two,World Development Indicators (WDI),Annual,Units,Normal value,Public,,,,,,,,,,,,,,,,,,,,,54.11483635003934,66.78185914292763,64.68049556534329,61.115650085295755,61.24723095715924,69.75367493322396,73.7685764327379,64.2819609233681,80.48221951417484,68.81454221916376,61.216287439151486,75.97298581320233,91.7608375674865,78.75599334742172,72.10077935564348,83.8829086495551,84.62949143389497,85.21143722850364,85.58313509239959,85.86620598245705,74.0264971104432,71.09457472955879,70.28331720059657,72.84990065936108,89.06055180042935,97.74341354293438,108.15779489112522,106.92902241499968,101.95423566952127,101.55941156524422,105.01066669359271,102.79560022110621,94.04502714695705,95.05253827804245,87.93425620132952,89.63916045954959,76.38475284983748,76.78840168502211,79.73972032960828,76.12351670415055,71.83035103946371,77.58244827098257,85.5712165226139,81.73662786885451,
datastructure,WB.DATA360:DS_DATA360(1.3),I,A,ISL,WB_WDI_NE_TRD_GNFS_ZS,_T,_T,_T,PT_GDP,_Z,_Z,_Z,_Z,RATIO,2,WB_WDI,P1Y,0,A,PU,Annual,Iceland,Trade (% of GDP),Total,All age ranges or no breakdown by age,Total,Percentage of GDP,Not Applicable,Not Applicable,Not Applicable,Not Applicable,Ratio,Two,World Development Indicators (WDI),Annual,Units,Normal value,Public,,,,,,,,,,,84.12847976452046,77.52056719928969,68.47357565105831,69.7609177726518,69.1599941302947,71.44993661618452,65.49521923894147,63.51390920468577,66.80788705887427,71.24444271155149,67.66915860207898,67.41652144372789,65.86679303556137,73.61580782950095,72.5184693705427,76.58357778615783,69.90034982626409,66.36005237926007,61.4160613672198,61.78693265075448,62.91176848417286,60.8702680765282,57.857007003545135,59.479080836434385,63.28862332088549,64.30059492403277,68.69552978481669,69.25979235950912,70.76763952574163,68.47258084693694,70.24777419816692,73.93953257552494,68.71083146892491,67.40099874601239,69.73262044524961,71.2106793861355,76.63085376867079,73.62496688313408,81.90274818539517,89.00144405735,92.49015281101866,100.13325264831275,102.43313709999795,97.69802218612719,95.28791942016669,94.88880274602309,87.76001659833919,86.35853369450666,88.93499697313902,83.79236595184435,68.65502334605476,76.23172498509444,93.04871996150128,87.40494191220472,85.96719326813033
datastructure,WB.DATA360:DS_DATA360(1.3),I,A,MYS,WB_WDI_NE_TRD_GNFS_ZS,_T,_T,_T,PT_GDP,_Z,_Z,_Z,_Z,RATIO,2,WB_WDI,P1Y,0,A,PU,Annual,Malaysia,Trade (% of GDP),Total,All age ranges or no breakdown by age,Total,Percentage of GDP,Not Applicable,Not Applicable,Not Applicable,Not Applicable,Ratio,Two,World Development Indicators (WDI),Annual,Units,Normal value,Public,92.32867371292193,90.054963929921,89.1790435776073,89.70588235294117,86.42970563087822,85.31491712707182,81.07658734282448,79.49190739602541,82.93281020107895,84.23961490461758,86.87970242624058,79.49054419143188,73.37552742616033,77.33269241040432,96.38638551054336,90.64571019165322,93.19565604415169,92.77674706246135,92.54605923032254,103.15354127175598,112.58722893374353,110.86213181052887,110.4586335244972,108.01629663278634,106.62979258328096,104.68310313669808,106.49775120820179,111.91959055312326,122.62422864566418,136.6890614160957,146.88825253398946,159.3114472632545,150.61122098193547,157.94046250159704,179.9049426739861,192.1132002535139,181.7669824854571,185.6651111623698,209.49220280818946,217.57091939194854,220.40678898207355,203.3646360106529,199.3562326956549,194.19512905683087,210.37426589712433,203.8546445956238,202.57714684039786,192.46550635765172,176.66832478514812,162.5589704526995,157.9447648867712,154.937684607226,147.84175476601337,142.72099146487284,138.31223117684328,131.37007244525975,126.89901002569985,133.15517337195615,130.40262550212626,123.02856202794288,116.78818243763847,134.03599469072654,146.42460475390752,132.59346164159942,137.3625711615591
datastructure,WB.DATA360:DS_DATA360(1.3),I,A,BMU,WB_WDI_NE_TRD_GNFS_ZS,_T,_T,_T,PT_GDP,_Z,_Z,_Z,_Z,RATIO,2,WB_WDI,P1Y,0,A,PU,Annual,Bermuda,Trade (% of GDP),Total,All age ranges or no breakdown by age,Total,Percentage of GDP,Not Applicable,Not Applicable,Not Applicable,Not Applicable,Ratio,Two,World Development Indicators (WDI),Annual,Units,Normal value,Public,,,,,,,,,,,,,,,,,,,,,,,,,,,,,,,,,,,,,,,,,,,,,,,,,,,74.59508034183602,76.2704368073774,73.78230306162189,76.27010669749987,76.51674745883528,73.29549851747852,72.74990938288914,72.3924284503794,77.55527038073883,77.56010165064427,69.19370023132217,71.40816980764295,75.1972250263227,73.59091863826664,75.29024432507364
datastructure,WB.DATA360:DS_DATA360(1.3),I,A,GNQ,WB_WDI_NE_TRD_GNFS_ZS,_T,_T,_T,PT_GDP,_Z,_Z,_Z,_Z,RATIO,2,WB_WDI,P1Y,0,A,PU,Annual,Equatorial Guinea,Trade (% of GDP),Total,All age ranges or no breakdown by age,Total,Percentage of GDP,Not Applicable,Not Applicable,Not Applicable,Not Applicable,Ratio,Two,World Development Indicators (WDI),Annual,Units,Normal value,Public,,,,,,,,,,,,,,,,,,,,,,,,,,,,,,,,,,,,,,,,,,,,,,131.02447181320954,118.53278236893708,134.08378985756897,128.6880066014579,122.21207711080129,144.6682250012481,114.37734663649024,116.67542247236366,106.89328492606582,104.37919867138767,98.87805916807562,92.60073072379423,102.42825825180255,103.64568162295322,94.87879242535449,77.92788464418066,76.9666485998527,81.81301613680989,61.443281519042,60.54145109759066
datastructure,WB.DATA360:DS_DATA360(1.3),I,A,MEX,WB_WDI_NE_TRD_GNFS_ZS,_T,_T,_T,PT_GDP,_Z,_Z,_Z,_Z,RATIO,2,WB_WDI,P1Y,0,A,PU,Annual,Mexico,Trade (% of GDP),Total,All age ranges or no breakdown by age,Total,Percentage of GDP,Not Applicable,Not Applicable,Not Applicable,Not Applicable,Ratio,Two,World Development Indicators (WDI),Annual,Units,Normal value,Public,20.16920245398773,19.02774011299435,18.677842105263156,18.27372641509434,17.486494023904385,17.15692307692308,16.48486842105263,15.877198795180721,16.39158038147139,16.817463054187193,17.412297297297297,16.35969387755102,16.89008849557522,17.87681620839363,18.98111111111111,16.514545454545456,18.357075127644055,20.54128718226068,21.51074026529739,23.64011734028683,22.4346196504217,22.11727494359347,24.134013621743424,27.096102035862202,25.672417344643417,24.331292389665936,29.606222589978742,31.26232084278497,38.79033694790311,38.329650077447155,38.51969641332968,35.786535157419564,35.55349590411202,26.163123573670216,29.15847213415817,43.6658317263397,47.76782353390672,46.4918755715735,48.031884140017894,48.01224957611051,49.91040918724975,44.740109012317305,45.209829259652025,48.70041688083802,52.040620033563165,52.56264465178858,54.48211608861695,55.25852439444983,56.36528188625734,54.59174213135025,59.27338452938514,62.16238727644977,64.25793189001133,62.69167477358071,64.09840903512153,70.41297467626399,75.69030340885506,76.95212604072537,80.21266165689752,77.4619722571128,76.85455570560157,83.06929763578948,88.79848558671856,73.57886163652454,74.58890798251433
datastructure,WB.DATA360:DS_DATA360(1.3),I,A,MEA,WB_WDI_NE_TRD_GNFS_ZS,_T,_T,_T,PT_GDP,_Z,_Z,_Z,_Z,RATIO,2,WB_WDI,P1Y,0,A,PU,Annual,"Middle East, North Africa, Afghanistan & Pakistan",Trade (% of GDP),Total,All age ranges or no breakdown by age,Total,Percentage of GDP,Not Applicable,Not Applicable,Not Applicable,Not Applicable,Ratio,Two,World Development Indicators (WDI),Annual,Units,Normal value,Public,,,,,,,,,,,53.802846263334374,54.94968735769619,56.27582446577263,73.56111350528803,70.16637951584289,77.37716086632396,71.56685632253118,74.0150907951398,72.3790983484172,73.15752753099717,76.35179145693573,77.06459160253623,72.35189240397406,66.56694094209155,63.26333744187109,58.21310282725451,50.69252090738312,53.08873759338443,54.235336797061294,58.6854453672257,59.27760159577763,62.21808653892613,58.39913649044874,57.0650732047585,55.208264324765665,56.94772380360079,56.49608727076645,61.79328469132756,59.94595300799317,61.284950831053614,64.9460012805072,66.2309519272174,67.50820199996652,72.95730773337104,76.84907579742443,80.82489664667804,81.20844175303843,83.71942627154839,86.28323105428886,78.609375718454,76.40829183566584,78.62453046309858,80.18174626362469,79.16459815993372,77.12520705474623,72.5138872320369,68.20106952305672,71.01007160350231,73.20486242705732,71.4931636064041,67.14581912104056,71.05888976021129,78.30550190304085,77.19015769890308,58.640057021867634
datastructure,WB.DATA360:DS_DATA360(1.3),I,A,TMN,WB_WDI_NE_TRD_GNFS_ZS,_T,_T,_T,PT_GDP,_Z,_Z,_Z,_Z,RATIO,2,WB_WDI,P1Y,0,A,PU,Annual,"Middle East, North Africa, Afghanistan & Pakistan (IDA & IBRD)",Trade (% of GDP),Total,All age ranges or no breakdown by age,Total,Percentage of GDP,Not Applicable,Not Applicable,Not Applicable,Not Applicable,Ratio,Two,World Development Indicators (WDI),Annual,Units,Normal value,Public,44.165809309037755,43.684612674010616,31.14434251351663,36.24828397442615,37.149617528437034,34.596047607658,34.6201743236328,34.82122360602904,33.581514921097806,34.435516695811636,38.315646508175334,40.195495800159506,38.65396229956592,47.27249467308052,62.75302072342313,65.21652026447596,60.08825055261399,60.826910527260395,54.795746664086835,58.93404811871355,60.63605014245855,61.30159188289383,56.708796576568474,49.8614201291764,46.043918688986466,42.748489045818665,33.409276906649254,35.06634001718031,40.077209818800206,45.65057075535253,46.20457249531417,47.70241302843601,45.26362688725041,45.653766512012695,43.04524505553097,43.072957715273176,42.139879717401804,53.01167712888573,52.61552931561,54.325486724508394,55.02422828542306,54.720621550990565,56.92444188695324,63.213648752539285,63.669454638133075,66.98463470218304,63.95511039470929,62.76803589559279,66.19934396524742,58.28326169549281,56.35045829503712,54.90712706819917,55.058903290477836,54.65797690348342,52.1396037362151,47.645871975884674,44.01005908429179,48.829017682625775,55.01334722819758,52.19753599933238,44.717328647842706,49.834576287338635,58.41101608334118,56.91419861812082,55.61754981268565
datastructure,WB.DATA360:DS_DATA360(1.3),I,A,SYR,WB_WDI_NE_TRD_GNFS_ZS,_T,_T,_T,PT_GDP,_Z,_Z,_Z,_Z,RATIO,2,WB_WDI,P1Y,0,A,PU,Annual,Syrian Arab Republic,Trade (% of GDP),Total,All age ranges or no breakdown by age,Total,Percentage of GDP,Not Applicable,Not Applicable,Not Applicable,Not Applicable,Ratio,Two,World Development Indicators (WDI),Annual,Units,Normal value,Public,49.15659305998622,39.981864533949256,42.49716342514514,40.5984147577089,35.916524797658944,34.080071801601655,40.64747597048323,34.904728955673995,37.88266154396705,38.800535077938655,38.55882352941176,39.6855110445526,41.840052015604684,47.824764222695464,57.828968128747235,55.37214157401563,53.82002022244692,58.83093325435901,46.07119701133101,55.14188946477139,53.66296079578701,48.614257263177095,38.84543815781822,39.92713975795118,36.424570624618404,37.39741664163412,33.51045200284191,44.598784765722876,42.77467521647756,60.16889110162189,56.290062908082646,56.47924663953473,63.888006888571965,68.76919916375634,78.45449821280732,68.9765751565305,69.91417905586829,66.22297869144238,61.42484477078705,64.30840491666382,65.2849861212903,67.3681324999384,71.64430768141078,61.5469905405418,78.11492859290972,80.13300248666059,74.20522658659272,76.37935351571971,74.22796009901718,59.943825239367555,64.01016469472577,50.69609434565533,35.36869033159418,44.70525478335319,54.2644225210945,51.08620782283695,67.11193653309277,61.05085217196312,50.65909911448283,41.9994711236162,44.81833530274804,61.22048509551492,35.60946807999561,,
datastructure,WB.DATA360:DS_DATA360(1.3),I,A,TZA,WB_WDI_NE_TRD_GNFS_ZS,_T,_T,_T,PT_GDP,_Z,_Z,_Z,_Z,RATIO,2,WB_WDI,P1Y,0,A,PU,Annual,Tanzania,Trade (% of GDP),Total,All age ranges or no breakdown by age,Total,Percentage of GDP,Not Applicable,Not Applicable,Not Applicable,Not Applicable,Ratio,Two,World Development Indicators (WDI),Annual,Units,Normal value,Public,,,,,,,,,,,,,,,,,,,,,,,,,,,,,,,34.48360657950641,30.2316225499322,35.667796332310644,45.2364974710923,44.23676756212244,45.16191998721267,35.72650669694855,28.858783223333656,26.14364206080948,25.022054811316234,23.989115154980833,28.030143228253294,27.499217273490416,30.448835824932647,33.60978673666498,36.959273289401345,42.76816646914673,48.0583947796554,49.026544551086474,43.53260064563168,47.64043942956829,56.16612418218085,54.36894908151382,48.631627529549505,45.356022343306506,40.75768087783136,35.420470400263596,33.11259198531244,32.64260990437371,33.01858925023111,27.963015196988355,29.915184007404825,35.00345171019938,38.212034806338956,41.513120720824354
datastructure,WB.DATA360:DS_DATA360(1.3),I,A,NIC,WB_WDI_NE_TRD_GNFS_ZS,_T,_T,_T,PT_GDP,_Z,_Z,_Z,_Z,RATIO,2,WB_WDI,P1Y,0,A,PU,Annual,Nicaragua,Trade (% of GDP),Total,All age ranges or no breakdown by age,Total,Percentage of GDP,Not Applicable,Not Applicable,Not Applicable,Not Applicable,Ratio,Two,World Development Indicators (WDI),Annual,Units,Normal value,Public,49.82198605472769,47.95522240019237,55.33508065944709,59.06679897921815,59.373952150872746,61.70759757883425,61.23577948443164,61.50602078043493,57.0771661916884,51.56613880778059,55.924287044461416,54.83926936795067,64.93131386064194,66.01306404648173,71.68217915129496,64.98248695693158,64.83676286654386,69.5178284770884,65.65898968170771,70.15694296425376,67.49716202491133,64.12516251901366,42.034047904779634,49.39292348043522,45.893849986590645,36.59246114116541,33.60791577453151,25.53104934897264,76.25108368574608,97.72868394391973,71.29081408309558,74.32797374215797,70.51762605979474,68.28596678915298,39.08121629219413,44.03979440574638,48.482838297315425,58.00553064876054,57.013715068036944,62.53764452084172,61.29849746000221,57.98013154722684,58.091284408078494,62.17506588775138,67.19531678000403,71.64572370729911,87.30967083207902,93.02573022933299,96.79398473020552,86.99361044534439,100.364058423919,111.82745393599913,115.17728847419781,110.98420788038177,106.69820019079611,98.19416459423603,93.81372781300867,96.3805864351182,93.98474049254037,94.04221592462129,88.63812312289679,106.20739081993979,115.45467871286486,105.00309761110316,98.52583771001589
datastructure,WB.DATA360:DS_DATA360(1.3),I,A,DZA,WB_WDI_NE_TRD_GNFS_ZS,_T,_T,_T,PT_GDP,_Z,_Z,_Z,_Z,RATIO,2,WB_WDI,P1Y,0,A,PU,Annual,Algeria,Trade (% of GDP),Total,All age ranges or no breakdown by age,Total,Percentage of GDP,Not Applicable,Not Applicable,Not Applicable,Not Applicable,Ratio,Two,World Development Indicators (WDI),Annual,Units,Normal value,Public,106.18680430131427,113.74832792829959,40.61251935711223,61.51019719734101,54.52382125661587,48.437021906411694,50.63976952188435,45.066186093677,47.3228889614156,51.85953490429214,51.22540180612691,46.10629668257649,46.17643028474848,57.09342653113719,74.2388192371426,76.65453540568483,70.17325688215973,72.32688423069979,65.70456888954516,64.01404928535082,64.67692316050177,65.46499363533181,59.9229312690034,53.74411735611141,53.176383688913354,50.32612063079114,36.026710569925974,32.68458446861279,38.11158727774199,47.15331970658024,48.380713681558376,52.71758670773069,49.18908423604113,44.9228133698634,48.584437787780864,55.19100520814354,53.70514787677936,52.24391150593862,45.0944505585079,50.9291093379713,62.8583436360347,54.529649117720844,56.58960528141142,57.76913530448776,61.35799757071756,66.84046022039064,65.91529196776213,67.54547339397634,71.02849225052607,64.28475472389927,63.4912159928425,62.220089961047854,60.7576393340605,59.15100815724396,56.92354196698671,53.204622590414495,49.76093279252163,49.82081617125868,52.43616767792233,46.50684260816725,40.389756562538814,46.83705925996074,51.1900893683897,43.73979845070066,40.13457411707029
datastructure,WB.DATA360:DS_DATA360(1.3),I,A,OMN,WB_WDI_NE_TRD_GNFS_ZS,_T,_T,_T,PT_GDP,_Z,_Z,_Z,_Z,RATIO,2,WB_WDI,P1Y,0,A,PU,Annual,Oman,Trade (% of GDP),Total,All age ranges or no breakdown by age,Total,Percentage of GDP,Not Applicable,Not Applicable,Not Applicable,Not Applicable,Ratio,Two,World Development Indicators (WDI),Annual,Units,Normal value,Public,,,,,,,,56.18556701030928,84.87928843710291,86.5,93.35205992509363,97.9216626698641,103.125,123.02243211334121,121.47760773966579,118.24084758918083,108.3003618681443,102.34471880600773,107.04699344458601,101.77586661496704,100.31460239097818,102.77589427767342,101.6977043880699,91.71867921160185,87.85978863763168,87.01061914437973,80.17299280934364,77.94499493723764,71.35990075980773,,61.2372503810231,62.7126492319462,64.7278861669356,65.0815118064186,62.68999646518204,64.15006947660954,69.39068314626893,71.59436587229503,80.48306046360837,76.611197806525,81.41328223582747,84.52700249470023,83.65374857645426,84.84663673357798,88.61130712904497,86.76130204213179,86.14570798541332,94.8657889777347,94.76190298771606,91.62793533469967,96.38655462184875,101.64173193994188,102.07476040430008,112.5435217637737,102.27872108813001,96.37758018523475,82.86426420189012,88.95314801829562,89.27921782628468,86.47820103132365,91.87589080144721,95.94948772933047,105.74500928065459,106.44673099820679,114.85267152201726
datastructure,WB.DATA360:DS_DATA360(1.3),I,A,PHL,WB_WDI_NE_TRD_GNFS_ZS,_T,_T,_T,PT_GDP,_Z,_Z,_Z,_Z,RATIO,2,WB_WDI,P1Y,0,A,PU,Annual,Philippines,Trade (% of GDP),Total,All age ranges or no breakdown by age,Total,Percentage of GDP,Not Applicable,Not Applicable,Not Applicable,Not Applicable,Ratio,Two,World Development Indicators (WDI),Annual,Units,Normal value,Public,,,,,,,,,,,,,,,,,,,,,,35.270780877553356,32.18014024880947,34.313011837216465,34.823984352674756,32.84052183866583,34.74000678915447,37.35740110963861,39.32364561051942,41.28292429621395,42.922356288058,44.219923776008116,44.991142730161464,50.465042920921775,52.52650380231751,57.330557976277895,63.85530355087744,77.22864591726622,80.07720151842102,77.1614937122172,85.15336846000389,84.90038862375307,83.84480409377893,87.5746443636636,87.12528482320484,83.84567457080512,80.85053867287749,73.6449799920629,67.6810707730401,60.88659078697584,66.10427851377968,60.795836699907525,57.84200551330817,55.82478123202985,57.46817208759447,59.141592105309414,61.77606576538708,68.1683697426727,72.1633982990273,68.84184225956784,58.16956030222815,63.484609813671156,72.42968361075991,67.41996931739664,65.88547252869684
datastructure,WB.DATA360:DS_DATA360(1.3),I,A,MUS,WB_WDI_NE_TRD_GNFS_ZS,_T,_T,_T,PT_GDP,_Z,_Z,_Z,_Z,RATIO,2,WB_WDI,P1Y,0,A,PU,Annual,Mauritius,Trade (% of GDP),Total,All age ranges or no breakdown by age,Total,Percentage of GDP,Not Applicable,Not Applicable,Not Applicable,Not Applicable,Ratio,Two,World Development Indicators (WDI),Annual,Units,Normal value,Public,,,,,,,,,,,,,,,,,106.97800208637184,106.81250613809281,97.47316355797751,95.80431944248365,111.09475472547305,98.5844885486495,95.83545890695132,92.40158799253906,99.35173084947263,107.50072525686411,112.82607323437055,125.38634283966216,132.6249475409516,133.93035074308744,135.29050066069138,126.64891135545116,120.23269948149905,120.89635605286493,120.56017585808156,118.14872055778073,126.15921247857649,126.10750504333782,130.44283296193197,128.95499125364321,120.68764877364589,128.0545789801902,118.23047038025092,108.65557931342838,107.02769826750476,121.60874399683618,124.78228019246829,118.62405814882118,113.49266389972377,102.45801980465532,111.50820207557501,115.55247300280413,117.44763908302653,136.55211795923606,135.0990647654262,133.13506908367674,126.31000899804161,126.96405988488813,123.53898438654387,127.94089906413252,121.12522550434967,135.1930046146099,147.6637950340117,147.32139212885198,145.4217003011527
datastructure,WB.DATA360:DS_DATA360(1.3),I,A,MDG,WB_WDI_NE_TRD_GNFS_ZS,_T,_T,_T,PT_GDP,_Z,_Z,_Z,_Z,RATIO,2,WB_WDI,P1Y,0,A,PU,Annual,Madagascar,Trade (% of GDP),Total,All age ranges or no breakdown by age,Total,Percentage of GDP,Not Applicable,Not Applicable,Not Applicable,Not Applicable,Ratio,Two,World Development Indicators (WDI),Annual,Units,Normal value,Public,26.654709079070326,34.10808984785862,32.13855810589551,32.7067624137599,33.230641007995075,33.211703342436095,40.49278214012969,39.018314901923944,40.54051418430492,41.22081740542549,40.74596697175235,35.47031700858795,32.58620740265132,33.12658768962767,35.73331512199989,36.74965362087125,32.6884426471567,36.49396230054193,41.20843916589067,44.96251133425499,30.26635840629209,23.53336563939368,21.37757424844507,19.289697474444598,23.26467081871826,22.43931957227755,21.54301778026651,30.129060563032528,30.496482888548464,31.762982592008353,32.38099237434253,35.756798058041454,33.15761776711739,32.8658889270584,43.55891793799584,45.37449156783241,35.88246016683451,36.87374778194406,37.332187014797064,40.924412020806336,42.77712266397246,41.035126092385894,50.18169193792984,34.03060291747499,48.77538188521564,59.1300849357677,62.102838937024444,66.7027353570049,74.35735396080602,62.411697595819625,57.87489451018065,56.48309259518931,52.65171408112547,56.36758179009317,61.969432211123355,61.220378836507805,60.834698483142326,65.34340150729147,67.84150466835821,62.601323045712796,49.0107073664371,55.21585859274848,70.54713441309612,61.13304168861463,54.979588143715205
datastructure,WB.DATA360:DS_DATA360(1.3),I,A,CAF,WB_WDI_NE_TRD_GNFS_ZS,_T,_T,_T,PT_GDP,_Z,_Z,_Z,_Z,RATIO,2,WB_WDI,P1Y,0,A,PU,Annual,Central African Republic,Trade (% of GDP),Total,All age ranges or no breakdown by age,Total,Percentage of GDP,Not Applicable,Not Applicable,Not Applicable,Not Applicable,Ratio,Two,World Development Indicators (WDI),Annual,Units,Normal value,Public,57.454536741819226,62.251654598482546,62.29507256651555,63.72239744549155,69.25285967846023,64.76964498644986,70.87628865979381,73.20096774193549,73.94352310511874,64.93312236061202,73.50084780288864,67.22269527910088,58.7478877440636,65.10492521251436,71.07293706724639,61.050316635162346,51.51347706793988,59.52930382356713,57.30607790014409,57.5655068303631,66.30232808323223,58.44319389240672,56.40225873356876,60.76526041974728,58.895671643101174,53.6444942027307,46.80905809127563,46.394434562893764,42.798634631106204,46.76704756194841,42.942983518374525,43.70932168712217,43.2290760804125,39.98862202191089,48.418032231852656,50.47589111711825,47.08440502930919,55.8185083614851,51.049531876716145,43.21234389789598,45.6597819937269,39.73049973723289,36.10856477947818,36.231226002347356,33.24395491882025,35.070936865622556,36.395870228737756,37.58089901878963,34.43752180955166,31.494246489679885,34.430481954304234,34.47561833272986,33.05944859433144,38.39928757213153,53.09509201798247,53.14514777696211,50.530644021909985,57.143545711711894,49.660200002431836,50.06580000148676,49.52102000119206,44.15911999510397,45.233570001619995,43.480570208358,46.43189998022507
datastructure,WB.DATA360:DS_DATA360(1.3),I,A,DNK,WB_WDI_NE_TRD_GNFS_ZS,_T,_T,_T,PT_GDP,_Z,_Z,_Z,_Z,RATIO,2,WB_WDI,P1Y,0,A,PU,Annual,Denmark,Trade (% of GDP),Total,All age ranges or no breakdown by age,Total,Percentage of GDP,Not Applicable,Not Applicable,Not Applicable,Not Applicable,Ratio,Two,World Development Indicators (WDI),Annual,Units,Normal value,Public,,,,,,,57.65540180346109,55.545827241380195,55.32776659150495,55.51080742038636,57.13473465265739,55.673030367696384,53.22502272374222,57.86335331504009,64.72700293647176,59.78209245377866,61.10650291536669,60.37063179462569,57.09320569837833,60.82472465525212,65.74827202934796,71.22565170736192,71.22614245021238,69.99503382500976,71.19327587995281,72.32523336016347,65.04103139912904,61.48264790132638,63.762263222106164,67.10278747416413,67.30457944195214,69.1684762769411,66.97970061239457,65.64358337257605,67.84321793697619,68.57331465048509,68.52648242166407,71.29017597519814,71.34541749812101,72.72885664368587,83.04208595488643,83.92266459902899,84.48459255382707,80.76130017635442,82.00773082401444,89.39879524606708,97.42986077278408,100.04767459403877,104.47031016848882,89.39485665627281,94.38772823190565,102.01293047430826,104.36228050517144,103.61281324918943,103.21085922513886,105.13036245389917,101.45278380864333,104.2156769204417,108.81398550190869,111.89147506565256,104.4334326711514,112.32147269729072,131.9958249090708,129.6253374312776,131.76503097520668
datastructure,WB.DATA360:DS_DATA360(1.3),I,A,BEL,WB_WDI_NE_TRD_GNFS_ZS,_T,_T,_T,PT_GDP,_Z,_Z,_Z,_Z,RATIO,2,WB_WDI,P1Y,0,A,PU,Annual,Belgium,Trade (% of GDP),Total,All age ranges or no breakdown by age,Total,Percentage of GDP,Not Applicable,Not Applicable,Not Applicable,Not Applicable,Ratio,Two,World Development Indicators (WDI),Annual,Units,Normal value,Public,,,,,,,,,,,87.72730197541986,85.58408076871079,85.21443872927928,94.14409402146683,105.27107760129554,91.52374867868522,96.8157584257173,95.67752274437424,92.3126039376739,101.57297054106058,103.05544778431945,110.22135214519476,117.925349546572,120.39556251155649,128.230735025444,123.87698609001237,112.32702453385237,109.91909992585877,116.42294659326599,124.93693267963305,121.46785107446453,118.59013771799043,115.0692875016359,109.01273699675882,113.23230003361235,116.37856782132661,119.21277575738343,125.6889400561799,124.70912262631768,125.16999054094877,142.23013506703427,139.57683983461885,136.08514948808056,132.71555283388844,136.91840534843206,144.52905066998326,149.56750929951116,152.46844687530285,161.08844779044708,135.13840572229017,150.16256362142747,160.76551688812592,160.3833014250587,157.57362278243448,158.57161095352288,155.068682045926,159.05769661194523,166.90407823779137,168.27769287721785,165.46547893198988,156.9501212827835,177.3818924400728,191.1790313037861,165.8469465017133,158.93182633806663
datastructure,WB.DATA360:DS_DATA360(1.3),I,A,UGA,WB_WDI_NE_TRD_GNFS_ZS,_T,_T,_T,PT_GDP,_Z,_Z,_Z,_Z,RATIO,2,WB_WDI,P1Y,0,A,PU,Annual,Uganda,Trade (% of GDP),Total,All age ranges or no breakdown by age,Total,Percentage of GDP,Not Applicable,Not Applicable,Not Applicable,Not Applicable,Ratio,Two,World Development Indicators (WDI),Annual,Units,Normal value,Public,49.145830752075334,46.062096701439174,45.55511978298526,52.171484854946634,52.993985337034665,49.93668882557771,50.89258698940999,49.688811694890724,46.558704453441294,41.8713310171319,43.4700455707458,43.77160920675689,36.16901408450704,29.70549522869365,29.764977584567315,19.565831606705594,20.9945654394639,16.951121794871796,32.51535946538282,36.93271467140403,45.4760929126393,38.13654378224781,25.90126291618829,22.30322868620741,27.017579458230433,28.74685639644098,28.04839214646805,26.29039063841892,25.35003830074273,26.04762851900604,26.6095437605897,29.4022018591267,33.05214405100625,28.23983453803134,27.839359857463293,32.623145862769995,35.385486882010376,34.15856696527838,30.043921931244018,36.024710157024494,32.749033338382176,35.32997678197249,36.2777941561831,36.585726464126836,35.46008624564364,38.9942854839061,43.63328578962044,46.77741665228225,56.25826820506342,47.06387807483785,38.26924903712911,39.755225560612175,43.502137139731374,43.109154873468704,36.01440108190846,37.689298332435776,31.209362023211874,36.83705293341007,36.63840559995669,39.36105396474346,37.0006923916369,41.713630742478145,34.50530192709373,33.34169633022193,42.652788908856174
datastructure,WB.DATA360:DS_DATA360(1.3),I,A,KGZ,WB_WDI_NE_TRD_GNFS_ZS,_T,_T,_T,PT_GDP,_Z,_Z,_Z,_Z,RATIO,2,WB_WDI,P1Y,0,A,PU,Annual,Kyrgyz Republic,Trade (% of GDP),Total,All age ranges or no breakdown by age,Total,Percentage of GDP,Not Applicable,Not Applicable,Not Applicable,Not Applicable,Ratio,Two,World Development Indicators (WDI),Annual,Units,Normal value,Public,,,,,,,,,,,,,,,,,,,,,,,,,,,,,,,78.73831775700934,72.0,83.19169027384325,74.70633275440267,73.83020500532481,71.82426866355736,87.2957738051993,84.47713430034185,94.50929452860328,99.19949121943213,89.43093162703094,73.74691236879683,82.92072902126665,83.93278280796554,93.81573215673016,95.08400463036378,120.74998176627261,137.05838783856257,146.10608223013864,133.37915316795454,133.23285049233263,136.17984042049156,139.67593784030922,134.0267856439216,125.12618107583341,110.96157071463315,105.82357401740639,100.6174458132578,98.87555990176078,94.43028235429391,78.99227843047383,100.26137686156926,133.78671804876558,132.37340391233607,127.65057780285889
datastructure,WB.DATA360:DS_DATA360(1.3),I,A,IBT,WB_WDI_NE_TRD_GNFS_ZS,_T,_T,_T,PT_GDP,_Z,_Z,_Z,_Z,RATIO,2,WB_WDI,P1Y,0,A,PU,Annual,IDA & IBRD total,Trade (% of GDP),Total,All age ranges or no breakdown by age,Total,Percentage of GDP,Not Applicable,Not Applicable,Not Applicable,Not Applicable,Ratio,Two,World Development Indicators (WDI),Annual,Units,Normal value,Public,16.548102000582524,16.04830997770151,14.417818589721044,15.793683163285714,15.375924412562798,14.768105391976553,15.738070786633028,15.018966007912624,15.108671496170127,14.696471097007434,15.535748272946286,15.744052508584309,16.32123845703229,18.695930009425684,23.019113745030662,22.247007078431512,21.873920351739265,21.914765944015922,24.130614874738225,26.09354603060037,29.588764834599132,30.434200975584794,27.711462709180328,27.02568152578737,27.506255318175704,27.664386541639356,25.987082872398503,29.130616167809706,33.07843016269409,32.717159936021815,32.78202158716639,33.04618757552833,41.82679477040226,40.90574641816763,40.61951897999594,41.352818098812634,40.842138780840905,42.589021202690205,43.84793196223362,44.56502999120118,48.822615475450185,47.8300620256771,50.040595847456316,54.26780232022325,59.035230570730796,60.61147062575817,61.439843677589245,60.34892826926197,60.18492382572913,50.609670053989994,53.7546441417426,55.48956566650129,54.28409042705725,53.019098832505506,51.7399193626658,48.42369790066801,46.410256107010845,47.77123033417883,50.093341224051045,48.16151356859219,45.306215581079876,50.52337645982857,53.62077522873133,49.366534834431675,49.233497832530865
datastructure,WB.DATA360:DS_DATA360(1.3),I,A,BRN,WB_WDI_NE_TRD_GNFS_ZS,_T,_T,_T,PT_GDP,_Z,_Z,_Z,_Z,RATIO,2,WB_WDI,P1Y,0,A,PU,Annual,Brunei Darussalam,Trade (% of GDP),Total,All age ranges or no breakdown by age,Total,Percentage of GDP,Not Applicable,Not Applicable,Not Applicable,Not Applicable,Ratio,Two,World Development Indicators (WDI),Annual,Units,Normal value,Public,,,,,,,,,,,,,,,49.712527751430535,53.11024905486511,52.134098935297665,52.115679299516856,51.842111160687246,50.65495386587534,47.95099482972019,49.80786318812184,50.87593603271807,52.01357659854733,,,,,,58.1211683063787,57.748429901910384,62.93761062726563,69.9356430075004,70.5057160411668,62.86961839204478,71.03725394989992,80.48547669788587,77.14880953605262,78.73060516106351,75.98935550534277,87.05533298776969,91.09978761968566,93.21618147224771,89.08561609875599,84.88216666381916,81.62011401552324,81.57095474296892,81.01141463689581,89.74542535233438,90.2870882587894,95.37154602261324,99.53793090381791,105.64090214081861,110.93959958421615,102.42100096303508,89.89618825335847,87.319801332806,85.17686042699853,93.89806176667777,108.50965835795864,110.29100365845197,147.12311237531776,146.97396587959724,136.86343465047977,132.5874396422447
datastructure,WB.DATA360:DS_DATA360(1.3),I,A,NPL,WB_WDI_NE_TRD_GNFS_ZS,_T,_T,_T,PT_GDP,_Z,_Z,_Z,_Z,RATIO,2,WB_WDI,P1Y,0,A,PU,Annual,Nepal,Trade (% of GDP),Total,All age ranges or no breakdown by age,Total,Percentage of GDP,Not Applicable,Not Applicable,Not Applicable,Not Applicable,Ratio,Two,World Development Indicators (WDI),Annual,Units,Normal value,Public,,,,,,21.688683000512015,14.401504866073097,13.826967828106504,14.345461749743155,17.232310798150415,13.20711678832117,14.533452023564466,13.578936692875429,16.982645521811797,15.997815271619897,22.267818746820573,24.951132142986847,26.10532291666667,26.043987896047522,27.751519118831787,30.27279560930134,32.51913562470528,30.39886389309059,31.54620971563981,30.101549811916602,31.528785472030226,31.965041992678202,32.71988913942127,33.829038046446314,33.35092809373915,32.18875415796395,34.67505512879541,41.695413137202515,47.1895811750777,50.432072744791036,59.49051839853998,58.45776869830021,64.03553489499595,56.70960128970067,52.56698125343531,55.71058900413188,55.79992108037059,46.23071850044511,44.24788361561949,46.1472867206087,44.062947479861286,44.761987756924185,44.579275020025364,46.036206351191304,47.07944776336879,45.984905774270736,36.29675889009701,37.92190605875804,41.86537573767218,45.98264161159275,46.66573038951583,42.115486124737025,44.642410622499575,48.44738694610675,49.24952658744543,40.918874124344164,43.05380479191293,48.97340147994277,41.57015029331451,40.52982267719089
datastructure,WB.DATA360:DS_DATA360(1.3),I,A,WLD,WB_WDI_NE_TRD_GNFS_ZS,_T,_T,_T,PT_GDP,_Z,_Z,_Z,_Z,RATIO,2,WB_WDI,P1Y,0,A,PU,Annual,World,Trade (% of GDP),Total,All age ranges or no breakdown by age,Total,Percentage of GDP,Not Applicable,Not Applicable,Not Applicable,Not Applicable,Ratio,Two,World Development Indicators (WDI),Annual,Units,Normal value,Public,,,,,,,,,,,25.78770078417416,25.82323288913089,26.00884632732265,29.034672646787456,33.78937067882119,31.983401286570583,32.77016469905296,33.13416504211362,33.52398358408103,35.700454377622876,38.51681733909728,38.96155788640453,36.95093464333251,36.121965917275396,37.43605732150919,36.98648658752128,34.52086207876364,35.78728643935078,37.619108580374245,38.000535675506924,38.01136443768549,37.88010624806373,40.749633863715914,40.28149520734618,41.22398476548557,42.92847044061537,43.044529986441354,44.83587972331143,45.45652900321716,45.91959436123818,50.304204408124455,49.176538412015134,49.19346403280032,50.84730578699196,54.402477962262424,56.447547782709655,58.590553528474054,58.966375474230986,60.569814301080875,52.08099002003331,56.41594687179931,59.53711056033042,59.350250719056675,58.70788617670851,58.130018751814234,55.73498581054491,53.91142159727071,55.58824728835869,57.12411973239536,55.909112729244086,51.97336285540112,56.71048141518211,62.421666472052515,58.198173243047464,56.75814391405217
datastructure,WB.DATA360:DS_DATA360(1.3),I,A,COD,WB_WDI_NE_TRD_GNFS_ZS,_T,_T,_T,PT_GDP,_Z,_Z,_Z,_Z,RATIO,2,WB_WDI,P1Y,0,A,PU,Annual,"Congo, Dem. Rep.",Trade (% of GDP),Total,All age ranges or no breakdown by age,Total,Percentage of GDP,Not Applicable,Not Applicable,Not Applicable,Not Applicable,Ratio,Two,World Development Indicators (WDI),Annual,Units,Normal value,Public,,,,,,,,,,,,,,,,,,,,,,,,,,,,,,,,,,,42.51672246817731,52.20853141779791,60.31625674341448,33.750000421875,62.67930672658692,41.17766081915286,27.014402922756858,25.041937513839134,29.316845642982127,54.03135617764191,49.33641462549942,51.02767491455654,44.766708992973555,72.9983031777719,72.95270931965663,63.08600455053116,80.99751539095821,83.41336379983026,66.70567474657476,72.55575451390136,74.11317293820207,57.753923616324485,68.00833428601322,65.9184525277578,72.55917390813357,60.914352374279225,61.02847077279156,75.38705238607322,85.82216918799581,86.74005817982886,100.55408831727506
datastructure,WB.DATA360:DS_DATA360(1.3),I,A,QAT,WB_WDI_NE_TRD_GNFS_ZS,_T,_T,_T,PT_GDP,_Z,_Z,_Z,_Z,RATIO,2,WB_WDI,P1Y,0,A,PU,Annual,Qatar,Trade (% of GDP),Total,All age ranges or no breakdown by age,Total,Percentage of GDP,Not Applicable,Not Applicable,Not Applicable,Not Applicable,Ratio,Two,World Development Indicators (WDI),Annual,Units,Normal value,Public,,,,,,,,,,,,,,,,,,,,,,,,,,,,,,,,,,,78.64992687404755,87.66795203116537,83.50922105498607,84.44703884189553,91.05812555557358,85.73296978563987,89.61265971599171,94.968671679198,88.46972362521991,90.1649486943021,90.37242883856223,94.7455441696331,98.57091931357198,96.11410571011056,89.43284165469049,80.14416297270117,87.1111970364642,98.72163510189912,105.74628643353516,102.3831543790237,99.03431389527589,93.70767393708184,89.54762314300974,91.49455747858546,91.83834327329397,90.04629341175591,90.0189857283633,92.77908976269632,100.21364084561215,,
datastructure,WB.DATA360:DS_DATA360(1.3),I,A,CAN,WB_WDI_NE_TRD_GNFS_ZS,_T,_T,_T,PT_GDP,_Z,_Z,_Z,_Z,RATIO,2,WB_WDI,P1Y,0,A,PU,Annual,Canada,Trade (% of GDP),Total,All age ranges or no breakdown by age,Total,Percentage of GDP,Not Applicable,Not Applicable,Not Applicable,Not Applicable,Ratio,Two,World Development Indicators (WDI),Annual,Units,Normal value,Public,,35.81046500744898,35.51131986922325,35.3317795610907,37.00155752008334,36.89455209830788,38.305293690016505,39.1242195642224,40.72738495686296,41.885899489111736,41.49227651809091,40.68695859297649,41.849086446302074,44.28828225026545,48.084501970308985,45.855654524918045,44.26534427956849,45.758378833860164,48.844517999706014,52.23804738287474,53.317975724381114,52.10257412625761,46.615882796942664,46.708883593312386,52.4766984280909,52.84194653488712,53.06515010538708,50.86639179852909,51.36578113684291,50.06663400731708,49.99446442204972,49.22346684754187,52.738030944997185,58.25079614530472,64.39154414550009,69.06174807995468,70.26007345603918,74.33661008165224,78.08118536286108,80.11502931292954,82.76535785032137,78.34421839436978,75.70703207792327,69.84009461706073,70.19241999095621,69.75913301673569,68.0521644769988,66.28341974823473,67.02360836189833,58.47439182248968,60.20812150444825,62.49873877083283,62.59554893950049,62.23107490134046,64.3786621564923,66.16490206697809,65.36368452155557,65.10106085046489,66.59988585087616,66.17148528049593,61.156770963276266,62.2468367159421,67.31762155639895,66.63233133706682,65.14992126537832
datastructure,WB.DATA360:DS_DATA360(1.3),I,A,PER,WB_WDI_NE_TRD_GNFS_ZS,_T,_T,_T,PT_GDP,_Z,_Z,_Z,_Z,RATIO,2,WB_WDI,P1Y,0,A,PU,Annual,Peru,Trade (% of GDP),Total,All age ranges or no breakdown by age,Total,Percentage of GDP,Not Applicable,Not Applicable,Not Applicable,Not Applicable,Ratio,Two,World Development Indicators (WDI),Annual,Units,Normal value,Public,40.481307519071954,43.00818804677958,41.92622850992833,40.02640036037003,37.31221613480332,34.663682677064905,34.72761708458671,35.59791635396541,36.983783920457824,34.286762382104676,32.99367587957185,28.614999787916474,28.146861360849012,28.672988658221687,35.4634343281208,31.92247989685108,31.418876785607313,37.59382769534904,39.71091494329308,45.58713542823107,47.64339805290022,41.28004986311859,41.07045394180381,43.236800196726804,39.19006131009157,44.87870948147463,34.51633161535159,27.350908377821444,33.221790961364256,22.53676060066247,29.469676899682952,26.659254111883996,27.97729215520667,28.76658657061992,28.922995769890136,30.927217847550786,31.654204091264397,33.46954585068268,32.953021785393574,33.20577655584926,35.53803216231781,35.06440143102117,35.24918133176952,37.6246103251002,41.936078267927265,47.35731747683939,51.785056033844235,55.68811328368153,58.43376738990528,48.111929615351855,51.672808937003346,55.98828028386066,52.61989526322937,49.78714244714436,46.85312109128992,45.16276868911478,45.38884119641545,47.51355036199706,48.631470171736005,46.94350537544095,44.245967197744044,55.427249365521966,57.29697596497214,50.7851842068664,51.475887867264724
datastructure,WB.DATA360:DS_DATA360(1.3),I,A,SUR,WB_WDI_NE_TRD_GNFS_ZS,_T,_T,_T,PT_GDP,_Z,_Z,_Z,_Z,RATIO,2,WB_WDI,P1Y,0,A,PU,Annual,Suriname,Trade (% of GDP),Total,All age ranges or no breakdown by age,Total,Percentage of GDP,Not Applicable,Not Applicable,Not Applicable,Not Applicable,Ratio,Two,World Development Indicators (WDI),Annual,Units,Normal value,Public,,,,,,,,,,,,,,,,,,,,,,,,,,,,,,,,,,,,,,,,,,,,,,,98.16819317235637,101.37700037216226,109.1668385234069,87.92066177852979,90.9613941465855,,,,,,,,,,,,,,
datastructure,WB.DATA360:DS_DATA360(1.3),I,A,TLS,WB_WDI_NE_TRD_GNFS_ZS,_T,_T,_T,PT_GDP,_Z,_Z,_Z,_Z,RATIO,2,WB_WDI,P1Y,0,A,PU,Annual,Timor-Leste,Trade (% of GDP),Total,All age ranges or no breakdown by age,Total,Percentage of GDP,Not Applicable,Not Applicable,Not Applicable,Not Applicable,Ratio,Two,World Development Indicators (WDI),Annual,Units,Normal value,Public,,,,,,,,,,,,,,,,,,,,,,,,,,,,,,,,,,,,,,,,,175.64845952383382,166.74343230328788,180.40374719217218,122.31196051955926,107.33083614718298,74.67126932085436,98.87571871387514,128.76089318804168,135.25076866192606,157.6864398209366,134.40051042722592,140.76634408955732,128.50048886309537,79.63412156773202,82.73577677117164,60.07692301845374,60.31062394454445,58.63475347899831,64.81918036599447,70.61424318905134,84.75031025099874,99.85999942144342,97.62111036073591,89.30465291575824,95.44850212862211
datastructure,WB.DATA360:DS_DATA360(1.3),I,A,CRI,WB_WDI_NE_TRD_GNFS_ZS,_T,_T,_T,PT_GDP,_Z,_Z,_Z,_Z,RATIO,2,WB_WDI,P1Y,0,A,PU,Annual,Costa Rica,Trade (% of GDP),Total,All age ranges or no breakdown by age,Total,Percentage of GDP,Not Applicable,Not Applicable,Not Applicable,Not Applicable,Ratio,Two,World Development Indicators (WDI),Annual,Units,Normal value,Public,47.26096505778955,45.91880922296574,48.772980760311206,49.215668971779685,52.98763339198123,55.75155628094406,55.55452175890877,56.101770515078655,60.221976324379746,58.548617075157516,62.41397999583048,63.89940019193219,66.83220136809564,67.67298996621871,81.26395182445086,68.60978582417782,63.81967149683685,67.20368366970274,64.21264004008492,64.11619000272626,63.296903777577306,91.44453684813033,87.24877017791007,72.82011228482608,68.35352727946413,63.19933629682326,61.83621252878891,67.39880098434841,69.83549053761793,73.5829599960743,75.28516419402277,71.43967570365317,76.09623548147083,79.3523368268699,77.99730799602116,79.77437454893989,84.05716400610468,87.61319809787035,92.03802123661862,87.53861376773727,86.52492351307046,80.852758718109,80.41394433600391,83.32770753556417,85.25647719658723,89.22266389232243,89.81455461369306,86.45659584393489,86.40151271132542,69.75931772515345,67.51208968410704,68.63914650740162,67.04853929509761,64.06641058794423,65.19124205323678,60.75356193952099,62.17847817682954,65.07195374388154,66.94534201663602,65.76053001766219,60.13988625095327,70.78164230270846,82.22753253531432,72.4719990801769,71.33101376876166
datastructure,WB.DATA360:DS_DATA360(1.3),I,A,GHA,WB_WDI_NE_TRD_GNFS_ZS,_T,_T,_T,PT_GDP,_Z,_Z,_Z,_Z,RATIO,2,WB_WDI,P1Y,0,A,PU,Annual,Ghana,Trade (% of GDP),Total,All age ranges or no breakdown by age,Total,Percentage of GDP,Not Applicable,Not Applicable,Not Applicable,Not Applicable,Ratio,Two,World Development Indicators (WDI),Annual,Units,Normal value,Public,63.63636363636363,62.58064516129033,52.68490374873353,48.63636363636364,43.77022653721683,43.860845839017735,34.25559947299078,37.36702127659575,41.17647058823529,40.079960019990004,44.04603806994245,36.0,35.91474245115453,37.84632962010854,40.128755364806864,37.8004921446148,31.74992338338952,22.04604496999015,18.045363575717143,22.393877117142654,17.621114533744052,10.07903505631592,6.320343315866792,11.544898336213173,18.814611122815187,24.243837597070964,36.71168748887841,45.84812332439678,42.24549941209822,41.085891051033926,42.7281781307805,42.4883492637987,45.99359586139232,56.66912011569949,62.02115273775216,57.42309428899467,72.20494412939755,85.4018379695892,80.59954324699352,81.70510403405281,116.04843016296842,110.04585416081134,97.48924317465514,97.28714571395317,99.67033434721225,98.17151411462788,64.51905424391524,65.35432228525316,69.51422561114336,71.59473852815235,75.37781579168235,86.29545385496954,93.1680351286831,60.7593219028775,63.83656244307831,76.52127092432424,67.87699944458652,70.54836529041157,67.95851746449021,76.82480273215198,66.57549871624315,62.707830912834616,70.11545579589071,64.38786152816472,69.78842273905916
datastructure,WB.DATA360:DS_DATA360(1.3),I,A,SWZ,WB_WDI_NE_TRD_GNFS_ZS,_T,_T,_T,PT_GDP,_Z,_Z,_Z,_Z,RATIO,2,WB_WDI,P1Y,0,A,PU,Annual,Eswatini,Trade (% of GDP),Total,All age ranges or no breakdown by age,Total,Percentage of GDP,Not Applicable,Not Applicable,Not Applicable,Not Applicable,Ratio,Two,World Development Indicators (WDI),Annual,Units,Normal value,Public,,,,,,,,,,,,,,,,,,,,,,,,,,,,,,,,,,,,,,,,,,,,,,,,,,,,,,85.20345512749385,91.62001869433976,88.26209440236836,89.35848744399348,86.88014203029762,85.49277681735384,86.64079484775952,84.01401884268776,89.9313874866569,92.57158712983336,99.72461108156166,107.48062105387932
datastructure,WB.DATA360:DS_DATA360(1.3),I,A,SEN,WB_WDI_NE_TRD_GNFS_ZS,_T,_T,_T,PT_GDP,_Z,_Z,_Z,_Z,RATIO,2,WB_WDI,P1Y,0,A,PU,Annual,Senegal,Trade (% of GDP),Total,All age ranges or no breakdown by age,Total,Percentage of GDP,Not Applicable,Not Applicable,Not Applicable,Not Applicable,Ratio,Two,World Development Indicators (WDI),Annual,Units,Normal value,Public,24.092212278773744,31.00926861184254,29.855702825281856,27.920552387915677,28.007327549075118,26.951855990632772,28.684015517282585,27.878278351881047,35.60411855502879,38.930677349546016,39.346745127786065,39.681182466046764,43.870601336434675,45.29830859044879,61.394291461435394,52.380036676762806,54.115812197895664,63.95374895903162,50.20972685191944,49.802681375631906,49.30083230362921,65.85192150382233,57.10360684165946,68.56431504774648,65.4332867839953,52.63377177546521,44.824704034019916,39.39205318555991,40.63186768355795,42.9574202579719,44.789263960410416,42.182899649274766,41.4568617276384,38.77425995642231,54.738134598460896,52.72540342777023,46.27243271739798,47.24132240362354,48.09867481676546,49.48526216624219,48.680089723263045,49.720578064831365,53.144299464132935,50.82121989333762,53.65920312755289,54.90324356894851,54.13623780926127,59.271304354979435,62.76176981763193,52.30729087733648,52.4578551962948,57.57687859895777,61.97530400403751,60.62676635967373,58.442528976099226,58.11033767420173,54.108169207213855,57.70527984556172,61.78983947931829,64.23625060610054,60.04687161370651,69.37599398838316,79.5998216515832,71.39302491274454,68.14051476562113
datastructure,WB.DATA360:DS_DATA360(1.3),I,A,BHS,WB_WDI_NE_TRD_GNFS_ZS,_T,_T,_T,PT_GDP,_Z,_Z,_Z,_Z,RATIO,2,WB_WDI,P1Y,0,A,PU,Annual,"Bahamas, The",Trade (% of GDP),Total,All age ranges or no breakdown by age,Total,Percentage of GDP,Not Applicable,Not Applicable,Not Applicable,Not Applicable,Ratio,Two,World Development Indicators (WDI),Annual,Units,Normal value,Public,,,,,,,,,,,,,,,,,,148.79382889200562,150.18020182604516,129.07526503989604,133.2584437954018,129.75113915177005,125.33738832921497,124.58448753462604,121.8950565871344,124.06171086576079,121.72295247724976,117.12601758017752,,111.00032658393206,110.12002526847758,106.11861813600072,101.46156320360245,103.35996119016816,104.4019637925744,104.46544181977254,105.85674702133554,79.73488557188789,77.72616716569934,75.70273833367821,79.64494389256693,72.50088063833957,70.27798170509257,71.06354050522599,76.0019833710461,81.3962709176308,87.55071430327767,88.01281556250788,87.4292228766863,76.52104396330981,78.6756024311196,88.33368915986873,84.25152046565427,84.54841388790774,80.53702722841163,69.67797526525648,67.21292158001498,68.33428403859597,72.15426859710435,68.78662348422083,53.42075806700633,65.9325413308964,75.98296010592367,76.54947515928572,79.24245869334547
datastructure,WB.DATA360:DS_DATA360(1.3),I,A,GNB,WB_WDI_NE_TRD_GNFS_ZS,_T,_T,_T,PT_GDP,_Z,_Z,_Z,_Z,RATIO,2,WB_WDI,P1Y,0,A,PU,Annual,Guinea-Bissau,Trade (% of GDP),Total,All age ranges or no breakdown by age,Total,Percentage of GDP,Not Applicable,Not Applicable,Not Applicable,Not Applicable,Ratio,Two,World Development Indicators (WDI),Annual,Units,Normal value,Public,,,,,,,,,,,34.1885886489373,38.47006955325806,39.98572782027571,46.78631891620335,44.26679377557185,31.13162018985741,33.20791824187468,41.906507265577105,43.78779451052413,48.79865968848259,54.52945327312489,46.91171722725149,49.12543135765888,38.26287151607348,64.68262287635456,67.46752466987596,37.070324143661345,50.32315393656385,63.60909023815447,55.08023525638468,46.970502719061976,47.77360987892094,55.01437568095137,41.58630064715369,50.763778985898156,46.81043289315421,42.360171467093174,69.49035464031294,43.50099730802576,49.099489229369624,52.73734611801453,47.58321727746122,39.6760635550924,38.03347093189171,43.192131633445996,45.7842315450716,48.76050338602259,46.244528470014714,45.138889374472356,43.59574740992058,43.51458763854538,48.61746020663734,44.12806656097953,39.957461780578654,46.86965830552377,54.370375589128486,54.30067304747113,56.913747593881105,55.01958903570047,49.94351013610168,42.88538568815228,44.80945568319925,45.75849522528577,40.474545289160936,38.80658478900153
datastructure,WB.DATA360:DS_DATA360(1.3),I,A,DOM,WB_WDI_NE_TRD_GNFS_ZS,_T,_T,_T,PT_GDP,_Z,_Z,_Z,_Z,RATIO,2,WB_WDI,P1Y,0,A,PU,Annual,Dominican Republic,Trade (% of GDP),Total,All age ranges or no breakdown by age,Total,Percentage of GDP,Not Applicable,Not Applicable,Not Applicable,Not Applicable,Ratio,Two,World Development Indicators (WDI),Annual,Units,Normal value,Public,44.40811023562324,39.59637988185908,48.05242082271569,46.704936937174416,47.728163780047176,36.572458056525164,41.68106514889725,43.09045226130653,45.13020109350385,44.59162941893539,45.88269161898351,45.71554593459346,45.91965764315186,49.53495893039918,60.59158180948149,61.113926622582795,51.4706194103505,49.3519917376992,48.11278028894897,53.793934312941005,54.4149258426634,50.615224075225164,41.074977139124755,41.341189694813785,51.7434972744523,56.9971149804481,49.42608277514384,58.05647306682854,71.3525273587921,69.47267709291629,69.1984136752272,83.09106896203002,80.46480154171056,78.00289677220219,77.15790827189299,73.89795938032759,72.64249086983324,74.23323716921657,75.91130271359391,76.3027532814337,79.30039309614322,70.51056780800609,68.72328290287771,84.4495031861592,81.35142293819109,61.653558735802726,63.76648263515049,61.22925915316401,61.42850583253936,50.650937679202535,56.05739641753209,59.06925784016976,58.50625367310891,56.81376580149446,55.660104150663315,52.34712386670073,51.730657124547704,50.759535550847176,52.335170957701294,50.91298220069697,44.73316134667563,51.95002273031149,54.37819767128437,49.84361317644173,51.783514395232565
datastructure,WB.DATA360:DS_DATA360(1.3),I,A,HUN,WB_WDI_NE_TRD_GNFS_ZS,_T,_T,_T,PT_GDP,_Z,_Z,_Z,_Z,RATIO,2,WB_WDI,P1Y,0,A,PU,Annual,Hungary,Trade (% of GDP),Total,All age ranges or no breakdown by age,Total,Percentage of GDP,Not Applicable,Not Applicable,Not Applicable,Not Applicable,Ratio,Two,World Development Indicators (WDI),Annual,Units,Normal value,Public,,,,,,,,,,,,,,,,,,,,,,,,,,,,,,,,58.2052641583218,55.2935236018396,53.4135360713045,56.30599459151534,78.17589159339188,83.02198063510802,94.68791014667579,107.319335097669,113.86953283097745,137.26231309347,130.90371423638686,118.26933524255512,116.78708854086179,123.61568610417399,128.0048106475382,149.23153156846107,155.6014323680703,158.45322411561864,145.3058773301899,157.83896008589605,166.75434720989713,166.17569860957047,164.4760247914666,168.3583550864127,167.29073849452425,163.9719445001501,165.03285584026756,162.70085877792488,159.92555646483092,154.527002936377,159.1875273328341,185.00020409269848,158.3857474674692,146.5045615059015
datastructure,WB.DATA360:DS_DATA360(1.3),I,A,NZL,WB_WDI_NE_TRD_GNFS_ZS,_T,_T,_T,PT_GDP,_Z,_Z,_Z,_Z,RATIO,2,WB_WDI,P1Y,0,A,PU,Annual,New Zealand,Trade (% of GDP),Total,All age ranges or no breakdown by age,Total,Percentage of GDP,Not Applicable,Not Applicable,Not Applicable,Not Applicable,Ratio,Two,World Development Indicators (WDI),Annual,Units,Normal value,Public,,,,,,,,,,,47.16337760171423,44.18672501823486,45.858739837398375,47.864362569285944,53.5509396636993,53.134878819810325,55.943855628759664,53.89631144921051,52.54371122391427,58.80846540394279,58.69384704807772,58.87547735951991,58.44234131050696,57.992916813106596,66.19839655378725,60.74322783891895,52.770348385760876,50.00613233580671,48.40383820237535,51.9781167466178,52.60814165801884,54.63556544288968,59.23405884981171,57.55365060597103,58.814569536423846,56.91425246269587,55.116170957755116,55.24686352144255,57.89601782337633,61.4012311333669,68.51692687689317,67.23382435204176,62.65599455544788,57.914769345753,58.79955227453594,58.01874344071635,59.6032650403479,58.425160574909064,64.26114485279787,55.01435018560258,58.10474060120869,59.172410559384815,56.90876719620421,55.98612411021715,55.09865509618511,54.85133173428702,52.40624781425895,54.14329704168041,55.766481489943665,54.45429717583672,43.97724228624309,48.541247765084634,53.476162765581684,50.40643167905132,51.224397222513
datastructure,WB.DATA360:DS_DATA360(1.3),I,A,SSD,WB_WDI_NE_TRD_GNFS_ZS,_T,_T,_T,PT_GDP,_Z,_Z,_Z,_Z,RATIO,2,WB_WDI,P1Y,0,A,PU,Annual,South Sudan,Trade (% of GDP),Total,All age ranges or no breakdown by age,Total,Percentage of GDP,Not Applicable,Not Applicable,Not Applicable,Not Applicable,Ratio,Two,World Development Indicators (WDI),Annual,Units,Normal value,Public,,,,,,,,,,,,,,,,,,,,,,,,,,,,,,,,,,,,,,,,,,,,,,,,,97.26629731834878,94.83576408799634,90.94344836611309,93.22685975491905,71.61981139474885,50.811246590746265,64.63451780708094,65.55134918450028,,,,,,,,,
datastructure,WB.DATA360:DS_DATA360(1.3),I,A,SYC,WB_WDI_NE_TRD_GNFS_ZS,_T,_T,_T,PT_GDP,_Z,_Z,_Z,_Z,RATIO,2,WB_WDI,P1Y,0,A,PU,Annual,Seychelles,Trade (% of GDP),Total,All age ranges or no breakdown by age,Total,Percentage of GDP,Not Applicable,Not Applicable,Not Applicable,Not Applicable,Ratio,Two,World Development Indicators (WDI),Annual,Units,Normal value,Public,,,,,,,,,,,,,,,,,97.09213747452783,88.09833738848337,85.32027572293208,83.55900235761261,77.14440896247565,67.49989500505238,72.36017101824787,69.84775419906752,71.1761122222006,71.29173489695765,56.44643429940922,51.433851419397755,63.73275959347618,61.871215890414376,62.57648142101322,56.05891921816024,52.39553897003367,57.89189645176101,50.07234408951597,53.392577709407064,98.0553434635995,76.64718702294805,78.97394928596884,88.36432791872328,151.30244783516667,179.88491487747277,156.92988955730024,168.8442350342163,149.5409367502902,171.10173595476434,177.56693551462007,174.9284627982587,208.84296850532732,221.93382535800882,198.16269242432782,210.0753827479921,222.17825485314134,196.51773326879268,213.35446942648636,187.4750124676793,180.8661883909392,197.44223641786934,185.70753721089957,173.40784688019585,153.48333156592037,183.77081501466012,189.82683543659098,180.8272625016599,188.36918529741132
datastructure,WB.DATA360:DS_DATA360(1.3),I,A,KHM,WB_WDI_NE_TRD_GNFS_ZS,_T,_T,_T,PT_GDP,_Z,_Z,_Z,_Z,RATIO,2,WB_WDI,P1Y,0,A,PU,Annual,Cambodia,Trade (% of GDP),Total,All age ranges or no breakdown by age,Total,Percentage of GDP,Not Applicable,Not Applicable,Not Applicable,Not Applicable,Ratio,Two,World Development Indicators (WDI),Annual,Units,Normal value,Public,,,,,,,,,,,,,,,,,,,,,,,,,,,,,,,,,,48.72425777920755,64.46803194958729,77.76672804591371,69.16156679750901,78.93464445838156,75.61947300094921,94.17688807702072,110.39712530373069,111.7717412440007,118.26956207228775,120.07496909359874,131.35148105627584,133.55196526564785,140.34873431848348,133.70002382681884,130.39351067873642,102.28794901469998,109.99840060775763,109.7905051668145,116.74023341821231,124.88755276865706,124.45490852669276,122.10959681537894,122.70455560266713,121.15545129868879,118.4376554130496,115.73667907244788,122.10539634656843,146.17984650971545,145.8736327614059,134.20684239593064,143.44700970301105
datastructure,WB.DATA360:DS_DATA360(1.3),I,A,SOM,WB_WDI_NE_TRD_GNFS_ZS,_T,_T,_T,PT_GDP,_Z,_Z,_Z,_Z,RATIO,2,WB_WDI,P1Y,0,A,PU,Annual,"Somalia, Federal Republic of",Trade (% of GDP),Total,All age ranges or no breakdown by age,Total,Percentage of GDP,Not Applicable,Not Applicable,Not Applicable,Not Applicable,Ratio,Two,World Development Indicators (WDI),Annual,Units,Normal value,Public,29.860313179937904,39.07957523819782,40.30810883221972,41.842027919732836,46.41654072258048,37.790815100985746,37.53264751958225,35.90377641215724,36.411123437499995,39.64092360746271,26.191579403562486,31.650547979700917,33.77810793596662,42.753343220354246,46.921223572987195,36.94536068498767,31.386775124756642,79.4767423255814,82.00609272171255,99.97776133555926,121.88456287411339,93.16739528472978,93.99883293600357,96.1143266019528,75.75217525902366,25.65757873754153,36.90286261944251,37.56403097967077,26.665639300462544,48.6201733615383,42.26333246994886,,,,,,,,,,,,,,,,,,,,,,88.57364607822885,83.34099912583778,81.70104145593217,76.4793322385239,74.36156255162486,68.6756490932841,73.82192302807063,70.29805914972273,75.69541029207232,79.0994411051355,90.75762030775262,103.12100748311737,130.32506058327067
datastructure,WB.DATA360:DS_DATA360(1.3),I,A,ARB,WB_WDI_NE_TRD_GNFS_ZS,_T,_T,_T,PT_GDP,_Z,_Z,_Z,_Z,RATIO,2,WB_WDI,P1Y,0,A,PU,Annual,Arab World,Trade (% of GDP),Total,All age ranges or no breakdown by age,Total,Percentage of GDP,Not Applicable,Not Applicable,Not Applicable,Not Applicable,Ratio,Two,World Development Indicators (WDI),Annual,Units,Normal value,Public,,,,,,,,,,,59.803601264583946,60.32864064961999,63.15493421792074,83.32990821585727,74.67637049536964,83.33510287863311,77.19950497573986,81.63936849069779,79.77665959501245,82.1065520191407,86.35804611995407,88.09716647998607,83.83907196279941,75.64113348101925,71.96776195646525,64.51595033164786,56.86733395874501,59.105519628536904,61.08615251508409,65.88967579482726,64.46598932319618,68.04621109726723,63.223328240894794,59.07648546044365,57.632865426206685,61.239392103831406,60.71012843493347,68.78579964874277,67.28940066641924,67.31321854787599,72.0132013903706,73.22578748781768,73.51966996916845,80.17857908510442,84.50680771720923,88.64571645144024,88.94087196005941,92.93956409659464,96.75734782376367,88.78404998304232,85.4722234406328,88.27789256996921,89.76974843480649,88.75525731646276,86.56253762354883,81.68339043678223,76.04302973741864,79.45303448760716,79.8820396126159,79.06962263805113,74.50459198561393,79.45842845286963,86.79323931794976,86.74665862093329,62.20971087724671
datastructure,WB.DATA360:DS_DATA360(1.3),I,A,MNG,WB_WDI_NE_TRD_GNFS_ZS,_T,_T,_T,PT_GDP,_Z,_Z,_Z,_Z,RATIO,2,WB_WDI,P1Y,0,A,PU,Annual,Mongolia,Trade (% of GDP),Total,All age ranges or no breakdown by age,Total,Percentage of GDP,Not Applicable,Not Applicable,Not Applicable,Not Applicable,Ratio,Two,World Development Indicators (WDI),Annual,Units,Normal value,Public,,,,,,,,,,,,,,,,,,,,,,94.90462984899652,90.71632761914275,89.02993794986233,94.25124072381522,94.93633785664315,111.57131685444013,103.06555577464289,94.47149764015997,76.36414647926469,58.621894969530565,136.6037874065004,65.29564690068257,129.7420597085321,99.1572950855527,82.10365875921059,77.97407569017408,99.99144900217532,107.35121077942765,112.24133854774536,121.88660975420764,115.8183268788801,118.51725311394307,120.29939351488059,131.32931823355432,122.38145988977291,112.9299830969827,117.88042642537721,121.19801340118339,107.81375716617652,103.35003165655732,126.9992286334822,109.58856433841548,100.31198966294295,109.32231187718693,89.65366347781398,101.05523722499714,115.93290186796328,126.35587324151278,124.39651462116488,112.83864762931744,119.09807843777105,136.32792994451626,142.8642465991814,138.44837914124938
datastructure,WB.DATA360:DS_DATA360(1.3),I,A,LMC,WB_WDI_NE_TRD_GNFS_ZS,_T,_T,_T,PT_GDP,_Z,_Z,_Z,_Z,RATIO,2,WB_WDI,P1Y,0,A,PU,Annual,Lower middle income,Trade (% of GDP),Total,All age ranges or no breakdown by age,Total,Percentage of GDP,Not Applicable,Not Applicable,Not Applicable,Not Applicable,Ratio,Two,World Development Indicators (WDI),Annual,Units,Normal value,Public,21.845300362954998,,,,,19.651934708132742,20.47344251545719,19.80910303726868,18.52947238776715,17.65016485817092,18.541478933583996,18.134351427178824,17.881417601525836,20.21893608271377,24.980462441640142,25.638406906559137,26.382728418423177,26.948247525307252,26.992927692642528,30.266422816463827,32.178031720562906,32.04757704488884,29.920740510886574,28.868368098710324,28.791920937636483,27.420609070172603,25.36900795989505,25.457627109463207,27.985354023842355,32.122216280489226,34.287636293708495,34.53746479820058,35.6280135460008,37.04026154072715,38.20941883357045,40.7932382829523,40.8965672984105,42.49121827147318,42.25643352570995,42.298393882428826,44.958834923225226,44.97167138798272,47.72918230201432,49.43795831921862,55.040384056381185,57.812899822173236,59.415644012891356,60.97359858231021,65.73517199932039,57.14492164062777,57.57127242569815,61.76786417029681,60.74156558005248,58.85609558001755,55.808163451863976,51.235447079511125,48.88260734868019,51.42439202732097,54.67919116140072,52.25157313493822,47.508840772133425,54.120963054873464,60.06423379726924,55.55788669280562,54.65262543235766
datastructure,WB.DATA360:DS_DATA360(1.3),I,A,LVA,WB_WDI_NE_TRD_GNFS_ZS,_T,_T,_T,PT_GDP,_Z,_Z,_Z,_Z,RATIO,2,WB_WDI,P1Y,0,A,PU,Annual,Latvia,Trade (% of GDP),Total,All age ranges or no breakdown by age,Total,Percentage of GDP,Not Applicable,Not Applicable,Not Applicable,Not Applicable,Ratio,Two,World Development Indicators (WDI),Annual,Units,Normal value,Public,,,,,,,,,,,,,,,,,,,,,,,,,,,,,,,,,,,,76.25000127146357,92.56182416352566,90.92615558673072,93.04865758597649,82.15055681887688,83.61213211005558,88.17682781842481,85.97720567781954,88.58155804186718,97.23526557717477,104.51715660291836,105.69534208045546,100.88091087182785,95.76816284385706,88.83204949636918,110.86235386271956,129.73475801448532,133.2115036509576,129.6771849290995,130.04225224495903,126.3800144060062,123.33051842965929,128.71400332888396,128.23409555982195,125.29163170793008,123.88319804655983,136.7966154148187,159.89277819064893,135.64298915426642,132.26250789592498
datastructure,WB.DATA360:DS_DATA360(1.3),I,A,ERI,WB_WDI_NE_TRD_GNFS_ZS,_T,_T,_T,PT_GDP,_Z,_Z,_Z,_Z,RATIO,2,WB_WDI,P1Y,0,A,PU,Annual,Eritrea,Trade (% of GDP),Total,All age ranges or no breakdown by age,Total,Percentage of GDP,Not Applicable,Not Applicable,Not Applicable,Not Applicable,Ratio,Two,World Development Indicators (WDI),Annual,Units,Normal value,Public,,,,,,,,,,,,,,,,,,,,,,,,,,,,,,,,,56.377189372113236,102.06000163492193,110.8817782120176,105.32262860541184,116.6175203012294,115.41477665872222,94.92756567426845,96.2592361791151,67.88136192651456,72.06271095897519,76.59016365744506,74.00782429015521,65.57090684903196,61.106031021807325,45.260846053735435,34.559559532637465,30.56095004944958,27.972141614814866,37.471465456569064,47.39379011886839,,,,,,,,,,,,,
datastructure,WB.DATA360:DS_DATA360(1.3),I,A,KWT,WB_WDI_NE_TRD_GNFS_ZS,_T,_T,_T,PT_GDP,_Z,_Z,_Z,_Z,RATIO,2,WB_WDI,P1Y,0,A,PU,Annual,Kuwait,Trade (% of GDP),Total,All age ranges or no breakdown by age,Total,Percentage of GDP,Not Applicable,Not Applicable,Not Applicable,Not Applicable,Ratio,Two,World Development Indicators (WDI),Annual,Units,Normal value,Public,,,,,,90.78771695594125,90.04683840749415,87.95871559633028,87.80231335436383,92.41658240647118,83.93257332164085,85.01230894574533,89.26229508196721,94.10261205660495,98.80147125102206,106.4812157590704,110.48779592155637,115.46910829933334,110.4049902680393,106.78675565913494,112.64694192877039,107.97617859153775,106.86863180685518,108.48154648551565,104.75409567884068,96.41950157675885,94.19909806814198,89.66314667559244,90.50440120737895,93.77143754577448,103.01100015073862,142.6129542658622,94.68806496716614,92.05703519751503,93.18428427578391,94.3196243483405,91.47214474340075,92.44354654762293,94.95984316701448,85.36811455118489,86.61832450325402,86.85046728971962,81.22519413287317,86.55517550745766,89.29764167908338,92.24268009426446,89.71309319805222,91.73250339158886,92.68345625167214,88.81106498514569,97.02802166000642,99.11649276469127,101.01143510403207,97.6054913328151,100.0371898418438,98.69998844554847,96.15767237586168,97.84004645740897,102.78563065499988,91.68571238959534,82.01251012930516,82.00193946039609,90.9204116970196,96.07978815819996,
datastructure,WB.DATA360:DS_DATA360(1.3),I,A,MNE,WB_WDI_NE_TRD_GNFS_ZS,_T,_T,_T,PT_GDP,_Z,_Z,_Z,_Z,RATIO,2,WB_WDI,P1Y,0,A,PU,Annual,Montenegro,Trade (% of GDP),Total,All age ranges or no breakdown by age,Total,Percentage of GDP,Not Applicable,Not Applicable,Not Applicable,Not Applicable,Ratio,Two,World Development Indicators (WDI),Annual,Units,Normal value,Public,,,,,,,,,,,,,,,,,,,,,,,,,,,,,,,,,,,,,,,,,87.9252021443203,100.40938607531406,95.22940001602525,77.59838901073286,100.10965496714243,104.62513925665871,118.17712937518263,128.84421415247627,132.48054069385995,99.82557604324128,98.86849924958216,106.75272826470281,108.77998760341374,103.7859663711794,100.43843145871108,104.12510886943014,104.13595458429373,106.71136668911623,111.0989355091738,110.01612386960049,87.86120271349085,105.71924917504451,125.45593775499397,116.80666953832942,109.944104480975
datastructure,WB.DATA360:DS_DATA360(1.3),I,A,VUT,WB_WDI_NE_TRD_GNFS_ZS,_T,_T,_T,PT_GDP,_Z,_Z,_Z,_Z,RATIO,2,WB_WDI,P1Y,0,A,PU,Annual,Vanuatu,Trade (% of GDP),Total,All age ranges or no breakdown by age,Total,Percentage of GDP,Not Applicable,Not Applicable,Not Applicable,Not Applicable,Ratio,Two,World Development Indicators (WDI),Annual,Units,Normal value,Public,,,,,,,,,,,,,,,,,,,,,70.13049782503626,68.65805964174922,75.48111837327524,113.67335790827262,112.50610308990723,110.52857449395607,93.42930970837948,93.83812010443864,89.70730527334301,94.09131602506714,112.57524406899691,94.2228152101401,94.63916656122147,94.97046275024614,92.87237171004264,91.9615068150109,92.9417808219178,96.19692463456305,94.74093341704787,91.23233024022201,87.15579177906572,87.77214514407684,91.6997236888901,91.56798959011061,98.70597750165429,100.1738203392973,89.54146180905556,90.17165110212106,105.77485258005778,108.4891790631867,103.82331220382792,96.99876641753139,104.45162966598343,106.410757127713,105.19931829680718,108.75866566825285,106.3519352657337,105.52657371399665,110.67965982276647,99.38296882270824,69.91489483364943,59.95212597214078,63.59961216742535,,
datastructure,WB.DATA360:DS_DATA360(1.3),I,A,ISR,WB_WDI_NE_TRD_GNFS_ZS,_T,_T,_T,PT_GDP,_Z,_Z,_Z,_Z,RATIO,2,WB_WDI,P1Y,0,A,PU,Annual,Israel,Trade (% of GDP),Total,All age ranges or no breakdown by age,Total,Percentage of GDP,Not Applicable,Not Applicable,Not Applicable,Not Applicable,Ratio,Two,World Development Indicators (WDI),Annual,Units,Normal value,Public,,,,,,,,,,,58.2804644747422,58.9858071065538,55.94977291724598,64.71289178658388,61.21668023641528,66.56644065909092,67.33212986042165,70.44925100131766,85.97912595050377,79.21187576894594,79.97479347958097,79.33434594357952,69.26552546826414,63.56193251938503,70.27627993639611,75.66827693475292,66.30793434921314,69.03549389888215,60.25184675726408,62.899314195162916,60.897422201624394,55.718081192395054,54.90725154887186,60.01407043741748,59.787759677758736,59.38940717496729,58.13113577307358,57.56744525996492,56.904466679317686,64.73958562512935,68.3468590369834,62.139584755154985,65.47110541459816,66.88175036985044,74.97319952651468,78.32426137693251,78.43528897184632,78.83710629966276,75.38092230565802,61.67564796396999,65.63307986891529,68.90943784973743,69.96502508270427,64.1340511293501,61.7133541160002,58.897971915566,57.799031685078305,56.280114254092396,58.74375423874485,56.325348642584,51.23667379203659,54.90168420069863,60.64485267429524,57.990320713698296,54.452000296972734
datastructure,WB.DATA360:DS_DATA360(1.3),I,A,PAN,WB_WDI_NE_TRD_GNFS_ZS,_T,_T,_T,PT_GDP,_Z,_Z,_Z,_Z,RATIO,2,WB_WDI,P1Y,0,A,PU,Annual,Panama,Trade (% of GDP),Total,All age ranges or no breakdown by age,Total,Percentage of GDP,Not Applicable,Not Applicable,Not Applicable,Not Applicable,Ratio,Two,World Development Indicators (WDI),Annual,Units,Normal value,Public,100.16814760798299,100.85460354578754,110.3503813479985,112.75063314169023,109.41965824354575,112.67196044318888,116.11081862939841,114.72527795491078,113.98399034643609,117.29000364118501,117.37312273280128,115.04892785513543,115.02441987228845,113.77512327088179,150.1390435238629,149.8275020355774,137.06940905820704,137.02023535440492,125.81770598934474,131.86304922841404,137.50194621409776,133.72289655287304,116.78496980788431,93.1350462972318,91.87702804503375,94.0595722053528,97.32745908983776,98.59077157751128,97.6653454707486,109.59774433587546,121.79355287336723,140.2465583050417,144.8791885473797,139.67922133726134,143.60903279255703,146.90538003679768,165.60967977491333,174.71386328264916,157.9964086681505,131.55739720074467,139.1979343017583,135.5843506682062,126.02448273977251,117.26747891232672,124.76175683619569,139.2111647575186,141.47257118275408,148.66560103297164,164.5862864219437,137.04602137718837,145.44871864789573,158.20839556043003,153.20862028983885,133.07156899416734,114.97060496737078,96.57915738934612,84.39597184862275,84.04753720591309,86.1309615270001,80.42865057072265,68.70042347996458,80.13346360570567,93.47526881684425,88.34891052886113,83.6737787798304
datastructure,WB.DATA360:DS_DATA360(1.3),I,A,KIR,WB_WDI_NE_TRD_GNFS_ZS,_T,_T,_T,PT_GDP,_Z,_Z,_Z,_Z,RATIO,2,WB_WDI,P1Y,0,A,PU,Annual,Kiribati,Trade (% of GDP),Total,All age ranges or no breakdown by age,Total,Percentage of GDP,Not Applicable,Not Applicable,Not Applicable,Not Applicable,Ratio,Two,World Development Indicators (WDI),Annual,Units,Normal value,Public,,,,,,,,,,,,,103.24943382738867,113.63807775678949,115.2449383768482,117.98048883516827,113.88573818265297,116.2315853896879,125.01394332904322,149.463887948425,113.30309620535056,122.87226019837412,115.3875291213867,107.34658970540816,112.25484611829131,92.86575763721842,91.56817103616092,159.2194999577021,122.03600533466101,130.51509504441285,151.07170281540633,134.2088415756882,111.77265865357053,98.15986656639153,82.94575587417543,101.95788145080766,86.68363263961142,93.81619114684592,85.01463471908887,100.61711346760865,94.16652413130178,110.78473305790455,125.62549610818574,103.92896523707272,101.35970211473105,123.59426858786533,94.046808140823,96.1590422982734,95.44192475802701,97.63603248687494,85.69724853093133,93.43139388809453,96.12870924388818,96.78140028289144,104.18798004464679,109.88911253748672,111.26979768837921,100.5612539884248,83.36643112134918,98.31404218340455,78.4052134293582,74.50054301178321,107.68587801590925,107.60377850993825,
datastructure,WB.DATA360:DS_DATA360(1.3),I,A,KAZ,WB_WDI_NE_TRD_GNFS_ZS,_T,_T,_T,PT_GDP,_Z,_Z,_Z,_Z,RATIO,2,WB_WDI,P1Y,0,A,PU,Annual,Kazakhstan,Trade (% of GDP),Total,All age ranges or no breakdown by age,Total,Percentage of GDP,Not Applicable,Not Applicable,Not Applicable,Not Applicable,Ratio,Two,World Development Indicators (WDI),Annual,Units,Normal value,Public,,,,,,,,,,,,,,,,,,,,,,,,,,,,,,,,,149.33664179104477,84.63452185527697,84.18173900887149,82.522407044045,71.27357328770756,72.35955069618768,65.20418274543945,82.57915135577201,105.69969263452124,92.84906850697071,94.03168564978,91.46333242504573,96.40919970093358,97.76250302430239,91.45352679733729,92.1616330969975,94.29480464836575,75.76606746365326,74.13826589578419,73.11785705091292,73.72373248916709,65.40760932995377,64.9720346513507,53.04972880726522,60.311596586415284,56.82538793597095,63.52795651181881,64.85861655175647,57.026442366093136,58.66860857792066,68.33431474156123,62.33428376750215,57.16134319639236
datastructure,WB.DATA360:DS_DATA360(1.3),I,A,FRO,WB_WDI_NE_TRD_GNFS_ZS,_T,_T,_T,PT_GDP,_Z,_Z,_Z,_Z,RATIO,2,WB_WDI,P1Y,0,A,PU,Annual,Faroe Islands,Trade (% of GDP),Total,All age ranges or no breakdown by age,Total,Percentage of GDP,Not Applicable,Not Applicable,Not Applicable,Not Applicable,Ratio,Two,World Development Indicators (WDI),Annual,Units,Normal value,Public,,,98.69180454020778,86.09505459216442,82.271702367531,87.45940544591556,76.23651079136691,78.96678966789668,74.75966455307834,79.25066565233931,75.25902668759812,78.78787878787878,78.1140721090076,90.59872872667624,93.61294088218128,85.34476161322415,86.90519877675841,84.90349154653,80.2588996763754,79.49489385143438,81.29273734974447,83.45846153846153,79.25945945945946,84.56404494382022,99.7166817769719,93.91822477912471,87.9978471474704,93.13984168865436,85.85889570552148,79.88704110448698,78.87655566767575,81.65405777166438,84.86113632238155,72.69963518443454,75.7563199336925,75.70297029702971,98.7626350644824,97.63256040214043,91.60981803936401,100.49192830812255,110.54535336672231,104.90436691623432,98.62315601251677,108.25829012663857,93.41539890837302,100.96275940490855,97.39471776109079,99.50600413103064,103.49622253558852,96.86080803321174,97.18244345823611,105.84645347367795,117.15779366264802,114.0622828209286,106.14253919338665,105.61067159438701,104.55270300239728,107.23890837017838,106.87466475952083,108.62324595025086,96.22419375183955,103.48803714611235,122.86334141193026,113.33640078035852,105.75280303762315
datastructure,WB.DATA360:DS_DATA360(1.3),I,A,IDB,WB_WDI_NE_TRD_GNFS_ZS,_T,_T,_T,PT_GDP,_Z,_Z,_Z,_Z,RATIO,2,WB_WDI,P1Y,0,A,PU,Annual,IDA blend,Trade (% of GDP),Total,All age ranges or no breakdown by age,Total,Percentage of GDP,Not Applicable,Not Applicable,Not Applicable,Not Applicable,Ratio,Two,World Development Indicators (WDI),Annual,Units,Normal value,Public,29.953693339628234,,,,,,,,,,,,,,,,,,,,,,,,,,,,,,,,,,,,,,,,,,,,,,,,,,,,,,,,,,,,,,,,
datastructure,WB.DATA360:DS_DATA360(1.3),I,A,NGA,WB_WDI_NE_TRD_GNFS_ZS,_T,_T,_T,PT_GDP,_Z,_Z,_Z,_Z,RATIO,2,WB_WDI,P1Y,0,A,PU,Annual,Nigeria,Trade (% of GDP),Total,All age ranges or no breakdown by age,Total,Percentage of GDP,Not Applicable,Not Applicable,Not Applicable,Not Applicable,Ratio,Two,World Development Indicators (WDI),Annual,Units,Normal value,Public,26.166512865529874,,,,,,,,,,,,,,,,,,,,,,,,,,,,,,,,,,,,,,,,,,,,,,,,,,,,,,,,,,,,,,,,
datastructure,WB.DATA360:DS_DATA360(1.3),I,A,AFW,WB_WDI_NE_TRD_GNFS_ZS,_T,_T,_T,PT_GDP,_Z,_Z,_Z,_Z,RATIO,2,WB_WDI,P1Y,0,A,PU,Annual,Western & Central Africa,Trade (% of GDP),Total,All age ranges or no breakdown by age,Total,Percentage of GDP,Not Applicable,Not Applicable,Not Applicable,Not Applicable,Ratio,Two,World Development Indicators (WDI),Annual,Units,Normal value,Public,33.02326009876288,,,,,,,,,,,,,,,,,,,,,,,,,,,,,,,,,,,,,,,,,,,,,,,,,,,,,,,,,,,,,,,,
