STRUCTURE,STRUCTURE_ID,ACTION,FREQ,REF_AREA,INDICATOR,SEX,AGE,URBANISATION,UNIT_MEASURE,COMP_BREAKDOWN_1,COMP_BREAKDOWN_2,COMP_BREAKDOWN_3,AGG_METHOD,UNIT_TYPE,DECIMALS,DATABASE_ID,TIME_FORMAT,UNIT_MULT,OBS_STATUS,OBS_CONF,FREQ_LABEL,REF_AREA_LABEL,INDICATOR_LABEL,SEX_LABEL,AGE_LABEL,URBANISATION_LABEL,UNIT_MEASURE_LABEL,COMP_BREAKDOWN_1_LABEL,COMP_BREAKDOWN_2_LABEL,COMP_BREAKDOWN_3_LABEL,AGG_METHOD_LABEL,UNIT_TYPE_LABEL,DECIMALS_LABEL,DATABASE_ID_LABEL,TIME_FORMAT_LABEL,UNIT_MULT_LABEL,OBS_STATUS_LABEL,OBS_CONF_LABEL,1990,1991,1992,1993,1994,1995,1996,1997,1998,1999,2000,2001,2002,2003,2004,2005,2006,2007,2008,2009,2010,2011,2012,2013,2014,2015,2016,2017,2018,2019,2020,2021,2022,2023,2024,2025
datastructure,WB.DATA360:DS_DATA360(1.3),I,A,PRT,WB_WDI_SL_TLF_ACTI_1524_ZS,_T,Y15T24,_T,PT,_Z,_Z,_Z,_Z,RATIO,2,WB_WDI,P1Y,0,A,PU,Annual,Portugal,"Labor force participation rate for ages 15-24, total (%) (modeled ILO estimate)",Total,15 to 24 years old,Total,Percentage,Not Applicable,Not Applicable,Not Applicable,Not Applicable,Ratio,Two,World Development Indicators (WDI),Annual,Units,Normal value,Public,58.465,56.679,51.157,47.566,45.277,43.099,42.271,44.179,47.123,46.355,44.822,46.59,47.15,44.881,42.656,42.118,41.653,41.329,40.892,38.696,36.119,38.124,36.943,34.967,34.427,33.639,33.334,34.061,34.256,34.273,30.444,30.057,31.382,35.396,34.735,34.732
datastructure,WB.DATA360:DS_DATA360(1.3),I,A,ESP,WB_WDI_SL_TLF_ACTI_1524_ZS,_T,Y15T24,_T,PT,_Z,_Z,_Z,_Z,RATIO,2,WB_WDI,P1Y,0,A,PU,Annual,Spain,"Labor force participation rate for ages 15-24, total (%) (modeled ILO estimate)",Total,15 to 24 years old,Total,Percentage,Not Applicable,Not Applicable,Not Applicable,Not Applicable,Ratio,Two,World Development Indicators (WDI),Annual,Units,Normal value,Public,47.177,45.518,44.665,43.188,43.346,41.646,40.655,40.869,41.158,42.132,43.17,42.451,43.673,44.392,44.925,47.934,48.413,47.896,47.738,45.106,42.753,40.908,38.965,37.858,35.895,34.721,33.1,33.355,33.011,33.009,29.958,31.524,32.573,33.088,33.825,33.759
datastructure,WB.DATA360:DS_DATA360(1.3),I,A,IBT,WB_WDI_SL_TLF_ACTI_1524_ZS,_T,Y15T24,_T,PT,_Z,_Z,_Z,_Z,RATIO,2,WB_WDI,P1Y,0,A,PU,Annual,IDA & IBRD total,"Labor force participation rate for ages 15-24, total (%) (modeled ILO estimate)",Total,15 to 24 years old,Total,Percentage,Not Applicable,Not Applicable,Not Applicable,Not Applicable,Ratio,Two,World Development Indicators (WDI),Annual,Units,Normal value,Public,58.90611731366743,58.46444884916427,58.02229055173071,57.26289554406707,56.80124812192628,56.207041446215754,55.528497630577824,54.92952807419356,54.321975484170274,54.01748380112576,53.386706348602424,52.80732872091771,52.317236403541536,51.730268594124375,51.35863821780389,50.812279091131934,50.03063824382384,49.24635641813736,48.46229074974657,47.77005458143006,46.85468927407809,46.15733755538872,45.47961164792525,45.12396007049631,44.325283018629854,43.74162308837435,43.151057775303464,42.606369291655966,42.127355026465025,41.754794908786096,40.22262582483195,40.92573765295865,41.571081318759035,41.87937651923158,41.85594166428726,41.821394817263545
datastructure,WB.DATA360:DS_DATA360(1.3),I,A,HKG,WB_WDI_SL_TLF_ACTI_1524_ZS,_T,Y15T24,_T,PT,_Z,_Z,_Z,_Z,RATIO,2,WB_WDI,P1Y,0,A,PU,Annual,"Hong Kong SAR, China","Labor force participation rate for ages 15-24, total (%) (modeled ILO estimate)",Total,15 to 24 years old,Total,Percentage,Not Applicable,Not Applicable,Not Applicable,Not Applicable,Ratio,Two,World Development Indicators (WDI),Annual,Units,Normal value,Public,56.741,56.104,54.638,53.655,52.459,50.279,50.224,49.5,49.288,47.415,45.549,44.927,44.874,44.439,44.306,43.869,42.92,42.748,40.714,39.227,36.061,36.402,36.962,38.898,38.525,40.264,40.71,39.83,40.059,39.816,35.985,34.877,31.947,30.618,29.474,29.465
datastructure,WB.DATA360:DS_DATA360(1.3),I,A,TKM,WB_WDI_SL_TLF_ACTI_1524_ZS,_T,Y15T24,_T,PT,_Z,_Z,_Z,_Z,RATIO,2,WB_WDI,P1Y,0,A,PU,Annual,Turkmenistan,"Labor force participation rate for ages 15-24, total (%) (modeled ILO estimate)",Total,15 to 24 years old,Total,Percentage,Not Applicable,Not Applicable,Not Applicable,Not Applicable,Ratio,Two,World Development Indicators (WDI),Annual,Units,Normal value,Public,34.786,35.669,38.042,38.157,41.039,42.367,41.697,43.628,42.846,40.918,40.416,40.067,40.267,40.066,39.639,38.234,37.111,36.014,34.558,34.09,33.296,31.965,31.044,30.242,29.455,29.052,28.684,28.288,27.917,27.53,26.106,26.602,26.978,26.742,26.918,26.791
datastructure,WB.DATA360:DS_DATA360(1.3),I,A,SST,WB_WDI_SL_TLF_ACTI_1524_ZS,_T,Y15T24,_T,PT,_Z,_Z,_Z,_Z,RATIO,2,WB_WDI,P1Y,0,A,PU,Annual,Small states,"Labor force participation rate for ages 15-24, total (%) (modeled ILO estimate)",Total,15 to 24 years old,Total,Percentage,Not Applicable,Not Applicable,Not Applicable,Not Applicable,Ratio,Two,World Development Indicators (WDI),Annual,Units,Normal value,Public,47.85575815780176,47.416872842078554,46.82834386392955,46.478649930006675,46.58037354560787,46.347619828359846,45.79024446570658,45.080948166039306,44.44361979634445,43.88976994593155,43.27913982906687,42.824072887299785,41.88686300833424,42.650616076698334,42.39742142957585,41.91377469189377,41.71731663187277,41.404678961890546,40.9607638032185,40.21303992575628,39.26068471130006,38.931392472571375,38.733434430835295,38.48195138658377,38.54249887667948,38.69528671504338,38.6132828699769,38.5423661960254,38.8401395596338,38.202209406566986,36.142296323344844,36.42068501716185,37.838783227335234,38.64887497086864,38.511290347977265,38.47747702193576
datastructure,WB.DATA360:DS_DATA360(1.3),I,A,BRB,WB_WDI_SL_TLF_ACTI_1524_ZS,_T,Y15T24,_T,PT,_Z,_Z,_Z,_Z,RATIO,2,WB_WDI,P1Y,0,A,PU,Annual,Barbados,"Labor force participation rate for ages 15-24, total (%) (modeled ILO estimate)",Total,15 to 24 years old,Total,Percentage,Not Applicable,Not Applicable,Not Applicable,Not Applicable,Ratio,Two,World Development Indicators (WDI),Annual,Units,Normal value,Public,65.083,63.584,62.053,62.3,62.518,64.759,64.512,62.004,61.184,60.357,59.522,58.673,57.814,56.955,57.212,56.611,56.012,55.416,54.814,54.204,53.596,52.992,47.241,47.494,46.594,42.067,43.749,41.279,44.207,44.4,42.885,42.59,46.873,47.804,48.215,48.348
datastructure,WB.DATA360:DS_DATA360(1.3),I,A,MOZ,WB_WDI_SL_TLF_ACTI_1524_ZS,_T,Y15T24,_T,PT,_Z,_Z,_Z,_Z,RATIO,2,WB_WDI,P1Y,0,A,PU,Annual,Mozambique,"Labor force participation rate for ages 15-24, total (%) (modeled ILO estimate)",Total,15 to 24 years old,Total,Percentage,Not Applicable,Not Applicable,Not Applicable,Not Applicable,Ratio,Two,World Development Indicators (WDI),Annual,Units,Normal value,Public,76.432,76.339,76.237,76.053,75.764,75.436,75.15,75.08,74.037,72.966,71.866,70.738,69.581,68.399,67.935,67.467,66.995,66.518,66.037,65.552,65.063,64.57,64.073,63.572,63.069,62.562,62.892,63.203,63.528,63.872,63.718,64.409,65.142,65.088,65.006,64.951
datastructure,WB.DATA360:DS_DATA360(1.3),I,A,NPL,WB_WDI_SL_TLF_ACTI_1524_ZS,_T,Y15T24,_T,PT,_Z,_Z,_Z,_Z,RATIO,2,WB_WDI,P1Y,0,A,PU,Annual,Nepal,"Labor force participation rate for ages 15-24, total (%) (modeled ILO estimate)",Total,15 to 24 years old,Total,Percentage,Not Applicable,Not Applicable,Not Applicable,Not Applicable,Ratio,Two,World Development Indicators (WDI),Annual,Units,Normal value,Public,34.389,34.394,34.439,34.446,34.394,34.318,34.221,34.143,34.088,34.043,33.997,33.955,33.876,33.756,33.632,33.446,33.179,32.883,32.608,32.376,32.189,31.974,31.631,31.171,30.732,30.418,30.043,29.51,28.956,28.596,28.316,28.525,27.818,27.659,27.427,27.303
datastructure,WB.DATA360:DS_DATA360(1.3),I,A,LCA,WB_WDI_SL_TLF_ACTI_1524_ZS,_T,Y15T24,_T,PT,_Z,_Z,_Z,_Z,RATIO,2,WB_WDI,P1Y,0,A,PU,Annual,St. Lucia,"Labor force participation rate for ages 15-24, total (%) (modeled ILO estimate)",Total,15 to 24 years old,Total,Percentage,Not Applicable,Not Applicable,Not Applicable,Not Applicable,Ratio,Two,World Development Indicators (WDI),Annual,Units,Normal value,Public,61.05,61.148,60.816,60.943,61.005,61.061,61.031,61.22,60.968,60.928,61.044,61.366,61.447,61.293,60.96,61.084,60.814,60.814,60.62,60.873,60.918,60.728,60.799,60.886,60.828,60.85,60.686,60.524,61.916,55.984,45.714,55.693,58.966,59.701,60.642,60.647
datastructure,WB.DATA360:DS_DATA360(1.3),I,A,ITA,WB_WDI_SL_TLF_ACTI_1524_ZS,_T,Y15T24,_T,PT,_Z,_Z,_Z,_Z,RATIO,2,WB_WDI,P1Y,0,A,PU,Annual,Italy,"Labor force participation rate for ages 15-24, total (%) (modeled ILO estimate)",Total,15 to 24 years old,Total,Percentage,Not Applicable,Not Applicable,Not Applicable,Not Applicable,Ratio,Two,World Development Indicators (WDI),Annual,Units,Normal value,Public,46.932,46.193,42.204,41.223,39.112,38.862,38.772,38.408,38.529,38.202,38.16,36.367,35.344,34.707,36.797,33.89,32.35,30.824,30.744,28.843,28.082,27.107,28.554,27.141,27.147,26.193,26.619,26.205,25.994,25.965,23.839,24.956,25.99,26.391,24.713,24.63
datastructure,WB.DATA360:DS_DATA360(1.3),I,A,NAC,WB_WDI_SL_TLF_ACTI_1524_ZS,_T,Y15T24,_T,PT,_Z,_Z,_Z,_Z,RATIO,2,WB_WDI,P1Y,0,A,PU,Annual,North America,"Labor force participation rate for ages 15-24, total (%) (modeled ILO estimate)",Total,15 to 24 years old,Total,Percentage,Not Applicable,Not Applicable,Not Applicable,Not Applicable,Ratio,Two,World Development Indicators (WDI),Annual,Units,Normal value,Public,62.21637746751384,60.9714311171059,60.85383508410814,60.63375118674522,60.94042655106231,60.7769502006179,60.065025992907515,59.966629091519145,60.124184835575896,59.97006812799757,60.32979844431714,59.29618814142766,58.436236629826055,57.090257528956656,56.69963023417384,56.300999363522244,56.29519366193466,55.34707799158779,54.87357050947815,53.11149231573724,51.6404247185695,51.47320839159172,51.360773801830774,51.52205859285129,51.4849550122852,51.472803408756725,51.54973795839452,51.84977275549004,51.60525679879187,52.24872079330041,50.28373124192414,51.78992852813931,51.933756763289736,52.471633344748035,51.99555570727725,52.005444297132534
datastructure,WB.DATA360:DS_DATA360(1.3),I,A,SLE,WB_WDI_SL_TLF_ACTI_1524_ZS,_T,Y15T24,_T,PT,_Z,_Z,_Z,_Z,RATIO,2,WB_WDI,P1Y,0,A,PU,Annual,Sierra Leone,"Labor force participation rate for ages 15-24, total (%) (modeled ILO estimate)",Total,15 to 24 years old,Total,Percentage,Not Applicable,Not Applicable,Not Applicable,Not Applicable,Ratio,Two,World Development Indicators (WDI),Annual,Units,Normal value,Public,37.772,37.888,38.051,38.183,38.325,38.479,38.615,38.753,38.886,39.069,39.208,39.291,39.306,39.3,42.319,40.87,39.437,38.023,36.628,35.257,33.91,32.588,31.293,30.026,28.788,29.597,30.422,31.263,32.119,31.557,31.257,31.394,31.224,31.11,30.992,30.94
datastructure,WB.DATA360:DS_DATA360(1.3),I,A,UZB,WB_WDI_SL_TLF_ACTI_1524_ZS,_T,Y15T24,_T,PT,_Z,_Z,_Z,_Z,RATIO,2,WB_WDI,P1Y,0,A,PU,Annual,Uzbekistan,"Labor force participation rate for ages 15-24, total (%) (modeled ILO estimate)",Total,15 to 24 years old,Total,Percentage,Not Applicable,Not Applicable,Not Applicable,Not Applicable,Ratio,Two,World Development Indicators (WDI),Annual,Units,Normal value,Public,44.608,45.868,46.597,47.199,47.522,47.47,46.827,46.239,45.809,45.438,44.495,43.897,42.86,42.096,41.353,40.65,39.64,38.878,38.405,38.972,38.332,38.549,38.435,38.029,38.014,38.007,37.891,37.319,37.0,36.597,35.604,35.959,37.178,37.309,37.416,37.453
datastructure,WB.DATA360:DS_DATA360(1.3),I,A,TCD,WB_WDI_SL_TLF_ACTI_1524_ZS,_T,Y15T24,_T,PT,_Z,_Z,_Z,_Z,RATIO,2,WB_WDI,P1Y,0,A,PU,Annual,Chad,"Labor force participation rate for ages 15-24, total (%) (modeled ILO estimate)",Total,15 to 24 years old,Total,Percentage,Not Applicable,Not Applicable,Not Applicable,Not Applicable,Ratio,Two,World Development Indicators (WDI),Annual,Units,Normal value,Public,55.652,55.577,55.247,56.487,55.768,55.047,54.324,53.601,52.875,52.147,51.419,50.69,49.96,49.229,48.499,47.769,47.039,46.31,45.583,44.859,44.137,43.416,42.699,41.985,41.275,40.568,39.866,39.167,38.473,38.31,37.946,38.213,38.097,37.913,37.724,37.537
datastructure,WB.DATA360:DS_DATA360(1.3),I,A,MAC,WB_WDI_SL_TLF_ACTI_1524_ZS,_T,Y15T24,_T,PT,_Z,_Z,_Z,_Z,RATIO,2,WB_WDI,P1Y,0,A,PU,Annual,"Macao SAR, China","Labor force participation rate for ages 15-24, total (%) (modeled ILO estimate)",Total,15 to 24 years old,Total,Percentage,Not Applicable,Not Applicable,Not Applicable,Not Applicable,Ratio,Two,World Development Indicators (WDI),Annual,Units,Normal value,Public,48.721,49.186,47.566,47.335,47.086,46.826,46.563,46.3,43.14,42.768,42.386,40.13,37.904,30.661,31.812,35.351,38.138,44.307,46.135,47.968,46.746,47.164,45.17,45.551,44.953,43.355,42.415,42.797,43.65,44.009,43.166,43.434,43.407,43.869,44.074,44.142
datastructure,WB.DATA360:DS_DATA360(1.3),I,A,CRI,WB_WDI_SL_TLF_ACTI_1524_ZS,_T,Y15T24,_T,PT,_Z,_Z,_Z,_Z,RATIO,2,WB_WDI,P1Y,0,A,PU,Annual,Costa Rica,"Labor force participation rate for ages 15-24, total (%) (modeled ILO estimate)",Total,15 to 24 years old,Total,Percentage,Not Applicable,Not Applicable,Not Applicable,Not Applicable,Ratio,Two,World Development Indicators (WDI),Annual,Units,Normal value,Public,54.899,53.514,51.76,53.179,52.415,53.268,49.341,50.832,53.599,51.258,50.386,51.389,49.74,50.624,47.655,49.046,49.502,51.415,49.105,47.368,44.647,43.616,48.168,47.736,48.208,45.728,42.604,42.631,45.627,45.31,43.93,45.411,42.969,37.922,38.88,38.73
datastructure,WB.DATA360:DS_DATA360(1.3),I,A,CHN,WB_WDI_SL_TLF_ACTI_1524_ZS,_T,Y15T24,_T,PT,_Z,_Z,_Z,_Z,RATIO,2,WB_WDI,P1Y,0,A,PU,Annual,China,"Labor force participation rate for ages 15-24, total (%) (modeled ILO estimate)",Total,15 to 24 years old,Total,Percentage,Not Applicable,Not Applicable,Not Applicable,Not Applicable,Ratio,Two,World Development Indicators (WDI),Annual,Units,Normal value,Public,78.292,77.208,76.085,74.926,73.729,72.495,71.225,69.919,68.579,67.207,65.804,64.995,64.177,63.35,62.516,61.676,60.829,59.976,59.116,58.251,57.381,56.463,55.722,54.986,54.279,53.603,52.944,52.277,51.613,51.017,47.883,48.843,50.219,49.859,49.505,49.282
datastructure,WB.DATA360:DS_DATA360(1.3),I,A,GHA,WB_WDI_SL_TLF_ACTI_1524_ZS,_T,Y15T24,_T,PT,_Z,_Z,_Z,_Z,RATIO,2,WB_WDI,P1Y,0,A,PU,Annual,Ghana,"Labor force participation rate for ages 15-24, total (%) (modeled ILO estimate)",Total,15 to 24 years old,Total,Percentage,Not Applicable,Not Applicable,Not Applicable,Not Applicable,Ratio,Two,World Development Indicators (WDI),Annual,Units,Normal value,Public,52.576,52.45,52.211,51.973,51.734,51.494,51.255,51.016,50.777,50.538,50.299,50.06,49.821,49.582,49.343,49.104,48.865,48.626,48.387,48.148,47.91,47.672,47.434,47.196,45.302,43.423,41.525,39.653,37.833,36.036,33.981,32.924,31.604,31.522,31.442,30.932
datastructure,WB.DATA360:DS_DATA360(1.3),I,A,MEX,WB_WDI_SL_TLF_ACTI_1524_ZS,_T,Y15T24,_T,PT,_Z,_Z,_Z,_Z,RATIO,2,WB_WDI,P1Y,0,A,PU,Annual,Mexico,"Labor force participation rate for ages 15-24, total (%) (modeled ILO estimate)",Total,15 to 24 years old,Total,Percentage,Not Applicable,Not Applicable,Not Applicable,Not Applicable,Ratio,Two,World Development Indicators (WDI),Annual,Units,Normal value,Public,52.54,52.404,53.283,54.186,53.794,54.117,53.079,53.293,53.753,52.388,51.517,49.642,47.229,47.114,47.133,48.133,48.767,48.68,48.019,47.0,47.189,46.965,47.294,46.448,45.493,44.822,44.275,43.849,43.837,44.977,40.03,44.463,44.426,44.888,45.064,45.014
datastructure,WB.DATA360:DS_DATA360(1.3),I,A,BLZ,WB_WDI_SL_TLF_ACTI_1524_ZS,_T,Y15T24,_T,PT,_Z,_Z,_Z,_Z,RATIO,2,WB_WDI,P1Y,0,A,PU,Annual,Belize,"Labor force participation rate for ages 15-24, total (%) (modeled ILO estimate)",Total,15 to 24 years old,Total,Percentage,Not Applicable,Not Applicable,Not Applicable,Not Applicable,Ratio,Two,World Development Indicators (WDI),Annual,Units,Normal value,Public,47.927,47.42,46.863,46.64,46.765,46.753,46.738,46.72,46.717,46.631,46.584,46.534,46.485,46.437,46.39,46.345,46.3,46.257,46.214,46.172,46.131,46.091,46.052,46.013,47.94,47.155,46.374,46.93,49.51,54.027,49.732,50.275,53.599,53.214,53.91,53.821
datastructure,WB.DATA360:DS_DATA360(1.3),I,A,AFE,WB_WDI_SL_TLF_ACTI_1524_ZS,_T,Y15T24,_T,PT,_Z,_Z,_Z,_Z,RATIO,2,WB_WDI,P1Y,0,A,PU,Annual,Eastern & Southern Africa,"Labor force participation rate for ages 15-24, total (%) (modeled ILO estimate)",Total,15 to 24 years old,Total,Percentage,Not Applicable,Not Applicable,Not Applicable,Not Applicable,Ratio,Two,World Development Indicators (WDI),Annual,Units,Normal value,Public,57.239227213712155,57.258307152356025,57.351974258338885,57.3108372331597,57.23838293766591,57.27193195755371,57.35157818074371,57.325006799819825,57.015098254851644,56.61227393684333,56.247527798268365,55.89126270849956,55.59859709244439,55.36287868525606,55.199150775574935,55.0833655052532,54.845654644707956,54.520768985825306,54.2214493723283,53.58831277372146,53.05906687815203,53.45437147877702,52.111605252077446,53.628487879488304,52.10706515142995,51.71233849236069,51.17685300835015,50.44507337075446,49.73855485415222,49.25034333847834,48.85884955574673,48.78623207381508,49.038769520943454,51.03932668795491,50.74826593246782,50.720019371743945
datastructure,WB.DATA360:DS_DATA360(1.3),I,A,BEL,WB_WDI_SL_TLF_ACTI_1524_ZS,_T,Y15T24,_T,PT,_Z,_Z,_Z,_Z,RATIO,2,WB_WDI,P1Y,0,A,PU,Annual,Belgium,"Labor force participation rate for ages 15-24, total (%) (modeled ILO estimate)",Total,15 to 24 years old,Total,Percentage,Not Applicable,Not Applicable,Not Applicable,Not Applicable,Ratio,Two,World Development Indicators (WDI),Annual,Units,Normal value,Public,35.581,36.505,36.224,34.441,35.198,33.878,32.768,32.033,32.634,32.869,35.73,33.612,33.834,33.506,34.025,35.016,34.695,33.866,33.402,32.444,32.514,31.989,31.491,30.995,30.198,30.012,28.471,28.098,29.639,30.989,28.44,30.263,31.066,31.578,31.85,31.854
datastructure,WB.DATA360:DS_DATA360(1.3),I,A,EAS,WB_WDI_SL_TLF_ACTI_1524_ZS,_T,Y15T24,_T,PT,_Z,_Z,_Z,_Z,RATIO,2,WB_WDI,P1Y,0,A,PU,Annual,East Asia & Pacific,"Labor force participation rate for ages 15-24, total (%) (modeled ILO estimate)",Total,15 to 24 years old,Total,Percentage,Not Applicable,Not Applicable,Not Applicable,Not Applicable,Ratio,Two,World Development Indicators (WDI),Annual,Units,Normal value,Public,70.16435009437421,69.40009476021991,68.53950625348502,67.4271376906148,66.80706004024795,65.72974363214952,64.66453619988573,63.3849792220743,62.176682673288944,61.138768518605296,60.07570736254785,59.70449140729512,59.03597631551231,58.34188859104006,58.019292913781776,57.1630773501867,56.612343222727525,56.183623309250606,55.40915744430386,54.698412432842126,53.83652609617273,53.179350187791115,52.63842735848788,51.95626120890906,51.36190720505845,50.87491722004459,50.23804924152627,49.48252423623173,49.20634477137438,48.96879702603397,46.40057574585008,46.48785032344078,47.385663876992325,47.229711808563366,46.93911605189925,46.82224702316579
datastructure,WB.DATA360:DS_DATA360(1.3),I,A,MIC,WB_WDI_SL_TLF_ACTI_1524_ZS,_T,Y15T24,_T,PT,_Z,_Z,_Z,_Z,RATIO,2,WB_WDI,P1Y,0,A,PU,Annual,Middle income,"Labor force participation rate for ages 15-24, total (%) (modeled ILO estimate)",Total,15 to 24 years old,Total,Percentage,Not Applicable,Not Applicable,Not Applicable,Not Applicable,Ratio,Two,World Development Indicators (WDI),Annual,Units,Normal value,Public,59.65458378054833,59.125126425021364,58.58397904342766,57.81892634297288,57.36835094074177,56.72847881206936,56.0541142901558,55.48311221337803,54.88212043115859,54.43612489982654,53.76488096276715,53.18698904751988,52.67699218549903,52.07066702276305,51.648297884430725,51.03665718893537,50.172016404158846,49.29316721596097,48.349467574398155,47.59087866802104,46.57903584426945,45.72681699103604,45.1343567613376,44.529490197030015,43.78683241180661,43.19627118134957,42.56947973087792,42.021638931996556,41.5253094028394,41.154050740746186,39.42012415764308,40.231745297463,40.97276696333209,41.17997237668254,41.206576016594255,41.1656998754441
datastructure,WB.DATA360:DS_DATA360(1.3),I,A,PRI,WB_WDI_SL_TLF_ACTI_1524_ZS,_T,Y15T24,_T,PT,_Z,_Z,_Z,_Z,RATIO,2,WB_WDI,P1Y,0,A,PU,Annual,Puerto Rico,"Labor force participation rate for ages 15-24, total (%) (modeled ILO estimate)",Total,15 to 24 years old,Total,Percentage,Not Applicable,Not Applicable,Not Applicable,Not Applicable,Ratio,Two,World Development Indicators (WDI),Annual,Units,Normal value,Public,29.13,30.64,29.501,33.357,32.563,31.78,32.659,34.643,34.91,34.682,32.759,33.19,33.623,34.987,34.645,36.242,32.47,28.872,27.936,25.241,22.726,22.268,22.224,22.198,22.192,22.183,22.181,22.24,22.3,22.261,21.102,21.402,21.802,21.802,21.706,21.679
datastructure,WB.DATA360:DS_DATA360(1.3),I,A,LTU,WB_WDI_SL_TLF_ACTI_1524_ZS,_T,Y15T24,_T,PT,_Z,_Z,_Z,_Z,RATIO,2,WB_WDI,P1Y,0,A,PU,Annual,Lithuania,"Labor force participation rate for ages 15-24, total (%) (modeled ILO estimate)",Total,15 to 24 years old,Total,Percentage,Not Applicable,Not Applicable,Not Applicable,Not Applicable,Ratio,Two,World Development Indicators (WDI),Annual,Units,Normal value,Public,49.961,49.215,48.475,47.745,47.007,46.26,45.535,44.832,44.149,43.069,37.307,33.045,31.778,32.295,25.804,25.195,26.289,27.063,30.023,29.311,28.433,28.165,29.294,31.518,34.221,33.834,35.356,35.056,36.491,37.327,36.601,36.301,36.304,35.77,36.788,36.924
datastructure,WB.DATA360:DS_DATA360(1.3),I,A,SWZ,WB_WDI_SL_TLF_ACTI_1524_ZS,_T,Y15T24,_T,PT,_Z,_Z,_Z,_Z,RATIO,2,WB_WDI,P1Y,0,A,PU,Annual,Eswatini,"Labor force participation rate for ages 15-24, total (%) (modeled ILO estimate)",Total,15 to 24 years old,Total,Percentage,Not Applicable,Not Applicable,Not Applicable,Not Applicable,Ratio,Two,World Development Indicators (WDI),Annual,Units,Normal value,Public,40.4,39.612,38.854,38.464,39.448,40.099,39.251,38.183,36.896,35.584,34.4,33.397,32.561,31.882,31.327,30.864,30.471,29.965,29.269,28.546,27.893,27.324,26.845,26.405,25.917,25.391,24.907,25.299,25.633,25.918,26.233,27.283,27.446,27.592,27.511,27.568
datastructure,WB.DATA360:DS_DATA360(1.3),I,A,AFW,WB_WDI_SL_TLF_ACTI_1524_ZS,_T,Y15T24,_T,PT,_Z,_Z,_Z,_Z,RATIO,2,WB_WDI,P1Y,0,A,PU,Annual,Western & Central Africa,"Labor force participation rate for ages 15-24, total (%) (modeled ILO estimate)",Total,15 to 24 years old,Total,Percentage,Not Applicable,Not Applicable,Not Applicable,Not Applicable,Ratio,Two,World Development Indicators (WDI),Annual,Units,Normal value,Public,66.73780927225233,67.79526271647664,68.92686853740722,69.42096075557997,69.72787215740422,69.5895023206949,69.01022276286321,68.31112178288137,67.74642062383317,67.14988470163001,66.22826043695227,65.59244694334056,64.89799074763411,64.0868388316007,63.320185222072105,62.45355601393656,61.32500658569133,60.330063280410094,59.42528307807147,59.43063373521651,58.51304617213943,58.29638697912842,57.76099315932818,57.008671207854164,56.42979966150235,55.90351866918793,55.40918054977731,54.16721344803879,53.39151971785625,52.54355325886984,51.0913790566702,51.38535149849284,52.33621751056896,52.460765399473566,52.27501266607747,52.16199003448591
datastructure,WB.DATA360:DS_DATA360(1.3),I,A,THA,WB_WDI_SL_TLF_ACTI_1524_ZS,_T,Y15T24,_T,PT,_Z,_Z,_Z,_Z,RATIO,2,WB_WDI,P1Y,0,A,PU,Annual,Thailand,"Labor force participation rate for ages 15-24, total (%) (modeled ILO estimate)",Total,15 to 24 years old,Total,Percentage,Not Applicable,Not Applicable,Not Applicable,Not Applicable,Ratio,Two,World Development Indicators (WDI),Annual,Units,Normal value,Public,67.222,66.339,65.506,64.645,63.811,62.21,60.573,59.221,56.693,53.344,53.36,54.177,52.787,51.391,52.22,51.619,48.823,49.443,48.935,48.777,46.676,47.897,47.444,44.083,43.028,42.143,41.664,40.921,41.721,40.5,40.267,39.451,39.286,40.613,39.774,39.595
datastructure,WB.DATA360:DS_DATA360(1.3),I,A,AFG,WB_WDI_SL_TLF_ACTI_1524_ZS,_T,Y15T24,_T,PT,_Z,_Z,_Z,_Z,RATIO,2,WB_WDI,P1Y,0,A,PU,Annual,Afghanistan,"Labor force participation rate for ages 15-24, total (%) (modeled ILO estimate)",Total,15 to 24 years old,Total,Percentage,Not Applicable,Not Applicable,Not Applicable,Not Applicable,Ratio,Two,World Development Indicators (WDI),Annual,Units,Normal value,Public,38.784,38.724,38.633,38.501,38.333,38.159,37.982,37.8,37.629,37.471,37.344,37.259,37.215,37.213,37.26,37.354,37.49,37.674,37.892,38.122,38.356,38.576,38.789,38.889,38.99,39.09,39.19,39.29,39.386,39.439,33.983,38.464,38.158,38.006,37.933,37.757
datastructure,WB.DATA360:DS_DATA360(1.3),I,A,TZA,WB_WDI_SL_TLF_ACTI_1524_ZS,_T,Y15T24,_T,PT,_Z,_Z,_Z,_Z,RATIO,2,WB_WDI,P1Y,0,A,PU,Annual,Tanzania,"Labor force participation rate for ages 15-24, total (%) (modeled ILO estimate)",Total,15 to 24 years old,Total,Percentage,Not Applicable,Not Applicable,Not Applicable,Not Applicable,Ratio,Two,World Development Indicators (WDI),Annual,Units,Normal value,Public,79.986,79.793,79.594,79.11,78.346,77.933,78.137,78.284,78.19,78.11,77.988,77.963,78.306,78.646,78.982,79.314,79.643,78.818,77.969,77.096,76.199,75.278,74.333,73.365,72.373,72.112,71.782,71.5,71.285,71.095,68.332,70.693,70.915,70.866,70.814,70.743
datastructure,WB.DATA360:DS_DATA360(1.3),I,A,TMN,WB_WDI_SL_TLF_ACTI_1524_ZS,_T,Y15T24,_T,PT,_Z,_Z,_Z,_Z,RATIO,2,WB_WDI,P1Y,0,A,PU,Annual,"Middle East, North Africa, Afghanistan & Pakistan (IDA & IBRD)","Labor force participation rate for ages 15-24, total (%) (modeled ILO estimate)",Total,15 to 24 years old,Total,Percentage,Not Applicable,Not Applicable,Not Applicable,Not Applicable,Ratio,Two,World Development Indicators (WDI),Annual,Units,Normal value,Public,38.64229754464055,38.43750681605536,38.41104947621958,37.85672995071262,37.46750598739967,37.12703399052195,36.99848849376782,37.0773586736456,36.50376081016831,37.01639389342315,36.43400176313335,36.333351627877136,36.9487807998495,37.043715972055494,37.09522286073624,36.93824396283871,36.41893425306769,35.63141217797066,35.204838983936966,35.22132291253781,35.158178554757676,34.04768045304083,34.32660857171859,34.40955240950532,33.70466731160874,33.25424187353413,33.192909735191556,32.84833920534881,32.06703946631286,31.672742824621235,31.178044201020757,32.47584161437909,32.33189038361208,32.478669373074865,32.26859303922566,32.157016348282966
datastructure,WB.DATA360:DS_DATA360(1.3),I,A,ISL,WB_WDI_SL_TLF_ACTI_1524_ZS,_T,Y15T24,_T,PT,_Z,_Z,_Z,_Z,RATIO,2,WB_WDI,P1Y,0,A,PU,Annual,Iceland,"Labor force participation rate for ages 15-24, total (%) (modeled ILO estimate)",Total,15 to 24 years old,Total,Percentage,Not Applicable,Not Applicable,Not Applicable,Not Applicable,Ratio,Two,World Development Indicators (WDI),Annual,Units,Normal value,Public,59.434,59.481,60.483,58.175,58.482,70.318,65.823,65.926,72.126,71.836,77.358,79.914,71.372,80.331,79.312,76.117,78.652,79.87,78.17,73.135,73.665,73.083,75.712,78.057,78.181,80.174,83.028,82.271,80.319,78.581,72.866,74.629,77.944,78.672,82.181,82.145
datastructure,WB.DATA360:DS_DATA360(1.3),I,A,JAM,WB_WDI_SL_TLF_ACTI_1524_ZS,_T,Y15T24,_T,PT,_Z,_Z,_Z,_Z,RATIO,2,WB_WDI,P1Y,0,A,PU,Annual,Jamaica,"Labor force participation rate for ages 15-24, total (%) (modeled ILO estimate)",Total,15 to 24 years old,Total,Percentage,Not Applicable,Not Applicable,Not Applicable,Not Applicable,Ratio,Two,World Development Indicators (WDI),Annual,Units,Normal value,Public,54.398,53.464,52.535,51.608,50.677,49.74,48.798,47.852,46.904,44.815,43.344,41.901,41.149,40.399,39.587,39.298,39.01,38.722,38.434,34.408,31.082,33.264,30.992,32.497,32.82,33.996,36.334,36.489,34.319,35.712,34.453,34.607,36.091,37.606,37.444,37.497
datastructure,WB.DATA360:DS_DATA360(1.3),I,A,AUS,WB_WDI_SL_TLF_ACTI_1524_ZS,_T,Y15T24,_T,PT,_Z,_Z,_Z,_Z,RATIO,2,WB_WDI,P1Y,0,A,PU,Annual,Australia,"Labor force participation rate for ages 15-24, total (%) (modeled ILO estimate)",Total,15 to 24 years old,Total,Percentage,Not Applicable,Not Applicable,Not Applicable,Not Applicable,Ratio,Two,World Development Indicators (WDI),Annual,Units,Normal value,Public,72.124,69.675,69.402,68.742,70.588,71.65,71.675,70.074,69.881,69.934,70.19,70.678,69.982,70.227,70.144,70.815,70.807,70.764,70.752,69.106,68.431,68.142,67.522,66.824,66.563,67.266,66.788,66.896,67.649,67.692,65.532,68.477,71.405,70.817,70.188,70.166
datastructure,WB.DATA360:DS_DATA360(1.3),I,A,CAF,WB_WDI_SL_TLF_ACTI_1524_ZS,_T,Y15T24,_T,PT,_Z,_Z,_Z,_Z,RATIO,2,WB_WDI,P1Y,0,A,PU,Annual,Central African Republic,"Labor force participation rate for ages 15-24, total (%) (modeled ILO estimate)",Total,15 to 24 years old,Total,Percentage,Not Applicable,Not Applicable,Not Applicable,Not Applicable,Ratio,Two,World Development Indicators (WDI),Annual,Units,Normal value,Public,53.659,54.252,54.681,54.946,55.095,55.289,55.453,55.46,55.393,55.251,55.051,54.988,54.847,54.614,54.516,54.419,54.517,54.739,54.885,55.287,55.804,56.376,57.31,58.346,59.671,60.513,60.505,60.547,60.584,60.545,59.973,59.955,60.598,60.6,60.606,60.652
datastructure,WB.DATA360:DS_DATA360(1.3),I,A,PRY,WB_WDI_SL_TLF_ACTI_1524_ZS,_T,Y15T24,_T,PT,_Z,_Z,_Z,_Z,RATIO,2,WB_WDI,P1Y,0,A,PU,Annual,Paraguay,"Labor force participation rate for ages 15-24, total (%) (modeled ILO estimate)",Total,15 to 24 years old,Total,Percentage,Not Applicable,Not Applicable,Not Applicable,Not Applicable,Ratio,Two,World Development Indicators (WDI),Annual,Units,Normal value,Public,62.313,62.283,62.319,62.231,62.126,61.964,61.993,61.919,62.001,62.134,62.3,62.398,62.455,57.651,61.477,58.783,58.97,57.285,58.585,62.65,56.992,56.829,59.001,58.004,56.058,54.053,57.661,58.414,58.544,59.273,56.123,59.406,55.911,57.125,56.317,56.342
datastructure,WB.DATA360:DS_DATA360(1.3),I,A,IDX,WB_WDI_SL_TLF_ACTI_1524_ZS,_T,Y15T24,_T,PT,_Z,_Z,_Z,_Z,RATIO,2,WB_WDI,P1Y,0,A,PU,Annual,IDA only,"Labor force participation rate for ages 15-24, total (%) (modeled ILO estimate)",Total,15 to 24 years old,Total,Percentage,Not Applicable,Not Applicable,Not Applicable,Not Applicable,Ratio,Two,World Development Indicators (WDI),Annual,Units,Normal value,Public,55.00560212508609,55.01737472780742,54.91927116119585,54.85678016855866,54.91663840507754,54.74593923943097,54.851047555867716,54.92706404773462,55.022134561893296,54.80850160036868,54.51814351287771,54.33580061254301,54.13767160373998,53.88431594083314,53.57441889504138,53.246754265154316,52.78556580598415,52.32428219261203,51.85013156327302,51.43047413600121,51.06062559140272,51.00438994647707,49.85570483749206,50.45821600406182,48.99874690345391,48.12978169710381,47.22901338922747,46.84900290076921,46.73857182232651,46.57561358314022,46.62670760617818,47.23319160071012,47.616095030945075,48.28433845819423,47.58452129135077,47.55903847934856
datastructure,WB.DATA360:DS_DATA360(1.3),I,A,LUX,WB_WDI_SL_TLF_ACTI_1524_ZS,_T,Y15T24,_T,PT,_Z,_Z,_Z,_Z,RATIO,2,WB_WDI,P1Y,0,A,PU,Annual,Luxembourg,"Labor force participation rate for ages 15-24, total (%) (modeled ILO estimate)",Total,15 to 24 years old,Total,Percentage,Not Applicable,Not Applicable,Not Applicable,Not Applicable,Ratio,Two,World Development Indicators (WDI),Annual,Units,Normal value,Public,44.937,53.174,51.323,47.81,46.492,41.211,40.677,37.396,35.321,33.956,34.03,34.486,34.73,30.36,28.016,28.879,28.929,28.984,29.047,32.974,26.579,25.16,27.088,26.348,27.535,35.52,30.457,30.802,33.128,34.645,32.376,36.2,33.43,35.718,37.33,37.685
datastructure,WB.DATA360:DS_DATA360(1.3),I,A,LSO,WB_WDI_SL_TLF_ACTI_1524_ZS,_T,Y15T24,_T,PT,_Z,_Z,_Z,_Z,RATIO,2,WB_WDI,P1Y,0,A,PU,Annual,Lesotho,"Labor force participation rate for ages 15-24, total (%) (modeled ILO estimate)",Total,15 to 24 years old,Total,Percentage,Not Applicable,Not Applicable,Not Applicable,Not Applicable,Ratio,Two,World Development Indicators (WDI),Annual,Units,Normal value,Public,69.757,69.725,69.542,69.201,68.709,68.11,67.477,66.712,65.762,64.742,63.42,62.078,60.717,59.339,57.947,56.542,55.128,53.706,52.279,50.848,49.418,47.988,46.563,45.144,43.465,41.804,40.163,38.549,36.965,35.415,35.081,35.439,35.213,35.113,35.003,34.633
datastructure,WB.DATA360:DS_DATA360(1.3),I,A,UGA,WB_WDI_SL_TLF_ACTI_1524_ZS,_T,Y15T24,_T,PT,_Z,_Z,_Z,_Z,RATIO,2,WB_WDI,P1Y,0,A,PU,Annual,Uganda,"Labor force participation rate for ages 15-24, total (%) (modeled ILO estimate)",Total,15 to 24 years old,Total,Percentage,Not Applicable,Not Applicable,Not Applicable,Not Applicable,Ratio,Two,World Development Indicators (WDI),Annual,Units,Normal value,Public,57.531,57.672,57.78,57.912,58.134,58.721,59.267,59.637,59.921,60.017,60.126,60.219,60.218,60.157,60.154,60.147,60.098,59.994,59.822,59.598,59.334,70.886,53.723,75.845,61.319,60.385,59.444,58.495,59.218,59.93,64.772,70.074,70.251,70.046,69.815,69.774
datastructure,WB.DATA360:DS_DATA360(1.3),I,A,EUU,WB_WDI_SL_TLF_ACTI_1524_ZS,_T,Y15T24,_T,PT,_Z,_Z,_Z,_Z,RATIO,2,WB_WDI,P1Y,0,A,PU,Annual,European Union,"Labor force participation rate for ages 15-24, total (%) (modeled ILO estimate)",Total,15 to 24 years old,Total,Percentage,Not Applicable,Not Applicable,Not Applicable,Not Applicable,Ratio,Two,World Development Indicators (WDI),Annual,Units,Normal value,Public,49.91325613196089,49.00758475801527,47.5144692581147,45.976344503928814,44.9017921103938,43.783903096944975,42.97046576398668,42.35279364545147,42.52107685315586,42.79262328056443,42.83484736682591,42.448210952932946,42.150074392570474,41.70740857699273,41.34320650688924,41.22699344802131,41.39780370003936,41.1747077052747,41.277056317264716,40.67295311966978,40.18113777416196,39.58905871140233,39.33916904726421,39.41078865628167,38.99943188025242,38.73117976106656,38.79187290657287,39.084655788328035,39.16314932761237,39.281625212525164,37.611035564983375,39.085572183414854,40.15590669105873,40.748058840023205,40.879968804889224,40.836146276773384
datastructure,WB.DATA360:DS_DATA360(1.3),I,A,PSE,WB_WDI_SL_TLF_ACTI_1524_ZS,_T,Y15T24,_T,PT,_Z,_Z,_Z,_Z,RATIO,2,WB_WDI,P1Y,0,A,PU,Annual,West Bank and Gaza,"Labor force participation rate for ages 15-24, total (%) (modeled ILO estimate)",Total,15 to 24 years old,Total,Percentage,Not Applicable,Not Applicable,Not Applicable,Not Applicable,Ratio,Two,World Development Indicators (WDI),Annual,Units,Normal value,Public,28.54,28.504,28.382,28.339,28.291,28.195,28.207,27.965,27.691,27.513,27.631,23.992,21.758,23.969,22.993,23.21,23.514,24.746,25.182,24.952,24.88,26.846,27.948,27.7,28.022,30.884,30.978,31.445,30.505,30.268,26.226,28.839,30.809,,,
datastructure,WB.DATA360:DS_DATA360(1.3),I,A,LMC,WB_WDI_SL_TLF_ACTI_1524_ZS,_T,Y15T24,_T,PT,_Z,_Z,_Z,_Z,RATIO,2,WB_WDI,P1Y,0,A,PU,Annual,Lower middle income,"Labor force participation rate for ages 15-24, total (%) (modeled ILO estimate)",Total,15 to 24 years old,Total,Percentage,Not Applicable,Not Applicable,Not Applicable,Not Applicable,Ratio,Two,World Development Indicators (WDI),Annual,Units,Normal value,Public,50.17605546222212,50.28248770982242,50.43861940308657,50.39918935663025,50.40212181414632,50.4946452132912,50.62456712986363,50.64014603411512,50.614143279190856,50.70998199175531,50.45926369717201,50.11277269015891,49.65693651121857,49.069894177142295,48.52019015432141,47.90722973651931,46.76606350791524,45.57895368869226,44.60680450942106,43.83935156147717,42.82557882210936,41.98708002360125,41.23530755018092,40.97461232504674,40.34913111207663,39.7168983192959,38.97605009935048,38.26652724502225,37.638795375130556,37.1734861677358,36.47774341548785,37.13874182075481,37.74145202780369,38.17723824615571,38.374694794165016,38.42364943769552
datastructure,WB.DATA360:DS_DATA360(1.3),I,A,OMN,WB_WDI_SL_TLF_ACTI_1524_ZS,_T,Y15T24,_T,PT,_Z,_Z,_Z,_Z,RATIO,2,WB_WDI,P1Y,0,A,PU,Annual,Oman,"Labor force participation rate for ages 15-24, total (%) (modeled ILO estimate)",Total,15 to 24 years old,Total,Percentage,Not Applicable,Not Applicable,Not Applicable,Not Applicable,Ratio,Two,World Development Indicators (WDI),Annual,Units,Normal value,Public,38.763,38.69,38.408,38.181,38.006,37.739,37.577,37.238,37.222,37.169,36.783,36.468,36.43,36.473,36.625,36.962,37.257,37.469,37.573,37.561,37.486,38.115,38.93,39.09,39.004,39.184,39.738,39.895,39.362,38.917,35.911,36.209,39.138,40.132,40.494,40.61
datastructure,WB.DATA360:DS_DATA360(1.3),I,A,UKR,WB_WDI_SL_TLF_ACTI_1524_ZS,_T,Y15T24,_T,PT,_Z,_Z,_Z,_Z,RATIO,2,WB_WDI,P1Y,0,A,PU,Annual,Ukraine,"Labor force participation rate for ages 15-24, total (%) (modeled ILO estimate)",Total,15 to 24 years old,Total,Percentage,Not Applicable,Not Applicable,Not Applicable,Not Applicable,Ratio,Two,World Development Indicators (WDI),Annual,Units,Normal value,Public,34.491,34.551,34.612,34.67,34.727,34.788,34.842,34.889,34.935,34.983,35.033,35.082,35.13,35.176,35.221,35.264,35.306,35.375,35.446,35.516,35.587,35.659,35.73,35.803,35.878,35.953,36.028,36.105,36.182,36.26,31.934,30.658,,,,
datastructure,WB.DATA360:DS_DATA360(1.3),I,A,BEN,WB_WDI_SL_TLF_ACTI_1524_ZS,_T,Y15T24,_T,PT,_Z,_Z,_Z,_Z,RATIO,2,WB_WDI,P1Y,0,A,PU,Annual,Benin,"Labor force participation rate for ages 15-24, total (%) (modeled ILO estimate)",Total,15 to 24 years old,Total,Percentage,Not Applicable,Not Applicable,Not Applicable,Not Applicable,Ratio,Two,World Development Indicators (WDI),Annual,Units,Normal value,Public,66.23,66.26,66.26,65.479,64.69,63.892,63.086,62.273,61.452,60.625,59.791,58.951,58.107,56.454,54.787,53.109,51.426,49.74,48.055,46.376,44.707,43.051,43.688,44.327,44.969,45.613,46.258,46.905,47.553,48.201,49.264,50.721,52.575,52.492,52.41,52.497
datastructure,WB.DATA360:DS_DATA360(1.3),I,A,GUM,WB_WDI_SL_TLF_ACTI_1524_ZS,_T,Y15T24,_T,PT,_Z,_Z,_Z,_Z,RATIO,2,WB_WDI,P1Y,0,A,PU,Annual,Guam,"Labor force participation rate for ages 15-24, total (%) (modeled ILO estimate)",Total,15 to 24 years old,Total,Percentage,Not Applicable,Not Applicable,Not Applicable,Not Applicable,Ratio,Two,World Development Indicators (WDI),Annual,Units,Normal value,Public,60.837,59.442,58.039,56.629,55.21,53.786,52.348,50.891,49.435,47.981,46.528,45.086,43.631,45.36,47.097,51.484,51.74,44.645,44.571,44.398,45.32,46.179,45.95,45.757,45.543,45.422,45.363,45.222,45.263,44.944,41.715,42.53,45.507,45.472,45.189,45.237
datastructure,WB.DATA360:DS_DATA360(1.3),I,A,BDI,WB_WDI_SL_TLF_ACTI_1524_ZS,_T,Y15T24,_T,PT,_Z,_Z,_Z,_Z,RATIO,2,WB_WDI,P1Y,0,A,PU,Annual,Burundi,"Labor force participation rate for ages 15-24, total (%) (modeled ILO estimate)",Total,15 to 24 years old,Total,Percentage,Not Applicable,Not Applicable,Not Applicable,Not Applicable,Ratio,Two,World Development Indicators (WDI),Annual,Units,Normal value,Public,81.531,80.345,79.102,77.792,76.431,75.019,73.539,72.003,70.415,69.729,69.034,68.331,67.62,66.899,66.172,65.436,64.692,63.21,61.705,60.181,58.637,57.075,55.501,53.917,52.326,53.059,53.819,54.079,53.867,53.399,56.157,53.207,53.119,52.978,52.819,52.839
datastructure,WB.DATA360:DS_DATA360(1.3),I,A,SWE,WB_WDI_SL_TLF_ACTI_1524_ZS,_T,Y15T24,_T,PT,_Z,_Z,_Z,_Z,RATIO,2,WB_WDI,P1Y,0,A,PU,Annual,Sweden,"Labor force participation rate for ages 15-24, total (%) (modeled ILO estimate)",Total,15 to 24 years old,Total,Percentage,Not Applicable,Not Applicable,Not Applicable,Not Applicable,Ratio,Two,World Development Indicators (WDI),Annual,Units,Normal value,Public,69.085,65.839,60.37,54.906,53.553,53.383,53.212,53.041,52.871,52.7,52.529,52.357,50.513,50.623,48.549,50.2,51.335,52.239,52.842,51.022,51.632,52.984,52.584,54.497,55.448,55.135,54.839,54.701,54.089,55.015,52.062,54.042,56.838,57.471,56.796,56.886
datastructure,WB.DATA360:DS_DATA360(1.3),I,A,SSA,WB_WDI_SL_TLF_ACTI_1524_ZS,_T,Y15T24,_T,PT,_Z,_Z,_Z,_Z,RATIO,2,WB_WDI,P1Y,0,A,PU,Annual,Sub-Saharan Africa (excluding high income),"Labor force participation rate for ages 15-24, total (%) (modeled ILO estimate)",Total,15 to 24 years old,Total,Percentage,Not Applicable,Not Applicable,Not Applicable,Not Applicable,Ratio,Two,World Development Indicators (WDI),Annual,Units,Normal value,Public,59.695811919942635,60.17292384468869,60.745625635785544,60.95178071919231,61.04283273977818,60.99768645587854,60.786379213501085,60.448537612560386,59.9845188647649,59.43726459998882,58.76629478234676,58.22981719653066,57.70819502504164,57.173943396041665,56.70951557319728,56.23520827755461,55.55007366640767,54.85779438036754,54.215239947872,53.750428697445365,52.94469843483942,53.07501655648619,51.89816585360816,52.56035409888776,51.59716217243296,51.42658506414095,51.17839463533838,50.46325577744887,49.96682899658953,49.575894094398336,48.980800734618896,49.28849174338933,49.904830636430034,51.33320222272406,51.076415950437955,51.0234405705827
datastructure,WB.DATA360:DS_DATA360(1.3),I,A,IRN,WB_WDI_SL_TLF_ACTI_1524_ZS,_T,Y15T24,_T,PT,_Z,_Z,_Z,_Z,RATIO,2,WB_WDI,P1Y,0,A,PU,Annual,"Iran, Islamic Rep.","Labor force participation rate for ages 15-24, total (%) (modeled ILO estimate)",Total,15 to 24 years old,Total,Percentage,Not Applicable,Not Applicable,Not Applicable,Not Applicable,Ratio,Two,World Development Indicators (WDI),Annual,Units,Normal value,Public,37.966,37.297,36.114,34.955,33.774,32.541,31.29,31.569,31.857,32.164,32.494,32.849,33.237,33.708,34.252,34.818,33.212,31.544,29.0,29.591,28.987,26.492,27.406,26.038,24.729,25.063,26.406,27.606,27.219,26.028,22.308,21.768,22.267,22.892,22.665,22.548
datastructure,WB.DATA360:DS_DATA360(1.3),I,A,SVN,WB_WDI_SL_TLF_ACTI_1524_ZS,_T,Y15T24,_T,PT,_Z,_Z,_Z,_Z,RATIO,2,WB_WDI,P1Y,0,A,PU,Annual,Slovenia,"Labor force participation rate for ages 15-24, total (%) (modeled ILO estimate)",Total,15 to 24 years old,Total,Percentage,Not Applicable,Not Applicable,Not Applicable,Not Applicable,Ratio,Two,World Development Indicators (WDI),Annual,Units,Normal value,Public,42.693,43.692,44.321,43.98,43.398,42.979,42.684,46.099,43.985,40.448,37.261,36.008,36.499,33.748,39.34,40.506,40.518,41.732,42.746,40.776,39.773,37.297,34.216,33.751,33.584,35.4,33.796,39.031,38.508,36.184,31.425,33.843,35.839,36.036,36.787,36.693
datastructure,WB.DATA360:DS_DATA360(1.3),I,A,SRB,WB_WDI_SL_TLF_ACTI_1524_ZS,_T,Y15T24,_T,PT,_Z,_Z,_Z,_Z,RATIO,2,WB_WDI,P1Y,0,A,PU,Annual,Serbia,"Labor force participation rate for ages 15-24, total (%) (modeled ILO estimate)",Total,15 to 24 years old,Total,Percentage,Not Applicable,Not Applicable,Not Applicable,Not Applicable,Ratio,Two,World Development Indicators (WDI),Annual,Units,Normal value,Public,45.83,47.009,47.527,47.648,46.952,46.006,44.726,42.98,41.929,43.929,42.726,41.479,40.358,39.571,38.501,37.587,36.978,32.974,32.309,28.694,27.946,28.074,29.224,28.385,28.27,29.036,30.119,30.455,29.81,29.433,28.078,32.829,31.553,31.397,32.07,32.095
datastructure,WB.DATA360:DS_DATA360(1.3),I,A,FJI,WB_WDI_SL_TLF_ACTI_1524_ZS,_T,Y15T24,_T,PT,_Z,_Z,_Z,_Z,RATIO,2,WB_WDI,P1Y,0,A,PU,Annual,Fiji,"Labor force participation rate for ages 15-24, total (%) (modeled ILO estimate)",Total,15 to 24 years old,Total,Percentage,Not Applicable,Not Applicable,Not Applicable,Not Applicable,Ratio,Two,World Development Indicators (WDI),Annual,Units,Normal value,Public,45.982,46.407,45.788,45.613,45.09,44.857,44.38,43.524,42.672,41.824,40.981,40.144,39.312,38.486,37.667,36.854,37.185,37.516,37.847,38.18,38.513,38.846,38.59,38.333,38.073,38.746,39.424,38.851,38.428,38.463,35.365,36.123,39.412,39.126,38.942,38.945
datastructure,WB.DATA360:DS_DATA360(1.3),I,A,DOM,WB_WDI_SL_TLF_ACTI_1524_ZS,_T,Y15T24,_T,PT,_Z,_Z,_Z,_Z,RATIO,2,WB_WDI,P1Y,0,A,PU,Annual,Dominican Republic,"Labor force participation rate for ages 15-24, total (%) (modeled ILO estimate)",Total,15 to 24 years old,Total,Percentage,Not Applicable,Not Applicable,Not Applicable,Not Applicable,Ratio,Two,World Development Indicators (WDI),Annual,Units,Normal value,Public,47.527,47.593,47.092,46.793,46.755,46.544,46.313,45.922,45.642,45.403,45.234,43.71,43.919,41.169,41.78,41.164,41.089,41.56,42.0,37.421,38.572,40.532,41.181,41.04,40.869,44.048,44.737,43.611,44.681,45.485,39.182,45.537,45.808,47.619,47.968,48.235
datastructure,WB.DATA360:DS_DATA360(1.3),I,A,MUS,WB_WDI_SL_TLF_ACTI_1524_ZS,_T,Y15T24,_T,PT,_Z,_Z,_Z,_Z,RATIO,2,WB_WDI,P1Y,0,A,PU,Annual,Mauritius,"Labor force participation rate for ages 15-24, total (%) (modeled ILO estimate)",Total,15 to 24 years old,Total,Percentage,Not Applicable,Not Applicable,Not Applicable,Not Applicable,Ratio,Two,World Development Indicators (WDI),Annual,Units,Normal value,Public,54.217,53.605,52.95,52.256,51.49,50.674,50.485,50.304,50.126,49.947,49.768,46.826,46.467,47.843,45.651,44.299,43.503,40.961,38.715,37.883,39.072,38.598,38.882,39.375,40.197,41.922,41.114,40.826,41.579,40.044,33.21,27.282,29.423,38.304,38.118,38.094
datastructure,WB.DATA360:DS_DATA360(1.3),I,A,VCT,WB_WDI_SL_TLF_ACTI_1524_ZS,_T,Y15T24,_T,PT,_Z,_Z,_Z,_Z,RATIO,2,WB_WDI,P1Y,0,A,PU,Annual,St. Vincent and the Grenadines,"Labor force participation rate for ages 15-24, total (%) (modeled ILO estimate)",Total,15 to 24 years old,Total,Percentage,Not Applicable,Not Applicable,Not Applicable,Not Applicable,Ratio,Two,World Development Indicators (WDI),Annual,Units,Normal value,Public,57.653,57.482,57.234,56.957,56.695,56.346,56.048,55.744,55.468,55.244,55.047,54.801,54.422,53.976,53.547,53.152,52.732,52.374,52.092,51.915,51.863,51.809,51.704,51.561,51.466,51.309,51.077,50.856,50.554,50.262,49.287,49.506,50.661,51.26,51.669,51.608
datastructure,WB.DATA360:DS_DATA360(1.3),I,A,EAP,WB_WDI_SL_TLF_ACTI_1524_ZS,_T,Y15T24,_T,PT,_Z,_Z,_Z,_Z,RATIO,2,WB_WDI,P1Y,0,A,PU,Annual,East Asia & Pacific (excluding high income),"Labor force participation rate for ages 15-24, total (%) (modeled ILO estimate)",Total,15 to 24 years old,Total,Percentage,Not Applicable,Not Applicable,Not Applicable,Not Applicable,Ratio,Two,World Development Indicators (WDI),Annual,Units,Normal value,Public,72.89890187662976,72.00195757148025,71.02593155816567,69.8212227614109,69.1043857492742,67.93775502702015,66.76071805831758,65.35839707378696,64.08578519615828,62.964581545114456,61.78990768772132,61.3448092046262,60.57347158269587,59.79502134093696,59.40317347055612,58.43149064590049,57.83965720314536,57.4153872530479,56.63638371500174,55.952071691830554,55.04705696071078,54.3635754744838,53.82508235584275,53.062113729160686,52.37526039068691,51.79763661411633,51.02834381109417,50.200773459197336,49.75942955248896,49.384590701134634,46.64486717058551,46.648576063533675,47.5495578703576,47.34828106757271,47.01952592239375,46.854270131496435
datastructure,WB.DATA360:DS_DATA360(1.3),I,A,NIC,WB_WDI_SL_TLF_ACTI_1524_ZS,_T,Y15T24,_T,PT,_Z,_Z,_Z,_Z,RATIO,2,WB_WDI,P1Y,0,A,PU,Annual,Nicaragua,"Labor force participation rate for ages 15-24, total (%) (modeled ILO estimate)",Total,15 to 24 years old,Total,Percentage,Not Applicable,Not Applicable,Not Applicable,Not Applicable,Ratio,Two,World Development Indicators (WDI),Annual,Units,Normal value,Public,48.057,48.184,48.278,48.408,48.344,48.15,48.67,49.072,49.479,49.613,49.747,49.881,50.015,50.15,50.284,50.418,50.553,50.688,50.824,50.961,51.099,51.238,51.377,51.517,51.658,51.462,51.277,51.088,51.354,51.588,50.623,50.868,52.131,52.342,52.423,52.467
datastructure,WB.DATA360:DS_DATA360(1.3),I,A,GUY,WB_WDI_SL_TLF_ACTI_1524_ZS,_T,Y15T24,_T,PT,_Z,_Z,_Z,_Z,RATIO,2,WB_WDI,P1Y,0,A,PU,Annual,Guyana,"Labor force participation rate for ages 15-24, total (%) (modeled ILO estimate)",Total,15 to 24 years old,Total,Percentage,Not Applicable,Not Applicable,Not Applicable,Not Applicable,Ratio,Two,World Development Indicators (WDI),Annual,Units,Normal value,Public,52.522,52.21,51.909,51.631,51.321,51.014,50.71,50.408,50.108,49.809,49.51,49.212,48.912,48.968,49.0,49.033,49.065,49.097,49.132,49.169,49.211,49.257,49.293,49.325,49.37,49.423,49.481,49.544,49.698,44.721,42.631,43.337,47.64,48.759,49.531,49.401
datastructure,WB.DATA360:DS_DATA360(1.3),I,A,SLB,WB_WDI_SL_TLF_ACTI_1524_ZS,_T,Y15T24,_T,PT,_Z,_Z,_Z,_Z,RATIO,2,WB_WDI,P1Y,0,A,PU,Annual,Solomon Islands,"Labor force participation rate for ages 15-24, total (%) (modeled ILO estimate)",Total,15 to 24 years old,Total,Percentage,Not Applicable,Not Applicable,Not Applicable,Not Applicable,Ratio,Two,World Development Indicators (WDI),Annual,Units,Normal value,Public,72.278,72.027,71.212,71.125,70.677,70.052,70.175,70.529,70.672,70.967,72.576,73.484,73.899,73.514,73.027,72.557,72.354,72.19,71.797,71.704,71.107,70.778,70.889,70.752,70.978,71.157,70.986,71.028,71.09,71.175,70.496,70.678,71.033,70.93,70.84,70.832
datastructure,WB.DATA360:DS_DATA360(1.3),I,A,LTE,WB_WDI_SL_TLF_ACTI_1524_ZS,_T,Y15T24,_T,PT,_Z,_Z,_Z,_Z,RATIO,2,WB_WDI,P1Y,0,A,PU,Annual,Late-demographic dividend,"Labor force participation rate for ages 15-24, total (%) (modeled ILO estimate)",Total,15 to 24 years old,Total,Percentage,Not Applicable,Not Applicable,Not Applicable,Not Applicable,Ratio,Two,World Development Indicators (WDI),Annual,Units,Normal value,Public,71.28130238968629,70.48039991484796,69.65663981975625,68.5472964246621,67.45546413593937,66.25626034082563,64.74057969757722,63.39925127646469,62.072003958814406,61.16993538561409,59.90480740611114,59.365707657654326,58.7535799225801,58.00696689737041,57.5334270401266,57.119466060937796,56.35450072017633,55.72447950047228,55.30410187695852,54.85524270482179,53.93734228344589,53.13296402216775,52.46232339444887,51.85803589437687,51.228242328438625,50.74857687172663,50.16320176149203,49.70358949461247,49.213842275571544,48.936004233774504,45.864458444883965,46.53073942280476,47.11704110509498,46.58238921291043,46.33364444388437,46.11347392122548
datastructure,WB.DATA360:DS_DATA360(1.3),I,A,KOR,WB_WDI_SL_TLF_ACTI_1524_ZS,_T,Y15T24,_T,PT,_Z,_Z,_Z,_Z,RATIO,2,WB_WDI,P1Y,0,A,PU,Annual,"Korea, Rep.","Labor force participation rate for ages 15-24, total (%) (modeled ILO estimate)",Total,15 to 24 years old,Total,Percentage,Not Applicable,Not Applicable,Not Applicable,Not Applicable,Ratio,Two,World Development Indicators (WDI),Annual,Units,Normal value,Public,34.285,36.633,36.761,36.203,36.576,36.278,35.337,34.198,31.71,31.651,30.516,31.39,32.073,31.951,32.457,30.565,28.019,25.757,23.533,22.568,22.667,23.337,24.075,24.632,26.305,27.832,27.975,27.748,26.911,27.301,25.966,27.213,28.577,26.948,25.82,25.818
datastructure,WB.DATA360:DS_DATA360(1.3),I,A,SDN,WB_WDI_SL_TLF_ACTI_1524_ZS,_T,Y15T24,_T,PT,_Z,_Z,_Z,_Z,RATIO,2,WB_WDI,P1Y,0,A,PU,Annual,Sudan,"Labor force participation rate for ages 15-24, total (%) (modeled ILO estimate)",Total,15 to 24 years old,Total,Percentage,Not Applicable,Not Applicable,Not Applicable,Not Applicable,Ratio,Two,World Development Indicators (WDI),Annual,Units,Normal value,Public,34.843,34.909,34.997,35.126,35.282,35.448,35.604,35.48,35.387,35.297,35.209,35.123,35.036,34.926,34.807,34.7,34.595,34.5,34.454,32.936,31.425,29.927,29.901,29.742,29.348,28.797,28.267,27.554,26.873,26.47,26.252,26.441,26.533,,,
datastructure,WB.DATA360:DS_DATA360(1.3),I,A,RUS,WB_WDI_SL_TLF_ACTI_1524_ZS,_T,Y15T24,_T,PT,_Z,_Z,_Z,_Z,RATIO,2,WB_WDI,P1Y,0,A,PU,Annual,Russian Federation,"Labor force participation rate for ages 15-24, total (%) (modeled ILO estimate)",Total,15 to 24 years old,Total,Percentage,Not Applicable,Not Applicable,Not Applicable,Not Applicable,Ratio,Two,World Development Indicators (WDI),Annual,Units,Normal value,Public,52.157,52.75,54.684,52.555,50.881,50.414,47.064,43.209,40.533,45.164,43.634,40.827,40.504,39.167,39.365,39.194,38.887,39.404,41.837,42.102,41.391,41.584,39.745,40.118,38.921,38.099,37.761,35.489,34.302,33.27,32.288,31.706,29.156,29.171,29.34,28.996
datastructure,WB.DATA360:DS_DATA360(1.3),I,A,BOL,WB_WDI_SL_TLF_ACTI_1524_ZS,_T,Y15T24,_T,PT,_Z,_Z,_Z,_Z,RATIO,2,WB_WDI,P1Y,0,A,PU,Annual,Bolivia,"Labor force participation rate for ages 15-24, total (%) (modeled ILO estimate)",Total,15 to 24 years old,Total,Percentage,Not Applicable,Not Applicable,Not Applicable,Not Applicable,Ratio,Two,World Development Indicators (WDI),Annual,Units,Normal value,Public,53.392,53.268,53.285,53.196,53.09,52.981,52.884,52.761,52.276,51.789,51.303,50.816,50.329,49.841,49.353,48.866,48.379,47.892,47.405,46.919,46.434,45.949,45.465,44.982,44.5,44.019,43.539,44.533,49.605,53.7,54.267,62.056,61.529,60.756,60.645,61.246
datastructure,WB.DATA360:DS_DATA360(1.3),I,A,MDV,WB_WDI_SL_TLF_ACTI_1524_ZS,_T,Y15T24,_T,PT,_Z,_Z,_Z,_Z,RATIO,2,WB_WDI,P1Y,0,A,PU,Annual,Maldives,"Labor force participation rate for ages 15-24, total (%) (modeled ILO estimate)",Total,15 to 24 years old,Total,Percentage,Not Applicable,Not Applicable,Not Applicable,Not Applicable,Ratio,Two,World Development Indicators (WDI),Annual,Units,Normal value,Public,40.2,39.633,39.068,38.505,37.945,37.389,37.714,38.04,38.369,38.698,39.029,39.336,39.641,39.946,40.25,40.555,40.86,41.169,41.484,41.806,42.647,43.497,44.354,45.222,46.095,46.953,47.797,49.459,51.124,52.789,47.246,48.427,52.508,52.037,51.452,51.735
datastructure,WB.DATA360:DS_DATA360(1.3),I,A,SUR,WB_WDI_SL_TLF_ACTI_1524_ZS,_T,Y15T24,_T,PT,_Z,_Z,_Z,_Z,RATIO,2,WB_WDI,P1Y,0,A,PU,Annual,Suriname,"Labor force participation rate for ages 15-24, total (%) (modeled ILO estimate)",Total,15 to 24 years old,Total,Percentage,Not Applicable,Not Applicable,Not Applicable,Not Applicable,Ratio,Two,World Development Indicators (WDI),Annual,Units,Normal value,Public,28.604,28.518,28.532,28.861,28.743,28.816,27.965,27.144,26.355,25.598,26.23,26.873,27.528,28.195,28.87,29.549,30.237,30.932,31.636,32.347,33.068,33.799,34.539,35.288,36.046,36.812,37.585,37.553,37.324,37.318,34.087,34.753,34.841,34.932,35.092,35.106
datastructure,WB.DATA360:DS_DATA360(1.3),I,A,COG,WB_WDI_SL_TLF_ACTI_1524_ZS,_T,Y15T24,_T,PT,_Z,_Z,_Z,_Z,RATIO,2,WB_WDI,P1Y,0,A,PU,Annual,"Congo, Rep.","Labor force participation rate for ages 15-24, total (%) (modeled ILO estimate)",Total,15 to 24 years old,Total,Percentage,Not Applicable,Not Applicable,Not Applicable,Not Applicable,Ratio,Two,World Development Indicators (WDI),Annual,Units,Normal value,Public,47.244,46.952,46.662,46.324,46.044,45.86,45.674,45.802,45.848,45.515,44.539,43.69,43.644,43.425,42.967,42.511,42.078,41.782,41.774,41.559,41.407,41.732,42.216,42.803,43.3,43.691,43.922,43.978,43.922,43.751,40.751,41.472,43.52,43.408,43.279,43.278
datastructure,WB.DATA360:DS_DATA360(1.3),I,A,BTN,WB_WDI_SL_TLF_ACTI_1524_ZS,_T,Y15T24,_T,PT,_Z,_Z,_Z,_Z,RATIO,2,WB_WDI,P1Y,0,A,PU,Annual,Bhutan,"Labor force participation rate for ages 15-24, total (%) (modeled ILO estimate)",Total,15 to 24 years old,Total,Percentage,Not Applicable,Not Applicable,Not Applicable,Not Applicable,Ratio,Two,World Development Indicators (WDI),Annual,Units,Normal value,Public,53.757,53.511,53.28,53.063,52.876,52.702,52.545,52.407,52.297,51.918,51.284,50.707,50.182,49.707,49.306,49.065,48.988,48.947,48.837,48.619,40.372,37.957,32.305,29.398,26.898,29.56,28.401,27.258,26.133,26.64,27.223,27.392,29.394,31.101,30.833,30.834
datastructure,WB.DATA360:DS_DATA360(1.3),I,A,MRT,WB_WDI_SL_TLF_ACTI_1524_ZS,_T,Y15T24,_T,PT,_Z,_Z,_Z,_Z,RATIO,2,WB_WDI,P1Y,0,A,PU,Annual,Mauritania,"Labor force participation rate for ages 15-24, total (%) (modeled ILO estimate)",Total,15 to 24 years old,Total,Percentage,Not Applicable,Not Applicable,Not Applicable,Not Applicable,Ratio,Two,World Development Indicators (WDI),Annual,Units,Normal value,Public,26.211,26.084,25.559,25.02,24.843,24.942,25.286,25.409,25.281,25.072,24.813,24.715,24.752,24.765,24.781,24.801,24.824,24.852,24.709,24.472,24.384,24.447,24.621,23.78,22.958,22.156,21.375,20.613,20.525,20.394,20.006,20.202,20.256,20.193,20.126,20.054
datastructure,WB.DATA360:DS_DATA360(1.3),I,A,ZMB,WB_WDI_SL_TLF_ACTI_1524_ZS,_T,Y15T24,_T,PT,_Z,_Z,_Z,_Z,RATIO,2,WB_WDI,P1Y,0,A,PU,Annual,Zambia,"Labor force participation rate for ages 15-24, total (%) (modeled ILO estimate)",Total,15 to 24 years old,Total,Percentage,Not Applicable,Not Applicable,Not Applicable,Not Applicable,Ratio,Two,World Development Indicators (WDI),Annual,Units,Normal value,Public,42.057,41.933,41.834,41.767,41.755,41.789,41.833,41.811,41.75,41.662,41.498,41.202,40.892,40.614,40.364,40.127,39.881,39.632,39.37,39.099,38.835,38.602,38.353,38.049,37.674,37.251,36.784,36.276,35.751,36.66,39.341,38.219,35.389,37.07,36.924,36.893
datastructure,WB.DATA360:DS_DATA360(1.3),I,A,STP,WB_WDI_SL_TLF_ACTI_1524_ZS,_T,Y15T24,_T,PT,_Z,_Z,_Z,_Z,RATIO,2,WB_WDI,P1Y,0,A,PU,Annual,São Tomé and Príncipe,"Labor force participation rate for ages 15-24, total (%) (modeled ILO estimate)",Total,15 to 24 years old,Total,Percentage,Not Applicable,Not Applicable,Not Applicable,Not Applicable,Ratio,Two,World Development Indicators (WDI),Annual,Units,Normal value,Public,27.432,27.511,27.585,27.564,27.444,27.222,26.903,26.475,25.931,25.296,24.624,24.228,24.083,23.933,23.819,23.739,23.697,23.713,23.767,23.8,23.767,23.673,23.677,23.755,23.744,23.616,23.356,22.981,22.527,22.005,20.986,21.303,21.557,21.423,21.304,21.242
datastructure,WB.DATA360:DS_DATA360(1.3),I,A,IDB,WB_WDI_SL_TLF_ACTI_1524_ZS,_T,Y15T24,_T,PT,_Z,_Z,_Z,_Z,RATIO,2,WB_WDI,P1Y,0,A,PU,Annual,IDA blend,"Labor force participation rate for ages 15-24, total (%) (modeled ILO estimate)",Total,15 to 24 years old,Total,Percentage,Not Applicable,Not Applicable,Not Applicable,Not Applicable,Ratio,Two,World Development Indicators (WDI),Annual,Units,Normal value,Public,57.34022180628523,58.102119970848655,59.02403022368005,58.91971642350674,58.891529890627886,58.63786971320753,58.51256648645651,58.293852347420184,57.43963976439669,56.964881873517854,56.228884995702735,56.228323447667584,56.226934799326,55.69765752258705,55.15646413792786,54.32954450300164,53.31152102092272,52.230280485055395,51.47642422607642,51.78236609252227,51.452636722818745,50.93594881049587,51.007399850880226,50.93708263041529,50.32072530232444,50.27095528295203,49.95999565169865,49.22077126412686,48.62438120873738,47.94208276538564,47.53242549087998,48.37627405702327,48.96976150862576,49.31885746103051,49.21611848891614,49.163028123640814
datastructure,WB.DATA360:DS_DATA360(1.3),I,A,BIH,WB_WDI_SL_TLF_ACTI_1524_ZS,_T,Y15T24,_T,PT,_Z,_Z,_Z,_Z,RATIO,2,WB_WDI,P1Y,0,A,PU,Annual,Bosnia and Herzegovina,"Labor force participation rate for ages 15-24, total (%) (modeled ILO estimate)",Total,15 to 24 years old,Total,Percentage,Not Applicable,Not Applicable,Not Applicable,Not Applicable,Ratio,Two,World Development Indicators (WDI),Annual,Units,Normal value,Public,34.249,35.273,36.261,36.815,37.268,37.362,36.941,36.509,36.161,35.854,35.174,34.699,33.913,33.341,32.762,32.206,31.479,30.902,30.565,30.794,30.246,30.349,30.165,29.834,29.759,29.771,29.7,29.321,29.115,28.788,27.993,28.356,29.32,26.055,26.076,25.996
datastructure,WB.DATA360:DS_DATA360(1.3),I,A,DNK,WB_WDI_SL_TLF_ACTI_1524_ZS,_T,Y15T24,_T,PT,_Z,_Z,_Z,_Z,RATIO,2,WB_WDI,P1Y,0,A,PU,Annual,Denmark,"Labor force participation rate for ages 15-24, total (%) (modeled ILO estimate)",Total,15 to 24 years old,Total,Percentage,Not Applicable,Not Applicable,Not Applicable,Not Applicable,Ratio,Two,World Development Indicators (WDI),Annual,Units,Normal value,Public,73.514,73.193,72.016,70.532,69.04,73.294,73.742,74.098,71.556,73.483,72.016,67.221,68.838,65.89,66.49,68.148,69.941,70.611,69.081,67.859,63.973,63.358,60.99,58.121,58.269,58.452,59.534,60.38,60.069,61.127,60.189,60.403,62.779,64.464,69.141,69.073
datastructure,WB.DATA360:DS_DATA360(1.3),I,A,PAN,WB_WDI_SL_TLF_ACTI_1524_ZS,_T,Y15T24,_T,PT,_Z,_Z,_Z,_Z,RATIO,2,WB_WDI,P1Y,0,A,PU,Annual,Panama,"Labor force participation rate for ages 15-24, total (%) (modeled ILO estimate)",Total,15 to 24 years old,Total,Percentage,Not Applicable,Not Applicable,Not Applicable,Not Applicable,Ratio,Two,World Development Indicators (WDI),Annual,Units,Normal value,Public,43.791,48.375,50.13,51.854,50.807,51.056,50.817,50.572,50.591,50.826,50.134,49.442,48.748,49.414,49.298,49.049,47.249,47.185,49.587,49.976,47.363,43.841,46.223,46.544,45.137,43.25,43.621,43.713,45.624,46.305,50.248,40.567,45.64,42.673,44.943,45.005
datastructure,WB.DATA360:DS_DATA360(1.3),I,A,GTM,WB_WDI_SL_TLF_ACTI_1524_ZS,_T,Y15T24,_T,PT,_Z,_Z,_Z,_Z,RATIO,2,WB_WDI,P1Y,0,A,PU,Annual,Guatemala,"Labor force participation rate for ages 15-24, total (%) (modeled ILO estimate)",Total,15 to 24 years old,Total,Percentage,Not Applicable,Not Applicable,Not Applicable,Not Applicable,Ratio,Two,World Development Indicators (WDI),Annual,Units,Normal value,Public,62.66,62.605,62.476,62.403,62.323,62.187,62.167,62.061,61.916,61.837,61.763,61.763,61.669,62.947,55.111,54.433,53.753,53.071,52.388,51.705,51.021,53.261,57.923,49.841,51.604,52.233,52.515,52.472,52.407,51.414,50.375,55.016,51.606,51.542,51.59,51.598
datastructure,WB.DATA360:DS_DATA360(1.3),I,A,MDA,WB_WDI_SL_TLF_ACTI_1524_ZS,_T,Y15T24,_T,PT,_Z,_Z,_Z,_Z,RATIO,2,WB_WDI,P1Y,0,A,PU,Annual,Moldova,"Labor force participation rate for ages 15-24, total (%) (modeled ILO estimate)",Total,15 to 24 years old,Total,Percentage,Not Applicable,Not Applicable,Not Applicable,Not Applicable,Ratio,Two,World Development Indicators (WDI),Annual,Units,Normal value,Public,32.145,33.346,34.21,34.592,34.951,34.872,35.615,35.34,36.274,36.736,36.417,33.302,31.629,27.442,25.235,24.018,31.374,29.388,30.856,34.697,40.819,41.499,41.479,42.534,43.855,47.152,43.583,41.496,36.594,38.74,38.295,38.983,36.914,36.082,34.635,34.654
datastructure,WB.DATA360:DS_DATA360(1.3),I,A,GBR,WB_WDI_SL_TLF_ACTI_1524_ZS,_T,Y15T24,_T,PT,_Z,_Z,_Z,_Z,RATIO,2,WB_WDI,P1Y,0,A,PU,Annual,United Kingdom,"Labor force participation rate for ages 15-24, total (%) (modeled ILO estimate)",Total,15 to 24 years old,Total,Percentage,Not Applicable,Not Applicable,Not Applicable,Not Applicable,Ratio,Two,World Development Indicators (WDI),Annual,Units,Normal value,Public,71.664,70.018,67.821,65.952,64.566,63.603,64.338,64.288,63.816,63.039,63.432,61.93,62.395,61.178,61.563,61.333,61.446,60.597,60.301,58.236,57.466,57.272,57.774,57.023,57.01,57.83,57.264,56.709,56.353,54.79,54.77,51.317,54.352,53.738,52.69,52.445
datastructure,WB.DATA360:DS_DATA360(1.3),I,A,BRN,WB_WDI_SL_TLF_ACTI_1524_ZS,_T,Y15T24,_T,PT,_Z,_Z,_Z,_Z,RATIO,2,WB_WDI,P1Y,0,A,PU,Annual,Brunei Darussalam,"Labor force participation rate for ages 15-24, total (%) (modeled ILO estimate)",Total,15 to 24 years old,Total,Percentage,Not Applicable,Not Applicable,Not Applicable,Not Applicable,Ratio,Two,World Development Indicators (WDI),Annual,Units,Normal value,Public,47.866,47.394,47.603,47.822,48.052,48.289,48.521,48.746,48.973,49.203,49.436,49.672,49.025,48.381,47.732,47.077,46.419,45.772,45.135,44.494,43.848,43.206,42.58,41.963,41.346,40.728,40.108,39.484,40.567,39.011,38.341,38.357,37.595,35.54,35.217,34.942
datastructure,WB.DATA360:DS_DATA360(1.3),I,A,SOM,WB_WDI_SL_TLF_ACTI_1524_ZS,_T,Y15T24,_T,PT,_Z,_Z,_Z,_Z,RATIO,2,WB_WDI,P1Y,0,A,PU,Annual,"Somalia, Federal Republic of","Labor force participation rate for ages 15-24, total (%) (modeled ILO estimate)",Total,15 to 24 years old,Total,Percentage,Not Applicable,Not Applicable,Not Applicable,Not Applicable,Ratio,Two,World Development Indicators (WDI),Annual,Units,Normal value,Public,15.922,15.869,15.478,15.363,15.538,15.678,15.8,15.915,16.019,16.118,16.21,16.297,16.388,16.495,16.654,16.92,17.279,17.549,17.585,17.497,17.372,17.015,16.659,16.545,16.468,16.391,16.317,16.201,16.071,15.966,15.816,15.886,15.894,15.869,15.855,15.837
datastructure,WB.DATA360:DS_DATA360(1.3),I,A,GMB,WB_WDI_SL_TLF_ACTI_1524_ZS,_T,Y15T24,_T,PT,_Z,_Z,_Z,_Z,RATIO,2,WB_WDI,P1Y,0,A,PU,Annual,"Gambia, The","Labor force participation rate for ages 15-24, total (%) (modeled ILO estimate)",Total,15 to 24 years old,Total,Percentage,Not Applicable,Not Applicable,Not Applicable,Not Applicable,Ratio,Two,World Development Indicators (WDI),Annual,Units,Normal value,Public,32.495,32.523,32.553,32.601,32.673,32.757,32.824,32.868,32.888,32.889,32.87,32.835,32.775,32.717,32.649,32.559,32.466,32.376,32.288,32.198,32.113,32.021,31.964,31.911,31.848,31.787,31.714,31.633,31.542,31.438,31.313,31.183,31.047,30.906,30.759,30.73
datastructure,WB.DATA360:DS_DATA360(1.3),I,A,CYP,WB_WDI_SL_TLF_ACTI_1524_ZS,_T,Y15T24,_T,PT,_Z,_Z,_Z,_Z,RATIO,2,WB_WDI,P1Y,0,A,PU,Annual,Cyprus,"Labor force participation rate for ages 15-24, total (%) (modeled ILO estimate)",Total,15 to 24 years old,Total,Percentage,Not Applicable,Not Applicable,Not Applicable,Not Applicable,Ratio,Two,World Development Indicators (WDI),Annual,Units,Normal value,Public,55.762,55.492,52.012,50.569,49.12,47.685,46.263,44.849,43.441,42.039,40.645,42.569,39.933,41.363,42.236,43.37,42.085,42.004,41.968,40.693,40.663,39.205,39.723,38.838,40.466,37.869,37.096,36.58,39.284,38.855,38.592,42.093,42.413,42.14,40.688,40.722
datastructure,WB.DATA360:DS_DATA360(1.3),I,A,SYR,WB_WDI_SL_TLF_ACTI_1524_ZS,_T,Y15T24,_T,PT,_Z,_Z,_Z,_Z,RATIO,2,WB_WDI,P1Y,0,A,PU,Annual,Syrian Arab Republic,"Labor force participation rate for ages 15-24, total (%) (modeled ILO estimate)",Total,15 to 24 years old,Total,Percentage,Not Applicable,Not Applicable,Not Applicable,Not Applicable,Ratio,Two,World Development Indicators (WDI),Annual,Units,Normal value,Public,45.864,45.545,45.034,44.731,44.428,44.132,43.565,43.183,42.76,41.891,41.027,40.9,40.771,40.641,38.53,36.457,34.432,32.95,31.277,29.65,28.674,27.711,26.773,25.807,26.187,26.391,26.361,26.225,25.973,25.6,23.732,24.316,24.583,24.198,23.917,23.815
datastructure,WB.DATA360:DS_DATA360(1.3),I,A,MYS,WB_WDI_SL_TLF_ACTI_1524_ZS,_T,Y15T24,_T,PT,_Z,_Z,_Z,_Z,RATIO,2,WB_WDI,P1Y,0,A,PU,Annual,Malaysia,"Labor force participation rate for ages 15-24, total (%) (modeled ILO estimate)",Total,15 to 24 years old,Total,Percentage,Not Applicable,Not Applicable,Not Applicable,Not Applicable,Ratio,Two,World Development Indicators (WDI),Annual,Units,Normal value,Public,47.016,46.375,46.147,45.922,45.696,45.47,45.241,45.01,44.778,44.546,44.329,44.132,43.937,43.732,43.518,43.292,43.055,42.81,42.562,42.313,42.075,41.863,42.419,42.979,43.538,42.878,43.151,43.206,44.007,45.979,43.047,48.764,46.18,45.812,45.409,45.489
datastructure,WB.DATA360:DS_DATA360(1.3),I,A,SEN,WB_WDI_SL_TLF_ACTI_1524_ZS,_T,Y15T24,_T,PT,_Z,_Z,_Z,_Z,RATIO,2,WB_WDI,P1Y,0,A,PU,Annual,Senegal,"Labor force participation rate for ages 15-24, total (%) (modeled ILO estimate)",Total,15 to 24 years old,Total,Percentage,Not Applicable,Not Applicable,Not Applicable,Not Applicable,Ratio,Two,World Development Indicators (WDI),Annual,Units,Normal value,Public,44.96,44.501,43.982,43.436,42.895,42.38,41.9,41.46,41.054,40.678,40.33,39.998,39.545,39.126,38.88,38.663,38.478,37.243,36.024,34.824,33.642,32.48,31.339,30.219,29.123,28.05,33.876,26.258,28.278,30.399,30.768,31.536,31.85,31.686,31.55,31.59
datastructure,WB.DATA360:DS_DATA360(1.3),I,A,CAN,WB_WDI_SL_TLF_ACTI_1524_ZS,_T,Y15T24,_T,PT,_Z,_Z,_Z,_Z,RATIO,2,WB_WDI,P1Y,0,A,PU,Annual,Canada,"Labor force participation rate for ages 15-24, total (%) (modeled ILO estimate)",Total,15 to 24 years old,Total,Percentage,Not Applicable,Not Applicable,Not Applicable,Not Applicable,Ratio,Two,World Development Indicators (WDI),Annual,Units,Normal value,Public,69.929,68.135,66.161,64.437,63.925,63.163,62.247,61.476,61.816,63.468,64.396,64.668,66.535,67.337,66.847,65.871,67.149,67.986,68.268,66.425,65.578,65.606,65.035,65.311,65.373,65.479,64.775,65.273,64.836,65.766,62.204,64.184,65.276,64.966,63.031,63.051
datastructure,WB.DATA360:DS_DATA360(1.3),I,A,ECU,WB_WDI_SL_TLF_ACTI_1524_ZS,_T,Y15T24,_T,PT,_Z,_Z,_Z,_Z,RATIO,2,WB_WDI,P1Y,0,A,PU,Annual,Ecuador,"Labor force participation rate for ages 15-24, total (%) (modeled ILO estimate)",Total,15 to 24 years old,Total,Percentage,Not Applicable,Not Applicable,Not Applicable,Not Applicable,Ratio,Two,World Development Indicators (WDI),Annual,Units,Normal value,Public,48.137,48.061,48.06,48.062,47.979,47.966,47.972,47.799,52.434,52.129,51.824,52.125,52.427,52.728,54.024,52.474,54.333,50.896,50.775,47.653,44.687,41.745,43.004,41.1,40.134,42.765,44.796,45.226,43.978,43.935,39.718,45.958,45.845,43.352,44.683,44.719
datastructure,WB.DATA360:DS_DATA360(1.3),I,A,WLD,WB_WDI_SL_TLF_ACTI_1524_ZS,_T,Y15T24,_T,PT,_Z,_Z,_Z,_Z,RATIO,2,WB_WDI,P1Y,0,A,PU,Annual,World,"Labor force participation rate for ages 15-24, total (%) (modeled ILO estimate)",Total,15 to 24 years old,Total,Percentage,Not Applicable,Not Applicable,Not Applicable,Not Applicable,Ratio,Two,World Development Indicators (WDI),Annual,Units,Normal value,Public,58.245038248902084,57.772934472074,57.29993118653339,56.55742020108986,56.1255212218205,55.551794824910566,54.91174606383918,54.36780705513799,53.84183902309637,53.58004981718894,53.040043125708884,52.45916498978234,51.99641893514914,51.40617116185964,51.05404004345631,50.55758063566714,49.867928432324604,49.10791668309923,48.37810270241131,47.629871843584425,46.73389131868032,46.09584308772932,45.48609290907624,45.19561145581154,44.49211201755356,43.98746259202681,43.492681544932985,43.02266202828662,42.63269216537912,42.33853517457652,40.80756178713984,41.55595829723341,42.22582324166569,42.57356922723162,42.535404746593954,42.507241327206465
datastructure,WB.DATA360:DS_DATA360(1.3),I,A,DZA,WB_WDI_SL_TLF_ACTI_1524_ZS,_T,Y15T24,_T,PT,_Z,_Z,_Z,_Z,RATIO,2,WB_WDI,P1Y,0,A,PU,Annual,Algeria,"Labor force participation rate for ages 15-24, total (%) (modeled ILO estimate)",Total,15 to 24 years old,Total,Percentage,Not Applicable,Not Applicable,Not Applicable,Not Applicable,Ratio,Two,World Development Indicators (WDI),Annual,Units,Normal value,Public,41.052,41.227,41.151,41.32,41.43,41.248,41.076,40.136,39.186,38.214,37.243,36.272,35.304,34.341,33.385,32.437,31.499,30.576,29.67,28.777,28.375,27.858,27.342,26.809,26.259,25.435,24.807,24.786,24.765,24.765,21.716,22.499,24.921,24.689,24.481,24.461
datastructure,WB.DATA360:DS_DATA360(1.3),I,A,HPC,WB_WDI_SL_TLF_ACTI_1524_ZS,_T,Y15T24,_T,PT,_Z,_Z,_Z,_Z,RATIO,2,WB_WDI,P1Y,0,A,PU,Annual,Heavily indebted poor countries (HIPC),"Labor force participation rate for ages 15-24, total (%) (modeled ILO estimate)",Total,15 to 24 years old,Total,Percentage,Not Applicable,Not Applicable,Not Applicable,Not Applicable,Ratio,Two,World Development Indicators (WDI),Annual,Units,Normal value,Public,57.716765723194584,57.766711953911575,57.72455858045538,57.59169278550123,57.43744915801765,57.388660768618585,57.466092368552125,57.523893721858556,57.393925663762175,57.202909613803875,57.011555666586695,56.849667470718046,56.68284362941691,56.48109519550749,56.36848120932038,56.222966031802535,55.910064067722345,55.52156360624422,55.05742737516421,54.480675959462424,53.9283307404396,54.025247326296984,52.62857801357671,53.62440587410279,52.05852855899998,51.3960043773164,50.80757984570728,49.97189945660819,49.51487032215701,49.048207880918625,48.60523134963201,48.765001366081236,48.73997050326311,49.938615742538765,49.796357246309476,49.68530904355086
datastructure,WB.DATA360:DS_DATA360(1.3),I,A,POL,WB_WDI_SL_TLF_ACTI_1524_ZS,_T,Y15T24,_T,PT,_Z,_Z,_Z,_Z,RATIO,2,WB_WDI,P1Y,0,A,PU,Annual,Poland,"Labor force participation rate for ages 15-24, total (%) (modeled ILO estimate)",Total,15 to 24 years old,Total,Percentage,Not Applicable,Not Applicable,Not Applicable,Not Applicable,Ratio,Two,World Development Indicators (WDI),Annual,Units,Normal value,Public,43.96,45.25,44.871,42.326,41.629,39.8,39.082,36.12,35.403,34.582,37.015,37.637,35.843,34.576,33.7,33.366,34.309,33.218,33.257,33.954,34.753,33.74,33.662,33.269,33.855,32.886,34.608,34.938,35.133,35.239,31.867,31.061,31.163,32.205,31.961,32.03
datastructure,WB.DATA360:DS_DATA360(1.3),I,A,VEN,WB_WDI_SL_TLF_ACTI_1524_ZS,_T,Y15T24,_T,PT,_Z,_Z,_Z,_Z,RATIO,2,WB_WDI,P1Y,0,A,PU,Annual,"Venezuela, RB","Labor force participation rate for ages 15-24, total (%) (modeled ILO estimate)",Total,15 to 24 years old,Total,Percentage,Not Applicable,Not Applicable,Not Applicable,Not Applicable,Ratio,Two,World Development Indicators (WDI),Annual,Units,Normal value,Public,49.862,49.952,49.882,49.574,49.15,48.978,48.618,48.543,48.205,47.624,47.451,47.236,46.514,45.869,46.237,46.265,45.606,44.458,43.849,42.816,41.607,40.651,39.847,38.579,37.326,36.091,34.874,34.341,33.775,32.893,27.993,29.394,30.399,30.518,30.742,30.611
datastructure,WB.DATA360:DS_DATA360(1.3),I,A,TUN,WB_WDI_SL_TLF_ACTI_1524_ZS,_T,Y15T24,_T,PT,_Z,_Z,_Z,_Z,RATIO,2,WB_WDI,P1Y,0,A,PU,Annual,Tunisia,"Labor force participation rate for ages 15-24, total (%) (modeled ILO estimate)",Total,15 to 24 years old,Total,Percentage,Not Applicable,Not Applicable,Not Applicable,Not Applicable,Ratio,Two,World Development Indicators (WDI),Annual,Units,Normal value,Public,42.923,42.716,42.265,42.166,42.0,40.963,39.93,38.899,37.985,37.084,36.2,35.336,34.489,33.658,32.83,31.997,30.619,31.035,30.825,29.498,31.088,31.762,35.031,33.043,30.967,28.96,31.116,30.475,33.429,36.577,29.781,26.713,24.916,23.324,23.219,23.303
datastructure,WB.DATA360:DS_DATA360(1.3),I,A,CPV,WB_WDI_SL_TLF_ACTI_1524_ZS,_T,Y15T24,_T,PT,_Z,_Z,_Z,_Z,RATIO,2,WB_WDI,P1Y,0,A,PU,Annual,Cabo Verde,"Labor force participation rate for ages 15-24, total (%) (modeled ILO estimate)",Total,15 to 24 years old,Total,Percentage,Not Applicable,Not Applicable,Not Applicable,Not Applicable,Ratio,Two,World Development Indicators (WDI),Annual,Units,Normal value,Public,63.495,62.286,61.06,59.819,58.566,57.302,56.028,54.745,53.457,52.163,50.867,49.569,48.272,46.976,45.683,44.395,43.113,41.839,40.574,39.322,38.873,38.423,37.977,37.533,37.091,36.651,36.213,35.778,32.604,31.761,28.81,29.773,31.386,31.144,30.896,30.699
datastructure,WB.DATA360:DS_DATA360(1.3),I,A,LKA,WB_WDI_SL_TLF_ACTI_1524_ZS,_T,Y15T24,_T,PT,_Z,_Z,_Z,_Z,RATIO,2,WB_WDI,P1Y,0,A,PU,Annual,Sri Lanka,"Labor force participation rate for ages 15-24, total (%) (modeled ILO estimate)",Total,15 to 24 years old,Total,Percentage,Not Applicable,Not Applicable,Not Applicable,Not Applicable,Ratio,Two,World Development Indicators (WDI),Annual,Units,Normal value,Public,52.439,50.198,47.966,47.257,49.932,43.172,43.894,43.834,49.142,47.353,43.48,42.584,41.693,40.809,39.931,39.059,38.194,37.335,36.483,35.637,34.797,33.745,33.399,32.883,31.346,33.401,32.514,32.77,29.896,30.499,28.913,26.181,25.14,25.123,25.049,24.841
datastructure,WB.DATA360:DS_DATA360(1.3),I,A,CSS,WB_WDI_SL_TLF_ACTI_1524_ZS,_T,Y15T24,_T,PT,_Z,_Z,_Z,_Z,RATIO,2,WB_WDI,P1Y,0,A,PU,Annual,Caribbean small states,"Labor force participation rate for ages 15-24, total (%) (modeled ILO estimate)",Total,15 to 24 years old,Total,Percentage,Not Applicable,Not Applicable,Not Applicable,Not Applicable,Ratio,Two,World Development Indicators (WDI),Annual,Units,Normal value,Public,49.8413687900973,49.57764414106441,49.31741649430795,49.30123456721993,49.67380971982253,50.17124615202302,50.189634734724244,49.68054168417565,49.24314937299049,48.93881652989953,48.98514486579577,48.551670416948916,48.114758578400135,48.66199384968052,49.26982698149912,49.783262782841184,49.98926492438771,49.738653145055274,49.234335737336245,48.719882833385334,47.47160462062435,47.06087574265974,46.99148301070987,47.1007847796316,47.123009976522425,46.71262455264555,46.21258139823518,45.83735065680236,46.074736910520436,44.86694636105724,41.134507975909685,42.55841031593043,44.4026537819484,45.355526041390256,45.421893980949086,45.29504163406808
datastructure,WB.DATA360:DS_DATA360(1.3),I,A,SGP,WB_WDI_SL_TLF_ACTI_1524_ZS,_T,Y15T24,_T,PT,_Z,_Z,_Z,_Z,RATIO,2,WB_WDI,P1Y,0,A,PU,Annual,Singapore,"Labor force participation rate for ages 15-24, total (%) (modeled ILO estimate)",Total,15 to 24 years old,Total,Percentage,Not Applicable,Not Applicable,Not Applicable,Not Applicable,Ratio,Two,World Development Indicators (WDI),Annual,Units,Normal value,Public,47.798,47.583,47.027,45.755,45.297,45.224,44.745,44.33,45.603,44.108,43.359,42.611,38.919,39.471,39.104,39.002,38.9,36.656,37.162,35.664,39.218,36.721,37.845,36.255,37.678,40.618,39.463,38.294,38.15,38.253,36.085,41.293,37.841,36.499,33.146,33.128
datastructure,WB.DATA360:DS_DATA360(1.3),I,A,LVA,WB_WDI_SL_TLF_ACTI_1524_ZS,_T,Y15T24,_T,PT,_Z,_Z,_Z,_Z,RATIO,2,WB_WDI,P1Y,0,A,PU,Annual,Latvia,"Labor force participation rate for ages 15-24, total (%) (modeled ILO estimate)",Total,15 to 24 years old,Total,Percentage,Not Applicable,Not Applicable,Not Applicable,Not Applicable,Ratio,Two,World Development Indicators (WDI),Annual,Units,Normal value,Public,41.151,42.859,48.674,49.215,48.531,48.438,47.857,46.242,45.094,42.324,38.443,37.395,37.851,38.871,36.973,38.046,40.899,42.637,42.866,41.249,39.754,37.481,40.146,39.369,40.432,41.29,39.694,39.759,37.726,36.3,34.844,32.714,36.139,34.937,34.533,34.367
datastructure,WB.DATA360:DS_DATA360(1.3),I,A,DJI,WB_WDI_SL_TLF_ACTI_1524_ZS,_T,Y15T24,_T,PT,_Z,_Z,_Z,_Z,RATIO,2,WB_WDI,P1Y,0,A,PU,Annual,Djibouti,"Labor force participation rate for ages 15-24, total (%) (modeled ILO estimate)",Total,15 to 24 years old,Total,Percentage,Not Applicable,Not Applicable,Not Applicable,Not Applicable,Ratio,Two,World Development Indicators (WDI),Annual,Units,Normal value,Public,25.77,25.523,25.266,24.984,24.689,24.368,23.956,23.175,22.27,21.61,21.123,20.672,20.266,20.107,20.086,19.966,19.652,19.223,18.779,18.346,17.942,17.542,17.152,16.748,16.306,15.83,15.327,14.813,14.304,13.824,13.558,13.74,13.579,13.521,13.473,13.424
datastructure,WB.DATA360:DS_DATA360(1.3),I,A,BRA,WB_WDI_SL_TLF_ACTI_1524_ZS,_T,Y15T24,_T,PT,_Z,_Z,_Z,_Z,RATIO,2,WB_WDI,P1Y,0,A,PU,Annual,Brazil,"Labor force participation rate for ages 15-24, total (%) (modeled ILO estimate)",Total,15 to 24 years old,Total,Percentage,Not Applicable,Not Applicable,Not Applicable,Not Applicable,Ratio,Two,World Development Indicators (WDI),Annual,Units,Normal value,Public,64.073,64.086,63.792,63.474,63.133,62.77,60.284,61.144,60.956,61.443,61.108,60.762,62.158,61.66,62.693,64.12,62.792,62.389,61.812,61.426,59.446,57.425,57.114,55.994,55.128,54.966,55.18,56.041,56.147,57.047,51.435,54.827,56.401,54.446,54.709,54.634
datastructure,WB.DATA360:DS_DATA360(1.3),I,A,ROU,WB_WDI_SL_TLF_ACTI_1524_ZS,_T,Y15T24,_T,PT,_Z,_Z,_Z,_Z,RATIO,2,WB_WDI,P1Y,0,A,PU,Annual,Romania,"Labor force participation rate for ages 15-24, total (%) (modeled ILO estimate)",Total,15 to 24 years old,Total,Percentage,Not Applicable,Not Applicable,Not Applicable,Not Applicable,Ratio,Two,World Development Indicators (WDI),Annual,Units,Normal value,Public,30.81,32.437,33.568,33.337,32.79,31.971,31.457,32.057,32.301,32.333,32.0,31.187,30.315,29.974,28.86,28.352,27.587,26.87,26.05,24.091,26.693,26.686,26.289,25.842,25.343,26.801,24.153,25.982,25.647,25.92,26.071,26.785,25.431,23.876,25.214,25.232
datastructure,WB.DATA360:DS_DATA360(1.3),I,A,CZE,WB_WDI_SL_TLF_ACTI_1524_ZS,_T,Y15T24,_T,PT,_Z,_Z,_Z,_Z,RATIO,2,WB_WDI,P1Y,0,A,PU,Annual,Czechia,"Labor force participation rate for ages 15-24, total (%) (modeled ILO estimate)",Total,15 to 24 years old,Total,Percentage,Not Applicable,Not Applicable,Not Applicable,Not Applicable,Ratio,Two,World Development Indicators (WDI),Annual,Units,Normal value,Public,49.617,51.031,51.105,51.11,52.114,50.652,49.446,48.347,49.05,48.28,46.097,43.127,40.071,38.135,35.853,33.876,33.537,31.923,31.131,31.82,30.864,29.929,31.274,31.561,32.223,32.503,32.01,31.677,30.422,29.721,27.307,27.043,27.657,27.973,27.021,26.87
datastructure,WB.DATA360:DS_DATA360(1.3),I,A,FCS,WB_WDI_SL_TLF_ACTI_1524_ZS,_T,Y15T24,_T,PT,_Z,_Z,_Z,_Z,RATIO,2,WB_WDI,P1Y,0,A,PU,Annual,Fragile and conflict affected situations,"Labor force participation rate for ages 15-24, total (%) (modeled ILO estimate)",Total,15 to 24 years old,Total,Percentage,Not Applicable,Not Applicable,Not Applicable,Not Applicable,Ratio,Two,World Development Indicators (WDI),Annual,Units,Normal value,Public,59.11962690024433,59.68681344073595,60.149908378025565,60.27370012751462,60.26011592434221,60.211511112289365,60.043474333252504,59.81925422055716,59.49026727559526,59.04597049483806,58.42234576928801,57.95989166280171,57.435509183831925,56.90585106761449,56.380610403621056,55.84031413667571,55.07137292808755,54.39921549745968,53.81875748727186,53.56914949709781,52.92049747801333,52.6381515275257,52.24812398201141,51.987591426317145,51.53707162037782,50.940824329674356,50.17143891966006,49.25694547721097,48.578410890973025,47.81702703428939,46.442991920705765,46.62802455630504,47.54088851849748,48.88422974243789,48.66383803027839,48.646334398364075
datastructure,WB.DATA360:DS_DATA360(1.3),I,A,EST,WB_WDI_SL_TLF_ACTI_1524_ZS,_T,Y15T24,_T,PT,_Z,_Z,_Z,_Z,RATIO,2,WB_WDI,P1Y,0,A,PU,Annual,Estonia,"Labor force participation rate for ages 15-24, total (%) (modeled ILO estimate)",Total,15 to 24 years old,Total,Percentage,Not Applicable,Not Applicable,Not Applicable,Not Applicable,Ratio,Two,World Development Indicators (WDI),Annual,Units,Normal value,Public,52.576,51.803,50.869,50.564,53.301,49.183,46.995,44.457,41.073,37.193,37.493,36.137,31.925,39.572,39.972,36.265,35.779,37.983,40.891,39.09,37.811,40.071,40.85,39.835,39.243,40.919,42.428,44.057,46.244,43.452,41.995,40.287,44.75,43.544,43.631,43.831
datastructure,WB.DATA360:DS_DATA360(1.3),I,A,URY,WB_WDI_SL_TLF_ACTI_1524_ZS,_T,Y15T24,_T,PT,_Z,_Z,_Z,_Z,RATIO,2,WB_WDI,P1Y,0,A,PU,Annual,Uruguay,"Labor force participation rate for ages 15-24, total (%) (modeled ILO estimate)",Total,15 to 24 years old,Total,Percentage,Not Applicable,Not Applicable,Not Applicable,Not Applicable,Ratio,Two,World Development Indicators (WDI),Annual,Units,Normal value,Public,53.974,53.87,54.24,54.119,57.55,58.378,57.407,58.487,59.557,57.522,57.967,59.527,55.12,52.501,52.696,53.064,53.393,55.025,53.87,54.096,53.613,54.588,53.384,53.34,53.046,50.61,49.438,48.002,47.717,47.269,42.613,44.731,45.061,46.687,46.939,46.845
datastructure,WB.DATA360:DS_DATA360(1.3),I,A,HND,WB_WDI_SL_TLF_ACTI_1524_ZS,_T,Y15T24,_T,PT,_Z,_Z,_Z,_Z,RATIO,2,WB_WDI,P1Y,0,A,PU,Annual,Honduras,"Labor force participation rate for ages 15-24, total (%) (modeled ILO estimate)",Total,15 to 24 years old,Total,Percentage,Not Applicable,Not Applicable,Not Applicable,Not Applicable,Ratio,Two,World Development Indicators (WDI),Annual,Units,Normal value,Public,58.733,59.107,58.923,58.715,58.872,58.68,58.738,58.634,58.58,58.779,57.801,56.793,55.777,54.757,53.732,52.703,49.799,48.322,49.445,50.437,51.457,49.889,48.113,53.177,53.794,54.584,53.381,54.972,57.566,53.799,53.945,56.415,54.157,50.207,50.281,50.291
datastructure,WB.DATA360:DS_DATA360(1.3),I,A,TTO,WB_WDI_SL_TLF_ACTI_1524_ZS,_T,Y15T24,_T,PT,_Z,_Z,_Z,_Z,RATIO,2,WB_WDI,P1Y,0,A,PU,Annual,Trinidad and Tobago,"Labor force participation rate for ages 15-24, total (%) (modeled ILO estimate)",Total,15 to 24 years old,Total,Percentage,Not Applicable,Not Applicable,Not Applicable,Not Applicable,Ratio,Two,World Development Indicators (WDI),Annual,Units,Normal value,Public,49.199,48.998,48.828,48.769,50.006,51.239,51.946,51.564,51.181,51.154,51.535,50.598,49.648,51.032,52.41,53.78,54.277,53.497,52.006,50.359,46.41,44.853,45.207,45.118,44.265,43.591,41.401,40.406,39.48,38.538,34.639,36.602,35.324,37.721,36.677,36.378
datastructure,WB.DATA360:DS_DATA360(1.3),I,A,GAB,WB_WDI_SL_TLF_ACTI_1524_ZS,_T,Y15T24,_T,PT,_Z,_Z,_Z,_Z,RATIO,2,WB_WDI,P1Y,0,A,PU,Annual,Gabon,"Labor force participation rate for ages 15-24, total (%) (modeled ILO estimate)",Total,15 to 24 years old,Total,Percentage,Not Applicable,Not Applicable,Not Applicable,Not Applicable,Ratio,Two,World Development Indicators (WDI),Annual,Units,Normal value,Public,24.096,24.198,24.237,24.213,24.117,23.933,23.663,23.337,22.98,22.601,22.209,21.805,21.385,20.954,20.525,20.105,19.695,19.303,18.942,18.632,18.384,18.186,18.009,17.84,17.705,17.627,17.619,17.667,17.738,17.801,16.06,16.51,17.857,17.831,17.785,17.795
datastructure,WB.DATA360:DS_DATA360(1.3),I,A,BHS,WB_WDI_SL_TLF_ACTI_1524_ZS,_T,Y15T24,_T,PT,_Z,_Z,_Z,_Z,RATIO,2,WB_WDI,P1Y,0,A,PU,Annual,"Bahamas, The","Labor force participation rate for ages 15-24, total (%) (modeled ILO estimate)",Total,15 to 24 years old,Total,Percentage,Not Applicable,Not Applicable,Not Applicable,Not Applicable,Ratio,Two,World Development Indicators (WDI),Annual,Units,Normal value,Public,57.76,57.789,57.816,57.841,57.864,57.924,57.984,58.044,58.103,58.163,58.219,58.278,58.339,58.395,58.449,58.505,58.558,58.607,58.66,58.714,58.767,58.822,58.88,58.939,58.998,59.056,59.113,59.17,59.227,59.284,52.742,54.571,58.879,59.018,59.081,59.148
datastructure,WB.DATA360:DS_DATA360(1.3),I,A,ARM,WB_WDI_SL_TLF_ACTI_1524_ZS,_T,Y15T24,_T,PT,_Z,_Z,_Z,_Z,RATIO,2,WB_WDI,P1Y,0,A,PU,Annual,Armenia,"Labor force participation rate for ages 15-24, total (%) (modeled ILO estimate)",Total,15 to 24 years old,Total,Percentage,Not Applicable,Not Applicable,Not Applicable,Not Applicable,Ratio,Two,World Development Indicators (WDI),Annual,Units,Normal value,Public,45.59,45.608,45.631,45.649,45.645,45.629,45.625,45.627,45.593,45.536,45.484,45.457,45.457,45.458,45.458,45.458,45.46,45.462,44.232,46.81,46.268,45.355,44.166,43.655,43.084,42.59,42.56,41.449,40.688,38.642,38.775,39.574,37.527,38.233,38.449,38.353
datastructure,WB.DATA360:DS_DATA360(1.3),I,A,SAU,WB_WDI_SL_TLF_ACTI_1524_ZS,_T,Y15T24,_T,PT,_Z,_Z,_Z,_Z,RATIO,2,WB_WDI,P1Y,0,A,PU,Annual,Saudi Arabia,"Labor force participation rate for ages 15-24, total (%) (modeled ILO estimate)",Total,15 to 24 years old,Total,Percentage,Not Applicable,Not Applicable,Not Applicable,Not Applicable,Ratio,Two,World Development Indicators (WDI),Annual,Units,Normal value,Public,29.48,29.185,29.154,27.707,26.282,24.893,23.546,22.251,21.015,19.844,20.354,20.265,20.59,20.932,21.203,21.41,21.558,19.914,19.216,17.756,18.951,20.174,19.996,20.279,20.218,18.607,19.795,17.614,19.297,20.266,24.156,25.816,28.31,30.461,31.2,31.48
datastructure,WB.DATA360:DS_DATA360(1.3),I,A,CEB,WB_WDI_SL_TLF_ACTI_1524_ZS,_T,Y15T24,_T,PT,_Z,_Z,_Z,_Z,RATIO,2,WB_WDI,P1Y,0,A,PU,Annual,Central Europe and the Baltics,"Labor force participation rate for ages 15-24, total (%) (modeled ILO estimate)",Total,15 to 24 years old,Total,Percentage,Not Applicable,Not Applicable,Not Applicable,Not Applicable,Ratio,Two,World Development Indicators (WDI),Annual,Units,Normal value,Public,39.46219902970369,40.82249536295691,41.020014353411526,40.00840195640753,39.50059955742344,38.38869273989197,37.81257136332708,36.87146185275445,36.422093839833465,35.90531611937232,36.11941538124078,35.94913663869262,34.42465482100127,33.41709381977026,32.47591225197964,31.71884623992477,31.9082158147895,31.31635720156534,31.201532300830284,30.94396765341023,31.623775509714893,30.74624305470969,30.908467740652636,30.842916826781796,31.36394044214964,31.426226955430376,31.758642516844912,32.450896457132025,32.05868444494348,31.77186814875478,29.78921491766983,29.29281228066519,29.356081035371975,29.39812821847204,29.43202860204894,29.423796249678478
datastructure,WB.DATA360:DS_DATA360(1.3),I,A,EAR,WB_WDI_SL_TLF_ACTI_1524_ZS,_T,Y15T24,_T,PT,_Z,_Z,_Z,_Z,RATIO,2,WB_WDI,P1Y,0,A,PU,Annual,Early-demographic dividend,"Labor force participation rate for ages 15-24, total (%) (modeled ILO estimate)",Total,15 to 24 years old,Total,Percentage,Not Applicable,Not Applicable,Not Applicable,Not Applicable,Ratio,Two,World Development Indicators (WDI),Annual,Units,Normal value,Public,47.57130616483697,47.59483282711991,47.561561312963256,47.223081524341296,47.47722534152406,47.52748694264609,47.632654148048786,47.68273442741445,47.67041911623755,47.9064546632747,47.752202918055744,47.09168623105325,46.62693126589809,46.10008805747719,45.77189267554086,45.0892772014729,44.27482169688913,43.399755908744055,42.39210484469497,41.48692334861304,40.633598265104006,39.894531199034134,39.50154097975755,39.134541899123484,38.39568117166522,37.775943885448,37.18701423504946,36.70721579132776,36.26333081292084,35.843114623444116,34.7186275351202,35.47941066963205,36.09055091234909,36.56773160761677,36.708909400618204,36.68808263005105
datastructure,WB.DATA360:DS_DATA360(1.3),I,A,IBD,WB_WDI_SL_TLF_ACTI_1524_ZS,_T,Y15T24,_T,PT,_Z,_Z,_Z,_Z,RATIO,2,WB_WDI,P1Y,0,A,PU,Annual,IBRD only,"Labor force participation rate for ages 15-24, total (%) (modeled ILO estimate)",Total,15 to 24 years old,Total,Percentage,Not Applicable,Not Applicable,Not Applicable,Not Applicable,Ratio,Two,World Development Indicators (WDI),Annual,Units,Normal value,Public,59.66569387073846,59.06433887363486,58.459355537133426,57.53210961341429,56.94419930148045,56.2422461060389,55.359974261018706,54.58668648230393,53.85835366457883,53.54391180358808,52.84786662489531,52.116912938467856,51.506801492373185,50.838537829387285,50.46531787165282,49.89649173369331,49.06097720232194,48.220750908949036,47.33996284885382,46.43359580859716,45.28149015236893,44.36284007976356,43.646475828432706,42.954450619164604,42.23823897404132,41.58609237552136,40.97388549776293,40.350560726269485,39.719321220178834,39.271006498194936,36.9942005398883,37.6298094653325,38.280609942180284,38.48299436856014,38.64619424259523,38.54820587824
datastructure,WB.DATA360:DS_DATA360(1.3),I,A,NLD,WB_WDI_SL_TLF_ACTI_1524_ZS,_T,Y15T24,_T,PT,_Z,_Z,_Z,_Z,RATIO,2,WB_WDI,P1Y,0,A,PU,Annual,Netherlands,"Labor force participation rate for ages 15-24, total (%) (modeled ILO estimate)",Total,15 to 24 years old,Total,Percentage,Not Applicable,Not Applicable,Not Applicable,Not Applicable,Ratio,Two,World Development Indicators (WDI),Annual,Units,Normal value,Public,84.101,83.896,83.357,83.107,82.879,83.105,82.918,82.73,82.633,82.398,82.172,81.731,81.151,80.605,80.513,80.886,80.67,80.782,80.637,80.232,78.37,78.156,79.248,79.16,77.267,78.354,78.0,78.043,78.504,79.617,78.302,79.056,81.749,83.356,83.249,83.298
datastructure,WB.DATA360:DS_DATA360(1.3),I,A,KEN,WB_WDI_SL_TLF_ACTI_1524_ZS,_T,Y15T24,_T,PT,_Z,_Z,_Z,_Z,RATIO,2,WB_WDI,P1Y,0,A,PU,Annual,Kenya,"Labor force participation rate for ages 15-24, total (%) (modeled ILO estimate)",Total,15 to 24 years old,Total,Percentage,Not Applicable,Not Applicable,Not Applicable,Not Applicable,Ratio,Two,World Development Indicators (WDI),Annual,Units,Normal value,Public,53.06,52.665,52.258,51.805,51.31,50.819,50.355,49.884,49.419,48.896,48.673,48.449,48.225,48.001,47.777,47.553,47.329,47.104,46.88,46.655,46.431,46.207,45.983,45.759,45.535,45.311,45.087,42.566,40.085,37.653,36.583,36.177,36.497,36.362,35.563,35.405
datastructure,WB.DATA360:DS_DATA360(1.3),I,A,CHL,WB_WDI_SL_TLF_ACTI_1524_ZS,_T,Y15T24,_T,PT,_Z,_Z,_Z,_Z,RATIO,2,WB_WDI,P1Y,0,A,PU,Annual,Chile,"Labor force participation rate for ages 15-24, total (%) (modeled ILO estimate)",Total,15 to 24 years old,Total,Percentage,Not Applicable,Not Applicable,Not Applicable,Not Applicable,Ratio,Two,World Development Indicators (WDI),Annual,Units,Normal value,Public,44.98,44.752,44.399,44.211,44.079,43.799,43.595,42.944,41.353,40.362,38.552,37.058,36.306,36.077,36.346,36.198,36.616,37.142,39.535,38.426,37.769,38.73,37.534,36.696,36.926,36.316,35.24,35.284,34.555,32.763,26.58,26.828,29.673,30.203,30.245,30.079
datastructure,WB.DATA360:DS_DATA360(1.3),I,A,LDC,WB_WDI_SL_TLF_ACTI_1524_ZS,_T,Y15T24,_T,PT,_Z,_Z,_Z,_Z,RATIO,2,WB_WDI,P1Y,0,A,PU,Annual,Least developed countries: UN classification,"Labor force participation rate for ages 15-24, total (%) (modeled ILO estimate)",Total,15 to 24 years old,Total,Percentage,Not Applicable,Not Applicable,Not Applicable,Not Applicable,Ratio,Two,World Development Indicators (WDI),Annual,Units,Normal value,Public,55.72439094297219,55.802871656197766,55.75828089377918,55.69324893436956,55.64418007838752,55.66660382173296,55.780639359341286,55.889871274788355,55.850114585776694,55.69927845375754,55.527585262630865,55.37364124420548,55.189543406970564,54.95228916170373,54.734342989473696,54.482567556653784,54.12139405116057,53.75283586205577,53.32308474584673,52.922322463520196,52.546786159647624,52.54361254739504,51.329008701325385,51.857774640085765,50.28680819216561,49.321310121700215,48.43336705215551,48.076953911678736,48.03127387269346,47.96865778978109,48.09479455182468,48.85775887021323,49.303768019190656,50.20519043221821,49.491969986498184,49.48565202559662
datastructure,WB.DATA360:DS_DATA360(1.3),I,A,NZL,WB_WDI_SL_TLF_ACTI_1524_ZS,_T,Y15T24,_T,PT,_Z,_Z,_Z,_Z,RATIO,2,WB_WDI,P1Y,0,A,PU,Annual,New Zealand,"Labor force participation rate for ages 15-24, total (%) (modeled ILO estimate)",Total,15 to 24 years old,Total,Percentage,Not Applicable,Not Applicable,Not Applicable,Not Applicable,Ratio,Two,World Development Indicators (WDI),Annual,Units,Normal value,Public,68.54,67.44,65.562,64.703,66.058,67.137,66.988,66.727,64.987,62.981,62.693,62.989,63.642,62.42,62.211,62.376,64.435,64.519,63.049,61.386,59.869,59.642,59.283,57.9,60.062,61.406,62.374,63.198,63.725,63.534,62.876,64.851,67.481,68.607,65.687,65.773
datastructure,WB.DATA360:DS_DATA360(1.3),I,A,JPN,WB_WDI_SL_TLF_ACTI_1524_ZS,_T,Y15T24,_T,PT,_Z,_Z,_Z,_Z,RATIO,2,WB_WDI,P1Y,0,A,PU,Annual,Japan,"Labor force participation rate for ages 15-24, total (%) (modeled ILO estimate)",Total,15 to 24 years old,Total,Percentage,Not Applicable,Not Applicable,Not Applicable,Not Applicable,Ratio,Two,World Development Indicators (WDI),Annual,Units,Normal value,Public,44.088,45.434,46.599,47.186,47.608,47.655,48.287,48.575,48.33,47.257,47.003,46.208,45.412,44.7,43.997,44.538,44.868,44.684,44.447,43.541,43.026,42.629,41.5,42.47,42.956,42.918,44.799,44.595,47.392,49.082,48.545,48.521,48.616,49.892,50.796,51.157
datastructure,WB.DATA360:DS_DATA360(1.3),I,A,MKD,WB_WDI_SL_TLF_ACTI_1524_ZS,_T,Y15T24,_T,PT,_Z,_Z,_Z,_Z,RATIO,2,WB_WDI,P1Y,0,A,PU,Annual,North Macedonia,"Labor force participation rate for ages 15-24, total (%) (modeled ILO estimate)",Total,15 to 24 years old,Total,Percentage,Not Applicable,Not Applicable,Not Applicable,Not Applicable,Ratio,Two,World Development Indicators (WDI),Annual,Units,Normal value,Public,43.577,44.64,44.341,44.026,43.709,43.414,43.138,42.863,40.727,38.635,37.507,36.37,35.248,35.131,34.158,33.202,35.593,35.783,35.706,34.837,32.261,32.124,33.53,33.688,32.623,33.131,31.699,33.029,32.041,32.11,30.744,27.967,28.295,26.711,30.087,30.084
datastructure,WB.DATA360:DS_DATA360(1.3),I,A,LBR,WB_WDI_SL_TLF_ACTI_1524_ZS,_T,Y15T24,_T,PT,_Z,_Z,_Z,_Z,RATIO,2,WB_WDI,P1Y,0,A,PU,Annual,Liberia,"Labor force participation rate for ages 15-24, total (%) (modeled ILO estimate)",Total,15 to 24 years old,Total,Percentage,Not Applicable,Not Applicable,Not Applicable,Not Applicable,Ratio,Two,World Development Indicators (WDI),Annual,Units,Normal value,Public,59.791,59.884,59.722,59.516,59.259,58.993,58.764,58.559,58.403,58.268,58.148,58.045,57.976,57.952,57.977,58.053,58.18,58.324,58.32,58.257,58.22,57.583,57.13,57.27,57.284,57.15,56.943,56.737,56.46,56.086,55.061,55.381,55.689,55.535,55.388,55.313
datastructure,WB.DATA360:DS_DATA360(1.3),I,A,BLR,WB_WDI_SL_TLF_ACTI_1524_ZS,_T,Y15T24,_T,PT,_Z,_Z,_Z,_Z,RATIO,2,WB_WDI,P1Y,0,A,PU,Annual,Belarus,"Labor force participation rate for ages 15-24, total (%) (modeled ILO estimate)",Total,15 to 24 years old,Total,Percentage,Not Applicable,Not Applicable,Not Applicable,Not Applicable,Ratio,Two,World Development Indicators (WDI),Annual,Units,Normal value,Public,42.404,42.575,44.022,45.224,47.103,48.787,48.299,46.55,45.284,44.743,44.921,45.101,45.282,45.465,45.649,45.832,46.017,46.203,46.389,46.575,46.759,46.941,47.122,47.304,47.487,47.668,47.849,48.374,45.97,44.821,44.761,42.569,41.977,39.082,39.236,39.083
datastructure,WB.DATA360:DS_DATA360(1.3),I,A,ECS,WB_WDI_SL_TLF_ACTI_1524_ZS,_T,Y15T24,_T,PT,_Z,_Z,_Z,_Z,RATIO,2,WB_WDI,P1Y,0,A,PU,Annual,Europe & Central Asia,"Labor force participation rate for ages 15-24, total (%) (modeled ILO estimate)",Total,15 to 24 years old,Total,Percentage,Not Applicable,Not Applicable,Not Applicable,Not Applicable,Ratio,Two,World Development Indicators (WDI),Annual,Units,Normal value,Public,50.895194461539106,50.65210361293176,50.04483330200367,48.55042910819341,48.12547304997142,47.287282588786645,46.29104191163686,45.08623635298464,44.466634621321234,45.35990648372976,44.599326302717444,43.64781863795491,43.25078200148395,42.37865776352762,42.03638277366946,41.852071135694395,41.75380260530209,41.526988454346956,41.90139500156916,41.61981480580333,41.13125939781464,41.022257999778546,40.462705735296744,40.62275819045633,40.40543784860514,40.4308747085303,40.44260824625684,40.29098381800346,40.18956314525525,39.96275447104033,38.14775889799901,38.764258741477526,39.87785562384704,40.247045713900086,40.420518863607164,40.31783382370479
datastructure,WB.DATA360:DS_DATA360(1.3),I,A,CHI,WB_WDI_SL_TLF_ACTI_1524_ZS,_T,Y15T24,_T,PT,_Z,_Z,_Z,_Z,RATIO,2,WB_WDI,P1Y,0,A,PU,Annual,Channel Islands,"Labor force participation rate for ages 15-24, total (%) (modeled ILO estimate)",Total,15 to 24 years old,Total,Percentage,Not Applicable,Not Applicable,Not Applicable,Not Applicable,Ratio,Two,World Development Indicators (WDI),Annual,Units,Normal value,Public,53.652,53.706,53.038,53.493,53.964,54.128,53.302,52.882,53.328,52.327,51.743,51.864,50.906,50.313,50.562,50.01,49.875,49.491,49.546,48.857,46.928,47.628,48.985,46.439,48.798,49.25,48.297,48.397,48.473,48.065,47.608,47.664,49.16,48.058,48.056,48.038
datastructure,WB.DATA360:DS_DATA360(1.3),I,A,AGO,WB_WDI_SL_TLF_ACTI_1524_ZS,_T,Y15T24,_T,PT,_Z,_Z,_Z,_Z,RATIO,2,WB_WDI,P1Y,0,A,PU,Annual,Angola,"Labor force participation rate for ages 15-24, total (%) (modeled ILO estimate)",Total,15 to 24 years old,Total,Percentage,Not Applicable,Not Applicable,Not Applicable,Not Applicable,Ratio,Two,World Development Indicators (WDI),Annual,Units,Normal value,Public,57.308,57.592,57.855,58.097,58.303,58.399,58.402,58.345,58.244,58.135,58.003,57.855,57.704,57.555,57.418,57.312,57.239,57.192,57.186,57.212,57.237,57.634,57.232,56.828,56.423,56.018,55.612,55.204,54.797,54.388,51.727,54.553,53.495,54.221,54.165,54.089
datastructure,WB.DATA360:DS_DATA360(1.3),I,A,UMC,WB_WDI_SL_TLF_ACTI_1524_ZS,_T,Y15T24,_T,PT,_Z,_Z,_Z,_Z,RATIO,2,WB_WDI,P1Y,0,A,PU,Annual,Upper middle income,"Labor force participation rate for ages 15-24, total (%) (modeled ILO estimate)",Total,15 to 24 years old,Total,Percentage,Not Applicable,Not Applicable,Not Applicable,Not Applicable,Ratio,Two,World Development Indicators (WDI),Annual,Units,Normal value,Public,66.86082696425747,66.05204100095966,65.1550101903164,64.01537331680758,63.406163038435245,62.325290225443794,61.08970035883428,60.09354526238191,59.048038177365264,58.1584999107787,57.119802666540096,56.33416231051135,55.774344913909076,55.1486487418341,54.86393003176652,54.25978252306161,53.70916510214318,53.22491502573587,52.389469713763084,51.71742806291659,50.80104440998083,50.044079875009764,49.77200213507724,48.89224329694763,48.147655587769655,47.76865792117108,47.44169639732491,47.236744031246005,47.034577159078935,46.8994908212289,43.735442842337484,44.82975127179033,45.87815268385012,45.76345437216642,45.544309219291655,45.386633485529956
datastructure,WB.DATA360:DS_DATA360(1.3),I,A,ZWE,WB_WDI_SL_TLF_ACTI_1524_ZS,_T,Y15T24,_T,PT,_Z,_Z,_Z,_Z,RATIO,2,WB_WDI,P1Y,0,A,PU,Annual,Zimbabwe,"Labor force participation rate for ages 15-24, total (%) (modeled ILO estimate)",Total,15 to 24 years old,Total,Percentage,Not Applicable,Not Applicable,Not Applicable,Not Applicable,Ratio,Two,World Development Indicators (WDI),Annual,Units,Normal value,Public,57.304,56.459,56.753,57.22,56.53,55.441,53.947,52.382,50.939,49.759,48.958,48.419,48.227,48.379,48.673,49.01,49.214,49.388,49.736,50.248,50.839,51.385,51.879,52.221,52.281,52.109,51.749,51.256,50.686,50.078,49.189,48.904,45.699,48.383,48.222,48.165
datastructure,WB.DATA360:DS_DATA360(1.3),I,A,ALB,WB_WDI_SL_TLF_ACTI_1524_ZS,_T,Y15T24,_T,PT,_Z,_Z,_Z,_Z,RATIO,2,WB_WDI,P1Y,0,A,PU,Annual,Albania,"Labor force participation rate for ages 15-24, total (%) (modeled ILO estimate)",Total,15 to 24 years old,Total,Percentage,Not Applicable,Not Applicable,Not Applicable,Not Applicable,Ratio,Two,World Development Indicators (WDI),Annual,Units,Normal value,Public,58.3,67.062,69.002,66.256,63.871,60.315,57.869,60.745,58.344,55.097,53.296,51.196,50.117,47.175,44.247,41.354,38.513,35.744,33.064,34.629,33.604,44.1,36.163,27.531,28.934,31.266,31.629,31.585,35.672,36.596,35.654,36.228,38.3,39.084,39.132,39.284
datastructure,WB.DATA360:DS_DATA360(1.3),I,A,OSS,WB_WDI_SL_TLF_ACTI_1524_ZS,_T,Y15T24,_T,PT,_Z,_Z,_Z,_Z,RATIO,2,WB_WDI,P1Y,0,A,PU,Annual,Other small states,"Labor force participation rate for ages 15-24, total (%) (modeled ILO estimate)",Total,15 to 24 years old,Total,Percentage,Not Applicable,Not Applicable,Not Applicable,Not Applicable,Ratio,Two,World Development Indicators (WDI),Annual,Units,Normal value,Public,45.83649982627986,45.203025952145424,44.432245612499585,43.88019363057857,43.95948472026133,43.428009561279275,42.595641194108275,41.770930281001625,41.045885188646196,40.3513615027141,39.38567903991004,38.91234873222648,37.68543219584843,38.80593522964687,38.308376740269054,37.56210645936182,37.22947792799143,36.97300296189281,36.63085344826141,35.79968441841312,34.89500244037881,34.5005610241456,34.18363578876341,33.7248607005641,33.742576508909735,33.986177663422076,33.93157438831071,33.93350225072863,34.31503822275679,33.75169546768548,32.16462752127412,32.04441446498992,33.34092559003818,34.28006767928104,34.05634637307587,34.03903531343942
datastructure,WB.DATA360:DS_DATA360(1.3),I,A,MEA,WB_WDI_SL_TLF_ACTI_1524_ZS,_T,Y15T24,_T,PT,_Z,_Z,_Z,_Z,RATIO,2,WB_WDI,P1Y,0,A,PU,Annual,"Middle East, North Africa, Afghanistan & Pakistan","Labor force participation rate for ages 15-24, total (%) (modeled ILO estimate)",Total,15 to 24 years old,Total,Percentage,Not Applicable,Not Applicable,Not Applicable,Not Applicable,Ratio,Two,World Development Indicators (WDI),Annual,Units,Normal value,Public,38.63283838111769,38.45405824088818,38.42978536017283,37.90767198977836,37.50667000347829,37.125961911810755,36.941920760646056,36.96561414403633,36.37233738280781,36.81537844521616,36.2785827897853,36.1148168645887,36.599463527516015,36.667070772626,36.676029259266855,36.50921568036988,36.01510946526273,35.21552117455996,34.77923575162456,34.70644354754428,34.72298375515932,33.745411967841136,34.040734814703825,34.14858968470174,33.54458686941593,33.10963261513665,33.130663711572815,32.78196778269349,32.14902814299027,31.745575947946534,31.21550786229079,32.538364216800595,32.511441906998016,32.80494864188742,32.641360839906966,32.553898193938004
datastructure,WB.DATA360:DS_DATA360(1.3),I,A,LBY,WB_WDI_SL_TLF_ACTI_1524_ZS,_T,Y15T24,_T,PT,_Z,_Z,_Z,_Z,RATIO,2,WB_WDI,P1Y,0,A,PU,Annual,Libya,"Labor force participation rate for ages 15-24, total (%) (modeled ILO estimate)",Total,15 to 24 years old,Total,Percentage,Not Applicable,Not Applicable,Not Applicable,Not Applicable,Ratio,Two,World Development Indicators (WDI),Annual,Units,Normal value,Public,19.039,18.975,18.913,18.851,18.789,18.724,18.657,18.588,18.517,18.436,18.355,18.286,18.218,18.148,18.078,18.008,17.931,17.852,17.782,17.717,17.653,17.622,17.599,17.547,17.496,17.448,17.402,17.363,17.331,17.296,15.412,15.851,16.977,16.856,16.734,16.732
datastructure,WB.DATA360:DS_DATA360(1.3),I,A,TLA,WB_WDI_SL_TLF_ACTI_1524_ZS,_T,Y15T24,_T,PT,_Z,_Z,_Z,_Z,RATIO,2,WB_WDI,P1Y,0,A,PU,Annual,Latin America & Caribbean (IDA & IBRD),"Labor force participation rate for ages 15-24, total (%) (modeled ILO estimate)",Total,15 to 24 years old,Total,Percentage,Not Applicable,Not Applicable,Not Applicable,Not Applicable,Ratio,Two,World Development Indicators (WDI),Annual,Units,Normal value,Public,55.83526403401901,55.764991693510375,55.77322486704913,55.89152999796704,55.7086951551743,55.80978066623768,55.00670337869087,55.64272465301322,55.69459319262159,55.41974702456213,55.013850699897716,54.258307468695754,54.17810405891073,53.965418531528805,54.04308035335953,54.335652549479676,53.94816277629484,53.40397626025375,52.926825815424166,52.54569731820463,51.4826072929575,50.67291532522254,50.77419386724316,49.67012384090644,48.89102911484952,48.52279755376551,48.36243768603386,48.60107073767763,48.710210972492405,49.06092542131411,44.82766798143794,48.057842449718564,48.26556692224441,47.500842298158965,47.475997077577134,47.3789074609468
datastructure,WB.DATA360:DS_DATA360(1.3),I,A,COL,WB_WDI_SL_TLF_ACTI_1524_ZS,_T,Y15T24,_T,PT,_Z,_Z,_Z,_Z,RATIO,2,WB_WDI,P1Y,0,A,PU,Annual,Colombia,"Labor force participation rate for ages 15-24, total (%) (modeled ILO estimate)",Total,15 to 24 years old,Total,Percentage,Not Applicable,Not Applicable,Not Applicable,Not Applicable,Ratio,Two,World Development Indicators (WDI),Annual,Units,Normal value,Public,57.452,57.452,57.372,57.24,57.09,56.962,56.952,56.888,56.937,57.181,57.131,57.127,56.255,56.746,54.797,52.413,50.611,48.808,48.327,52.137,51.658,52.655,53.596,52.093,51.548,51.399,50.06,49.225,48.117,46.743,46.942,48.352,44.447,44.716,43.612,43.23
datastructure,WB.DATA360:DS_DATA360(1.3),I,A,ARB,WB_WDI_SL_TLF_ACTI_1524_ZS,_T,Y15T24,_T,PT,_Z,_Z,_Z,_Z,RATIO,2,WB_WDI,P1Y,0,A,PU,Annual,Arab World,"Labor force participation rate for ages 15-24, total (%) (modeled ILO estimate)",Total,15 to 24 years old,Total,Percentage,Not Applicable,Not Applicable,Not Applicable,Not Applicable,Ratio,Two,World Development Indicators (WDI),Annual,Units,Normal value,Public,35.68818762304887,35.60123866119311,35.85884765018645,35.88775144176342,35.850863196721335,35.764488308060315,35.30749337368883,34.8078560399993,34.261968097161926,34.90693007424848,33.823875634739615,32.711644382578314,32.75508774072422,32.66568213370863,32.427356592978406,32.23277206352494,32.068378366766154,31.61493159614672,31.69873247921843,30.964619236909986,30.52916962919745,29.85658628008,29.636061412664027,29.584321626659285,29.35139732502755,28.176659757624943,27.836807274322936,26.883296031807216,25.74867839365792,25.18546973660156,24.459632697139064,24.98210070303162,25.100121076106685,25.320606791046263,25.12570841197317,25.063019348287607
datastructure,WB.DATA360:DS_DATA360(1.3),I,A,CHE,WB_WDI_SL_TLF_ACTI_1524_ZS,_T,Y15T24,_T,PT,_Z,_Z,_Z,_Z,RATIO,2,WB_WDI,P1Y,0,A,PU,Annual,Switzerland,"Labor force participation rate for ages 15-24, total (%) (modeled ILO estimate)",Total,15 to 24 years old,Total,Percentage,Not Applicable,Not Applicable,Not Applicable,Not Applicable,Ratio,Two,World Development Indicators (WDI),Annual,Units,Normal value,Public,68.679,68.624,68.56,69.343,65.094,63.842,66.43,66.96,67.219,68.598,68.283,67.764,69.263,69.353,67.057,65.656,68.619,67.375,67.133,67.269,68.112,68.56,67.586,68.013,67.905,67.517,68.352,68.677,67.993,66.48,65.018,66.006,66.15,66.776,65.736,65.647
datastructure,WB.DATA360:DS_DATA360(1.3),I,A,IDN,WB_WDI_SL_TLF_ACTI_1524_ZS,_T,Y15T24,_T,PT,_Z,_Z,_Z,_Z,RATIO,2,WB_WDI,P1Y,0,A,PU,Annual,Indonesia,"Labor force participation rate for ages 15-24, total (%) (modeled ILO estimate)",Total,15 to 24 years old,Total,Percentage,Not Applicable,Not Applicable,Not Applicable,Not Applicable,Ratio,Two,World Development Indicators (WDI),Annual,Units,Normal value,Public,50.985,51.375,51.468,50.066,52.972,52.55,52.127,50.657,50.28,51.605,51.8,50.664,50.054,49.274,50.414,47.618,48.632,50.571,49.368,48.053,47.127,46.77,48.069,47.058,45.88,46.302,46.265,46.443,47.608,48.091,47.077,44.754,45.29,46.207,45.983,46.003
datastructure,WB.DATA360:DS_DATA360(1.3),I,A,NCL,WB_WDI_SL_TLF_ACTI_1524_ZS,_T,Y15T24,_T,PT,_Z,_Z,_Z,_Z,RATIO,2,WB_WDI,P1Y,0,A,PU,Annual,New Caledonia,"Labor force participation rate for ages 15-24, total (%) (modeled ILO estimate)",Total,15 to 24 years old,Total,Percentage,Not Applicable,Not Applicable,Not Applicable,Not Applicable,Ratio,Two,World Development Indicators (WDI),Annual,Units,Normal value,Public,44.765,44.515,44.767,45.007,44.999,44.605,44.828,44.852,45.489,45.626,45.621,45.735,45.709,45.549,45.377,45.178,44.85,44.653,44.686,44.614,44.127,43.913,43.922,43.931,44.006,41.901,39.823,37.781,35.784,33.837,37.698,35.848,36.432,36.382,36.649,36.435
datastructure,WB.DATA360:DS_DATA360(1.3),I,A,LBN,WB_WDI_SL_TLF_ACTI_1524_ZS,_T,Y15T24,_T,PT,_Z,_Z,_Z,_Z,RATIO,2,WB_WDI,P1Y,0,A,PU,Annual,Lebanon,"Labor force participation rate for ages 15-24, total (%) (modeled ILO estimate)",Total,15 to 24 years old,Total,Percentage,Not Applicable,Not Applicable,Not Applicable,Not Applicable,Ratio,Two,World Development Indicators (WDI),Annual,Units,Normal value,Public,34.269,34.15,33.698,33.361,33.068,32.8,32.422,32.267,32.05,31.929,31.771,31.561,31.349,31.131,30.836,30.814,30.792,30.769,31.438,32.114,32.798,33.49,34.188,34.893,35.604,36.321,37.038,37.754,38.47,39.191,38.958,36.957,34.272,34.323,,
datastructure,WB.DATA360:DS_DATA360(1.3),I,A,SSF,WB_WDI_SL_TLF_ACTI_1524_ZS,_T,Y15T24,_T,PT,_Z,_Z,_Z,_Z,RATIO,2,WB_WDI,P1Y,0,A,PU,Annual,Sub-Saharan Africa,"Labor force participation rate for ages 15-24, total (%) (modeled ILO estimate)",Total,15 to 24 years old,Total,Percentage,Not Applicable,Not Applicable,Not Applicable,Not Applicable,Ratio,Two,World Development Indicators (WDI),Annual,Units,Normal value,Public,61.002513310061666,61.4472516737021,61.979102124191265,62.18388218749939,62.28201452075415,62.25509882129671,62.080747678780554,61.79258534733533,61.388057651381274,60.90567016368633,60.30800064695384,59.82919738122961,59.36267160604627,58.88375677520102,58.46780063445964,58.04334406796555,57.44317802061998,56.84566885810715,56.300655267265746,55.91944073836686,55.232239005172524,55.38150144777059,54.35716425284454,54.96998434277869,53.82187475017382,53.37540357446428,52.85892807023647,51.92724822395428,51.19492960624659,50.56518861644445,49.752072342489114,49.829201614381276,50.36630053340589,51.638184664450414,51.40104540080109,51.33895802366889
datastructure,WB.DATA360:DS_DATA360(1.3),I,A,MAR,WB_WDI_SL_TLF_ACTI_1524_ZS,_T,Y15T24,_T,PT,_Z,_Z,_Z,_Z,RATIO,2,WB_WDI,P1Y,0,A,PU,Annual,Morocco,"Labor force participation rate for ages 15-24, total (%) (modeled ILO estimate)",Total,15 to 24 years old,Total,Percentage,Not Applicable,Not Applicable,Not Applicable,Not Applicable,Ratio,Two,World Development Indicators (WDI),Annual,Units,Normal value,Public,45.857,45.456,45.33,45.146,44.606,44.557,43.993,43.834,43.428,43.185,42.922,42.525,41.669,41.211,40.754,40.3,39.846,39.395,38.946,37.6,36.272,34.992,33.502,32.234,32.317,30.363,28.69,28.513,28.379,28.251,26.407,27.103,28.09,27.847,27.508,27.343
datastructure,WB.DATA360:DS_DATA360(1.3),I,A,LMY,WB_WDI_SL_TLF_ACTI_1524_ZS,_T,Y15T24,_T,PT,_Z,_Z,_Z,_Z,RATIO,2,WB_WDI,P1Y,0,A,PU,Annual,Low & middle income,"Labor force participation rate for ages 15-24, total (%) (modeled ILO estimate)",Total,15 to 24 years old,Total,Percentage,Not Applicable,Not Applicable,Not Applicable,Not Applicable,Ratio,Two,World Development Indicators (WDI),Annual,Units,Normal value,Public,59.337852330534275,58.83543687727936,58.314659960988465,57.577001914059466,57.13219036696442,56.52543834288417,55.89692231530791,55.36641373680199,54.790402922539656,54.352051180221736,53.702985200507825,53.1448906817374,52.65018714645513,52.06772964060946,51.65738572882906,51.06770956628801,50.22722330104671,49.37495428079276,48.4638644376385,47.71726855816495,46.74168180118821,45.99088029535241,45.28789912800189,44.888749139452614,44.103195623573555,43.55176354392674,42.98167246272476,42.48026280210698,42.03934823578009,41.714986287892025,40.21049568870082,40.99142350141668,41.691458157795296,42.0266795980528,41.99414168354374,41.962529656329686
datastructure,WB.DATA360:DS_DATA360(1.3),I,A,NAM,WB_WDI_SL_TLF_ACTI_1524_ZS,_T,Y15T24,_T,PT,_Z,_Z,_Z,_Z,RATIO,2,WB_WDI,P1Y,0,A,PU,Annual,Namibia,"Labor force participation rate for ages 15-24, total (%) (modeled ILO estimate)",Total,15 to 24 years old,Total,Percentage,Not Applicable,Not Applicable,Not Applicable,Not Applicable,Ratio,Two,World Development Indicators (WDI),Annual,Units,Normal value,Public,36.146,36.038,36.015,35.988,35.951,34.131,32.357,30.632,30.311,29.991,29.672,29.79,29.909,30.028,30.147,30.267,30.387,30.507,30.628,30.749,30.87,30.992,31.114,34.241,32.654,34.594,36.586,32.8,29.226,29.42,27.302,27.846,29.539,29.494,29.415,29.344
datastructure,WB.DATA360:DS_DATA360(1.3),I,A,LAO,WB_WDI_SL_TLF_ACTI_1524_ZS,_T,Y15T24,_T,PT,_Z,_Z,_Z,_Z,RATIO,2,WB_WDI,P1Y,0,A,PU,Annual,Lao PDR,"Labor force participation rate for ages 15-24, total (%) (modeled ILO estimate)",Total,15 to 24 years old,Total,Percentage,Not Applicable,Not Applicable,Not Applicable,Not Applicable,Ratio,Two,World Development Indicators (WDI),Annual,Units,Normal value,Public,63.708,63.564,63.289,62.973,62.426,61.97,61.508,61.024,60.807,60.24,59.814,59.389,58.941,58.469,57.957,57.371,56.639,56.004,55.342,54.71,53.968,53.273,52.576,51.875,51.213,50.595,50.015,49.449,50.257,51.123,51.924,53.451,54.527,54.297,54.053,54.162
datastructure,WB.DATA360:DS_DATA360(1.3),I,A,IND,WB_WDI_SL_TLF_ACTI_1524_ZS,_T,Y15T24,_T,PT,_Z,_Z,_Z,_Z,RATIO,2,WB_WDI,P1Y,0,A,PU,Annual,India,"Labor force participation rate for ages 15-24, total (%) (modeled ILO estimate)",Total,15 to 24 years old,Total,Percentage,Not Applicable,Not Applicable,Not Applicable,Not Applicable,Ratio,Two,World Development Indicators (WDI),Annual,Units,Normal value,Public,46.529,46.491,46.446,46.386,46.32,46.776,47.232,47.688,48.143,48.595,49.045,48.283,47.512,46.731,45.939,45.139,43.373,41.62,39.885,38.171,36.482,35.205,33.949,33.475,32.906,32.24,31.552,30.836,30.082,29.294,28.554,28.936,29.62,30.449,31.225,31.204
datastructure,WB.DATA360:DS_DATA360(1.3),I,A,NOR,WB_WDI_SL_TLF_ACTI_1524_ZS,_T,Y15T24,_T,PT,_Z,_Z,_Z,_Z,RATIO,2,WB_WDI,P1Y,0,A,PU,Annual,Norway,"Labor force participation rate for ages 15-24, total (%) (modeled ILO estimate)",Total,15 to 24 years old,Total,Percentage,Not Applicable,Not Applicable,Not Applicable,Not Applicable,Ratio,Two,World Development Indicators (WDI),Annual,Units,Normal value,Public,67.214,66.973,67.095,66.958,66.275,66.643,65.789,65.574,65.226,63.94,63.448,63.667,62.992,62.629,62.244,63.161,62.381,62.079,62.183,61.405,60.068,59.554,60.653,60.497,57.992,59.489,58.087,57.35,57.951,59.201,59.347,61.049,64.274,65.784,66.087,66.071
datastructure,WB.DATA360:DS_DATA360(1.3),I,A,COM,WB_WDI_SL_TLF_ACTI_1524_ZS,_T,Y15T24,_T,PT,_Z,_Z,_Z,_Z,RATIO,2,WB_WDI,P1Y,0,A,PU,Annual,Comoros,"Labor force participation rate for ages 15-24, total (%) (modeled ILO estimate)",Total,15 to 24 years old,Total,Percentage,Not Applicable,Not Applicable,Not Applicable,Not Applicable,Ratio,Two,World Development Indicators (WDI),Annual,Units,Normal value,Public,16.705,16.689,16.835,17.141,17.375,17.512,17.575,17.533,17.382,17.081,16.744,16.518,16.361,16.14,15.689,15.583,15.479,15.376,15.272,15.17,15.068,14.967,14.868,14.77,14.674,16.009,17.292,18.428,19.448,20.46,21.626,23.086,23.002,22.928,22.864,23.07
datastructure,WB.DATA360:DS_DATA360(1.3),I,A,TEC,WB_WDI_SL_TLF_ACTI_1524_ZS,_T,Y15T24,_T,PT,_Z,_Z,_Z,_Z,RATIO,2,WB_WDI,P1Y,0,A,PU,Annual,Europe & Central Asia (IDA & IBRD),"Labor force participation rate for ages 15-24, total (%) (modeled ILO estimate)",Total,15 to 24 years old,Total,Percentage,Not Applicable,Not Applicable,Not Applicable,Not Applicable,Ratio,Two,World Development Indicators (WDI),Annual,Units,Normal value,Public,46.55692449514363,47.444837342284416,48.05082253998048,46.68765365815016,47.01739427942575,46.36481171065846,45.05278328368947,43.22193181809089,41.985172210816984,43.37332400046341,42.16848187406545,41.05128614302488,40.3092367951452,39.10460522852279,38.66545213504164,38.36033814614698,38.04146807516361,37.775666522669106,38.326911166994876,38.45456010289004,38.19587567882503,38.289196466013166,37.3335135346342,37.524118835153345,37.44423472186794,37.5118239780347,37.57858287014274,37.23212513627108,36.98822232357201,36.700009207550764,34.436342928200666,34.73945615543052,35.090545263752155,35.31124493051433,35.71017901833158,35.58863919645506
datastructure,WB.DATA360:DS_DATA360(1.3),I,A,VIR,WB_WDI_SL_TLF_ACTI_1524_ZS,_T,Y15T24,_T,PT,_Z,_Z,_Z,_Z,RATIO,2,WB_WDI,P1Y,0,A,PU,Annual,Virgin Islands (U.S.),"Labor force participation rate for ages 15-24, total (%) (modeled ILO estimate)",Total,15 to 24 years old,Total,Percentage,Not Applicable,Not Applicable,Not Applicable,Not Applicable,Ratio,Two,World Development Indicators (WDI),Annual,Units,Normal value,Public,47.11,46.613,46.204,45.702,45.257,44.666,44.057,43.604,43.112,42.742,42.526,42.138,41.883,41.525,41.383,41.233,41.025,40.754,40.26,39.344,38.825,37.758,36.528,35.939,35.638,35.197,34.616,33.794,33.113,32.529,31.912,32.206,32.649,32.696,32.618,32.494
datastructure,WB.DATA360:DS_DATA360(1.3),I,A,KWT,WB_WDI_SL_TLF_ACTI_1524_ZS,_T,Y15T24,_T,PT,_Z,_Z,_Z,_Z,RATIO,2,WB_WDI,P1Y,0,A,PU,Annual,Kuwait,"Labor force participation rate for ages 15-24, total (%) (modeled ILO estimate)",Total,15 to 24 years old,Total,Percentage,Not Applicable,Not Applicable,Not Applicable,Not Applicable,Ratio,Two,World Development Indicators (WDI),Annual,Units,Normal value,Public,34.056,33.983,33.655,33.584,33.355,33.038,33.261,33.484,33.591,33.596,33.523,33.398,33.249,33.095,32.384,31.66,30.938,30.239,29.566,28.916,28.291,27.715,27.178,26.66,26.209,25.8,25.394,25.907,26.049,26.079,24.074,24.423,25.292,25.486,25.593,25.68
datastructure,WB.DATA360:DS_DATA360(1.3),I,A,RWA,WB_WDI_SL_TLF_ACTI_1524_ZS,_T,Y15T24,_T,PT,_Z,_Z,_Z,_Z,RATIO,2,WB_WDI,P1Y,0,A,PU,Annual,Rwanda,"Labor force participation rate for ages 15-24, total (%) (modeled ILO estimate)",Total,15 to 24 years old,Total,Percentage,Not Applicable,Not Applicable,Not Applicable,Not Applicable,Ratio,Two,World Development Indicators (WDI),Annual,Units,Normal value,Public,56.694,56.637,56.276,55.829,58.441,61.867,60.442,59.011,57.088,54.823,52.665,50.745,49.294,48.362,47.747,47.344,47.117,46.986,46.853,46.631,46.299,45.904,45.497,45.104,44.717,44.304,43.837,43.31,42.619,41.849,47.76,38.706,39.893,45.313,48.702,48.965
datastructure,WB.DATA360:DS_DATA360(1.3),I,A,PST,WB_WDI_SL_TLF_ACTI_1524_ZS,_T,Y15T24,_T,PT,_Z,_Z,_Z,_Z,RATIO,2,WB_WDI,P1Y,0,A,PU,Annual,Post-demographic dividend,"Labor force participation rate for ages 15-24, total (%) (modeled ILO estimate)",Total,15 to 24 years old,Total,Percentage,Not Applicable,Not Applicable,Not Applicable,Not Applicable,Ratio,Two,World Development Indicators (WDI),Annual,Units,Normal value,Public,53.130621012425706,52.447827178022244,51.816610098483345,51.18070868733534,50.95336454774888,50.5540495176187,50.158234974066794,49.96488395362888,49.99394402975094,50.02875133501778,50.09963564656476,49.59780104837279,49.37359658199417,48.732639628639646,48.577074572159376,48.46886452118718,48.530475486454485,48.048155370801524,47.85318012000583,46.81781980348743,45.98764262039768,45.76813130948831,45.63283465367324,45.83324410305929,45.816444370258836,45.93398404111717,46.106454277512455,46.25793657979331,46.43439471412864,46.835617005958106,45.24645232102283,46.305558275322554,47.690232498194014,48.11543792493374,47.94741033533293,48.0005412725898
datastructure,WB.DATA360:DS_DATA360(1.3),I,A,KGZ,WB_WDI_SL_TLF_ACTI_1524_ZS,_T,Y15T24,_T,PT,_Z,_Z,_Z,_Z,RATIO,2,WB_WDI,P1Y,0,A,PU,Annual,Kyrgyz Republic,"Labor force participation rate for ages 15-24, total (%) (modeled ILO estimate)",Total,15 to 24 years old,Total,Percentage,Not Applicable,Not Applicable,Not Applicable,Not Applicable,Ratio,Two,World Development Indicators (WDI),Annual,Units,Normal value,Public,40.594,42.825,46.69,51.054,57.269,59.166,57.624,55.359,55.209,54.627,53.492,52.335,52.593,51.041,49.564,49.907,49.388,47.524,45.749,45.378,45.844,45.503,41.532,42.989,40.587,39.48,38.277,35.739,37.874,35.816,35.159,36.129,35.66,31.082,31.383,30.916
datastructure,WB.DATA360:DS_DATA360(1.3),I,A,QAT,WB_WDI_SL_TLF_ACTI_1524_ZS,_T,Y15T24,_T,PT,_Z,_Z,_Z,_Z,RATIO,2,WB_WDI,P1Y,0,A,PU,Annual,Qatar,"Labor force participation rate for ages 15-24, total (%) (modeled ILO estimate)",Total,15 to 24 years old,Total,Percentage,Not Applicable,Not Applicable,Not Applicable,Not Applicable,Ratio,Two,World Development Indicators (WDI),Annual,Units,Normal value,Public,67.541,67.875,67.578,67.554,67.18,66.53,65.6,64.337,64.382,64.738,64.815,64.872,64.594,64.221,63.011,63.705,66.477,69.079,70.652,70.842,69.617,69.181,69.548,69.811,70.324,70.96,70.864,70.391,69.55,68.245,66.354,58.333,60.827,59.605,59.643,59.697
datastructure,WB.DATA360:DS_DATA360(1.3),I,A,HIC,WB_WDI_SL_TLF_ACTI_1524_ZS,_T,Y15T24,_T,PT,_Z,_Z,_Z,_Z,RATIO,2,WB_WDI,P1Y,0,A,PU,Annual,High income,"Labor force participation rate for ages 15-24, total (%) (modeled ILO estimate)",Total,15 to 24 years old,Total,Percentage,Not Applicable,Not Applicable,Not Applicable,Not Applicable,Ratio,Two,World Development Indicators (WDI),Annual,Units,Normal value,Public,52.677386736120454,52.22423136993302,51.85254048044745,50.952266076819804,50.47307302262673,49.920895095212096,49.07607079764257,48.304465787563515,47.87420848145441,48.374706310366015,48.236550950294884,47.38489924896336,46.95069568271878,46.1602707480184,45.95621813028593,45.80003860929051,45.78284635505698,45.38008624744795,45.49469318959284,44.538103190459935,43.87738864874213,43.698727257219154,43.43432383381275,43.65080461488834,43.59129101337562,43.57270748458794,43.77299175551065,43.73325818678588,43.92864051803877,44.12837393032322,42.64330509503309,43.55031854037815,44.1039715975242,44.565423932014255,44.45856019840921,44.45104110282704
datastructure,WB.DATA360:DS_DATA360(1.3),I,A,JOR,WB_WDI_SL_TLF_ACTI_1524_ZS,_T,Y15T24,_T,PT,_Z,_Z,_Z,_Z,RATIO,2,WB_WDI,P1Y,0,A,PU,Annual,Jordan,"Labor force participation rate for ages 15-24, total (%) (modeled ILO estimate)",Total,15 to 24 years old,Total,Percentage,Not Applicable,Not Applicable,Not Applicable,Not Applicable,Ratio,Two,World Development Indicators (WDI),Annual,Units,Normal value,Public,33.284,32.837,32.347,32.081,31.84,31.623,31.541,31.455,31.373,31.27,31.138,30.923,30.807,30.593,30.355,30.119,29.99,29.955,29.69,29.518,29.385,29.253,29.091,29.092,29.255,29.344,29.286,29.154,26.385,25.684,24.785,23.803,24.0,25.614,25.325,25.24
datastructure,WB.DATA360:DS_DATA360(1.3),I,A,ISR,WB_WDI_SL_TLF_ACTI_1524_ZS,_T,Y15T24,_T,PT,_Z,_Z,_Z,_Z,RATIO,2,WB_WDI,P1Y,0,A,PU,Annual,Israel,"Labor force participation rate for ages 15-24, total (%) (modeled ILO estimate)",Total,15 to 24 years old,Total,Percentage,Not Applicable,Not Applicable,Not Applicable,Not Applicable,Ratio,Two,World Development Indicators (WDI),Annual,Units,Normal value,Public,53.784,55.182,56.181,60.194,61.835,61.687,60.263,59.217,57.22,57.024,58.346,57.434,53.43,53.599,54.447,55.772,56.225,55.574,53.969,52.74,52.683,50.436,52.457,52.51,52.53,51.761,51.288,51.118,49.885,48.691,44.929,45.747,47.372,48.402,48.468,48.396
datastructure,WB.DATA360:DS_DATA360(1.3),I,A,BGR,WB_WDI_SL_TLF_ACTI_1524_ZS,_T,Y15T24,_T,PT,_Z,_Z,_Z,_Z,RATIO,2,WB_WDI,P1Y,0,A,PU,Annual,Bulgaria,"Labor force participation rate for ages 15-24, total (%) (modeled ILO estimate)",Total,15 to 24 years old,Total,Percentage,Not Applicable,Not Applicable,Not Applicable,Not Applicable,Ratio,Two,World Development Indicators (WDI),Annual,Units,Normal value,Public,28.731,29.668,30.486,30.579,30.308,29.896,29.213,31.072,30.498,31.605,30.934,34.758,31.921,29.313,29.571,27.922,28.906,28.924,30.15,29.553,31.167,29.462,30.447,29.66,27.229,25.974,23.9,26.311,23.702,23.979,21.795,19.652,21.706,21.362,19.715,19.548
datastructure,WB.DATA360:DS_DATA360(1.3),I,A,ARE,WB_WDI_SL_TLF_ACTI_1524_ZS,_T,Y15T24,_T,PT,_Z,_Z,_Z,_Z,RATIO,2,WB_WDI,P1Y,0,A,PU,Annual,United Arab Emirates,"Labor force participation rate for ages 15-24, total (%) (modeled ILO estimate)",Total,15 to 24 years old,Total,Percentage,Not Applicable,Not Applicable,Not Applicable,Not Applicable,Ratio,Two,World Development Indicators (WDI),Annual,Units,Normal value,Public,51.398,51.632,51.427,51.139,50.251,49.269,49.619,50.623,51.355,51.868,52.226,52.453,52.577,52.595,52.518,52.445,52.213,51.894,51.508,51.096,50.668,50.224,49.906,49.833,49.874,49.91,49.939,50.915,53.267,47.85,38.474,43.834,40.962,46.939,47.013,47.305
datastructure,WB.DATA360:DS_DATA360(1.3),I,A,AUT,WB_WDI_SL_TLF_ACTI_1524_ZS,_T,Y15T24,_T,PT,_Z,_Z,_Z,_Z,RATIO,2,WB_WDI,P1Y,0,A,PU,Annual,Austria,"Labor force participation rate for ages 15-24, total (%) (modeled ILO estimate)",Total,15 to 24 years old,Total,Percentage,Not Applicable,Not Applicable,Not Applicable,Not Applicable,Ratio,Two,World Development Indicators (WDI),Annual,Units,Normal value,Public,63.264,63.572,64.297,61.644,62.32,61.782,59.678,58.471,58.623,58.475,56.195,54.804,55.866,54.816,55.744,56.969,56.834,58.38,58.609,58.479,57.222,58.012,58.159,57.747,57.08,56.506,56.663,54.941,55.829,55.506,55.572,55.704,56.606,58.151,57.24,57.176
datastructure,WB.DATA360:DS_DATA360(1.3),I,A,MWI,WB_WDI_SL_TLF_ACTI_1524_ZS,_T,Y15T24,_T,PT,_Z,_Z,_Z,_Z,RATIO,2,WB_WDI,P1Y,0,A,PU,Annual,Malawi,"Labor force participation rate for ages 15-24, total (%) (modeled ILO estimate)",Total,15 to 24 years old,Total,Percentage,Not Applicable,Not Applicable,Not Applicable,Not Applicable,Ratio,Two,World Development Indicators (WDI),Annual,Units,Normal value,Public,67.535,67.884,68.216,68.493,68.699,68.816,68.859,68.887,68.964,68.967,68.861,68.782,68.731,68.668,68.621,68.626,67.211,65.765,64.288,62.783,61.253,59.7,57.939,56.158,54.36,52.551,50.735,48.916,48.303,47.629,56.862,47.63,47.089,46.896,46.705,46.213
datastructure,WB.DATA360:DS_DATA360(1.3),I,A,FRA,WB_WDI_SL_TLF_ACTI_1524_ZS,_T,Y15T24,_T,PT,_Z,_Z,_Z,_Z,RATIO,2,WB_WDI,P1Y,0,A,PU,Annual,France,"Labor force participation rate for ages 15-24, total (%) (modeled ILO estimate)",Total,15 to 24 years old,Total,Percentage,Not Applicable,Not Applicable,Not Applicable,Not Applicable,Ratio,Two,World Development Indicators (WDI),Annual,Units,Normal value,Public,44.691,39.993,39.574,38.1,36.46,35.563,35.054,33.996,34.021,35.927,35.542,35.79,36.913,37.182,36.733,34.07,34.152,34.649,34.743,35.611,35.04,34.003,33.393,35.344,34.4,34.914,34.938,35.004,35.705,34.911,33.887,38.012,40.283,40.684,42.524,42.506
datastructure,WB.DATA360:DS_DATA360(1.3),I,A,OED,WB_WDI_SL_TLF_ACTI_1524_ZS,_T,Y15T24,_T,PT,_Z,_Z,_Z,_Z,RATIO,2,WB_WDI,P1Y,0,A,PU,Annual,OECD members,"Labor force participation rate for ages 15-24, total (%) (modeled ILO estimate)",Total,15 to 24 years old,Total,Percentage,Not Applicable,Not Applicable,Not Applicable,Not Applicable,Ratio,Two,World Development Indicators (WDI),Annual,Units,Normal value,Public,54.284005429500674,53.7809322296725,53.152712922054484,52.3242674711893,52.24988522959285,51.71059531792761,51.24676944904986,50.899248888013176,50.85816354116215,50.73882256848116,50.47354025530452,49.81343838443223,49.14674653843966,48.46526320723203,48.16923158908703,48.1089393199693,48.185507280495614,47.734887708410504,47.51468853090127,46.74253462151453,46.030140544355646,45.912696411541425,45.82077629899776,45.863088797841804,45.79254227836261,45.79183990661028,45.82965490445719,45.908887183892,46.047078490986095,46.41050580664725,44.136012123261125,45.80537258932231,46.46791616337966,47.06979608810209,47.05244517621732,47.09296727443703
datastructure,WB.DATA360:DS_DATA360(1.3),I,A,CIV,WB_WDI_SL_TLF_ACTI_1524_ZS,_T,Y15T24,_T,PT,_Z,_Z,_Z,_Z,RATIO,2,WB_WDI,P1Y,0,A,PU,Annual,Côte d’Ivoire,"Labor force participation rate for ages 15-24, total (%) (modeled ILO estimate)",Total,15 to 24 years old,Total,Percentage,Not Applicable,Not Applicable,Not Applicable,Not Applicable,Ratio,Two,World Development Indicators (WDI),Annual,Units,Normal value,Public,54.238,53.932,53.585,53.234,52.87,52.5,52.152,51.832,51.568,51.523,51.479,51.435,51.391,51.347,51.303,51.259,51.216,51.173,51.13,51.089,51.05,51.014,50.978,50.237,49.493,48.753,48.018,46.562,45.111,43.668,40.779,38.848,37.183,37.081,36.974,36.549
datastructure,WB.DATA360:DS_DATA360(1.3),I,A,PRE,WB_WDI_SL_TLF_ACTI_1524_ZS,_T,Y15T24,_T,PT,_Z,_Z,_Z,_Z,RATIO,2,WB_WDI,P1Y,0,A,PU,Annual,Pre-demographic dividend,"Labor force participation rate for ages 15-24, total (%) (modeled ILO estimate)",Total,15 to 24 years old,Total,Percentage,Not Applicable,Not Applicable,Not Applicable,Not Applicable,Ratio,Two,World Development Indicators (WDI),Annual,Units,Normal value,Public,60.24735217360446,60.84145912846586,61.411706438754145,61.551330557316284,61.54425532959241,61.450373120754186,61.304425914186474,61.07566609473009,60.74153670261004,60.331416803322945,59.77660592373652,59.36270538946634,58.909108610512455,58.39643418691762,57.94782976896206,57.44964678064764,56.71611796201794,55.989831091044614,55.26466576741054,54.87185572828595,54.04887428637439,54.13388463539399,52.77292938340682,53.37352761185228,52.402397469428266,52.099252322676385,51.80408187348357,50.98306641422392,50.56275935148188,50.15977622974876,49.5748510622007,50.12830816280525,50.62102820394227,51.930212134791866,51.60463001887941,51.52922077950089
datastructure,WB.DATA360:DS_DATA360(1.3),I,A,SLV,WB_WDI_SL_TLF_ACTI_1524_ZS,_T,Y15T24,_T,PT,_Z,_Z,_Z,_Z,RATIO,2,WB_WDI,P1Y,0,A,PU,Annual,El Salvador,"Labor force participation rate for ages 15-24, total (%) (modeled ILO estimate)",Total,15 to 24 years old,Total,Percentage,Not Applicable,Not Applicable,Not Applicable,Not Applicable,Ratio,Two,World Development Indicators (WDI),Annual,Units,Normal value,Public,51.757,51.645,51.49,52.716,52.239,50.681,48.075,46.603,51.029,49.402,48.158,46.91,45.663,48.701,46.878,47.362,47.87,47.1,45.971,44.798,43.583,43.469,44.012,43.436,42.672,41.968,42.679,43.113,42.712,43.935,40.816,43.275,43.674,42.634,42.731,42.744
datastructure,WB.DATA360:DS_DATA360(1.3),I,A,TUR,WB_WDI_SL_TLF_ACTI_1524_ZS,_T,Y15T24,_T,PT,_Z,_Z,_Z,_Z,RATIO,2,WB_WDI,P1Y,0,A,PU,Annual,Türkiye,"Labor force participation rate for ages 15-24, total (%) (modeled ILO estimate)",Total,15 to 24 years old,Total,Percentage,Not Applicable,Not Applicable,Not Applicable,Not Applicable,Ratio,Two,World Development Indicators (WDI),Annual,Units,Normal value,Public,54.706,55.367,52.997,48.102,51.162,48.618,48.551,47.038,46.014,46.644,42.528,42.111,40.857,38.395,37.776,37.723,37.404,37.672,38.133,38.687,38.326,39.254,38.205,39.643,40.845,42.012,42.426,43.328,43.978,44.422,39.051,41.685,43.819,45.519,47.014,47.321
datastructure,WB.DATA360:DS_DATA360(1.3),I,A,BHR,WB_WDI_SL_TLF_ACTI_1524_ZS,_T,Y15T24,_T,PT,_Z,_Z,_Z,_Z,RATIO,2,WB_WDI,P1Y,0,A,PU,Annual,Bahrain,"Labor force participation rate for ages 15-24, total (%) (modeled ILO estimate)",Total,15 to 24 years old,Total,Percentage,Not Applicable,Not Applicable,Not Applicable,Not Applicable,Ratio,Two,World Development Indicators (WDI),Annual,Units,Normal value,Public,45.497,44.38,44.129,44.017,43.839,43.573,43.215,42.783,42.307,41.819,41.337,41.167,41.222,41.129,40.868,41.179,41.378,41.449,41.404,41.272,41.309,39.404,40.481,41.327,42.14,43.182,43.205,43.182,42.951,42.7,41.19,41.852,42.847,42.588,42.188,42.221
datastructure,WB.DATA360:DS_DATA360(1.3),I,A,EGY,WB_WDI_SL_TLF_ACTI_1524_ZS,_T,Y15T24,_T,PT,_Z,_Z,_Z,_Z,RATIO,2,WB_WDI,P1Y,0,A,PU,Annual,"Egypt, Arab Rep.","Labor force participation rate for ages 15-24, total (%) (modeled ILO estimate)",Total,15 to 24 years old,Total,Percentage,Not Applicable,Not Applicable,Not Applicable,Not Applicable,Ratio,Two,World Development Indicators (WDI),Annual,Units,Normal value,Public,30.643,30.605,32.123,32.771,33.393,33.632,32.551,31.488,30.444,34.192,31.248,28.423,30.21,31.137,32.071,33.015,33.966,33.739,35.567,35.427,34.773,33.512,33.6,34.51,33.849,32.169,31.476,29.103,24.492,22.809,22.765,24.105,22.593,23.516,23.372,23.14
datastructure,WB.DATA360:DS_DATA360(1.3),I,A,USA,WB_WDI_SL_TLF_ACTI_1524_ZS,_T,Y15T24,_T,PT,_Z,_Z,_Z,_Z,RATIO,2,WB_WDI,P1Y,0,A,PU,Annual,United States,"Labor force participation rate for ages 15-24, total (%) (modeled ILO estimate)",Total,15 to 24 years old,Total,Percentage,Not Applicable,Not Applicable,Not Applicable,Not Applicable,Ratio,Two,World Development Indicators (WDI),Annual,Units,Normal value,Public,61.347,60.169,60.264,60.215,60.614,60.517,59.828,59.804,59.944,59.601,59.904,58.736,57.593,56.026,55.647,55.308,55.169,54.037,53.486,51.73,50.189,49.998,49.932,50.083,50.041,50.026,50.183,50.453,50.213,50.816,49.025,50.498,50.541,51.144,50.81,50.83
datastructure,WB.DATA360:DS_DATA360(1.3),I,A,SAS,WB_WDI_SL_TLF_ACTI_1524_ZS,_T,Y15T24,_T,PT,_Z,_Z,_Z,_Z,RATIO,2,WB_WDI,P1Y,0,A,PU,Annual,South Asia,"Labor force participation rate for ages 15-24, total (%) (modeled ILO estimate)",Total,15 to 24 years old,Total,Percentage,Not Applicable,Not Applicable,Not Applicable,Not Applicable,Ratio,Two,World Development Indicators (WDI),Annual,Units,Normal value,Public,46.165608136602586,46.12879108734494,46.09342245419752,46.072551664753924,46.10596918529352,46.42968904350253,46.875843397449145,47.30307039752036,47.804513197191405,48.18231663491726,48.517015072038,47.855769833800025,47.17275258308729,46.47249701517527,45.757793540902135,45.030877105637096,43.47019731575089,41.94800332301725,40.437146029913734,38.94153081184988,37.46061945928636,36.30180997832281,35.166593884102745,34.70037002485426,33.9264262538297,33.10929909922318,32.23841374115044,31.88203501328736,31.4309202427981,30.96925771187498,30.580873424541817,31.238360848679683,32.063064752560294,32.65774109629205,32.97113003645441,32.971926992136915
datastructure,WB.DATA360:DS_DATA360(1.3),I,A,EMU,WB_WDI_SL_TLF_ACTI_1524_ZS,_T,Y15T24,_T,PT,_Z,_Z,_Z,_Z,RATIO,2,WB_WDI,P1Y,0,A,PU,Annual,Euro area,"Labor force participation rate for ages 15-24, total (%) (modeled ILO estimate)",Total,15 to 24 years old,Total,Percentage,Not Applicable,Not Applicable,Not Applicable,Not Applicable,Ratio,Two,World Development Indicators (WDI),Annual,Units,Normal value,Public,52.54257899789226,51.16697136083116,49.30501206435725,47.74615535563032,46.48846662868455,45.316798878881855,44.44332868228292,44.00680008651876,44.41001964764055,44.9274541769828,44.782211477396984,44.29482277901145,44.42510953456997,44.18734941243309,43.98910992095262,43.90612698114143,43.92111039851282,43.76731486189273,43.86532881794478,43.040687293565696,42.037513724221874,41.373901182333086,40.9603078570459,41.00058032723883,40.268705802282454,39.856718216305275,39.81908796738806,39.95606698950608,40.11965786360303,40.201195706920565,38.616117240205575,40.508263202268694,41.78954666439768,42.47262168242984,42.57339598613324,42.49101969786484
datastructure,WB.DATA360:DS_DATA360(1.3),I,A,ECA,WB_WDI_SL_TLF_ACTI_1524_ZS,_T,Y15T24,_T,PT,_Z,_Z,_Z,_Z,RATIO,2,WB_WDI,P1Y,0,A,PU,Annual,Europe & Central Asia (excluding high income),"Labor force participation rate for ages 15-24, total (%) (modeled ILO estimate)",Total,15 to 24 years old,Total,Percentage,Not Applicable,Not Applicable,Not Applicable,Not Applicable,Ratio,Two,World Development Indicators (WDI),Annual,Units,Normal value,Public,46.233641744971486,47.14436129097456,47.08505404764689,46.075886363730554,47.77553088444009,47.16334229124731,46.81027997369743,45.9463717623446,45.26005012529058,45.21759215023762,43.42521105289772,42.798151693119344,41.98805609430149,40.80552261492464,40.02082642954676,39.67610379218914,39.146315798428226,38.524399107311545,38.1590121003199,38.313067207767865,37.93113716218135,38.24364356491916,37.586218541465676,37.85478499653179,38.23002901463574,38.73752902276325,38.90292336971451,39.07908860959507,39.228361967607384,39.16674900702938,36.349212362197335,37.17785117694271,39.417319097924256,39.88429731439771,40.554907706998414,40.58744985009939
datastructure,WB.DATA360:DS_DATA360(1.3),I,A,TON,WB_WDI_SL_TLF_ACTI_1524_ZS,_T,Y15T24,_T,PT,_Z,_Z,_Z,_Z,RATIO,2,WB_WDI,P1Y,0,A,PU,Annual,Tonga,"Labor force participation rate for ages 15-24, total (%) (modeled ILO estimate)",Total,15 to 24 years old,Total,Percentage,Not Applicable,Not Applicable,Not Applicable,Not Applicable,Ratio,Two,World Development Indicators (WDI),Annual,Units,Normal value,Public,43.595,42.722,41.837,40.948,40.057,39.54,39.032,38.53,38.025,37.518,37.008,36.501,36.006,35.52,35.037,34.555,34.078,33.594,33.097,32.601,32.117,31.644,31.181,30.716,30.256,29.8,29.339,28.843,28.328,27.817,27.044,26.738,26.269,25.755,25.708,25.626
datastructure,WB.DATA360:DS_DATA360(1.3),I,A,HTI,WB_WDI_SL_TLF_ACTI_1524_ZS,_T,Y15T24,_T,PT,_Z,_Z,_Z,_Z,RATIO,2,WB_WDI,P1Y,0,A,PU,Annual,Haiti,"Labor force participation rate for ages 15-24, total (%) (modeled ILO estimate)",Total,15 to 24 years old,Total,Percentage,Not Applicable,Not Applicable,Not Applicable,Not Applicable,Ratio,Two,World Development Indicators (WDI),Annual,Units,Normal value,Public,46.151,44.849,43.555,42.269,40.993,39.73,38.542,37.368,36.209,35.065,33.938,34.359,34.783,35.209,35.637,36.068,36.064,35.92,35.872,35.67,36.011,35.82,35.868,35.731,35.659,35.656,35.631,35.571,35.549,35.69,35.35,35.444,34.701,34.398,33.921,33.905
datastructure,WB.DATA360:DS_DATA360(1.3),I,A,BGD,WB_WDI_SL_TLF_ACTI_1524_ZS,_T,Y15T24,_T,PT,_Z,_Z,_Z,_Z,RATIO,2,WB_WDI,P1Y,0,A,PU,Annual,Bangladesh,"Labor force participation rate for ages 15-24, total (%) (modeled ILO estimate)",Total,15 to 24 years old,Total,Percentage,Not Applicable,Not Applicable,Not Applicable,Not Applicable,Ratio,Two,World Development Indicators (WDI),Annual,Units,Normal value,Public,44.353,44.702,45.101,45.511,45.942,46.381,46.803,47.169,47.453,47.663,47.787,47.776,47.645,47.443,47.202,46.933,46.615,46.586,46.556,46.52,46.474,46.121,45.74,45.324,42.917,40.47,38.04,40.47,42.639,44.59,47.082,50.359,52.699,51.526,48.267,48.383
datastructure,WB.DATA360:DS_DATA360(1.3),I,A,HRV,WB_WDI_SL_TLF_ACTI_1524_ZS,_T,Y15T24,_T,PT,_Z,_Z,_Z,_Z,RATIO,2,WB_WDI,P1Y,0,A,PU,Annual,Croatia,"Labor force participation rate for ages 15-24, total (%) (modeled ILO estimate)",Total,15 to 24 years old,Total,Percentage,Not Applicable,Not Applicable,Not Applicable,Not Applicable,Ratio,Two,World Development Indicators (WDI),Annual,Units,Normal value,Public,42.474,45.195,44.749,44.305,43.865,43.43,42.997,42.567,42.141,41.717,41.292,40.864,40.43,38.433,40.02,38.07,35.861,36.663,36.631,36.296,35.852,32.463,29.998,29.438,32.725,32.969,36.986,35.827,33.762,33.515,32.826,33.194,33.984,31.285,30.847,30.804
datastructure,WB.DATA360:DS_DATA360(1.3),I,A,LAC,WB_WDI_SL_TLF_ACTI_1524_ZS,_T,Y15T24,_T,PT,_Z,_Z,_Z,_Z,RATIO,2,WB_WDI,P1Y,0,A,PU,Annual,Latin America & Caribbean (excluding high income),"Labor force participation rate for ages 15-24, total (%) (modeled ILO estimate)",Total,15 to 24 years old,Total,Percentage,Not Applicable,Not Applicable,Not Applicable,Not Applicable,Ratio,Two,World Development Indicators (WDI),Annual,Units,Normal value,Public,56.23856670692915,56.150525452765926,56.180274025620065,56.31967105639623,56.139170271868416,56.25492955920665,55.44869688437385,56.158239510804634,56.26168778050337,56.056074297855986,55.68731705186267,54.91349543531683,54.937351641596074,54.74894156893717,54.829190815061075,55.13601574558476,54.74304697046755,54.177934096348984,53.63844274960916,53.38389661601179,52.37005574527663,51.54008022751433,51.682778263131254,50.56957897618037,49.78679329033552,49.515629304736315,49.46570003085189,49.744772013040105,49.83916870607055,50.28649055641061,46.055884942877235,49.545571822993224,49.64735774466637,48.862521038494364,48.817483359597055,48.74747401125149
datastructure,WB.DATA360:DS_DATA360(1.3),I,A,PSS,WB_WDI_SL_TLF_ACTI_1524_ZS,_T,Y15T24,_T,PT,_Z,_Z,_Z,_Z,RATIO,2,WB_WDI,P1Y,0,A,PU,Annual,Pacific island small states,"Labor force participation rate for ages 15-24, total (%) (modeled ILO estimate)",Total,15 to 24 years old,Total,Percentage,Not Applicable,Not Applicable,Not Applicable,Not Applicable,Ratio,Two,World Development Indicators (WDI),Annual,Units,Normal value,Public,53.86228696458428,54.19685115183559,53.82905951980485,53.76300880972812,53.40328683854735,53.15063709390884,52.92157956536302,52.5783308777658,52.19146455089411,51.85242561401005,51.757597344621196,51.6300537414872,51.462530956019016,50.985591953492964,50.50548225885376,49.94692020766077,49.98129835342316,49.58809825385151,49.07317311985662,48.666169561745,48.13827178655274,48.280259345483245,48.37062659758058,48.37704550715313,48.50799401323631,49.01055168083699,49.37607890023215,49.37081222254858,49.18218758416234,49.08231092673972,47.515966987276826,47.86009726903033,49.134540753815195,49.00503535923548,48.89288131854978,48.82974656088635
datastructure,WB.DATA360:DS_DATA360(1.3),I,A,PHL,WB_WDI_SL_TLF_ACTI_1524_ZS,_T,Y15T24,_T,PT,_Z,_Z,_Z,_Z,RATIO,2,WB_WDI,P1Y,0,A,PU,Annual,Philippines,"Labor force participation rate for ages 15-24, total (%) (modeled ILO estimate)",Total,15 to 24 years old,Total,Percentage,Not Applicable,Not Applicable,Not Applicable,Not Applicable,Ratio,Two,World Development Indicators (WDI),Annual,Units,Normal value,Public,44.172,44.475,44.683,44.709,44.484,44.235,43.873,43.585,43.907,43.829,43.625,43.54,43.368,43.051,43.768,43.383,42.76,41.973,41.472,41.843,41.432,43.141,42.626,41.83,42.556,40.461,39.973,37.103,35.7,34.753,30.127,31.171,32.539,32.261,31.977,31.695
datastructure,WB.DATA360:DS_DATA360(1.3),I,A,KHM,WB_WDI_SL_TLF_ACTI_1524_ZS,_T,Y15T24,_T,PT,_Z,_Z,_Z,_Z,RATIO,2,WB_WDI,P1Y,0,A,PU,Annual,Cambodia,"Labor force participation rate for ages 15-24, total (%) (modeled ILO estimate)",Total,15 to 24 years old,Total,Percentage,Not Applicable,Not Applicable,Not Applicable,Not Applicable,Ratio,Two,World Development Indicators (WDI),Annual,Units,Normal value,Public,67.355,67.13,67.029,67.165,70.432,70.377,70.484,70.66,70.627,69.988,72.067,74.054,75.946,77.741,77.714,77.688,77.661,77.632,74.339,76.506,79.001,78.8,75.508,71.886,72.009,71.861,72.93,71.618,71.437,71.314,71.123,67.147,71.02,70.824,70.612,70.55
datastructure,WB.DATA360:DS_DATA360(1.3),I,A,PAK,WB_WDI_SL_TLF_ACTI_1524_ZS,_T,Y15T24,_T,PT,_Z,_Z,_Z,_Z,RATIO,2,WB_WDI,P1Y,0,A,PU,Annual,Pakistan,"Labor force participation rate for ages 15-24, total (%) (modeled ILO estimate)",Total,15 to 24 years old,Total,Percentage,Not Applicable,Not Applicable,Not Applicable,Not Applicable,Ratio,Two,World Development Indicators (WDI),Annual,Units,Normal value,Public,41.87,41.769,41.759,40.309,39.518,39.066,40.128,41.195,40.264,40.398,40.516,41.965,43.426,43.505,43.585,42.971,42.358,41.282,40.744,41.092,41.598,40.261,40.838,41.418,40.07,40.315,40.227,40.139,40.051,39.991,41.616,43.766,43.455,43.445,43.254,43.176
datastructure,WB.DATA360:DS_DATA360(1.3),I,A,MNA,WB_WDI_SL_TLF_ACTI_1524_ZS,_T,Y15T24,_T,PT,_Z,_Z,_Z,_Z,RATIO,2,WB_WDI,P1Y,0,A,PU,Annual,"Middle East, North Africa, Afghanistan & Pakistan (excluding high income)","Labor force participation rate for ages 15-24, total (%) (modeled ILO estimate)",Total,15 to 24 years old,Total,Percentage,Not Applicable,Not Applicable,Not Applicable,Not Applicable,Ratio,Two,World Development Indicators (WDI),Annual,Units,Normal value,Public,38.585225775883835,38.380476282680746,38.3524917156747,37.80023980050024,37.4122407928218,37.0726014150709,36.94434182668921,37.020675663930575,36.44942600183045,36.95820265786653,36.380352942638005,36.258249366408535,36.85589719626987,36.96301789147384,37.007142868211346,36.85115890501531,36.335528964538604,35.55957502613174,35.13709255542695,35.15034479879173,35.085703586108906,33.995970049447706,34.280064783268955,34.35989228596717,33.662109439487196,33.236352187400215,33.17613931814907,32.83776241949913,32.05530720598958,31.662229012804254,31.141019306618844,32.448633681997,32.32047394778266,32.47866937307487,32.26859303922564,32.15701634828296
datastructure,WB.DATA360:DS_DATA360(1.3),I,A,TSS,WB_WDI_SL_TLF_ACTI_1524_ZS,_T,Y15T24,_T,PT,_Z,_Z,_Z,_Z,RATIO,2,WB_WDI,P1Y,0,A,PU,Annual,Sub-Saharan Africa (IDA & IBRD),"Labor force participation rate for ages 15-24, total (%) (modeled ILO estimate)",Total,15 to 24 years old,Total,Percentage,Not Applicable,Not Applicable,Not Applicable,Not Applicable,Ratio,Two,World Development Indicators (WDI),Annual,Units,Normal value,Public,61.00251331006168,61.4472516737021,61.97910212419125,62.18388218749938,62.282014520754146,62.255098821296734,62.080747678780554,61.792585347335326,61.38805765138128,60.90567016368633,60.30800064695385,59.82919738122962,59.36267160604626,58.88375677520101,58.46780063445965,58.043344067965535,57.44317802061998,56.84566885810713,56.30065526726573,55.91944073836684,55.23223900517251,55.38150144777061,54.35716425284455,54.96998434277868,53.821874750173805,53.37540357446426,52.85892807023649,51.92724822395429,51.19492960624658,50.565188616444466,49.752072342489136,49.82920161438127,50.36630053340589,51.6381846644504,51.401045400801095,51.33895802366887
datastructure,WB.DATA360:DS_DATA360(1.3),I,A,KAZ,WB_WDI_SL_TLF_ACTI_1524_ZS,_T,Y15T24,_T,PT,_Z,_Z,_Z,_Z,RATIO,2,WB_WDI,P1Y,0,A,PU,Annual,Kazakhstan,"Labor force participation rate for ages 15-24, total (%) (modeled ILO estimate)",Total,15 to 24 years old,Total,Percentage,Not Applicable,Not Applicable,Not Applicable,Not Applicable,Ratio,Two,World Development Indicators (WDI),Annual,Units,Normal value,Public,50.359,52.049,52.875,54.262,56.157,57.245,56.853,56.209,56.116,55.499,54.105,52.319,51.094,50.564,49.482,48.84,48.199,47.558,46.918,46.921,46.348,45.799,45.501,45.117,44.894,44.924,44.966,44.764,44.562,44.33,43.489,43.781,44.541,44.693,44.814,44.828
datastructure,WB.DATA360:DS_DATA360(1.3),I,A,TGO,WB_WDI_SL_TLF_ACTI_1524_ZS,_T,Y15T24,_T,PT,_Z,_Z,_Z,_Z,RATIO,2,WB_WDI,P1Y,0,A,PU,Annual,Togo,"Labor force participation rate for ages 15-24, total (%) (modeled ILO estimate)",Total,15 to 24 years old,Total,Percentage,Not Applicable,Not Applicable,Not Applicable,Not Applicable,Ratio,Two,World Development Indicators (WDI),Annual,Units,Normal value,Public,30.124,29.845,29.559,29.268,28.943,28.636,28.317,27.938,27.536,27.173,26.88,26.659,26.488,26.325,26.154,26.012,25.837,25.689,25.604,25.572,25.616,25.661,25.671,25.638,25.563,25.461,25.338,25.19,25.017,24.827,24.591,24.662,24.685,24.621,24.547,24.523
datastructure,WB.DATA360:DS_DATA360(1.3),I,A,IRL,WB_WDI_SL_TLF_ACTI_1524_ZS,_T,Y15T24,_T,PT,_Z,_Z,_Z,_Z,RATIO,2,WB_WDI,P1Y,0,A,PU,Annual,Ireland,"Labor force participation rate for ages 15-24, total (%) (modeled ILO estimate)",Total,15 to 24 years old,Total,Percentage,Not Applicable,Not Applicable,Not Applicable,Not Applicable,Ratio,Two,World Development Indicators (WDI),Annual,Units,Normal value,Public,84.554,83.826,80.432,80.717,79.821,80.264,80.954,78.668,79.087,76.68,76.222,74.681,71.938,71.739,69.799,71.117,70.138,69.374,65.964,60.062,53.856,51.366,50.275,49.889,48.056,47.422,50.463,46.685,46.718,47.061,43.681,51.818,51.458,57.105,53.606,53.645
datastructure,WB.DATA360:DS_DATA360(1.3),I,A,TSA,WB_WDI_SL_TLF_ACTI_1524_ZS,_T,Y15T24,_T,PT,_Z,_Z,_Z,_Z,RATIO,2,WB_WDI,P1Y,0,A,PU,Annual,South Asia (IDA & IBRD),"Labor force participation rate for ages 15-24, total (%) (modeled ILO estimate)",Total,15 to 24 years old,Total,Percentage,Not Applicable,Not Applicable,Not Applicable,Not Applicable,Ratio,Two,World Development Indicators (WDI),Annual,Units,Normal value,Public,46.165608136602586,46.128791087344965,46.09342245419753,46.072551664753924,46.10596918529352,46.42968904350253,46.875843397449145,47.30307039752035,47.8045131971914,48.18231663491724,48.517015072038,47.855769833800025,47.172752583087295,46.47249701517526,45.75779354090215,45.03087710563709,43.47019731575089,41.94800332301724,40.43714602991374,38.94153081184988,37.46061945928637,36.30180997832281,35.16659388410275,34.70037002485426,33.9264262538297,33.109299099223186,32.238413741150445,31.88203501328736,31.43092024279809,30.96925771187498,30.580873424541817,31.238360848679683,32.0630647525603,32.65774109629206,32.97113003645441,32.97192699213691
datastructure,WB.DATA360:DS_DATA360(1.3),I,A,GNQ,WB_WDI_SL_TLF_ACTI_1524_ZS,_T,Y15T24,_T,PT,_Z,_Z,_Z,_Z,RATIO,2,WB_WDI,P1Y,0,A,PU,Annual,Equatorial Guinea,"Labor force participation rate for ages 15-24, total (%) (modeled ILO estimate)",Total,15 to 24 years old,Total,Percentage,Not Applicable,Not Applicable,Not Applicable,Not Applicable,Ratio,Two,World Development Indicators (WDI),Annual,Units,Normal value,Public,35.322,35.86,36.366,36.827,37.218,37.507,37.691,37.782,37.793,37.663,37.207,36.402,35.389,34.279,33.193,32.39,31.87,31.458,31.125,30.85,30.626,30.531,30.539,30.554,30.579,30.59,30.569,30.505,30.362,30.113,27.278,27.998,30.292,30.469,30.454,30.395
datastructure,WB.DATA360:DS_DATA360(1.3),I,A,TJK,WB_WDI_SL_TLF_ACTI_1524_ZS,_T,Y15T24,_T,PT,_Z,_Z,_Z,_Z,RATIO,2,WB_WDI,P1Y,0,A,PU,Annual,Tajikistan,"Labor force participation rate for ages 15-24, total (%) (modeled ILO estimate)",Total,15 to 24 years old,Total,Percentage,Not Applicable,Not Applicable,Not Applicable,Not Applicable,Ratio,Two,World Development Indicators (WDI),Annual,Units,Normal value,Public,43.107,43.1,43.092,43.083,43.075,43.067,43.057,43.047,43.036,43.024,43.014,43.008,43.003,43.0,39.956,36.988,34.116,31.356,28.723,26.227,25.501,24.786,24.081,23.387,22.705,22.036,21.382,20.61,19.784,19.018,18.837,19.041,19.182,19.314,19.421,19.332
datastructure,WB.DATA360:DS_DATA360(1.3),I,A,MNE,WB_WDI_SL_TLF_ACTI_1524_ZS,_T,Y15T24,_T,PT,_Z,_Z,_Z,_Z,RATIO,2,WB_WDI,P1Y,0,A,PU,Annual,Montenegro,"Labor force participation rate for ages 15-24, total (%) (modeled ILO estimate)",Total,15 to 24 years old,Total,Percentage,Not Applicable,Not Applicable,Not Applicable,Not Applicable,Ratio,Two,World Development Indicators (WDI),Annual,Units,Normal value,Public,23.879,24.413,24.632,24.666,24.322,23.867,23.494,23.207,22.772,23.67,23.366,23.306,23.167,22.974,22.604,22.271,21.615,21.13,20.647,21.11,20.928,20.707,24.031,23.14,29.127,30.108,32.673,31.124,32.714,36.409,30.718,29.639,38.623,43.878,43.759,43.686
datastructure,WB.DATA360:DS_DATA360(1.3),I,A,ETH,WB_WDI_SL_TLF_ACTI_1524_ZS,_T,Y15T24,_T,PT,_Z,_Z,_Z,_Z,RATIO,2,WB_WDI,P1Y,0,A,PU,Annual,Ethiopia,"Labor force participation rate for ages 15-24, total (%) (modeled ILO estimate)",Total,15 to 24 years old,Total,Percentage,Not Applicable,Not Applicable,Not Applicable,Not Applicable,Ratio,Two,World Development Indicators (WDI),Annual,Units,Normal value,Public,74.151,74.117,74.129,74.318,74.51,74.704,74.924,75.187,75.467,75.709,75.878,75.955,75.934,75.841,75.705,75.531,75.453,75.374,75.295,75.216,75.137,75.058,74.978,74.899,72.014,69.185,66.416,63.703,61.085,58.558,56.009,54.24,54.159,54.053,53.964,53.849
datastructure,WB.DATA360:DS_DATA360(1.3),I,A,VUT,WB_WDI_SL_TLF_ACTI_1524_ZS,_T,Y15T24,_T,PT,_Z,_Z,_Z,_Z,RATIO,2,WB_WDI,P1Y,0,A,PU,Annual,Vanuatu,"Labor force participation rate for ages 15-24, total (%) (modeled ILO estimate)",Total,15 to 24 years old,Total,Percentage,Not Applicable,Not Applicable,Not Applicable,Not Applicable,Ratio,Two,World Development Indicators (WDI),Annual,Units,Normal value,Public,63.839,63.747,63.737,64.0,63.04,63.238,63.227,62.824,62.963,63.226,62.701,63.613,64.811,64.545,64.319,63.9,63.031,58.539,53.9,49.192,44.5,43.674,42.853,42.034,41.22,40.41,39.605,38.804,38.008,37.22,36.866,37.328,37.353,37.303,37.256,37.023
datastructure,WB.DATA360:DS_DATA360(1.3),I,A,CMR,WB_WDI_SL_TLF_ACTI_1524_ZS,_T,Y15T24,_T,PT,_Z,_Z,_Z,_Z,RATIO,2,WB_WDI,P1Y,0,A,PU,Annual,Cameroon,"Labor force participation rate for ages 15-24, total (%) (modeled ILO estimate)",Total,15 to 24 years old,Total,Percentage,Not Applicable,Not Applicable,Not Applicable,Not Applicable,Ratio,Two,World Development Indicators (WDI),Annual,Units,Normal value,Public,71.289,71.314,71.294,71.195,71.028,70.797,70.469,70.054,69.659,69.333,69.022,68.675,68.298,67.963,67.71,67.522,67.371,67.212,63.909,60.469,56.923,54.839,52.738,50.628,48.514,46.421,44.454,42.561,40.649,38.671,36.517,34.95,34.928,34.87,34.809,34.152
datastructure,WB.DATA360:DS_DATA360(1.3),I,A,GEO,WB_WDI_SL_TLF_ACTI_1524_ZS,_T,Y15T24,_T,PT,_Z,_Z,_Z,_Z,RATIO,2,WB_WDI,P1Y,0,A,PU,Annual,Georgia,"Labor force participation rate for ages 15-24, total (%) (modeled ILO estimate)",Total,15 to 24 years old,Total,Percentage,Not Applicable,Not Applicable,Not Applicable,Not Applicable,Ratio,Two,World Development Indicators (WDI),Annual,Units,Normal value,Public,67.537,69.239,71.084,73.089,75.275,73.817,70.504,67.435,66.159,65.041,64.185,62.781,61.4,58.98,57.659,55.647,53.754,51.424,50.933,51.444,50.223,48.767,47.594,46.749,46.136,45.662,45.17,44.451,40.45,38.086,38.891,35.856,38.782,39.053,39.264,39.038
datastructure,WB.DATA360:DS_DATA360(1.3),I,A,HUN,WB_WDI_SL_TLF_ACTI_1524_ZS,_T,Y15T24,_T,PT,_Z,_Z,_Z,_Z,RATIO,2,WB_WDI,P1Y,0,A,PU,Annual,Hungary,"Labor force participation rate for ages 15-24, total (%) (modeled ILO estimate)",Total,15 to 24 years old,Total,Percentage,Not Applicable,Not Applicable,Not Applicable,Not Applicable,Ratio,Two,World Development Indicators (WDI),Annual,Units,Normal value,Public,27.191,28.352,28.653,28.699,28.399,28.241,28.217,27.906,27.535,27.242,26.846,26.499,26.114,25.795,25.431,25.132,24.872,24.845,24.774,25.204,25.3,24.805,26.051,27.886,29.984,31.483,32.845,33.148,33.065,32.293,31.51,30.953,30.291,31.618,31.985,32.093
datastructure,WB.DATA360:DS_DATA360(1.3),I,A,ARG,WB_WDI_SL_TLF_ACTI_1524_ZS,_T,Y15T24,_T,PT,_Z,_Z,_Z,_Z,RATIO,2,WB_WDI,P1Y,0,A,PU,Annual,Argentina,"Labor force participation rate for ages 15-24, total (%) (modeled ILO estimate)",Total,15 to 24 years old,Total,Percentage,Not Applicable,Not Applicable,Not Applicable,Not Applicable,Ratio,Two,World Development Indicators (WDI),Annual,Units,Normal value,Public,48.262,47.963,47.706,47.437,47.257,47.428,47.257,46.986,46.878,47.065,47.144,47.374,47.894,47.587,47.273,45.255,45.505,44.022,42.549,42.375,41.047,40.912,40.511,40.085,38.585,38.707,38.828,38.951,39.404,39.003,33.091,37.005,38.023,39.123,38.722,38.752
datastructure,WB.DATA360:DS_DATA360(1.3),I,A,SVK,WB_WDI_SL_TLF_ACTI_1524_ZS,_T,Y15T24,_T,PT,_Z,_Z,_Z,_Z,RATIO,2,WB_WDI,P1Y,0,A,PU,Annual,Slovak Republic,"Labor force participation rate for ages 15-24, total (%) (modeled ILO estimate)",Total,15 to 24 years old,Total,Percentage,Not Applicable,Not Applicable,Not Applicable,Not Applicable,Ratio,Two,World Development Indicators (WDI),Annual,Units,Normal value,Public,55.653,58.593,55.364,52.096,47.358,46.283,46.624,47.12,45.195,45.449,44.734,44.53,42.774,40.815,39.233,36.592,35.226,34.648,32.402,31.308,30.958,30.081,30.492,30.792,31.66,31.784,32.423,33.183,32.289,29.687,28.142,26.266,26.6,26.904,26.948,26.817
datastructure,WB.DATA360:DS_DATA360(1.3),I,A,MDG,WB_WDI_SL_TLF_ACTI_1524_ZS,_T,Y15T24,_T,PT,_Z,_Z,_Z,_Z,RATIO,2,WB_WDI,P1Y,0,A,PU,Annual,Madagascar,"Labor force participation rate for ages 15-24, total (%) (modeled ILO estimate)",Total,15 to 24 years old,Total,Percentage,Not Applicable,Not Applicable,Not Applicable,Not Applicable,Ratio,Two,World Development Indicators (WDI),Annual,Units,Normal value,Public,74.172,74.002,73.844,73.703,73.591,73.525,73.514,73.542,73.592,73.637,73.65,73.654,73.65,73.605,73.509,73.348,73.488,73.628,73.766,73.903,74.04,74.174,74.308,74.441,74.573,74.703,74.154,73.653,73.202,72.788,72.096,72.386,72.63,72.546,72.451,72.407
datastructure,WB.DATA360:DS_DATA360(1.3),I,A,FIN,WB_WDI_SL_TLF_ACTI_1524_ZS,_T,Y15T24,_T,PT,_Z,_Z,_Z,_Z,RATIO,2,WB_WDI,P1Y,0,A,PU,Annual,Finland,"Labor force participation rate for ages 15-24, total (%) (modeled ILO estimate)",Total,15 to 24 years old,Total,Percentage,Not Applicable,Not Applicable,Not Applicable,Not Applicable,Ratio,Two,World Development Indicators (WDI),Annual,Units,Normal value,Public,60.612,57.142,52.346,49.687,46.283,49.634,47.485,48.563,49.827,51.333,52.838,54.338,55.832,57.315,58.785,60.24,60.823,53.21,53.439,50.472,49.226,50.62,51.452,51.798,51.791,52.269,52.161,53.04,52.845,53.361,51.968,52.9,53.918,54.696,53.272,53.253
datastructure,WB.DATA360:DS_DATA360(1.3),I,A,DEU,WB_WDI_SL_TLF_ACTI_1524_ZS,_T,Y15T24,_T,PT,_Z,_Z,_Z,_Z,RATIO,2,WB_WDI,P1Y,0,A,PU,Annual,Germany,"Labor force participation rate for ages 15-24, total (%) (modeled ILO estimate)",Total,15 to 24 years old,Total,Percentage,Not Applicable,Not Applicable,Not Applicable,Not Applicable,Ratio,Two,World Development Indicators (WDI),Annual,Units,Normal value,Public,60.708,60.491,58.332,56.254,54.927,52.491,50.436,49.699,50.042,50.826,50.437,50.402,50.039,49.485,47.464,49.678,50.764,51.388,52.257,51.922,51.503,51.703,50.538,51.009,50.071,48.942,49.193,49.998,50.283,51.375,50.901,52.789,53.464,54.132,54.522,54.624
datastructure,WB.DATA360:DS_DATA360(1.3),I,A,ZAF,WB_WDI_SL_TLF_ACTI_1524_ZS,_T,Y15T24,_T,PT,_Z,_Z,_Z,_Z,RATIO,2,WB_WDI,P1Y,0,A,PU,Annual,South Africa,"Labor force participation rate for ages 15-24, total (%) (modeled ILO estimate)",Total,15 to 24 years old,Total,Percentage,Not Applicable,Not Applicable,Not Applicable,Not Applicable,Ratio,Two,World Development Indicators (WDI),Annual,Units,Normal value,Public,42.805,42.459,42.535,42.02,41.914,42.406,42.473,42.002,40.83,39.549,38.222,36.866,35.52,34.274,33.229,32.41,31.752,31.188,30.753,28.088,26.162,25.496,25.392,25.778,25.291,26.646,26.429,26.683,25.444,25.691,20.89,21.982,25.777,26.994,26.764,26.828
datastructure,WB.DATA360:DS_DATA360(1.3),I,A,MMR,WB_WDI_SL_TLF_ACTI_1524_ZS,_T,Y15T24,_T,PT,_Z,_Z,_Z,_Z,RATIO,2,WB_WDI,P1Y,0,A,PU,Annual,Myanmar,"Labor force participation rate for ages 15-24, total (%) (modeled ILO estimate)",Total,15 to 24 years old,Total,Percentage,Not Applicable,Not Applicable,Not Applicable,Not Applicable,Ratio,Two,World Development Indicators (WDI),Annual,Units,Normal value,Public,81.35,81.554,80.787,80.34,79.753,79.207,78.703,78.271,77.812,76.853,75.608,74.567,73.439,72.11,70.78,69.422,68.089,66.851,65.767,64.641,63.63,63.074,62.322,61.444,60.589,59.862,55.772,51.602,49.702,46.549,45.29,46.595,46.442,46.352,46.315,46.185
datastructure,WB.DATA360:DS_DATA360(1.3),I,A,VNM,WB_WDI_SL_TLF_ACTI_1524_ZS,_T,Y15T24,_T,PT,_Z,_Z,_Z,_Z,RATIO,2,WB_WDI,P1Y,0,A,PU,Annual,Vietnam,"Labor force participation rate for ages 15-24, total (%) (modeled ILO estimate)",Total,15 to 24 years old,Total,Percentage,Not Applicable,Not Applicable,Not Applicable,Not Applicable,Ratio,Two,World Development Indicators (WDI),Annual,Units,Normal value,Public,73.6,73.208,72.538,71.908,71.182,70.364,69.542,66.194,63.24,60.234,56.239,60.787,58.644,57.001,56.122,56.049,55.972,55.89,57.682,59.455,58.086,56.238,54.892,57.379,57.494,58.852,56.576,56.414,55.153,57.249,52.761,45.637,43.987,41.25,40.979,41.048
datastructure,WB.DATA360:DS_DATA360(1.3),I,A,LCN,WB_WDI_SL_TLF_ACTI_1524_ZS,_T,Y15T24,_T,PT,_Z,_Z,_Z,_Z,RATIO,2,WB_WDI,P1Y,0,A,PU,Annual,Latin America & Caribbean,"Labor force participation rate for ages 15-24, total (%) (modeled ILO estimate)",Total,15 to 24 years old,Total,Percentage,Not Applicable,Not Applicable,Not Applicable,Not Applicable,Ratio,Two,World Development Indicators (WDI),Annual,Units,Normal value,Public,55.316625160177715,55.26827449418939,55.28000637882241,55.43599559731794,55.26152158646445,55.364799993824654,54.59728826057174,55.24155479287852,55.30526536371066,55.04193370715441,54.638265591350965,53.906610836767754,53.83524821836234,53.636320034089955,53.70951282639272,54.00100469784544,53.598246951804036,53.04651617340929,52.576406184694626,52.23826663742022,51.192708975395384,50.40078860112196,50.50373226808155,49.42559126048532,48.66623162350969,48.30794691453069,48.15449094919374,48.39500079056168,48.50845473422798,48.852297353409426,44.649102323337644,47.83912120141144,48.06154000156729,47.308036666578126,47.28161054737793,47.189455810432484
datastructure,WB.DATA360:DS_DATA360(1.3),I,A,PYF,WB_WDI_SL_TLF_ACTI_1524_ZS,_T,Y15T24,_T,PT,_Z,_Z,_Z,_Z,RATIO,2,WB_WDI,P1Y,0,A,PU,Annual,French Polynesia,"Labor force participation rate for ages 15-24, total (%) (modeled ILO estimate)",Total,15 to 24 years old,Total,Percentage,Not Applicable,Not Applicable,Not Applicable,Not Applicable,Ratio,Two,World Development Indicators (WDI),Annual,Units,Normal value,Public,41.408,41.219,41.583,41.916,42.274,42.48,42.721,42.278,41.817,41.357,40.9,40.438,39.982,39.338,38.72,38.099,37.463,36.819,37.475,38.143,38.818,39.5,40.19,40.214,40.22,40.106,39.91,39.51,39.351,39.083,38.346,38.508,38.495,38.081,37.674,37.675
datastructure,WB.DATA360:DS_DATA360(1.3),I,A,GRC,WB_WDI_SL_TLF_ACTI_1524_ZS,_T,Y15T24,_T,PT,_Z,_Z,_Z,_Z,RATIO,2,WB_WDI,P1Y,0,A,PU,Annual,Greece,"Labor force participation rate for ages 15-24, total (%) (modeled ILO estimate)",Total,15 to 24 years old,Total,Percentage,Not Applicable,Not Applicable,Not Applicable,Not Applicable,Ratio,Two,World Development Indicators (WDI),Annual,Units,Normal value,Public,39.737,38.791,38.197,37.812,37.304,37.051,37.202,35.75,40.412,39.837,38.813,36.286,36.015,34.195,36.325,33.54,31.981,30.889,29.954,30.594,30.027,29.206,29.367,28.595,27.98,25.83,24.57,24.928,23.197,22.305,21.015,20.804,23.505,24.982,23.892,23.84
datastructure,WB.DATA360:DS_DATA360(1.3),I,A,COD,WB_WDI_SL_TLF_ACTI_1524_ZS,_T,Y15T24,_T,PT,_Z,_Z,_Z,_Z,RATIO,2,WB_WDI,P1Y,0,A,PU,Annual,"Congo, Dem. Rep.","Labor force participation rate for ages 15-24, total (%) (modeled ILO estimate)",Total,15 to 24 years old,Total,Percentage,Not Applicable,Not Applicable,Not Applicable,Not Applicable,Ratio,Two,World Development Indicators (WDI),Annual,Units,Normal value,Public,42.657,42.745,42.84,42.869,42.272,42.116,43.252,44.441,44.842,44.821,44.895,44.954,45.032,45.15,45.23,45.242,43.871,42.509,41.158,39.82,38.496,37.189,35.9,36.918,37.951,38.996,39.902,40.772,41.853,43.042,43.64,42.814,43.098,43.1,43.089,43.228
datastructure,WB.DATA360:DS_DATA360(1.3),I,A,IDA,WB_WDI_SL_TLF_ACTI_1524_ZS,_T,Y15T24,_T,PT,_Z,_Z,_Z,_Z,RATIO,2,WB_WDI,P1Y,0,A,PU,Annual,IDA total,"Labor force participation rate for ages 15-24, total (%) (modeled ILO estimate)",Total,15 to 24 years old,Total,Percentage,Not Applicable,Not Applicable,Not Applicable,Not Applicable,Ratio,Two,World Development Indicators (WDI),Annual,Units,Normal value,Public,55.79827660723978,56.06940058135285,56.32049559237318,56.244418220108585,56.27677844280894,56.08154350825241,56.113756403824645,56.09423764561258,55.8641105210158,55.56215889740036,55.118158959961754,55.00217531412921,54.87484984027201,54.52515572613567,54.13502873296047,53.63137218049619,52.97266057688574,52.290786449119764,51.71678395209868,51.55607365931794,51.200439111127025,50.98004173130113,50.26381301425759,50.627227729817875,49.46341025156363,48.879241392012034,48.1803999036986,47.67211104345914,47.39147919506568,47.04807716042713,46.93993773561866,47.62913015930861,48.08591735151278,48.65415300626248,48.1739127372564,48.14144896073197
datastructure,WB.DATA360:DS_DATA360(1.3),I,A,MNG,WB_WDI_SL_TLF_ACTI_1524_ZS,_T,Y15T24,_T,PT,_Z,_Z,_Z,_Z,RATIO,2,WB_WDI,P1Y,0,A,PU,Annual,Mongolia,"Labor force participation rate for ages 15-24, total (%) (modeled ILO estimate)",Total,15 to 24 years old,Total,Percentage,Not Applicable,Not Applicable,Not Applicable,Not Applicable,Ratio,Two,World Development Indicators (WDI),Annual,Units,Normal value,Public,39.57,40.927,42.032,42.382,42.267,41.747,41.672,41.401,41.189,41.009,41.034,40.85,40.481,39.874,38.891,38.253,37.503,36.613,33.567,31.992,31.836,32.675,32.3,31.93,30.547,29.282,27.805,26.828,28.981,38.811,36.203,30.687,32.896,28.85,28.536,28.44
datastructure,WB.DATA360:DS_DATA360(1.3),I,A,TEA,WB_WDI_SL_TLF_ACTI_1524_ZS,_T,Y15T24,_T,PT,_Z,_Z,_Z,_Z,RATIO,2,WB_WDI,P1Y,0,A,PU,Annual,East Asia & Pacific (IDA & IBRD),"Labor force participation rate for ages 15-24, total (%) (modeled ILO estimate)",Total,15 to 24 years old,Total,Percentage,Not Applicable,Not Applicable,Not Applicable,Not Applicable,Ratio,Two,World Development Indicators (WDI),Annual,Units,Normal value,Public,72.85743604990226,71.94311073045465,70.9475889658138,69.72366316974278,68.99619951590377,67.81245677332512,66.62007530114178,65.19933451227203,63.91395639786814,62.784506878928894,61.59782262503723,61.15160530889827,60.373961193497166,59.58936512948768,59.19532021943165,58.21611264901514,57.6161610769591,57.182616036436414,56.392445201698386,55.69529193244666,54.774017621800816,54.07633832128754,53.52400813550575,52.743225744840835,52.03873324618741,51.44254635383036,50.6588263745027,49.813977940328655,49.36222116796499,48.98402095512203,46.23199857705644,46.23761919872506,47.14197198907794,46.94745096837208,46.62453657439833,46.46646309953516
datastructure,WB.DATA360:DS_DATA360(1.3),I,A,TLS,WB_WDI_SL_TLF_ACTI_1524_ZS,_T,Y15T24,_T,PT,_Z,_Z,_Z,_Z,RATIO,2,WB_WDI,P1Y,0,A,PU,Annual,Timor-Leste,"Labor force participation rate for ages 15-24, total (%) (modeled ILO estimate)",Total,15 to 24 years old,Total,Percentage,Not Applicable,Not Applicable,Not Applicable,Not Applicable,Ratio,Two,World Development Indicators (WDI),Annual,Units,Normal value,Public,48.035,47.173,46.373,45.607,45.16,44.757,44.215,44.085,44.601,48.103,41.789,41.077,42.675,43.366,43.457,43.344,44.113,43.337,42.438,41.65,40.938,40.56,40.282,40.176,39.918,39.863,39.752,40.304,40.563,38.459,37.984,38.177,37.982,38.239,37.648,37.543
datastructure,WB.DATA360:DS_DATA360(1.3),I,A,CUB,WB_WDI_SL_TLF_ACTI_1524_ZS,_T,Y15T24,_T,PT,_Z,_Z,_Z,_Z,RATIO,2,WB_WDI,P1Y,0,A,PU,Annual,Cuba,"Labor force participation rate for ages 15-24, total (%) (modeled ILO estimate)",Total,15 to 24 years old,Total,Percentage,Not Applicable,Not Applicable,Not Applicable,Not Applicable,Ratio,Two,World Development Indicators (WDI),Annual,Units,Normal value,Public,43.196,42.879,42.571,42.357,41.767,41.146,40.419,39.874,39.51,39.108,38.821,38.692,38.683,38.68,38.691,38.617,38.528,38.487,38.439,41.41,41.685,41.551,41.409,41.225,41.034,40.762,40.612,40.478,40.399,40.402,37.596,38.41,39.316,39.048,38.752,38.796
datastructure,WB.DATA360:DS_DATA360(1.3),I,A,SSD,WB_WDI_SL_TLF_ACTI_1524_ZS,_T,Y15T24,_T,PT,_Z,_Z,_Z,_Z,RATIO,2,WB_WDI,P1Y,0,A,PU,Annual,South Sudan,"Labor force participation rate for ages 15-24, total (%) (modeled ILO estimate)",Total,15 to 24 years old,Total,Percentage,Not Applicable,Not Applicable,Not Applicable,Not Applicable,Ratio,Two,World Development Indicators (WDI),Annual,Units,Normal value,Public,66.907,66.937,67.066,67.298,67.407,67.483,67.676,67.752,67.448,67.089,66.971,67.022,67.31,67.588,67.391,66.79,66.086,65.321,64.589,63.987,63.087,62.181,61.811,61.726,62.626,63.541,64.509,66.37,66.17,64.228,63.618,63.712,63.139,62.744,,
datastructure,WB.DATA360:DS_DATA360(1.3),I,A,ERI,WB_WDI_SL_TLF_ACTI_1524_ZS,_T,Y15T24,_T,PT,_Z,_Z,_Z,_Z,RATIO,2,WB_WDI,P1Y,0,A,PU,Annual,Eritrea,"Labor force participation rate for ages 15-24, total (%) (modeled ILO estimate)",Total,15 to 24 years old,Total,Percentage,Not Applicable,Not Applicable,Not Applicable,Not Applicable,Ratio,Two,World Development Indicators (WDI),Annual,Units,Normal value,Public,73.615,73.704,73.867,73.622,73.461,72.269,71.574,72.649,73.504,74.089,74.454,74.135,73.493,72.553,71.694,71.62,71.872,72.095,71.735,71.36,71.151,70.818,70.553,70.351,70.4,70.552,70.52,70.299,69.746,69.036,68.108,68.459,68.778,68.661,68.557,68.495
datastructure,WB.DATA360:DS_DATA360(1.3),I,A,YEM,WB_WDI_SL_TLF_ACTI_1524_ZS,_T,Y15T24,_T,PT,_Z,_Z,_Z,_Z,RATIO,2,WB_WDI,P1Y,0,A,PU,Annual,"Yemen, Rep.","Labor force participation rate for ages 15-24, total (%) (modeled ILO estimate)",Total,15 to 24 years old,Total,Percentage,Not Applicable,Not Applicable,Not Applicable,Not Applicable,Ratio,Two,World Development Indicators (WDI),Annual,Units,Normal value,Public,32.541,32.453,32.26,32.28,32.151,32.897,33.661,34.441,35.234,36.044,35.377,34.734,34.112,33.514,32.94,32.389,31.86,31.355,30.873,30.414,29.974,28.647,27.437,26.327,25.306,21.847,22.048,22.212,22.319,22.414,22.199,22.356,22.896,23.055,23.204,23.201
datastructure,WB.DATA360:DS_DATA360(1.3),I,A,GNB,WB_WDI_SL_TLF_ACTI_1524_ZS,_T,Y15T24,_T,PT,_Z,_Z,_Z,_Z,RATIO,2,WB_WDI,P1Y,0,A,PU,Annual,Guinea-Bissau,"Labor force participation rate for ages 15-24, total (%) (modeled ILO estimate)",Total,15 to 24 years old,Total,Percentage,Not Applicable,Not Applicable,Not Applicable,Not Applicable,Ratio,Two,World Development Indicators (WDI),Annual,Units,Normal value,Public,57.714,57.538,57.427,57.381,57.358,57.27,57.11,56.906,56.709,56.502,56.267,56.018,55.782,55.561,55.333,55.131,54.966,54.796,54.6,54.373,54.131,53.891,53.65,53.391,53.101,52.76,52.369,51.907,51.376,57.076,52.691,48.864,44.999,44.837,44.677,44.971
datastructure,WB.DATA360:DS_DATA360(1.3),I,A,LIC,WB_WDI_SL_TLF_ACTI_1524_ZS,_T,Y15T24,_T,PT,_Z,_Z,_Z,_Z,RATIO,2,WB_WDI,P1Y,0,A,PU,Annual,Low income,"Labor force participation rate for ages 15-24, total (%) (modeled ILO estimate)",Total,15 to 24 years old,Total,Percentage,Not Applicable,Not Applicable,Not Applicable,Not Applicable,Ratio,Two,World Development Indicators (WDI),Annual,Units,Normal value,Public,54.26509561611222,54.259725600733084,54.134056479034896,53.90347674562453,53.62440408255031,53.569240796740154,53.64538782412668,53.715241212586164,53.51141888677215,53.19907076531831,52.86478167129194,52.58094481523902,52.295542624721854,52.029378637584216,51.77447075098666,51.46211566258114,50.91471234338542,50.367439786360215,49.81623071858374,49.172904454205074,48.56281310049021,48.85911248029557,46.90528418457161,48.56728461836935,47.2507874246863,46.97732928890202,46.824269600767344,46.62349670244022,46.54270787532857,46.481780430864234,46.74157363931034,47.11485928638658,47.32563779750874,49.09425976107021,48.56669052939522,48.48567467569729
datastructure,WB.DATA360:DS_DATA360(1.3),I,A,IRQ,WB_WDI_SL_TLF_ACTI_1524_ZS,_T,Y15T24,_T,PT,_Z,_Z,_Z,_Z,RATIO,2,WB_WDI,P1Y,0,A,PU,Annual,Iraq,"Labor force participation rate for ages 15-24, total (%) (modeled ILO estimate)",Total,15 to 24 years old,Total,Percentage,Not Applicable,Not Applicable,Not Applicable,Not Applicable,Ratio,Two,World Development Indicators (WDI),Annual,Units,Normal value,Public,36.825,36.744,36.565,36.478,36.396,36.288,36.192,36.041,35.571,35.103,34.638,34.174,33.713,33.254,32.797,32.343,31.892,31.443,31.137,30.832,30.529,30.229,29.93,30.472,31.021,30.056,29.108,27.379,26.848,26.264,27.019,26.622,26.989,27.361,27.137,27.047
datastructure,WB.DATA360:DS_DATA360(1.3),I,A,GIN,WB_WDI_SL_TLF_ACTI_1524_ZS,_T,Y15T24,_T,PT,_Z,_Z,_Z,_Z,RATIO,2,WB_WDI,P1Y,0,A,PU,Annual,Guinea,"Labor force participation rate for ages 15-24, total (%) (modeled ILO estimate)",Total,15 to 24 years old,Total,Percentage,Not Applicable,Not Applicable,Not Applicable,Not Applicable,Ratio,Two,World Development Indicators (WDI),Annual,Units,Normal value,Public,43.288,43.439,43.631,43.825,44.036,44.217,44.369,44.945,45.54,45.795,46.164,46.86,47.25,45.909,44.575,43.248,41.932,40.627,39.336,38.06,36.802,35.561,34.341,33.142,31.965,30.811,29.682,28.579,27.501,26.449,26.201,26.495,26.279,26.217,26.149,25.942
datastructure,WB.DATA360:DS_DATA360(1.3),I,A,PER,WB_WDI_SL_TLF_ACTI_1524_ZS,_T,Y15T24,_T,PT,_Z,_Z,_Z,_Z,RATIO,2,WB_WDI,P1Y,0,A,PU,Annual,Peru,"Labor force participation rate for ages 15-24, total (%) (modeled ILO estimate)",Total,15 to 24 years old,Total,Percentage,Not Applicable,Not Applicable,Not Applicable,Not Applicable,Ratio,Two,World Development Indicators (WDI),Annual,Units,Normal value,Public,44.873,44.871,44.933,46.384,47.835,51.566,58.53,65.211,63.555,62.311,62.464,58.986,59.991,60.99,61.982,62.966,66.024,67.814,68.485,68.641,69.115,67.718,67.248,65.79,64.136,60.659,60.544,62.191,62.054,62.216,55.937,57.792,59.253,56.197,55.34,55.234
datastructure,WB.DATA360:DS_DATA360(1.3),I,A,MLI,WB_WDI_SL_TLF_ACTI_1524_ZS,_T,Y15T24,_T,PT,_Z,_Z,_Z,_Z,RATIO,2,WB_WDI,P1Y,0,A,PU,Annual,Mali,"Labor force participation rate for ages 15-24, total (%) (modeled ILO estimate)",Total,15 to 24 years old,Total,Percentage,Not Applicable,Not Applicable,Not Applicable,Not Applicable,Ratio,Two,World Development Indicators (WDI),Annual,Units,Normal value,Public,57.914,58.115,58.281,58.369,58.381,58.32,58.222,58.1,57.921,57.723,57.552,57.384,57.251,57.183,57.193,57.299,57.458,57.631,57.84,58.088,58.381,58.699,59.158,59.531,59.652,59.97,59.405,58.837,56.221,53.526,50.624,53.123,53.172,53.057,52.931,52.717
datastructure,WB.DATA360:DS_DATA360(1.3),I,A,BWA,WB_WDI_SL_TLF_ACTI_1524_ZS,_T,Y15T24,_T,PT,_Z,_Z,_Z,_Z,RATIO,2,WB_WDI,P1Y,0,A,PU,Annual,Botswana,"Labor force participation rate for ages 15-24, total (%) (modeled ILO estimate)",Total,15 to 24 years old,Total,Percentage,Not Applicable,Not Applicable,Not Applicable,Not Applicable,Ratio,Two,World Development Indicators (WDI),Annual,Units,Normal value,Public,48.892,48.302,47.615,46.8,45.836,44.756,43.611,42.437,41.297,40.144,39.002,39.485,39.973,40.465,40.959,41.457,41.958,41.103,40.25,39.401,38.505,38.183,37.864,37.548,37.23,36.912,36.593,36.273,35.953,35.634,34.957,37.964,38.781,42.094,42.149,41.908
datastructure,WB.DATA360:DS_DATA360(1.3),I,A,AZE,WB_WDI_SL_TLF_ACTI_1524_ZS,_T,Y15T24,_T,PT,_Z,_Z,_Z,_Z,RATIO,2,WB_WDI,P1Y,0,A,PU,Annual,Azerbaijan,"Labor force participation rate for ages 15-24, total (%) (modeled ILO estimate)",Total,15 to 24 years old,Total,Percentage,Not Applicable,Not Applicable,Not Applicable,Not Applicable,Ratio,Two,World Development Indicators (WDI),Annual,Units,Normal value,Public,46.103,46.506,51.88,58.02,63.467,66.7,66.592,65.442,63.356,61.858,59.578,55.945,53.126,51.226,47.135,47.692,44.009,39.46,36.008,35.438,33.583,33.294,33.336,34.235,35.907,37.504,40.068,41.907,43.545,43.325,46.249,41.269,43.323,43.223,43.175,43.395
datastructure,WB.DATA360:DS_DATA360(1.3),I,A,PRK,WB_WDI_SL_TLF_ACTI_1524_ZS,_T,Y15T24,_T,PT,_Z,_Z,_Z,_Z,RATIO,2,WB_WDI,P1Y,0,A,PU,Annual,"Korea, Dem. People's Rep.","Labor force participation rate for ages 15-24, total (%) (modeled ILO estimate)",Total,15 to 24 years old,Total,Percentage,Not Applicable,Not Applicable,Not Applicable,Not Applicable,Ratio,Two,World Development Indicators (WDI),Annual,Units,Normal value,Public,75.95,76.346,76.912,77.291,77.513,77.858,78.121,78.564,78.67,78.386,78.409,78.237,78.203,78.137,78.06,77.879,77.974,78.075,77.924,78.008,78.065,78.048,78.003,77.973,77.945,78.047,77.852,78.095,78.374,78.383,76.899,77.269,78.51,78.464,78.466,78.492
datastructure,WB.DATA360:DS_DATA360(1.3),I,A,PNG,WB_WDI_SL_TLF_ACTI_1524_ZS,_T,Y15T24,_T,PT,_Z,_Z,_Z,_Z,RATIO,2,WB_WDI,P1Y,0,A,PU,Annual,Papua New Guinea,"Labor force participation rate for ages 15-24, total (%) (modeled ILO estimate)",Total,15 to 24 years old,Total,Percentage,Not Applicable,Not Applicable,Not Applicable,Not Applicable,Ratio,Two,World Development Indicators (WDI),Annual,Units,Normal value,Public,38.556,37.931,36.95,35.606,35.387,36.098,35.703,36.477,37.24,37.411,38.038,38.408,38.779,38.903,38.965,38.655,38.434,37.973,38.33,37.959,37.267,36.876,36.118,35.437,33.887,32.967,32.148,31.502,31.187,30.45,29.619,29.148,28.647,28.546,28.418,28.198
datastructure,WB.DATA360:DS_DATA360(1.3),I,A,WSM,WB_WDI_SL_TLF_ACTI_1524_ZS,_T,Y15T24,_T,PT,_Z,_Z,_Z,_Z,RATIO,2,WB_WDI,P1Y,0,A,PU,Annual,Samoa,"Labor force participation rate for ages 15-24, total (%) (modeled ILO estimate)",Total,15 to 24 years old,Total,Percentage,Not Applicable,Not Applicable,Not Applicable,Not Applicable,Ratio,Two,World Development Indicators (WDI),Annual,Units,Normal value,Public,49.96,50.236,50.286,49.88,50.184,49.51,48.806,48.812,48.667,48.519,48.059,47.382,46.856,46.34,46.043,45.38,45.183,45.163,44.83,44.934,44.361,44.038,44.518,44.575,44.58,44.27,43.549,43.47,40.613,37.309,34.023,31.187,29.152,28.956,28.63,28.195
datastructure,WB.DATA360:DS_DATA360(1.3),I,A,NGA,WB_WDI_SL_TLF_ACTI_1524_ZS,_T,Y15T24,_T,PT,_Z,_Z,_Z,_Z,RATIO,2,WB_WDI,P1Y,0,A,PU,Annual,Nigeria,"Labor force participation rate for ages 15-24, total (%) (modeled ILO estimate)",Total,15 to 24 years old,Total,Percentage,Not Applicable,Not Applicable,Not Applicable,Not Applicable,Ratio,Two,World Development Indicators (WDI),Annual,Units,Normal value,Public,80.106,82.406,84.984,86.047,86.841,86.756,85.733,84.434,83.45,82.4,80.69,79.618,78.444,77.175,75.851,74.431,72.399,70.725,69.633,70.579,69.387,69.536,69.048,68.211,68.091,67.714,66.923,65.611,64.758,63.716,61.712,62.104,64.169,64.874,64.846,64.784
datastructure,WB.DATA360:DS_DATA360(1.3),I,A,NER,WB_WDI_SL_TLF_ACTI_1524_ZS,_T,Y15T24,_T,PT,_Z,_Z,_Z,_Z,RATIO,2,WB_WDI,P1Y,0,A,PU,Annual,Niger,"Labor force participation rate for ages 15-24, total (%) (modeled ILO estimate)",Total,15 to 24 years old,Total,Percentage,Not Applicable,Not Applicable,Not Applicable,Not Applicable,Ratio,Two,World Development Indicators (WDI),Annual,Units,Normal value,Public,66.636,66.548,66.48,66.423,66.38,66.358,66.418,66.596,66.837,67.127,67.457,67.81,68.188,68.581,68.984,69.379,69.75,70.094,70.398,70.653,70.847,70.963,68.141,65.182,62.105,61.797,61.488,61.178,60.867,60.555,63.727,67.932,71.493,71.336,71.196,70.765
datastructure,WB.DATA360:DS_DATA360(1.3),I,A,BFA,WB_WDI_SL_TLF_ACTI_1524_ZS,_T,Y15T24,_T,PT,_Z,_Z,_Z,_Z,RATIO,2,WB_WDI,P1Y,0,A,PU,Annual,Burkina Faso,"Labor force participation rate for ages 15-24, total (%) (modeled ILO estimate)",Total,15 to 24 years old,Total,Percentage,Not Applicable,Not Applicable,Not Applicable,Not Applicable,Ratio,Two,World Development Indicators (WDI),Annual,Units,Normal value,Public,78.745,78.973,78.535,78.09,77.639,77.182,76.719,76.249,75.774,75.293,74.805,74.312,73.813,73.308,72.796,72.278,71.755,71.224,70.688,70.146,69.598,69.044,68.485,67.92,67.351,66.775,66.195,65.611,65.021,64.427,62.136,60.725,58.784,55.371,51.971,51.766
datastructure,WB.DATA360:DS_DATA360(1.3),I,A,MLT,WB_WDI_SL_TLF_ACTI_1524_ZS,_T,Y15T24,_T,PT,_Z,_Z,_Z,_Z,RATIO,2,WB_WDI,P1Y,0,A,PU,Annual,Malta,"Labor force participation rate for ages 15-24, total (%) (modeled ILO estimate)",Total,15 to 24 years old,Total,Percentage,Not Applicable,Not Applicable,Not Applicable,Not Applicable,Ratio,Two,World Development Indicators (WDI),Annual,Units,Normal value,Public,65.977,65.556,64.99,63.942,63.358,63.164,62.856,61.367,61.382,60.771,59.411,64.344,60.392,60.05,55.424,53.62,53.053,54.097,52.713,51.559,50.94,51.924,51.725,53.516,52.899,51.64,51.76,52.912,54.486,54.364,52.863,52.235,55.976,55.489,55.94,55.968
