STRUCTURE,STRUCTURE_ID,ACTION,FREQ,REF_AREA,INDICATOR,SEX,AGE,URBANISATION,UNIT_MEASURE,COMP_BREAKDOWN_1,COMP_BREAKDOWN_2,COMP_BREAKDOWN_3,AGG_METHOD,UNIT_TYPE,DECIMALS,DATABASE_ID,TIME_FORMAT,UNIT_MULT,OBS_STATUS,OBS_CONF,FREQ_LABEL,REF_AREA_LABEL,INDICATOR_LABEL,SEX_LABEL,AGE_LABEL,URBANISATION_LABEL,UNIT_MEASURE_LABEL,COMP_BREAKDOWN_1_LABEL,COMP_BREAKDOWN_2_LABEL,COMP_BREAKDOWN_3_LABEL,AGG_METHOD_LABEL,UNIT_TYPE_LABEL,DECIMALS_LABEL,DATABASE_ID_LABEL,TIME_FORMAT_LABEL,UNIT_MULT_LABEL,OBS_STATUS_LABEL,OBS_CONF_LABEL,2005,2006,2007,2008,2009,2010,2011,2012,2013,2014,2015,2016,2017,2018,2019,2020,2021,2022,2023,2024,2025
datastructure,WB.DATA360:DS_DATA360(1.3),I,A,KAZ,WB_WDI_SL_UEM_NEET_ME_ZS,_T,_T,_T,PT,_Z,_Z,_Z,_Z,RATIO,2,WB_WDI,P1Y,0,A,PU,Annual,Kazakhstan,"Share of youth not in education, employment or training, total (% of youth population) (modeled ILO estimate)",Total,All age ranges or no breakdown by age,Total,Percentage,Not Applicable,Not Applicable,Not Applicable,Not Applicable,Ratio,Two,World Development Indicators (WDI),Annual,Units,Normal value,Public,12.813,12.502,10.732,9.71,9.546,8.198,7.8,8.026,8.021,8.763,8.464,9.491,8.86,8.363,7.495,7.081,7.405,7.389,7.778,7.777,7.776
datastructure,WB.DATA360:DS_DATA360(1.3),I,A,COG,WB_WDI_SL_UEM_NEET_ME_ZS,_T,_T,_T,PT,_Z,_Z,_Z,_Z,RATIO,2,WB_WDI,P1Y,0,A,PU,Annual,"Congo, Rep.","Share of youth not in education, employment or training, total (% of youth population) (modeled ILO estimate)",Total,All age ranges or no breakdown by age,Total,Percentage,Not Applicable,Not Applicable,Not Applicable,Not Applicable,Ratio,Two,World Development Indicators (WDI),Annual,Units,Normal value,Public,29.871,29.752,29.996,29.946,29.814,29.356,29.19,28.897,28.991,28.595,28.518,28.654,28.896,29.032,28.938,30.335,29.941,29.137,29.181,29.289,29.396
datastructure,WB.DATA360:DS_DATA360(1.3),I,A,TUR,WB_WDI_SL_UEM_NEET_ME_ZS,_T,_T,_T,PT,_Z,_Z,_Z,_Z,RATIO,2,WB_WDI,P1Y,0,A,PU,Annual,Türkiye,"Share of youth not in education, employment or training, total (% of youth population) (modeled ILO estimate)",Total,All age ranges or no breakdown by age,Total,Percentage,Not Applicable,Not Applicable,Not Applicable,Not Applicable,Ratio,Two,World Development Indicators (WDI),Annual,Units,Normal value,Public,42.557,41.224,41.84,39.771,36.963,34.698,31.929,31.168,28.123,24.855,24.032,23.964,24.188,24.461,26.052,28.335,24.753,24.158,22.494,22.946,23.081
datastructure,WB.DATA360:DS_DATA360(1.3),I,A,BGR,WB_WDI_SL_UEM_NEET_ME_ZS,_T,_T,_T,PT,_Z,_Z,_Z,_Z,RATIO,2,WB_WDI,P1Y,0,A,PU,Annual,Bulgaria,"Share of youth not in education, employment or training, total (% of youth population) (modeled ILO estimate)",Total,All age ranges or no breakdown by age,Total,Percentage,Not Applicable,Not Applicable,Not Applicable,Not Applicable,Ratio,Two,World Development Indicators (WDI),Annual,Units,Normal value,Public,25.05,22.244,19.146,16.792,19.808,21.145,22.4,21.592,20.954,20.194,18.474,18.198,15.848,13.844,13.546,14.706,13.568,12.55,11.152,10.495,10.619
datastructure,WB.DATA360:DS_DATA360(1.3),I,A,CMR,WB_WDI_SL_UEM_NEET_ME_ZS,_T,_T,_T,PT,_Z,_Z,_Z,_Z,RATIO,2,WB_WDI,P1Y,0,A,PU,Annual,Cameroon,"Share of youth not in education, employment or training, total (% of youth population) (modeled ILO estimate)",Total,All age ranges or no breakdown by age,Total,Percentage,Not Applicable,Not Applicable,Not Applicable,Not Applicable,Ratio,Two,World Development Indicators (WDI),Annual,Units,Normal value,Public,12.78,12.321,11.741,12.793,13.838,14.829,15.415,15.933,16.397,17.015,17.692,18.982,19.795,20.498,21.373,22.557,23.223,23.131,23.166,23.196,23.227
datastructure,WB.DATA360:DS_DATA360(1.3),I,A,HKG,WB_WDI_SL_UEM_NEET_ME_ZS,_T,_T,_T,PT,_Z,_Z,_Z,_Z,RATIO,2,WB_WDI,P1Y,0,A,PU,Annual,"Hong Kong SAR, China","Share of youth not in education, employment or training, total (% of youth population) (modeled ILO estimate)",Total,All age ranges or no breakdown by age,Total,Percentage,Not Applicable,Not Applicable,Not Applicable,Not Applicable,Ratio,Two,World Development Indicators (WDI),Annual,Units,Normal value,Public,8.97,8.938,7.641,6.286,7.41,6.954,6.156,6.144,6.675,6.622,6.603,6.099,6.384,6.488,6.725,8.992,7.242,6.701,5.942,5.668,5.704
datastructure,WB.DATA360:DS_DATA360(1.3),I,A,GUM,WB_WDI_SL_UEM_NEET_ME_ZS,_T,_T,_T,PT,_Z,_Z,_Z,_Z,RATIO,2,WB_WDI,P1Y,0,A,PU,Annual,Guam,"Share of youth not in education, employment or training, total (% of youth population) (modeled ILO estimate)",Total,All age ranges or no breakdown by age,Total,Percentage,Not Applicable,Not Applicable,Not Applicable,Not Applicable,Ratio,Two,World Development Indicators (WDI),Annual,Units,Normal value,Public,14.849,15.376,17.571,18.041,18.511,17.539,21.663,20.47,19.882,16.499,15.76,14.399,14.128,13.565,13.27,15.24,13.969,12.242,11.881,11.851,12.126
datastructure,WB.DATA360:DS_DATA360(1.3),I,A,LAO,WB_WDI_SL_UEM_NEET_ME_ZS,_T,_T,_T,PT,_Z,_Z,_Z,_Z,RATIO,2,WB_WDI,P1Y,0,A,PU,Annual,Lao PDR,"Share of youth not in education, employment or training, total (% of youth population) (modeled ILO estimate)",Total,All age ranges or no breakdown by age,Total,Percentage,Not Applicable,Not Applicable,Not Applicable,Not Applicable,Ratio,Two,World Development Indicators (WDI),Annual,Units,Normal value,Public,24.739,24.834,24.728,24.638,24.337,24.277,24.439,24.612,24.535,24.655,24.825,25.289,25.8,25.264,24.665,24.341,23.476,22.509,22.428,22.516,22.605
datastructure,WB.DATA360:DS_DATA360(1.3),I,A,ZMB,WB_WDI_SL_UEM_NEET_ME_ZS,_T,_T,_T,PT,_Z,_Z,_Z,_Z,RATIO,2,WB_WDI,P1Y,0,A,PU,Annual,Zambia,"Share of youth not in education, employment or training, total (% of youth population) (modeled ILO estimate)",Total,All age ranges or no breakdown by age,Total,Percentage,Not Applicable,Not Applicable,Not Applicable,Not Applicable,Ratio,Two,World Development Indicators (WDI),Annual,Units,Normal value,Public,39.321,37.929,36.465,34.984,36.428,37.854,36.204,34.482,34.079,33.66,33.349,32.985,32.63,32.826,32.543,31.055,31.361,29.368,28.926,29.021,29.098
datastructure,WB.DATA360:DS_DATA360(1.3),I,A,AZE,WB_WDI_SL_UEM_NEET_ME_ZS,_T,_T,_T,PT,_Z,_Z,_Z,_Z,RATIO,2,WB_WDI,P1Y,0,A,PU,Annual,Azerbaijan,"Share of youth not in education, employment or training, total (% of youth population) (modeled ILO estimate)",Total,All age ranges or no breakdown by age,Total,Percentage,Not Applicable,Not Applicable,Not Applicable,Not Applicable,Ratio,Two,World Development Indicators (WDI),Annual,Units,Normal value,Public,8.104,8.417,8.798,9.445,9.4,9.64,9.377,8.803,7.95,6.985,6.026,5.055,4.389,3.88,3.488,3.582,3.753,3.237,3.228,3.24,3.252
datastructure,WB.DATA360:DS_DATA360(1.3),I,A,PRY,WB_WDI_SL_UEM_NEET_ME_ZS,_T,_T,_T,PT,_Z,_Z,_Z,_Z,RATIO,2,WB_WDI,P1Y,0,A,PU,Annual,Paraguay,"Share of youth not in education, employment or training, total (% of youth population) (modeled ILO estimate)",Total,All age ranges or no breakdown by age,Total,Percentage,Not Applicable,Not Applicable,Not Applicable,Not Applicable,Ratio,Two,World Development Indicators (WDI),Annual,Units,Normal value,Public,18.877,19.186,19.558,17.552,18.007,19.5,16.908,16.016,14.584,16.831,17.45,18.568,18.586,18.429,18.414,19.48,18.372,18.184,17.223,17.278,17.332
datastructure,WB.DATA360:DS_DATA360(1.3),I,A,IRN,WB_WDI_SL_UEM_NEET_ME_ZS,_T,_T,_T,PT,_Z,_Z,_Z,_Z,RATIO,2,WB_WDI,P1Y,0,A,PU,Annual,"Iran, Islamic Rep.","Share of youth not in education, employment or training, total (% of youth population) (modeled ILO estimate)",Total,All age ranges or no breakdown by age,Total,Percentage,Not Applicable,Not Applicable,Not Applicable,Not Applicable,Ratio,Two,World Development Indicators (WDI),Annual,Units,Normal value,Public,36.009,35.806,34.456,34.193,34.833,34.426,32.9,32.103,33.452,33.334,32.746,32.382,32.263,32.09,30.401,29.404,27.468,26.94,25.65,25.8,25.95
datastructure,WB.DATA360:DS_DATA360(1.3),I,A,PST,WB_WDI_SL_UEM_NEET_ME_ZS,_T,_T,_T,PT,_Z,_Z,_Z,_Z,RATIO,2,WB_WDI,P1Y,0,A,PU,Annual,Post-demographic dividend,"Share of youth not in education, employment or training, total (% of youth population) (modeled ILO estimate)",Total,All age ranges or no breakdown by age,Total,Percentage,Not Applicable,Not Applicable,Not Applicable,Not Applicable,Ratio,Two,World Development Indicators (WDI),Annual,Units,Normal value,Public,12.475792232703599,11.864722067975162,11.41989229103351,11.596037530164201,13.080914004765251,13.105555622798011,12.814885526189876,12.650099738522819,12.826594777209205,12.228518560564336,11.637076755539692,11.290399997396102,10.61476000686231,10.420137887294603,10.076806884893363,12.00540069518307,10.890400759389172,9.844248351935823,9.797174216847083,10.103776903453946,10.150265688781142
datastructure,WB.DATA360:DS_DATA360(1.3),I,A,IBD,WB_WDI_SL_UEM_NEET_ME_ZS,_T,_T,_T,PT,_Z,_Z,_Z,_Z,RATIO,2,WB_WDI,P1Y,0,A,PU,Annual,IBRD only,"Share of youth not in education, employment or training, total (% of youth population) (modeled ILO estimate)",Total,All age ranges or no breakdown by age,Total,Percentage,Not Applicable,Not Applicable,Not Applicable,Not Applicable,Ratio,Two,World Development Indicators (WDI),Annual,Units,Normal value,Public,24.08924853216905,23.892379306822008,23.5882641031769,23.30874490119973,23.293128597151316,22.923883587082166,22.260055163549307,21.716564192330072,21.768313620360814,21.6391325841583,21.803193769394284,21.99748412275512,22.09114010805375,22.087834114914852,22.06352050164172,23.36369888650457,21.58349621790364,20.3403231390757,19.216444040185777,19.41522449058981,19.56221957374746
datastructure,WB.DATA360:DS_DATA360(1.3),I,A,IDX,WB_WDI_SL_UEM_NEET_ME_ZS,_T,_T,_T,PT,_Z,_Z,_Z,_Z,RATIO,2,WB_WDI,P1Y,0,A,PU,Annual,IDA only,"Share of youth not in education, employment or training, total (% of youth population) (modeled ILO estimate)",Total,All age ranges or no breakdown by age,Total,Percentage,Not Applicable,Not Applicable,Not Applicable,Not Applicable,Ratio,Two,World Development Indicators (WDI),Annual,Units,Normal value,Public,23.8565227503099,24.030157329643057,24.005412787826206,23.936251743556,23.84221735678711,23.634649493937065,23.611261622451437,24.08649749962087,24.122699322212735,24.68392403057166,25.11837127504107,25.551634225132325,25.522632110363595,25.18562004109546,25.086250619287878,25.74436771315663,25.221052276630125,24.76860513842654,23.680196386407456,23.826943621309848,23.901438950403794
datastructure,WB.DATA360:DS_DATA360(1.3),I,A,DOM,WB_WDI_SL_UEM_NEET_ME_ZS,_T,_T,_T,PT,_Z,_Z,_Z,_Z,RATIO,2,WB_WDI,P1Y,0,A,PU,Annual,Dominican Republic,"Share of youth not in education, employment or training, total (% of youth population) (modeled ILO estimate)",Total,All age ranges or no breakdown by age,Total,Percentage,Not Applicable,Not Applicable,Not Applicable,Not Applicable,Ratio,Two,World Development Indicators (WDI),Annual,Units,Normal value,Public,26.571,25.811,26.015,25.417,26.589,25.881,26.268,26.158,26.835,25.411,25.232,25.374,24.336,24.5,24.727,37.702,27.333,26.61,25.678,25.688,25.773
datastructure,WB.DATA360:DS_DATA360(1.3),I,A,COD,WB_WDI_SL_UEM_NEET_ME_ZS,_T,_T,_T,PT,_Z,_Z,_Z,_Z,RATIO,2,WB_WDI,P1Y,0,A,PU,Annual,"Congo, Dem. Rep.","Share of youth not in education, employment or training, total (% of youth population) (modeled ILO estimate)",Total,All age ranges or no breakdown by age,Total,Percentage,Not Applicable,Not Applicable,Not Applicable,Not Applicable,Ratio,Two,World Development Indicators (WDI),Annual,Units,Normal value,Public,18.459,18.973,19.469,19.744,20.15,20.559,20.972,21.36,21.307,21.138,20.991,23.13,25.205,27.109,28.895,31.372,31.174,30.435,30.191,30.136,30.083
datastructure,WB.DATA360:DS_DATA360(1.3),I,A,CPV,WB_WDI_SL_UEM_NEET_ME_ZS,_T,_T,_T,PT,_Z,_Z,_Z,_Z,RATIO,2,WB_WDI,P1Y,0,A,PU,Annual,Cabo Verde,"Share of youth not in education, employment or training, total (% of youth population) (modeled ILO estimate)",Total,All age ranges or no breakdown by age,Total,Percentage,Not Applicable,Not Applicable,Not Applicable,Not Applicable,Ratio,Two,World Development Indicators (WDI),Annual,Units,Normal value,Public,34.664,34.73,34.862,34.895,35.002,33.245,32.966,32.872,32.457,32.238,32.156,31.759,31.4,30.25,27.99,29.312,28.657,27.941,27.882,28.022,28.161
datastructure,WB.DATA360:DS_DATA360(1.3),I,A,PRI,WB_WDI_SL_UEM_NEET_ME_ZS,_T,_T,_T,PT,_Z,_Z,_Z,_Z,RATIO,2,WB_WDI,P1Y,0,A,PU,Annual,Puerto Rico,"Share of youth not in education, employment or training, total (% of youth population) (modeled ILO estimate)",Total,All age ranges or no breakdown by age,Total,Percentage,Not Applicable,Not Applicable,Not Applicable,Not Applicable,Ratio,Two,World Development Indicators (WDI),Annual,Units,Normal value,Public,22.747,22.925,23.315,23.261,24.716,24.822,24.59,24.052,23.668,23.155,21.682,21.378,20.112,18.745,18.844,19.487,19.717,19.763,20.333,20.423,20.513
datastructure,WB.DATA360:DS_DATA360(1.3),I,A,MKD,WB_WDI_SL_UEM_NEET_ME_ZS,_T,_T,_T,PT,_Z,_Z,_Z,_Z,RATIO,2,WB_WDI,P1Y,0,A,PU,Annual,North Macedonia,"Share of youth not in education, employment or training, total (% of youth population) (modeled ILO estimate)",Total,All age ranges or no breakdown by age,Total,Percentage,Not Applicable,Not Applicable,Not Applicable,Not Applicable,Ratio,Two,World Development Indicators (WDI),Annual,Units,Normal value,Public,35.033,34.944,33.649,31.24,27.941,26.423,25.322,25.05,24.315,25.495,24.907,24.807,25.344,24.496,18.669,19.844,18.311,18.427,19.131,18.47,18.537
datastructure,WB.DATA360:DS_DATA360(1.3),I,A,BDI,WB_WDI_SL_UEM_NEET_ME_ZS,_T,_T,_T,PT,_Z,_Z,_Z,_Z,RATIO,2,WB_WDI,P1Y,0,A,PU,Annual,Burundi,"Share of youth not in education, employment or training, total (% of youth population) (modeled ILO estimate)",Total,All age ranges or no breakdown by age,Total,Percentage,Not Applicable,Not Applicable,Not Applicable,Not Applicable,Ratio,Two,World Development Indicators (WDI),Annual,Units,Normal value,Public,11.484,11.296,10.172,9.125,8.452,7.736,7.072,6.393,5.684,5.066,5.361,5.758,6.19,8.038,10.19,11.167,12.292,12.523,12.866,12.817,12.769
datastructure,WB.DATA360:DS_DATA360(1.3),I,A,GHA,WB_WDI_SL_UEM_NEET_ME_ZS,_T,_T,_T,PT,_Z,_Z,_Z,_Z,RATIO,2,WB_WDI,P1Y,0,A,PU,Annual,Ghana,"Share of youth not in education, employment or training, total (% of youth population) (modeled ILO estimate)",Total,All age ranges or no breakdown by age,Total,Percentage,Not Applicable,Not Applicable,Not Applicable,Not Applicable,Ratio,Two,World Development Indicators (WDI),Annual,Units,Normal value,Public,27.28,26.916,25.29,23.462,21.978,20.248,21.436,22.649,23.73,27.242,31.211,27.255,22.994,23.027,22.839,22.963,22.745,27.604,27.398,27.448,27.5
datastructure,WB.DATA360:DS_DATA360(1.3),I,A,CIV,WB_WDI_SL_UEM_NEET_ME_ZS,_T,_T,_T,PT,_Z,_Z,_Z,_Z,RATIO,2,WB_WDI,P1Y,0,A,PU,Annual,Côte d’Ivoire,"Share of youth not in education, employment or training, total (% of youth population) (modeled ILO estimate)",Total,All age ranges or no breakdown by age,Total,Percentage,Not Applicable,Not Applicable,Not Applicable,Not Applicable,Ratio,Two,World Development Indicators (WDI),Annual,Units,Normal value,Public,22.139,22.155,22.276,22.429,22.609,22.663,23.154,22.756,22.898,23.856,24.805,25.759,25.4,23.655,21.917,21.265,20.125,18.834,18.829,18.98,19.131
datastructure,WB.DATA360:DS_DATA360(1.3),I,A,MDV,WB_WDI_SL_UEM_NEET_ME_ZS,_T,_T,_T,PT,_Z,_Z,_Z,_Z,RATIO,2,WB_WDI,P1Y,0,A,PU,Annual,Maldives,"Share of youth not in education, employment or training, total (% of youth population) (modeled ILO estimate)",Total,All age ranges or no breakdown by age,Total,Percentage,Not Applicable,Not Applicable,Not Applicable,Not Applicable,Ratio,Two,World Development Indicators (WDI),Annual,Units,Normal value,Public,29.923,30.571,31.362,31.856,32.539,30.517,28.377,26.188,23.981,21.844,23.238,24.338,24.562,25.505,26.27,28.402,27.152,24.939,24.341,24.327,24.316
datastructure,WB.DATA360:DS_DATA360(1.3),I,A,SUR,WB_WDI_SL_UEM_NEET_ME_ZS,_T,_T,_T,PT,_Z,_Z,_Z,_Z,RATIO,2,WB_WDI,P1Y,0,A,PU,Annual,Suriname,"Share of youth not in education, employment or training, total (% of youth population) (modeled ILO estimate)",Total,All age ranges or no breakdown by age,Total,Percentage,Not Applicable,Not Applicable,Not Applicable,Not Applicable,Ratio,Two,World Development Indicators (WDI),Annual,Units,Normal value,Public,18.8,18.49,18.168,17.822,17.497,15.938,17.015,16.986,16.84,15.905,15.252,18.193,18.251,18.26,18.247,19.653,19.275,19.041,18.812,18.881,18.95
datastructure,WB.DATA360:DS_DATA360(1.3),I,A,TEA,WB_WDI_SL_UEM_NEET_ME_ZS,_T,_T,_T,PT,_Z,_Z,_Z,_Z,RATIO,2,WB_WDI,P1Y,0,A,PU,Annual,East Asia & Pacific (IDA & IBRD),"Share of youth not in education, employment or training, total (% of youth population) (modeled ILO estimate)",Total,All age ranges or no breakdown by age,Total,Percentage,Not Applicable,Not Applicable,Not Applicable,Not Applicable,Ratio,Two,World Development Indicators (WDI),Annual,Units,Normal value,Public,18.8153162446769,18.74956705942499,18.510097406265956,18.236390016768375,18.101419320794523,17.476658790188246,17.031654801842695,16.39287074573379,16.017722328693598,15.39268888588497,15.174985378109362,14.857694774381224,14.409836264096917,13.575240682318277,13.595680873021315,14.963529601105906,14.06947156393327,13.35150666124978,13.189119709875401,13.186429634421783,13.447441281860593
datastructure,WB.DATA360:DS_DATA360(1.3),I,A,CHE,WB_WDI_SL_UEM_NEET_ME_ZS,_T,_T,_T,PT,_Z,_Z,_Z,_Z,RATIO,2,WB_WDI,P1Y,0,A,PU,Annual,Switzerland,"Share of youth not in education, employment or training, total (% of youth population) (modeled ILO estimate)",Total,All age ranges or no breakdown by age,Total,Percentage,Not Applicable,Not Applicable,Not Applicable,Not Applicable,Ratio,Two,World Development Indicators (WDI),Annual,Units,Normal value,Public,8.667,8.566,7.856,8.027,8.435,8.452,7.906,8.799,9.585,9.108,9.351,8.672,8.133,7.925,7.707,8.621,8.029,7.234,7.748,7.771,7.794
datastructure,WB.DATA360:DS_DATA360(1.3),I,A,FCS,WB_WDI_SL_UEM_NEET_ME_ZS,_T,_T,_T,PT,_Z,_Z,_Z,_Z,RATIO,2,WB_WDI,P1Y,0,A,PU,Annual,Fragile and conflict affected situations,"Share of youth not in education, employment or training, total (% of youth population) (modeled ILO estimate)",Total,All age ranges or no breakdown by age,Total,Percentage,Not Applicable,Not Applicable,Not Applicable,Not Applicable,Ratio,Two,World Development Indicators (WDI),Annual,Units,Normal value,Public,22.068995489133464,22.091709038306156,22.116181899047568,22.145705354300453,21.85929529637115,21.767864427468,21.659162607774597,21.915785828151243,22.035954141424764,22.33000864079565,22.666378997972714,23.41836263822351,23.898144584068298,24.213043661562565,24.79941554681219,26.277107944049558,26.000013642786964,25.661218532953097,24.45324376825421,24.373842192777786,24.386345502896067
datastructure,WB.DATA360:DS_DATA360(1.3),I,A,BTN,WB_WDI_SL_UEM_NEET_ME_ZS,_T,_T,_T,PT,_Z,_Z,_Z,_Z,RATIO,2,WB_WDI,P1Y,0,A,PU,Annual,Bhutan,"Share of youth not in education, employment or training, total (% of youth population) (modeled ILO estimate)",Total,All age ranges or no breakdown by age,Total,Percentage,Not Applicable,Not Applicable,Not Applicable,Not Applicable,Ratio,Two,World Development Indicators (WDI),Annual,Units,Normal value,Public,13.06,13.014,13.437,13.427,13.495,13.846,14.069,14.647,15.316,15.38,14.618,14.72,14.899,15.188,10.405,11.968,9.563,17.069,19.723,20.241,20.146
datastructure,WB.DATA360:DS_DATA360(1.3),I,A,LMC,WB_WDI_SL_UEM_NEET_ME_ZS,_T,_T,_T,PT,_Z,_Z,_Z,_Z,RATIO,2,WB_WDI,P1Y,0,A,PU,Annual,Lower middle income,"Share of youth not in education, employment or training, total (% of youth population) (modeled ILO estimate)",Total,All age ranges or no breakdown by age,Total,Percentage,Not Applicable,Not Applicable,Not Applicable,Not Applicable,Ratio,Two,World Development Indicators (WDI),Annual,Units,Normal value,Public,27.035086920950608,27.091621008587556,26.848698987615336,26.58668796913011,26.367020522594505,26.204952218571712,25.61753978504273,25.330382249331066,25.456263643244583,25.579614050437236,25.821937942686603,25.963398178666264,26.163966159802516,26.192390956227054,25.9749601146921,26.960830889332254,25.158245019142566,23.442405792228104,22.097804445736482,22.509367565863275,22.591155545879857
datastructure,WB.DATA360:DS_DATA360(1.3),I,A,DEU,WB_WDI_SL_UEM_NEET_ME_ZS,_T,_T,_T,PT,_Z,_Z,_Z,_Z,RATIO,2,WB_WDI,P1Y,0,A,PU,Annual,Germany,"Share of youth not in education, employment or training, total (% of youth population) (modeled ILO estimate)",Total,All age ranges or no breakdown by age,Total,Percentage,Not Applicable,Not Applicable,Not Applicable,Not Applicable,Ratio,Two,World Development Indicators (WDI),Annual,Units,Normal value,Public,11.353,9.855,9.465,8.308,8.307,8.451,8.156,7.231,6.41,6.365,6.239,6.701,6.266,6.011,5.607,7.295,7.868,7.223,7.683,7.451,7.457
datastructure,WB.DATA360:DS_DATA360(1.3),I,A,HRV,WB_WDI_SL_UEM_NEET_ME_ZS,_T,_T,_T,PT,_Z,_Z,_Z,_Z,RATIO,2,WB_WDI,P1Y,0,A,PU,Annual,Croatia,"Share of youth not in education, employment or training, total (% of youth population) (modeled ILO estimate)",Total,All age ranges or no breakdown by age,Total,Percentage,Not Applicable,Not Applicable,Not Applicable,Not Applicable,Ratio,Two,World Development Indicators (WDI),Annual,Units,Normal value,Public,16.719,14.182,12.866,11.622,13.502,15.666,16.218,16.649,19.561,18.871,17.952,16.664,15.26,13.33,11.966,12.055,12.53,11.425,9.874,8.027,8.092
datastructure,WB.DATA360:DS_DATA360(1.3),I,A,CHL,WB_WDI_SL_UEM_NEET_ME_ZS,_T,_T,_T,PT,_Z,_Z,_Z,_Z,RATIO,2,WB_WDI,P1Y,0,A,PU,Annual,Chile,"Share of youth not in education, employment or training, total (% of youth population) (modeled ILO estimate)",Total,All age ranges or no breakdown by age,Total,Percentage,Not Applicable,Not Applicable,Not Applicable,Not Applicable,Ratio,Two,World Development Indicators (WDI),Annual,Units,Normal value,Public,20.165,19.888,20.349,21.499,23.202,19.536,19.176,18.046,18.413,18.96,19.198,17.502,18.277,17.747,17.53,19.222,15.335,14.42,15.321,13.759,13.843
datastructure,WB.DATA360:DS_DATA360(1.3),I,A,POL,WB_WDI_SL_UEM_NEET_ME_ZS,_T,_T,_T,PT,_Z,_Z,_Z,_Z,RATIO,2,WB_WDI,P1Y,0,A,PU,Annual,Poland,"Share of youth not in education, employment or training, total (% of youth population) (modeled ILO estimate)",Total,All age ranges or no breakdown by age,Total,Percentage,Not Applicable,Not Applicable,Not Applicable,Not Applicable,Ratio,Two,World Development Indicators (WDI),Annual,Units,Normal value,Public,14.534,14.288,12.043,11.14,12.094,12.591,13.267,13.531,14.085,13.716,11.841,11.544,10.585,9.974,9.573,10.136,12.445,10.5,10.236,10.543,10.526
datastructure,WB.DATA360:DS_DATA360(1.3),I,A,IBT,WB_WDI_SL_UEM_NEET_ME_ZS,_T,_T,_T,PT,_Z,_Z,_Z,_Z,RATIO,2,WB_WDI,P1Y,0,A,PU,Annual,IDA & IBRD total,"Share of youth not in education, employment or training, total (% of youth population) (modeled ILO estimate)",Total,All age ranges or no breakdown by age,Total,Percentage,Not Applicable,Not Applicable,Not Applicable,Not Applicable,Ratio,Two,World Development Indicators (WDI),Annual,Units,Normal value,Public,24.098309842443598,23.99585095848242,23.725069599816432,23.45901420205438,23.356153080636144,23.03818719983416,22.57160715538605,22.27435360731172,22.260522419404055,22.27370368983194,22.469731667194488,22.706183032421073,22.8344295967405,22.81915668811745,22.768636560272288,24.047796670788895,22.68580781070789,21.69436322589377,20.65983100151767,20.83394915671245,20.967000993286327
datastructure,WB.DATA360:DS_DATA360(1.3),I,A,BRA,WB_WDI_SL_UEM_NEET_ME_ZS,_T,_T,_T,PT,_Z,_Z,_Z,_Z,RATIO,2,WB_WDI,P1Y,0,A,PU,Annual,Brazil,"Share of youth not in education, employment or training, total (% of youth population) (modeled ILO estimate)",Total,All age ranges or no breakdown by age,Total,Percentage,Not Applicable,Not Applicable,Not Applicable,Not Applicable,Ratio,Two,World Development Indicators (WDI),Annual,Units,Normal value,Public,19.074,19.244,19.179,18.323,18.794,19.034,19.397,20.536,20.902,20.686,22.103,23.803,24.866,24.605,23.986,25.991,23.377,20.975,20.621,19.312,19.361
datastructure,WB.DATA360:DS_DATA360(1.3),I,A,AFG,WB_WDI_SL_UEM_NEET_ME_ZS,_T,_T,_T,PT,_Z,_Z,_Z,_Z,RATIO,2,WB_WDI,P1Y,0,A,PU,Annual,Afghanistan,"Share of youth not in education, employment or training, total (% of youth population) (modeled ILO estimate)",Total,All age ranges or no breakdown by age,Total,Percentage,Not Applicable,Not Applicable,Not Applicable,Not Applicable,Ratio,Two,World Development Indicators (WDI),Annual,Units,Normal value,Public,42.31,42.276,42.179,42.18,42.071,41.979,41.974,41.736,41.549,41.36,41.887,42.379,42.84,42.722,42.56,53.764,51.802,56.063,55.995,55.84,55.713
datastructure,WB.DATA360:DS_DATA360(1.3),I,A,CHN,WB_WDI_SL_UEM_NEET_ME_ZS,_T,_T,_T,PT,_Z,_Z,_Z,_Z,RATIO,2,WB_WDI,P1Y,0,A,PU,Annual,China,"Share of youth not in education, employment or training, total (% of youth population) (modeled ILO estimate)",Total,All age ranges or no breakdown by age,Total,Percentage,Not Applicable,Not Applicable,Not Applicable,Not Applicable,Ratio,Two,World Development Indicators (WDI),Annual,Units,Normal value,Public,16.976,17.114,16.822,16.7,16.504,15.877,15.351,14.761,13.996,13.214,12.628,12.135,11.625,10.675,10.683,12.072,10.848,10.756,10.92,10.847,11.229
datastructure,WB.DATA360:DS_DATA360(1.3),I,A,GMB,WB_WDI_SL_UEM_NEET_ME_ZS,_T,_T,_T,PT,_Z,_Z,_Z,_Z,RATIO,2,WB_WDI,P1Y,0,A,PU,Annual,"Gambia, The","Share of youth not in education, employment or training, total (% of youth population) (modeled ILO estimate)",Total,All age ranges or no breakdown by age,Total,Percentage,Not Applicable,Not Applicable,Not Applicable,Not Applicable,Ratio,Two,World Development Indicators (WDI),Annual,Units,Normal value,Public,30.914,31.074,31.167,31.112,31.053,31.023,31.109,31.083,30.787,30.43,30.089,29.752,29.361,28.987,31.078,33.584,35.677,37.648,39.848,39.835,39.824
datastructure,WB.DATA360:DS_DATA360(1.3),I,A,ITA,WB_WDI_SL_UEM_NEET_ME_ZS,_T,_T,_T,PT,_Z,_Z,_Z,_Z,RATIO,2,WB_WDI,P1Y,0,A,PU,Annual,Italy,"Share of youth not in education, employment or training, total (% of youth population) (modeled ILO estimate)",Total,All age ranges or no breakdown by age,Total,Percentage,Not Applicable,Not Applicable,Not Applicable,Not Applicable,Ratio,Two,World Development Indicators (WDI),Annual,Units,Normal value,Public,17.284,16.804,16.162,16.591,17.566,18.997,19.675,20.971,22.166,22.183,21.457,19.974,20.2,19.239,18.128,19.132,19.768,15.858,12.672,11.959,12.075
datastructure,WB.DATA360:DS_DATA360(1.3),I,A,CHI,WB_WDI_SL_UEM_NEET_ME_ZS,_T,_T,_T,PT,_Z,_Z,_Z,_Z,RATIO,2,WB_WDI,P1Y,0,A,PU,Annual,Channel Islands,"Share of youth not in education, employment or training, total (% of youth population) (modeled ILO estimate)",Total,All age ranges or no breakdown by age,Total,Percentage,Not Applicable,Not Applicable,Not Applicable,Not Applicable,Ratio,Two,World Development Indicators (WDI),Annual,Units,Normal value,Public,9.534,9.096,8.684,8.898,11.098,11.701,11.955,12.749,13.464,12.453,11.529,10.961,10.138,9.288,9.139,10.369,9.703,8.161,8.186,8.087,8.098
datastructure,WB.DATA360:DS_DATA360(1.3),I,A,SLV,WB_WDI_SL_UEM_NEET_ME_ZS,_T,_T,_T,PT,_Z,_Z,_Z,_Z,RATIO,2,WB_WDI,P1Y,0,A,PU,Annual,El Salvador,"Share of youth not in education, employment or training, total (% of youth population) (modeled ILO estimate)",Total,All age ranges or no breakdown by age,Total,Percentage,Not Applicable,Not Applicable,Not Applicable,Not Applicable,Ratio,Two,World Development Indicators (WDI),Annual,Units,Normal value,Public,27.831,27.276,27.223,27.511,28.93,27.214,25.91,26.025,25.352,28.504,28.541,28.224,28.398,27.149,27.94,25.169,26.152,23.462,21.518,21.657,21.795
datastructure,WB.DATA360:DS_DATA360(1.3),I,A,ARG,WB_WDI_SL_UEM_NEET_ME_ZS,_T,_T,_T,PT,_Z,_Z,_Z,_Z,RATIO,2,WB_WDI,P1Y,0,A,PU,Annual,Argentina,"Share of youth not in education, employment or training, total (% of youth population) (modeled ILO estimate)",Total,All age ranges or no breakdown by age,Total,Percentage,Not Applicable,Not Applicable,Not Applicable,Not Applicable,Ratio,Two,World Development Indicators (WDI),Annual,Units,Normal value,Public,19.874,19.509,19.261,19.421,20.036,19.459,18.405,18.406,19.07,19.675,19.5,19.431,19.246,19.023,19.228,22.328,16.118,15.872,15.028,16.324,16.358
datastructure,WB.DATA360:DS_DATA360(1.3),I,A,NGA,WB_WDI_SL_UEM_NEET_ME_ZS,_T,_T,_T,PT,_Z,_Z,_Z,_Z,RATIO,2,WB_WDI,P1Y,0,A,PU,Annual,Nigeria,"Share of youth not in education, employment or training, total (% of youth population) (modeled ILO estimate)",Total,All age ranges or no breakdown by age,Total,Percentage,Not Applicable,Not Applicable,Not Applicable,Not Applicable,Ratio,Two,World Development Indicators (WDI),Annual,Units,Normal value,Public,12.194,12.655,13.046,13.26,12.964,13.206,13.016,13.067,13.132,13.268,13.539,14.055,14.655,15.079,15.497,16.2,15.456,13.86,13.417,13.466,13.515
datastructure,WB.DATA360:DS_DATA360(1.3),I,A,SAU,WB_WDI_SL_UEM_NEET_ME_ZS,_T,_T,_T,PT,_Z,_Z,_Z,_Z,RATIO,2,WB_WDI,P1Y,0,A,PU,Annual,Saudi Arabia,"Share of youth not in education, employment or training, total (% of youth population) (modeled ILO estimate)",Total,All age ranges or no breakdown by age,Total,Percentage,Not Applicable,Not Applicable,Not Applicable,Not Applicable,Ratio,Two,World Development Indicators (WDI),Annual,Units,Normal value,Public,25.721,25.983,25.851,25.67,25.652,24.785,24.264,23.093,22.119,20.806,19.676,17.813,17.474,16.748,15.6,20.323,19.22,18.369,16.986,16.163,16.225
datastructure,WB.DATA360:DS_DATA360(1.3),I,A,LIC,WB_WDI_SL_UEM_NEET_ME_ZS,_T,_T,_T,PT,_Z,_Z,_Z,_Z,RATIO,2,WB_WDI,P1Y,0,A,PU,Annual,Low income,"Share of youth not in education, employment or training, total (% of youth population) (modeled ILO estimate)",Total,All age ranges or no breakdown by age,Total,Percentage,Not Applicable,Not Applicable,Not Applicable,Not Applicable,Ratio,Two,World Development Indicators (WDI),Annual,Units,Normal value,Public,25.318837222561125,25.389426102523,25.49626391654664,25.57558042736918,25.33753975382821,25.327234589323783,25.112776985582205,25.851673215914012,25.656168365601292,26.267996142783204,26.84865364799463,27.935318430067014,28.46312429980781,28.828142863196835,29.326993790441502,30.69414063856888,30.26185782069573,30.12387661393125,28.68438086512963,28.539856934380754,28.54660048357176
datastructure,WB.DATA360:DS_DATA360(1.3),I,A,JAM,WB_WDI_SL_UEM_NEET_ME_ZS,_T,_T,_T,PT,_Z,_Z,_Z,_Z,RATIO,2,WB_WDI,P1Y,0,A,PU,Annual,Jamaica,"Share of youth not in education, employment or training, total (% of youth population) (modeled ILO estimate)",Total,All age ranges or no breakdown by age,Total,Percentage,Not Applicable,Not Applicable,Not Applicable,Not Applicable,Ratio,Two,World Development Indicators (WDI),Annual,Units,Normal value,Public,28.385,28.363,28.082,27.836,30.704,31.609,31.524,32.302,33.782,32.959,31.498,29.764,27.877,26.058,22.908,29.665,26.052,21.79,19.696,19.851,20.005
datastructure,WB.DATA360:DS_DATA360(1.3),I,A,LUX,WB_WDI_SL_UEM_NEET_ME_ZS,_T,_T,_T,PT,_Z,_Z,_Z,_Z,RATIO,2,WB_WDI,P1Y,0,A,PU,Annual,Luxembourg,"Share of youth not in education, employment or training, total (% of youth population) (modeled ILO estimate)",Total,All age ranges or no breakdown by age,Total,Percentage,Not Applicable,Not Applicable,Not Applicable,Not Applicable,Ratio,Two,World Development Indicators (WDI),Annual,Units,Normal value,Public,5.498,6.694,5.659,6.206,6.124,5.215,4.999,5.736,5.364,6.344,5.808,6.218,6.195,5.599,4.775,6.712,9.827,9.969,8.184,9.459,9.434
datastructure,WB.DATA360:DS_DATA360(1.3),I,A,PNG,WB_WDI_SL_UEM_NEET_ME_ZS,_T,_T,_T,PT,_Z,_Z,_Z,_Z,RATIO,2,WB_WDI,P1Y,0,A,PU,Annual,Papua New Guinea,"Share of youth not in education, employment or training, total (% of youth population) (modeled ILO estimate)",Total,All age ranges or no breakdown by age,Total,Percentage,Not Applicable,Not Applicable,Not Applicable,Not Applicable,Ratio,Two,World Development Indicators (WDI),Annual,Units,Normal value,Public,35.338,35.377,35.392,35.497,35.52,35.503,35.166,34.505,33.843,33.038,32.315,31.609,30.945,30.309,29.612,29.238,28.573,27.69,27.689,27.689,27.707
datastructure,WB.DATA360:DS_DATA360(1.3),I,A,PAK,WB_WDI_SL_UEM_NEET_ME_ZS,_T,_T,_T,PT,_Z,_Z,_Z,_Z,RATIO,2,WB_WDI,P1Y,0,A,PU,Annual,Pakistan,"Share of youth not in education, employment or training, total (% of youth population) (modeled ILO estimate)",Total,All age ranges or no breakdown by age,Total,Percentage,Not Applicable,Not Applicable,Not Applicable,Not Applicable,Ratio,Two,World Development Indicators (WDI),Annual,Units,Normal value,Public,35.856,36.169,34.914,33.333,31.47,31.103,32.0,32.452,31.012,30.91,30.41,30.084,30.515,30.958,29.708,34.821,34.564,34.311,34.197,34.283,34.37
datastructure,WB.DATA360:DS_DATA360(1.3),I,A,TSS,WB_WDI_SL_UEM_NEET_ME_ZS,_T,_T,_T,PT,_Z,_Z,_Z,_Z,RATIO,2,WB_WDI,P1Y,0,A,PU,Annual,Sub-Saharan Africa (IDA & IBRD),"Share of youth not in education, employment or training, total (% of youth population) (modeled ILO estimate)",Total,All age ranges or no breakdown by age,Total,Percentage,Not Applicable,Not Applicable,Not Applicable,Not Applicable,Ratio,Two,World Development Indicators (WDI),Annual,Units,Normal value,Public,20.36478301889122,20.237514266270527,20.131994789947473,20.072507171788924,19.917473429246012,19.93836362004165,19.801468273240996,20.099584795116137,20.044823241183316,20.52536593501557,20.925160872439452,21.46525904785745,21.82726993010352,22.230988318568436,22.688697870584587,23.183878267908263,22.85862203377641,22.60952420302558,21.380784705985832,21.356685549226956,21.389637950235873
datastructure,WB.DATA360:DS_DATA360(1.3),I,A,EST,WB_WDI_SL_UEM_NEET_ME_ZS,_T,_T,_T,PT,_Z,_Z,_Z,_Z,RATIO,2,WB_WDI,P1Y,0,A,PU,Annual,Estonia,"Share of youth not in education, employment or training, total (% of youth population) (modeled ILO estimate)",Total,All age ranges or no breakdown by age,Total,Percentage,Not Applicable,Not Applicable,Not Applicable,Not Applicable,Ratio,Two,World Development Indicators (WDI),Annual,Units,Normal value,Public,10.944,8.914,9.392,9.092,14.466,14.026,11.568,12.2,11.319,11.749,11.482,9.568,10.026,10.348,7.859,9.204,10.921,10.735,9.595,10.233,10.266
datastructure,WB.DATA360:DS_DATA360(1.3),I,A,AFE,WB_WDI_SL_UEM_NEET_ME_ZS,_T,_T,_T,PT,_Z,_Z,_Z,_Z,RATIO,2,WB_WDI,P1Y,0,A,PU,Annual,Eastern & Southern Africa,"Share of youth not in education, employment or training, total (% of youth population) (modeled ILO estimate)",Total,All age ranges or no breakdown by age,Total,Percentage,Not Applicable,Not Applicable,Not Applicable,Not Applicable,Ratio,Two,World Development Indicators (WDI),Annual,Units,Normal value,Public,21.868310586205446,21.56005278480597,21.361534506651136,21.232991829145483,21.075960033847323,21.098768141789563,20.76831633663189,21.019773784163146,20.721674475716124,21.08133361255925,21.2237572260492,21.807166835412684,22.49248597508939,23.13250050471742,23.77606079427479,24.39740052865965,24.329056807182344,24.44906569382301,22.588251004031772,22.409987387136418,22.444600291590284
datastructure,WB.DATA360:DS_DATA360(1.3),I,A,CEB,WB_WDI_SL_UEM_NEET_ME_ZS,_T,_T,_T,PT,_Z,_Z,_Z,_Z,RATIO,2,WB_WDI,P1Y,0,A,PU,Annual,Central Europe and the Baltics,"Share of youth not in education, employment or training, total (% of youth population) (modeled ILO estimate)",Total,All age ranges or no breakdown by age,Total,Percentage,Not Applicable,Not Applicable,Not Applicable,Not Applicable,Ratio,Two,World Development Indicators (WDI),Annual,Units,Normal value,Public,15.724101204467129,14.888671976783943,13.136468909089551,12.424628630050494,14.005682850898976,13.852965051009784,14.273760210703054,14.406166113789135,14.743243827482425,14.19781326514153,13.20565975020771,12.687547662383986,11.598956008201359,10.760588725818703,10.627750909959639,11.186296908475843,12.578824335212161,11.57969510753582,11.067332928548957,10.995481952489344,11.020221651770205
datastructure,WB.DATA360:DS_DATA360(1.3),I,A,PSS,WB_WDI_SL_UEM_NEET_ME_ZS,_T,_T,_T,PT,_Z,_Z,_Z,_Z,RATIO,2,WB_WDI,P1Y,0,A,PU,Annual,Pacific island small states,"Share of youth not in education, employment or training, total (% of youth population) (modeled ILO estimate)",Total,All age ranges or no breakdown by age,Total,Percentage,Not Applicable,Not Applicable,Not Applicable,Not Applicable,Ratio,Two,World Development Indicators (WDI),Annual,Units,Normal value,Public,18.828663871562615,20.472328036227346,22.326665841084385,21.270713401845637,20.29572598644504,19.786420691629235,18.64001944950045,18.75658604532669,18.735341420031922,18.708503661954303,18.79710584369564,18.911044233443185,18.783242686868533,18.696089953173818,18.683920976497742,21.07032853106575,19.275327286276234,19.06797484628956,19.00658848086824,19.08678106273857,19.143527241067392
datastructure,WB.DATA360:DS_DATA360(1.3),I,A,UKR,WB_WDI_SL_UEM_NEET_ME_ZS,_T,_T,_T,PT,_Z,_Z,_Z,_Z,RATIO,2,WB_WDI,P1Y,0,A,PU,Annual,Ukraine,"Share of youth not in education, employment or training, total (% of youth population) (modeled ILO estimate)",Total,All age ranges or no breakdown by age,Total,Percentage,Not Applicable,Not Applicable,Not Applicable,Not Applicable,Ratio,Two,World Development Indicators (WDI),Annual,Units,Normal value,Public,22.142,21.194,20.228,19.58,20.422,20.055,19.39,19.122,19.022,19.98,17.63,18.26,16.47,15.91,14.874,16.617,17.414,,,,
datastructure,WB.DATA360:DS_DATA360(1.3),I,A,KWT,WB_WDI_SL_UEM_NEET_ME_ZS,_T,_T,_T,PT,_Z,_Z,_Z,_Z,RATIO,2,WB_WDI,P1Y,0,A,PU,Annual,Kuwait,"Share of youth not in education, employment or training, total (% of youth population) (modeled ILO estimate)",Total,All age ranges or no breakdown by age,Total,Percentage,Not Applicable,Not Applicable,Not Applicable,Not Applicable,Ratio,Two,World Development Indicators (WDI),Annual,Units,Normal value,Public,19.064,19.128,19.538,19.634,19.198,18.985,18.263,17.465,17.164,17.137,16.551,16.213,16.164,15.915,15.794,17.447,16.737,15.538,15.285,15.473,15.648
datastructure,WB.DATA360:DS_DATA360(1.3),I,A,RWA,WB_WDI_SL_UEM_NEET_ME_ZS,_T,_T,_T,PT,_Z,_Z,_Z,_Z,RATIO,2,WB_WDI,P1Y,0,A,PU,Annual,Rwanda,"Share of youth not in education, employment or training, total (% of youth population) (modeled ILO estimate)",Total,All age ranges or no breakdown by age,Total,Percentage,Not Applicable,Not Applicable,Not Applicable,Not Applicable,Ratio,Two,World Development Indicators (WDI),Annual,Units,Normal value,Public,28.065,27.573,27.195,26.836,26.485,26.193,25.949,25.778,26.195,25.635,25.559,25.489,25.594,26.304,28.55,26.139,29.042,28.584,27.923,25.862,25.981
datastructure,WB.DATA360:DS_DATA360(1.3),I,A,MNA,WB_WDI_SL_UEM_NEET_ME_ZS,_T,_T,_T,PT,_Z,_Z,_Z,_Z,RATIO,2,WB_WDI,P1Y,0,A,PU,Annual,"Middle East, North Africa, Afghanistan & Pakistan (excluding high income)","Share of youth not in education, employment or training, total (% of youth population) (modeled ILO estimate)",Total,All age ranges or no breakdown by age,Total,Percentage,Not Applicable,Not Applicable,Not Applicable,Not Applicable,Ratio,Two,World Development Indicators (WDI),Annual,Units,Normal value,Public,35.39292110602298,35.33283121030458,34.549682098553774,33.87989463975032,33.18715655048188,33.4140235683945,33.507791860258685,33.32696463738029,32.468259411842986,32.205581589641994,32.182802057279424,32.03100787516507,32.16316711614212,32.25259506291133,31.697266076320684,34.83504366755572,34.02287542767638,33.6773191702545,33.149170050152605,33.32078340783865,33.39752453789122
datastructure,WB.DATA360:DS_DATA360(1.3),I,A,BRB,WB_WDI_SL_UEM_NEET_ME_ZS,_T,_T,_T,PT,_Z,_Z,_Z,_Z,RATIO,2,WB_WDI,P1Y,0,A,PU,Annual,Barbados,"Share of youth not in education, employment or training, total (% of youth population) (modeled ILO estimate)",Total,All age ranges or no breakdown by age,Total,Percentage,Not Applicable,Not Applicable,Not Applicable,Not Applicable,Ratio,Two,World Development Indicators (WDI),Annual,Units,Normal value,Public,25.465,25.263,24.154,24.691,26.292,27.54,28.408,29.536,29.615,30.893,29.942,28.993,29.198,28.316,28.748,30.218,29.726,27.002,25.993,26.089,26.185
datastructure,WB.DATA360:DS_DATA360(1.3),I,A,SSD,WB_WDI_SL_UEM_NEET_ME_ZS,_T,_T,_T,PT,_Z,_Z,_Z,_Z,RATIO,2,WB_WDI,P1Y,0,A,PU,Annual,South Sudan,"Share of youth not in education, employment or training, total (% of youth population) (modeled ILO estimate)",Total,All age ranges or no breakdown by age,Total,Percentage,Not Applicable,Not Applicable,Not Applicable,Not Applicable,Ratio,Two,World Development Indicators (WDI),Annual,Units,Normal value,Public,28.635,28.724,28.859,29.061,29.493,29.786,30.378,31.353,31.028,30.556,30.524,30.86,30.502,30.803,31.701,33.735,33.663,33.591,34.094,,
datastructure,WB.DATA360:DS_DATA360(1.3),I,A,LSO,WB_WDI_SL_UEM_NEET_ME_ZS,_T,_T,_T,PT,_Z,_Z,_Z,_Z,RATIO,2,WB_WDI,P1Y,0,A,PU,Annual,Lesotho,"Share of youth not in education, employment or training, total (% of youth population) (modeled ILO estimate)",Total,All age ranges or no breakdown by age,Total,Percentage,Not Applicable,Not Applicable,Not Applicable,Not Applicable,Ratio,Two,World Development Indicators (WDI),Annual,Units,Normal value,Public,35.065,35.226,35.254,35.217,35.307,35.182,35.062,34.741,34.837,34.839,34.937,34.836,34.966,35.038,35.152,36.428,36.691,36.758,37.265,37.98,38.091
datastructure,WB.DATA360:DS_DATA360(1.3),I,A,KEN,WB_WDI_SL_UEM_NEET_ME_ZS,_T,_T,_T,PT,_Z,_Z,_Z,_Z,RATIO,2,WB_WDI,P1Y,0,A,PU,Annual,Kenya,"Share of youth not in education, employment or training, total (% of youth population) (modeled ILO estimate)",Total,All age ranges or no breakdown by age,Total,Percentage,Not Applicable,Not Applicable,Not Applicable,Not Applicable,Ratio,Two,World Development Indicators (WDI),Annual,Units,Normal value,Public,22.696,21.821,20.946,20.226,19.44,18.544,17.639,16.809,16.077,15.313,14.567,13.731,15.602,17.596,19.667,19.455,18.503,19.274,19.329,19.435,19.54
datastructure,WB.DATA360:DS_DATA360(1.3),I,A,ECU,WB_WDI_SL_UEM_NEET_ME_ZS,_T,_T,_T,PT,_Z,_Z,_Z,_Z,RATIO,2,WB_WDI,P1Y,0,A,PU,Annual,Ecuador,"Share of youth not in education, employment or training, total (% of youth population) (modeled ILO estimate)",Total,All age ranges or no breakdown by age,Total,Percentage,Not Applicable,Not Applicable,Not Applicable,Not Applicable,Ratio,Two,World Development Indicators (WDI),Annual,Units,Normal value,Public,17.459,17.047,16.368,16.145,16.498,15.66,16.433,16.554,17.357,20.234,19.811,18.44,17.56,17.67,17.516,19.462,18.497,17.99,18.634,18.951,18.948
datastructure,WB.DATA360:DS_DATA360(1.3),I,A,LTU,WB_WDI_SL_UEM_NEET_ME_ZS,_T,_T,_T,PT,_Z,_Z,_Z,_Z,RATIO,2,WB_WDI,P1Y,0,A,PU,Annual,Lithuania,"Share of youth not in education, employment or training, total (% of youth population) (modeled ILO estimate)",Total,All age ranges or no breakdown by age,Total,Percentage,Not Applicable,Not Applicable,Not Applicable,Not Applicable,Ratio,Two,World Development Indicators (WDI),Annual,Units,Normal value,Public,8.77,8.316,7.071,8.85,12.121,13.174,11.825,11.171,11.144,9.911,9.196,9.405,9.149,8.039,8.649,10.76,11.314,9.653,13.546,14.912,14.767
datastructure,WB.DATA360:DS_DATA360(1.3),I,A,MOZ,WB_WDI_SL_UEM_NEET_ME_ZS,_T,_T,_T,PT,_Z,_Z,_Z,_Z,RATIO,2,WB_WDI,P1Y,0,A,PU,Annual,Mozambique,"Share of youth not in education, employment or training, total (% of youth population) (modeled ILO estimate)",Total,All age ranges or no breakdown by age,Total,Percentage,Not Applicable,Not Applicable,Not Applicable,Not Applicable,Ratio,Two,World Development Indicators (WDI),Annual,Units,Normal value,Public,17.924,17.85,17.746,17.707,17.785,17.763,17.873,17.939,17.917,17.965,18.026,18.092,18.141,18.199,18.212,18.76,18.657,19.239,19.156,19.227,19.297
datastructure,WB.DATA360:DS_DATA360(1.3),I,A,UGA,WB_WDI_SL_UEM_NEET_ME_ZS,_T,_T,_T,PT,_Z,_Z,_Z,_Z,RATIO,2,WB_WDI,P1Y,0,A,PU,Annual,Uganda,"Share of youth not in education, employment or training, total (% of youth population) (modeled ILO estimate)",Total,All age ranges or no breakdown by age,Total,Percentage,Not Applicable,Not Applicable,Not Applicable,Not Applicable,Ratio,Two,World Development Indicators (WDI),Annual,Units,Normal value,Public,12.357,12.558,12.787,13.019,13.322,13.421,10.939,14.527,9.523,13.889,15.208,16.645,18.104,17.486,16.846,15.712,13.765,13.336,13.257,13.297,13.337
datastructure,WB.DATA360:DS_DATA360(1.3),I,A,LCA,WB_WDI_SL_UEM_NEET_ME_ZS,_T,_T,_T,PT,_Z,_Z,_Z,_Z,RATIO,2,WB_WDI,P1Y,0,A,PU,Annual,St. Lucia,"Share of youth not in education, employment or training, total (% of youth population) (modeled ILO estimate)",Total,All age ranges or no breakdown by age,Total,Percentage,Not Applicable,Not Applicable,Not Applicable,Not Applicable,Ratio,Two,World Development Indicators (WDI),Annual,Units,Normal value,Public,31.973,30.468,29.149,27.341,29.214,31.317,32.53,33.762,36.47,35.795,35.311,34.411,33.755,32.492,29.941,35.411,39.203,27.088,30.931,22.627,22.812
datastructure,WB.DATA360:DS_DATA360(1.3),I,A,PRK,WB_WDI_SL_UEM_NEET_ME_ZS,_T,_T,_T,PT,_Z,_Z,_Z,_Z,RATIO,2,WB_WDI,P1Y,0,A,PU,Annual,"Korea, Dem. People's Rep.","Share of youth not in education, employment or training, total (% of youth population) (modeled ILO estimate)",Total,All age ranges or no breakdown by age,Total,Percentage,Not Applicable,Not Applicable,Not Applicable,Not Applicable,Ratio,Two,World Development Indicators (WDI),Annual,Units,Normal value,Public,12.578,12.677,12.773,12.628,12.672,12.592,12.654,12.659,12.748,12.523,12.494,12.551,12.244,11.644,11.283,12.593,11.395,10.072,9.636,9.518,9.365
datastructure,WB.DATA360:DS_DATA360(1.3),I,A,CSS,WB_WDI_SL_UEM_NEET_ME_ZS,_T,_T,_T,PT,_Z,_Z,_Z,_Z,RATIO,2,WB_WDI,P1Y,0,A,PU,Annual,Caribbean small states,"Share of youth not in education, employment or training, total (% of youth population) (modeled ILO estimate)",Total,All age ranges or no breakdown by age,Total,Percentage,Not Applicable,Not Applicable,Not Applicable,Not Applicable,Ratio,Two,World Development Indicators (WDI),Annual,Units,Normal value,Public,25.455104593806542,24.38844253089163,24.04209197166094,23.859926000783414,24.7637332598702,24.845680843657817,25.15809170762189,25.335903484732746,25.511567228061285,25.25108355282805,24.95484484028601,25.722017388431244,25.563847135565663,25.350447982845896,25.758365007950275,27.67082183351463,26.81890894989225,25.376112306851386,24.469065706597274,24.15655468685164,24.33288133190301
datastructure,WB.DATA360:DS_DATA360(1.3),I,A,ARE,WB_WDI_SL_UEM_NEET_ME_ZS,_T,_T,_T,PT,_Z,_Z,_Z,_Z,RATIO,2,WB_WDI,P1Y,0,A,PU,Annual,United Arab Emirates,"Share of youth not in education, employment or training, total (% of youth population) (modeled ILO estimate)",Total,All age ranges or no breakdown by age,Total,Percentage,Not Applicable,Not Applicable,Not Applicable,Not Applicable,Ratio,Two,World Development Indicators (WDI),Annual,Units,Normal value,Public,9.263,8.66,8.594,8.646,8.776,8.768,8.717,8.668,8.567,8.478,8.351,8.25,8.845,8.081,9.375,13.003,10.717,9.985,8.917,8.934,8.951
datastructure,WB.DATA360:DS_DATA360(1.3),I,A,HPC,WB_WDI_SL_UEM_NEET_ME_ZS,_T,_T,_T,PT,_Z,_Z,_Z,_Z,RATIO,2,WB_WDI,P1Y,0,A,PU,Annual,Heavily indebted poor countries (HIPC),"Share of youth not in education, employment or training, total (% of youth population) (modeled ILO estimate)",Total,All age ranges or no breakdown by age,Total,Percentage,Not Applicable,Not Applicable,Not Applicable,Not Applicable,Ratio,Two,World Development Indicators (WDI),Annual,Units,Normal value,Public,21.222755414609566,21.13342891018205,21.077576895696126,20.997740626082006,20.949756999055168,20.983601421453617,20.988249221516863,21.46411962804248,21.457028920653183,22.248854413003087,22.940783387143682,23.57339613620691,23.910983803955567,24.205075409514922,24.588451391616854,25.675833688468565,25.389097054950348,25.287527112208533,23.944831036032088,24.031198073578047,24.06037509241896
datastructure,WB.DATA360:DS_DATA360(1.3),I,A,TGO,WB_WDI_SL_UEM_NEET_ME_ZS,_T,_T,_T,PT,_Z,_Z,_Z,_Z,RATIO,2,WB_WDI,P1Y,0,A,PU,Annual,Togo,"Share of youth not in education, employment or training, total (% of youth population) (modeled ILO estimate)",Total,All age ranges or no breakdown by age,Total,Percentage,Not Applicable,Not Applicable,Not Applicable,Not Applicable,Ratio,Two,World Development Indicators (WDI),Annual,Units,Normal value,Public,12.954,12.884,12.795,12.406,12.007,11.574,11.185,11.003,10.93,10.92,10.877,11.087,11.4,10.883,10.398,11.275,12.168,13.02,13.056,13.076,13.097
datastructure,WB.DATA360:DS_DATA360(1.3),I,A,LBR,WB_WDI_SL_UEM_NEET_ME_ZS,_T,_T,_T,PT,_Z,_Z,_Z,_Z,RATIO,2,WB_WDI,P1Y,0,A,PU,Annual,Liberia,"Share of youth not in education, employment or training, total (% of youth population) (modeled ILO estimate)",Total,All age ranges or no breakdown by age,Total,Percentage,Not Applicable,Not Applicable,Not Applicable,Not Applicable,Ratio,Two,World Development Indicators (WDI),Annual,Units,Normal value,Public,14.228,14.004,13.736,13.582,13.489,13.358,13.292,13.143,12.701,12.586,12.86,13.233,13.342,13.533,13.896,14.691,14.672,14.487,14.603,14.68,14.763
datastructure,WB.DATA360:DS_DATA360(1.3),I,A,BEL,WB_WDI_SL_UEM_NEET_ME_ZS,_T,_T,_T,PT,_Z,_Z,_Z,_Z,RATIO,2,WB_WDI,P1Y,0,A,PU,Annual,Belgium,"Share of youth not in education, employment or training, total (% of youth population) (modeled ILO estimate)",Total,All age ranges or no breakdown by age,Total,Percentage,Not Applicable,Not Applicable,Not Applicable,Not Applicable,Ratio,Two,World Development Indicators (WDI),Annual,Units,Normal value,Public,13.017,11.245,11.165,10.135,11.081,10.865,11.814,12.345,12.68,12.045,12.182,9.886,9.855,9.801,9.25,9.994,6.654,7.107,6.765,7.339,7.395
datastructure,WB.DATA360:DS_DATA360(1.3),I,A,PAN,WB_WDI_SL_UEM_NEET_ME_ZS,_T,_T,_T,PT,_Z,_Z,_Z,_Z,RATIO,2,WB_WDI,P1Y,0,A,PU,Annual,Panama,"Share of youth not in education, employment or training, total (% of youth population) (modeled ILO estimate)",Total,All age ranges or no breakdown by age,Total,Percentage,Not Applicable,Not Applicable,Not Applicable,Not Applicable,Ratio,Two,World Development Indicators (WDI),Annual,Units,Normal value,Public,22.079,22.178,19.771,22.043,20.08,20.888,21.032,17.589,16.979,18.759,18.449,17.09,17.198,16.381,16.683,18.735,19.298,17.564,15.139,14.704,14.816
datastructure,WB.DATA360:DS_DATA360(1.3),I,A,MLI,WB_WDI_SL_UEM_NEET_ME_ZS,_T,_T,_T,PT,_Z,_Z,_Z,_Z,RATIO,2,WB_WDI,P1Y,0,A,PU,Annual,Mali,"Share of youth not in education, employment or training, total (% of youth population) (modeled ILO estimate)",Total,All age ranges or no breakdown by age,Total,Percentage,Not Applicable,Not Applicable,Not Applicable,Not Applicable,Ratio,Two,World Development Indicators (WDI),Annual,Units,Normal value,Public,14.883,14.63,14.375,14.111,13.791,13.47,15.084,16.584,18.215,21.308,24.945,33.977,28.556,26.716,30.802,30.862,28.255,26.671,27.019,27.122,27.225
datastructure,WB.DATA360:DS_DATA360(1.3),I,A,LVA,WB_WDI_SL_UEM_NEET_ME_ZS,_T,_T,_T,PT,_Z,_Z,_Z,_Z,RATIO,2,WB_WDI,P1Y,0,A,PU,Annual,Latvia,"Share of youth not in education, employment or training, total (% of youth population) (modeled ILO estimate)",Total,All age ranges or no breakdown by age,Total,Percentage,Not Applicable,Not Applicable,Not Applicable,Not Applicable,Ratio,Two,World Development Indicators (WDI),Annual,Units,Normal value,Public,10.891,11.464,11.94,11.822,17.487,17.814,16.035,14.895,13.03,12.024,10.518,11.205,11.956,7.897,9.24,8.547,8.687,7.767,5.7,9.001,9.03
datastructure,WB.DATA360:DS_DATA360(1.3),I,A,LCN,WB_WDI_SL_UEM_NEET_ME_ZS,_T,_T,_T,PT,_Z,_Z,_Z,_Z,RATIO,2,WB_WDI,P1Y,0,A,PU,Annual,Latin America & Caribbean,"Share of youth not in education, employment or training, total (% of youth population) (modeled ILO estimate)",Total,All age ranges or no breakdown by age,Total,Percentage,Not Applicable,Not Applicable,Not Applicable,Not Applicable,Ratio,Two,World Development Indicators (WDI),Annual,Units,Normal value,Public,21.28981001685026,20.872183808682184,20.63340551125323,20.406995786966768,20.61639298137279,20.348159688262992,20.27991245114852,20.344114994861012,20.57495882374012,20.620284103537355,21.025137178082844,21.410533307220522,21.600115004181763,21.46517270844595,21.34145862341345,23.91216211113848,21.54467606157879,20.246209099262288,19.618623193946053,19.240334763947843,19.296215550722586
datastructure,WB.DATA360:DS_DATA360(1.3),I,A,YEM,WB_WDI_SL_UEM_NEET_ME_ZS,_T,_T,_T,PT,_Z,_Z,_Z,_Z,RATIO,2,WB_WDI,P1Y,0,A,PU,Annual,"Yemen, Rep.","Share of youth not in education, employment or training, total (% of youth population) (modeled ILO estimate)",Total,All age ranges or no breakdown by age,Total,Percentage,Not Applicable,Not Applicable,Not Applicable,Not Applicable,Ratio,Two,World Development Indicators (WDI),Annual,Units,Normal value,Public,43.097,43.411,43.558,43.778,43.886,44.004,44.449,44.618,44.737,44.77,46.402,46.448,46.397,46.078,45.883,46.173,46.037,45.717,45.637,45.805,45.973
datastructure,WB.DATA360:DS_DATA360(1.3),I,A,STP,WB_WDI_SL_UEM_NEET_ME_ZS,_T,_T,_T,PT,_Z,_Z,_Z,_Z,RATIO,2,WB_WDI,P1Y,0,A,PU,Annual,São Tomé and Príncipe,"Share of youth not in education, employment or training, total (% of youth population) (modeled ILO estimate)",Total,All age ranges or no breakdown by age,Total,Percentage,Not Applicable,Not Applicable,Not Applicable,Not Applicable,Ratio,Two,World Development Indicators (WDI),Annual,Units,Normal value,Public,54.678,54.479,54.121,53.79,53.018,52.761,52.668,51.967,51.269,50.634,49.768,48.944,48.73,49.62,49.829,50.005,49.755,49.838,50.077,50.261,50.445
datastructure,WB.DATA360:DS_DATA360(1.3),I,A,COL,WB_WDI_SL_UEM_NEET_ME_ZS,_T,_T,_T,PT,_Z,_Z,_Z,_Z,RATIO,2,WB_WDI,P1Y,0,A,PU,Annual,Colombia,"Share of youth not in education, employment or training, total (% of youth population) (modeled ILO estimate)",Total,All age ranges or no breakdown by age,Total,Percentage,Not Applicable,Not Applicable,Not Applicable,Not Applicable,Ratio,Two,World Development Indicators (WDI),Annual,Units,Normal value,Public,27.721,27.117,26.695,25.54,24.958,23.437,23.026,22.532,22.084,21.402,21.141,21.131,21.837,22.841,23.917,27.497,27.264,24.423,23.251,23.152,23.217
datastructure,WB.DATA360:DS_DATA360(1.3),I,A,MAR,WB_WDI_SL_UEM_NEET_ME_ZS,_T,_T,_T,PT,_Z,_Z,_Z,_Z,RATIO,2,WB_WDI,P1Y,0,A,PU,Annual,Morocco,"Share of youth not in education, employment or training, total (% of youth population) (modeled ILO estimate)",Total,All age ranges or no breakdown by age,Total,Percentage,Not Applicable,Not Applicable,Not Applicable,Not Applicable,Ratio,Two,World Development Indicators (WDI),Annual,Units,Normal value,Public,36.345,36.474,36.238,36.705,36.275,36.377,36.169,35.963,35.659,35.275,35.114,35.016,34.633,34.292,33.854,34.545,33.743,32.714,32.341,32.46,32.578
datastructure,WB.DATA360:DS_DATA360(1.3),I,A,LDC,WB_WDI_SL_UEM_NEET_ME_ZS,_T,_T,_T,PT,_Z,_Z,_Z,_Z,RATIO,2,WB_WDI,P1Y,0,A,PU,Annual,Least developed countries: UN classification,"Share of youth not in education, employment or training, total (% of youth population) (modeled ILO estimate)",Total,All age ranges or no breakdown by age,Total,Percentage,Not Applicable,Not Applicable,Not Applicable,Not Applicable,Ratio,Two,World Development Indicators (WDI),Annual,Units,Normal value,Public,23.382220546615002,23.610349047018392,23.594111818546217,23.55794785327132,23.511292480685782,23.371752264268434,23.364016557558646,23.80243116912422,23.83655389365439,24.363375789192656,24.764046944538833,25.29546044029979,25.376104619840294,24.98029727414092,24.842669371595505,25.45880122889589,24.917084121785066,24.422618127716763,23.245907665068014,23.398512765225682,23.47968327746144
datastructure,WB.DATA360:DS_DATA360(1.3),I,A,CYP,WB_WDI_SL_UEM_NEET_ME_ZS,_T,_T,_T,PT,_Z,_Z,_Z,_Z,RATIO,2,WB_WDI,P1Y,0,A,PU,Annual,Cyprus,"Share of youth not in education, employment or training, total (% of youth population) (modeled ILO estimate)",Total,All age ranges or no breakdown by age,Total,Percentage,Not Applicable,Not Applicable,Not Applicable,Not Applicable,Ratio,Two,World Development Indicators (WDI),Annual,Units,Normal value,Public,11.713,10.727,8.995,9.654,9.902,11.683,14.643,15.977,18.668,17.008,15.301,16.02,16.094,13.21,13.659,14.357,13.774,14.721,13.644,10.636,10.694
datastructure,WB.DATA360:DS_DATA360(1.3),I,A,SRB,WB_WDI_SL_UEM_NEET_ME_ZS,_T,_T,_T,PT,_Z,_Z,_Z,_Z,RATIO,2,WB_WDI,P1Y,0,A,PU,Annual,Serbia,"Share of youth not in education, employment or training, total (% of youth population) (modeled ILO estimate)",Total,All age ranges or no breakdown by age,Total,Percentage,Not Applicable,Not Applicable,Not Applicable,Not Applicable,Ratio,Two,World Development Indicators (WDI),Annual,Units,Normal value,Public,20.307,20.041,18.746,20.318,21.615,21.204,21.597,21.651,19.787,20.997,20.363,18.076,17.582,16.98,15.663,16.177,16.714,13.231,12.397,12.598,12.665
datastructure,WB.DATA360:DS_DATA360(1.3),I,A,MWI,WB_WDI_SL_UEM_NEET_ME_ZS,_T,_T,_T,PT,_Z,_Z,_Z,_Z,RATIO,2,WB_WDI,P1Y,0,A,PU,Annual,Malawi,"Share of youth not in education, employment or training, total (% of youth population) (modeled ILO estimate)",Total,All age ranges or no breakdown by age,Total,Percentage,Not Applicable,Not Applicable,Not Applicable,Not Applicable,Ratio,Two,World Development Indicators (WDI),Annual,Units,Normal value,Public,17.241,17.459,17.65,17.715,17.775,17.902,18.072,18.817,19.461,20.33,21.342,22.385,23.445,22.682,21.906,19.41,21.427,21.412,21.565,21.661,21.757
datastructure,WB.DATA360:DS_DATA360(1.3),I,A,AFW,WB_WDI_SL_UEM_NEET_ME_ZS,_T,_T,_T,PT,_Z,_Z,_Z,_Z,RATIO,2,WB_WDI,P1Y,0,A,PU,Annual,Western & Central Africa,"Share of youth not in education, employment or training, total (% of youth population) (modeled ILO estimate)",Total,All age ranges or no breakdown by age,Total,Percentage,Not Applicable,Not Applicable,Not Applicable,Not Applicable,Ratio,Two,World Development Indicators (WDI),Annual,Units,Normal value,Public,18.12460634145836,18.261067118479577,18.289248245187604,18.328532477941984,18.172537159225335,18.186517363985345,18.33905968992454,18.70475805301163,19.016205068749297,19.67983646913608,20.47124841315655,20.946880744612308,20.821949443194686,20.87127459591473,21.05261151541724,21.364311369410206,20.664677801347704,19.87983738201567,19.72223037844683,19.946482894098473,19.986804610502222
datastructure,WB.DATA360:DS_DATA360(1.3),I,A,VIR,WB_WDI_SL_UEM_NEET_ME_ZS,_T,_T,_T,PT,_Z,_Z,_Z,_Z,RATIO,2,WB_WDI,P1Y,0,A,PU,Annual,Virgin Islands (U.S.),"Share of youth not in education, employment or training, total (% of youth population) (modeled ILO estimate)",Total,All age ranges or no breakdown by age,Total,Percentage,Not Applicable,Not Applicable,Not Applicable,Not Applicable,Ratio,Two,World Development Indicators (WDI),Annual,Units,Normal value,Public,17.402,16.779,16.336,16.188,17.505,17.325,17.769,18.163,18.765,18.817,18.221,18.271,17.645,17.141,16.83,19.752,18.606,16.871,16.246,16.078,16.596
datastructure,WB.DATA360:DS_DATA360(1.3),I,A,ECA,WB_WDI_SL_UEM_NEET_ME_ZS,_T,_T,_T,PT,_Z,_Z,_Z,_Z,RATIO,2,WB_WDI,P1Y,0,A,PU,Annual,Europe & Central Asia (excluding high income),"Share of youth not in education, employment or training, total (% of youth population) (modeled ILO estimate)",Total,All age ranges or no breakdown by age,Total,Percentage,Not Applicable,Not Applicable,Not Applicable,Not Applicable,Ratio,Two,World Development Indicators (WDI),Annual,Units,Normal value,Public,28.618192656277365,27.78558884525207,27.32042212640189,26.642650301432337,26.18749602383195,25.37213527310757,24.26885851558672,23.93652578020245,23.016677509848442,22.025445857506394,21.21318887062703,21.056548560031047,20.72209763947627,20.467206170858525,20.629304048063805,21.812811626359938,19.997327299520734,19.617534993956752,18.550935675506466,18.561748343905126,18.563615274876927
datastructure,WB.DATA360:DS_DATA360(1.3),I,A,IRL,WB_WDI_SL_UEM_NEET_ME_ZS,_T,_T,_T,PT,_Z,_Z,_Z,_Z,RATIO,2,WB_WDI,P1Y,0,A,PU,Annual,Ireland,"Share of youth not in education, employment or training, total (% of youth population) (modeled ILO estimate)",Total,All age ranges or no breakdown by age,Total,Percentage,Not Applicable,Not Applicable,Not Applicable,Not Applicable,Ratio,Two,World Development Indicators (WDI),Annual,Units,Normal value,Public,8.893,9.258,10.07,12.525,18.298,19.454,19.164,19.201,16.44,15.287,14.293,12.629,10.979,10.113,10.182,12.103,7.24,6.441,5.067,5.762,5.833
datastructure,WB.DATA360:DS_DATA360(1.3),I,A,JOR,WB_WDI_SL_UEM_NEET_ME_ZS,_T,_T,_T,PT,_Z,_Z,_Z,_Z,RATIO,2,WB_WDI,P1Y,0,A,PU,Annual,Jordan,"Share of youth not in education, employment or training, total (% of youth population) (modeled ILO estimate)",Total,All age ranges or no breakdown by age,Total,Percentage,Not Applicable,Not Applicable,Not Applicable,Not Applicable,Ratio,Two,World Development Indicators (WDI),Annual,Units,Normal value,Public,35.355,35.288,35.082,34.707,34.97,35.4,35.748,34.654,35.238,35.214,36.235,37.53,38.059,36.519,36.001,35.385,32.849,31.495,30.233,30.412,30.59
datastructure,WB.DATA360:DS_DATA360(1.3),I,A,EUU,WB_WDI_SL_UEM_NEET_ME_ZS,_T,_T,_T,PT,_Z,_Z,_Z,_Z,RATIO,2,WB_WDI,P1Y,0,A,PU,Annual,European Union,"Share of youth not in education, employment or training, total (% of youth population) (modeled ILO estimate)",Total,All age ranges or no breakdown by age,Total,Percentage,Not Applicable,Not Applicable,Not Applicable,Not Applicable,Ratio,Two,World Development Indicators (WDI),Annual,Units,Normal value,Public,13.15092183366391,12.326731862012306,11.477078572579652,11.330311225720784,13.002614506231678,12.873470373207208,13.070413335355374,13.227843402113102,13.536689549400064,13.076646687080704,12.531793864708394,12.067236442443663,11.447437650568139,10.92396721025641,10.529488198372928,11.476905461812214,11.22930547689337,10.162682287897361,9.867416299261393,9.898347136353937,9.93681243488583
datastructure,WB.DATA360:DS_DATA360(1.3),I,A,ARB,WB_WDI_SL_UEM_NEET_ME_ZS,_T,_T,_T,PT,_Z,_Z,_Z,_Z,RATIO,2,WB_WDI,P1Y,0,A,PU,Annual,Arab World,"Share of youth not in education, employment or training, total (% of youth population) (modeled ILO estimate)",Total,All age ranges or no breakdown by age,Total,Percentage,Not Applicable,Not Applicable,Not Applicable,Not Applicable,Ratio,Two,World Development Indicators (WDI),Annual,Units,Normal value,Public,34.00012743827748,33.71273818122661,33.385026902960114,33.13215917772536,32.59641000223742,33.10591400072399,32.87105472543193,32.49613790723802,31.677227240938578,31.392453598629345,31.753679055579735,31.76564903956645,31.89743378770423,32.014907680261345,32.308339729601656,33.73546297885355,33.14799045091751,32.33768590912041,29.574428512045216,29.6989376130285,29.75333631440171
datastructure,WB.DATA360:DS_DATA360(1.3),I,A,LKA,WB_WDI_SL_UEM_NEET_ME_ZS,_T,_T,_T,PT,_Z,_Z,_Z,_Z,RATIO,2,WB_WDI,P1Y,0,A,PU,Annual,Sri Lanka,"Share of youth not in education, employment or training, total (% of youth population) (modeled ILO estimate)",Total,All age ranges or no breakdown by age,Total,Percentage,Not Applicable,Not Applicable,Not Applicable,Not Applicable,Ratio,Two,World Development Indicators (WDI),Annual,Units,Normal value,Public,29.405,27.667,27.391,26.604,27.288,26.68,26.523,27.169,28.13,29.558,26.63,27.09,24.722,24.184,21.213,21.512,19.378,18.051,18.2,17.2,17.373
datastructure,WB.DATA360:DS_DATA360(1.3),I,A,TEC,WB_WDI_SL_UEM_NEET_ME_ZS,_T,_T,_T,PT,_Z,_Z,_Z,_Z,RATIO,2,WB_WDI,P1Y,0,A,PU,Annual,Europe & Central Asia (IDA & IBRD),"Share of youth not in education, employment or training, total (% of youth population) (modeled ILO estimate)",Total,All age ranges or no breakdown by age,Total,Percentage,Not Applicable,Not Applicable,Not Applicable,Not Applicable,Ratio,Two,World Development Indicators (WDI),Annual,Units,Normal value,Public,23.130475327058594,22.614169937126427,21.80726764114989,21.072407837520547,21.351193649572664,20.703699081223586,19.79645858841391,19.488606254351662,19.061586211259673,18.575765929508357,18.03745839006957,18.031862074910244,17.741835559482976,17.54735068705819,17.55142552373417,18.480397715795352,17.508645106373628,16.841205127960134,15.75167071369392,15.756818861343284,15.747984932429631
datastructure,WB.DATA360:DS_DATA360(1.3),I,A,LTE,WB_WDI_SL_UEM_NEET_ME_ZS,_T,_T,_T,PT,_Z,_Z,_Z,_Z,RATIO,2,WB_WDI,P1Y,0,A,PU,Annual,Late-demographic dividend,"Share of youth not in education, employment or training, total (% of youth population) (modeled ILO estimate)",Total,All age ranges or no breakdown by age,Total,Percentage,Not Applicable,Not Applicable,Not Applicable,Not Applicable,Ratio,Two,World Development Indicators (WDI),Annual,Units,Normal value,Public,17.43172963417609,17.47569809593758,17.11208531635788,16.90536826389183,16.991117103727195,16.36224709037743,16.006342458618047,15.772248413146329,15.458505067525268,14.956917298431724,14.740885366165024,14.700167285116967,14.556104278194253,13.901801341300525,14.017578508228674,15.398165423169194,14.200058903226102,13.424041547096287,13.278432369402042,13.02166368052668,13.240880031673393
datastructure,WB.DATA360:DS_DATA360(1.3),I,A,SVK,WB_WDI_SL_UEM_NEET_ME_ZS,_T,_T,_T,PT,_Z,_Z,_Z,_Z,RATIO,2,WB_WDI,P1Y,0,A,PU,Annual,Slovak Republic,"Share of youth not in education, employment or training, total (% of youth population) (modeled ILO estimate)",Total,All age ranges or no breakdown by age,Total,Percentage,Not Applicable,Not Applicable,Not Applicable,Not Applicable,Ratio,Two,World Development Indicators (WDI),Annual,Units,Normal value,Public,16.861,13.92,11.634,11.432,12.96,14.569,14.31,14.371,14.256,14.071,13.973,12.688,12.326,10.405,10.479,10.748,11.075,9.995,9.166,8.75,8.813
datastructure,WB.DATA360:DS_DATA360(1.3),I,A,GTM,WB_WDI_SL_UEM_NEET_ME_ZS,_T,_T,_T,PT,_Z,_Z,_Z,_Z,RATIO,2,WB_WDI,P1Y,0,A,PU,Annual,Guatemala,"Share of youth not in education, employment or training, total (% of youth population) (modeled ILO estimate)",Total,All age ranges or no breakdown by age,Total,Percentage,Not Applicable,Not Applicable,Not Applicable,Not Applicable,Ratio,Two,World Development Indicators (WDI),Annual,Units,Normal value,Public,24.446,24.531,25.24,26.098,27.075,27.862,25.111,22.909,27.654,26.901,26.664,27.42,27.263,27.79,28.185,29.152,26.139,29.552,23.824,23.94,24.055
datastructure,WB.DATA360:DS_DATA360(1.3),I,A,ZAF,WB_WDI_SL_UEM_NEET_ME_ZS,_T,_T,_T,PT,_Z,_Z,_Z,_Z,RATIO,2,WB_WDI,P1Y,0,A,PU,Annual,South Africa,"Share of youth not in education, employment or training, total (% of youth population) (modeled ILO estimate)",Total,All age ranges or no breakdown by age,Total,Percentage,Not Applicable,Not Applicable,Not Applicable,Not Applicable,Ratio,Two,World Development Indicators (WDI),Annual,Units,Normal value,Public,34.421,33.384,32.632,32.547,32.789,32.933,32.377,32.372,31.966,31.313,30.499,31.222,31.014,31.563,32.46,32.399,32.94,35.188,33.977,34.61,34.694
datastructure,WB.DATA360:DS_DATA360(1.3),I,A,BHS,WB_WDI_SL_UEM_NEET_ME_ZS,_T,_T,_T,PT,_Z,_Z,_Z,_Z,RATIO,2,WB_WDI,P1Y,0,A,PU,Annual,"Bahamas, The","Share of youth not in education, employment or training, total (% of youth population) (modeled ILO estimate)",Total,All age ranges or no breakdown by age,Total,Percentage,Not Applicable,Not Applicable,Not Applicable,Not Applicable,Ratio,Two,World Development Indicators (WDI),Annual,Units,Normal value,Public,18.314,16.582,17.768,17.262,21.835,22.224,22.533,23.738,25.68,23.149,20.866,21.135,18.665,19.112,16.614,20.592,18.485,15.584,14.647,14.576,15.028
datastructure,WB.DATA360:DS_DATA360(1.3),I,A,SSA,WB_WDI_SL_UEM_NEET_ME_ZS,_T,_T,_T,PT,_Z,_Z,_Z,_Z,RATIO,2,WB_WDI,P1Y,0,A,PU,Annual,Sub-Saharan Africa (excluding high income),"Share of youth not in education, employment or training, total (% of youth population) (modeled ILO estimate)",Total,All age ranges or no breakdown by age,Total,Percentage,Not Applicable,Not Applicable,Not Applicable,Not Applicable,Ratio,Two,World Development Indicators (WDI),Annual,Units,Normal value,Public,21.368829104836664,21.258551329070812,21.165610417006548,21.123925107682943,20.977497095286612,21.03524287773881,20.901987249882875,21.24944613210664,21.201070404828386,21.638737530693685,21.997859467785283,22.505934627662334,22.810198232479003,23.152987062946043,23.561631698366178,23.921491967392026,23.511968423460424,23.27076015931224,21.921306028649823,21.88938691568245,21.916158379046184
datastructure,WB.DATA360:DS_DATA360(1.3),I,A,CZE,WB_WDI_SL_UEM_NEET_ME_ZS,_T,_T,_T,PT,_Z,_Z,_Z,_Z,RATIO,2,WB_WDI,P1Y,0,A,PU,Annual,Czechia,"Share of youth not in education, employment or training, total (% of youth population) (modeled ILO estimate)",Total,All age ranges or no breakdown by age,Total,Percentage,Not Applicable,Not Applicable,Not Applicable,Not Applicable,Ratio,Two,World Development Indicators (WDI),Annual,Units,Normal value,Public,9.993,9.485,7.103,6.818,8.605,9.044,8.719,9.23,9.453,8.416,7.718,7.149,6.405,5.738,5.824,6.682,6.61,7.58,7.034,4.617,4.663
datastructure,WB.DATA360:DS_DATA360(1.3),I,A,IDN,WB_WDI_SL_UEM_NEET_ME_ZS,_T,_T,_T,PT,_Z,_Z,_Z,_Z,RATIO,2,WB_WDI,P1Y,0,A,PU,Annual,Indonesia,"Share of youth not in education, employment or training, total (% of youth population) (modeled ILO estimate)",Total,All age ranges or no breakdown by age,Total,Percentage,Not Applicable,Not Applicable,Not Applicable,Not Applicable,Ratio,Two,World Development Indicators (WDI),Annual,Units,Normal value,Public,31.86,30.419,30.031,28.15,27.666,26.649,25.897,22.949,22.888,22.354,22.919,22.479,21.449,21.738,20.547,21.8,22.455,22.336,21.365,21.435,21.505
datastructure,WB.DATA360:DS_DATA360(1.3),I,A,FIN,WB_WDI_SL_UEM_NEET_ME_ZS,_T,_T,_T,PT,_Z,_Z,_Z,_Z,RATIO,2,WB_WDI,P1Y,0,A,PU,Annual,Finland,"Share of youth not in education, employment or training, total (% of youth population) (modeled ILO estimate)",Total,All age ranges or no breakdown by age,Total,Percentage,Not Applicable,Not Applicable,Not Applicable,Not Applicable,Ratio,Two,World Development Indicators (WDI),Annual,Units,Normal value,Public,7.897,8.1,7.362,8.162,9.467,8.651,8.398,7.713,9.406,9.857,10.59,9.238,8.888,7.746,7.386,9.365,8.492,8.068,8.841,8.171,8.161
datastructure,WB.DATA360:DS_DATA360(1.3),I,A,USA,WB_WDI_SL_UEM_NEET_ME_ZS,_T,_T,_T,PT,_Z,_Z,_Z,_Z,RATIO,2,WB_WDI,P1Y,0,A,PU,Annual,United States,"Share of youth not in education, employment or training, total (% of youth population) (modeled ILO estimate)",Total,All age ranges or no breakdown by age,Total,Percentage,Not Applicable,Not Applicable,Not Applicable,Not Applicable,Ratio,Two,World Development Indicators (WDI),Annual,Units,Normal value,Public,13.147,12.456,12.291,13.031,15.034,15.231,14.415,13.908,14.382,13.388,12.442,12.017,10.972,10.922,10.409,13.892,12.204,11.244,11.191,11.597,11.652
datastructure,WB.DATA360:DS_DATA360(1.3),I,A,MNE,WB_WDI_SL_UEM_NEET_ME_ZS,_T,_T,_T,PT,_Z,_Z,_Z,_Z,RATIO,2,WB_WDI,P1Y,0,A,PU,Annual,Montenegro,"Share of youth not in education, employment or training, total (% of youth population) (modeled ILO estimate)",Total,All age ranges or no breakdown by age,Total,Percentage,Not Applicable,Not Applicable,Not Applicable,Not Applicable,Ratio,Two,World Development Indicators (WDI),Annual,Units,Normal value,Public,22.928,21.015,18.932,17.548,17.034,16.648,16.316,16.94,17.874,17.72,19.154,18.398,16.687,16.298,17.344,21.094,20.657,20.133,17.621,17.617,17.615
datastructure,WB.DATA360:DS_DATA360(1.3),I,A,SDN,WB_WDI_SL_UEM_NEET_ME_ZS,_T,_T,_T,PT,_Z,_Z,_Z,_Z,RATIO,2,WB_WDI,P1Y,0,A,PU,Annual,Sudan,"Share of youth not in education, employment or training, total (% of youth population) (modeled ILO estimate)",Total,All age ranges or no breakdown by age,Total,Percentage,Not Applicable,Not Applicable,Not Applicable,Not Applicable,Ratio,Two,World Development Indicators (WDI),Annual,Units,Normal value,Public,39.271,39.041,39.082,38.877,35.994,34.582,33.09,34.429,35.535,36.884,38.177,39.515,40.928,42.339,43.641,45.258,46.23,46.529,,,
datastructure,WB.DATA360:DS_DATA360(1.3),I,A,LBN,WB_WDI_SL_UEM_NEET_ME_ZS,_T,_T,_T,PT,_Z,_Z,_Z,_Z,RATIO,2,WB_WDI,P1Y,0,A,PU,Annual,Lebanon,"Share of youth not in education, employment or training, total (% of youth population) (modeled ILO estimate)",Total,All age ranges or no breakdown by age,Total,Percentage,Not Applicable,Not Applicable,Not Applicable,Not Applicable,Ratio,Two,World Development Indicators (WDI),Annual,Units,Normal value,Public,21.603,21.563,21.3,20.823,20.357,20.624,20.675,21.122,21.169,22.102,22.449,22.775,22.985,23.168,23.518,24.596,23.863,23.442,23.828,,
datastructure,WB.DATA360:DS_DATA360(1.3),I,A,ZWE,WB_WDI_SL_UEM_NEET_ME_ZS,_T,_T,_T,PT,_Z,_Z,_Z,_Z,RATIO,2,WB_WDI,P1Y,0,A,PU,Annual,Zimbabwe,"Share of youth not in education, employment or training, total (% of youth population) (modeled ILO estimate)",Total,All age ranges or no breakdown by age,Total,Percentage,Not Applicable,Not Applicable,Not Applicable,Not Applicable,Ratio,Two,World Development Indicators (WDI),Annual,Units,Normal value,Public,19.783,19.471,19.183,18.963,18.43,17.836,17.264,17.008,16.783,16.561,18.746,21.421,23.892,26.587,29.368,30.379,30.431,32.236,29.98,30.033,30.088
datastructure,WB.DATA360:DS_DATA360(1.3),I,A,BEN,WB_WDI_SL_UEM_NEET_ME_ZS,_T,_T,_T,PT,_Z,_Z,_Z,_Z,RATIO,2,WB_WDI,P1Y,0,A,PU,Annual,Benin,"Share of youth not in education, employment or training, total (% of youth population) (modeled ILO estimate)",Total,All age ranges or no breakdown by age,Total,Percentage,Not Applicable,Not Applicable,Not Applicable,Not Applicable,Ratio,Two,World Development Indicators (WDI),Annual,Units,Normal value,Public,14.675,14.99,15.22,15.589,15.803,15.9,17.234,16.787,16.202,16.008,16.079,16.026,16.005,15.858,15.863,15.597,15.07,14.241,14.25,14.307,14.364
datastructure,WB.DATA360:DS_DATA360(1.3),I,A,MUS,WB_WDI_SL_UEM_NEET_ME_ZS,_T,_T,_T,PT,_Z,_Z,_Z,_Z,RATIO,2,WB_WDI,P1Y,0,A,PU,Annual,Mauritius,"Share of youth not in education, employment or training, total (% of youth population) (modeled ILO estimate)",Total,All age ranges or no breakdown by age,Total,Percentage,Not Applicable,Not Applicable,Not Applicable,Not Applicable,Ratio,Two,World Development Indicators (WDI),Annual,Units,Normal value,Public,28.482,22.233,20.605,21.335,21.832,21.524,21.545,21.605,21.174,20.863,20.087,20.319,19.939,20.461,18.078,20.174,21.169,20.742,17.37,17.445,17.521
datastructure,WB.DATA360:DS_DATA360(1.3),I,A,ISL,WB_WDI_SL_UEM_NEET_ME_ZS,_T,_T,_T,PT,_Z,_Z,_Z,_Z,RATIO,2,WB_WDI,P1Y,0,A,PU,Annual,Iceland,"Share of youth not in education, employment or training, total (% of youth population) (modeled ILO estimate)",Total,All age ranges or no breakdown by age,Total,Percentage,Not Applicable,Not Applicable,Not Applicable,Not Applicable,Ratio,Two,World Development Indicators (WDI),Annual,Units,Normal value,Public,5.066,5.101,4.355,5.04,8.658,7.885,7.147,6.644,6.474,5.721,4.751,4.286,4.066,5.305,5.237,6.655,6.973,5.639,5.843,3.975,4.012
datastructure,WB.DATA360:DS_DATA360(1.3),I,A,SEN,WB_WDI_SL_UEM_NEET_ME_ZS,_T,_T,_T,PT,_Z,_Z,_Z,_Z,RATIO,2,WB_WDI,P1Y,0,A,PU,Annual,Senegal,"Share of youth not in education, employment or training, total (% of youth population) (modeled ILO estimate)",Total,All age ranges or no breakdown by age,Total,Percentage,Not Applicable,Not Applicable,Not Applicable,Not Applicable,Ratio,Two,World Development Indicators (WDI),Annual,Units,Normal value,Public,30.123,30.013,30.036,29.942,30.012,30.111,29.9,31.411,33.004,34.574,36.263,34.209,35.519,34.069,32.712,33.347,33.609,33.88,30.565,35.174,35.257
datastructure,WB.DATA360:DS_DATA360(1.3),I,A,TTO,WB_WDI_SL_UEM_NEET_ME_ZS,_T,_T,_T,PT,_Z,_Z,_Z,_Z,RATIO,2,WB_WDI,P1Y,0,A,PU,Annual,Trinidad and Tobago,"Share of youth not in education, employment or training, total (% of youth population) (modeled ILO estimate)",Total,All age ranges or no breakdown by age,Total,Percentage,Not Applicable,Not Applicable,Not Applicable,Not Applicable,Ratio,Two,World Development Indicators (WDI),Annual,Units,Normal value,Public,18.77,16.825,15.929,15.459,15.906,15.574,15.113,14.43,13.302,12.934,12.818,14.063,14.308,14.527,14.605,17.057,15.465,16.882,14.381,14.52,14.863
datastructure,WB.DATA360:DS_DATA360(1.3),I,A,JPN,WB_WDI_SL_UEM_NEET_ME_ZS,_T,_T,_T,PT,_Z,_Z,_Z,_Z,RATIO,2,WB_WDI,P1Y,0,A,PU,Annual,Japan,"Share of youth not in education, employment or training, total (% of youth population) (modeled ILO estimate)",Total,All age ranges or no breakdown by age,Total,Percentage,Not Applicable,Not Applicable,Not Applicable,Not Applicable,Ratio,Two,World Development Indicators (WDI),Annual,Units,Normal value,Public,3.771,3.805,3.84,3.868,4.43,4.34,4.192,4.26,3.96,3.74,3.66,3.55,3.32,2.97,3.14,3.323,3.276,3.142,3.019,3.036,3.053
datastructure,WB.DATA360:DS_DATA360(1.3),I,A,ESP,WB_WDI_SL_UEM_NEET_ME_ZS,_T,_T,_T,PT,_Z,_Z,_Z,_Z,RATIO,2,WB_WDI,P1Y,0,A,PU,Annual,Spain,"Share of youth not in education, employment or training, total (% of youth population) (modeled ILO estimate)",Total,All age ranges or no breakdown by age,Total,Percentage,Not Applicable,Not Applicable,Not Applicable,Not Applicable,Ratio,Two,World Development Indicators (WDI),Annual,Units,Normal value,Public,12.96,11.117,10.85,13.243,17.399,17.132,17.582,16.836,17.903,15.748,14.603,13.793,12.151,11.841,11.584,13.682,11.688,9.221,9.3,10.124,10.169
datastructure,WB.DATA360:DS_DATA360(1.3),I,A,ISR,WB_WDI_SL_UEM_NEET_ME_ZS,_T,_T,_T,PT,_Z,_Z,_Z,_Z,RATIO,2,WB_WDI,P1Y,0,A,PU,Annual,Israel,"Share of youth not in education, employment or training, total (% of youth population) (modeled ILO estimate)",Total,All age ranges or no breakdown by age,Total,Percentage,Not Applicable,Not Applicable,Not Applicable,Not Applicable,Ratio,Two,World Development Indicators (WDI),Annual,Units,Normal value,Public,17.484,17.833,16.853,15.826,16.5,16.135,15.558,15.382,14.425,14.472,14.314,13.683,13.575,13.418,14.285,16.064,16.762,15.453,14.935,15.266,15.299
datastructure,WB.DATA360:DS_DATA360(1.3),I,A,SWZ,WB_WDI_SL_UEM_NEET_ME_ZS,_T,_T,_T,PT,_Z,_Z,_Z,_Z,RATIO,2,WB_WDI,P1Y,0,A,PU,Annual,Eswatini,"Share of youth not in education, employment or training, total (% of youth population) (modeled ILO estimate)",Total,All age ranges or no breakdown by age,Total,Percentage,Not Applicable,Not Applicable,Not Applicable,Not Applicable,Ratio,Two,World Development Indicators (WDI),Annual,Units,Normal value,Public,38.829,38.903,38.984,38.699,38.366,37.913,37.406,36.929,36.531,36.17,35.869,35.498,35.156,34.848,34.446,35.166,34.389,36.0,36.472,36.588,36.704
datastructure,WB.DATA360:DS_DATA360(1.3),I,A,UZB,WB_WDI_SL_UEM_NEET_ME_ZS,_T,_T,_T,PT,_Z,_Z,_Z,_Z,RATIO,2,WB_WDI,P1Y,0,A,PU,Annual,Uzbekistan,"Share of youth not in education, employment or training, total (% of youth population) (modeled ILO estimate)",Total,All age ranges or no breakdown by age,Total,Percentage,Not Applicable,Not Applicable,Not Applicable,Not Applicable,Ratio,Two,World Development Indicators (WDI),Annual,Units,Normal value,Public,25.255,24.792,24.066,24.346,24.77,24.88,24.297,23.814,23.482,23.011,22.153,21.106,20.481,19.082,17.825,18.241,16.563,14.975,13.966,13.538,13.683
datastructure,WB.DATA360:DS_DATA360(1.3),I,A,URY,WB_WDI_SL_UEM_NEET_ME_ZS,_T,_T,_T,PT,_Z,_Z,_Z,_Z,RATIO,2,WB_WDI,P1Y,0,A,PU,Annual,Uruguay,"Share of youth not in education, employment or training, total (% of youth population) (modeled ILO estimate)",Total,All age ranges or no breakdown by age,Total,Percentage,Not Applicable,Not Applicable,Not Applicable,Not Applicable,Ratio,Two,World Development Indicators (WDI),Annual,Units,Normal value,Public,19.254,20.55,19.657,18.788,17.846,18.124,17.162,17.733,18.036,18.151,18.733,18.682,17.868,17.954,17.685,17.108,14.94,14.273,14.863,15.051,15.145
datastructure,WB.DATA360:DS_DATA360(1.3),I,A,GNB,WB_WDI_SL_UEM_NEET_ME_ZS,_T,_T,_T,PT,_Z,_Z,_Z,_Z,RATIO,2,WB_WDI,P1Y,0,A,PU,Annual,Guinea-Bissau,"Share of youth not in education, employment or training, total (% of youth population) (modeled ILO estimate)",Total,All age ranges or no breakdown by age,Total,Percentage,Not Applicable,Not Applicable,Not Applicable,Not Applicable,Ratio,Two,World Development Indicators (WDI),Annual,Units,Normal value,Public,19.526,19.45,19.537,19.635,19.758,19.85,19.921,20.125,20.288,20.509,20.645,20.847,21.08,21.383,18.782,17.631,15.647,13.201,13.317,13.443,13.569
datastructure,WB.DATA360:DS_DATA360(1.3),I,A,IND,WB_WDI_SL_UEM_NEET_ME_ZS,_T,_T,_T,PT,_Z,_Z,_Z,_Z,RATIO,2,WB_WDI,P1Y,0,A,PU,Annual,India,"Share of youth not in education, employment or training, total (% of youth population) (modeled ILO estimate)",Total,All age ranges or no breakdown by age,Total,Percentage,Not Applicable,Not Applicable,Not Applicable,Not Applicable,Ratio,Two,World Development Indicators (WDI),Annual,Units,Normal value,Public,29.865,29.782,29.601,29.386,29.26,28.943,27.641,26.863,27.491,27.829,28.251,28.755,29.337,30.023,29.896,30.703,28.006,25.763,23.494,24.188,24.299
datastructure,WB.DATA360:DS_DATA360(1.3),I,A,DJI,WB_WDI_SL_UEM_NEET_ME_ZS,_T,_T,_T,PT,_Z,_Z,_Z,_Z,RATIO,2,WB_WDI,P1Y,0,A,PU,Annual,Djibouti,"Share of youth not in education, employment or training, total (% of youth population) (modeled ILO estimate)",Total,All age ranges or no breakdown by age,Total,Percentage,Not Applicable,Not Applicable,Not Applicable,Not Applicable,Ratio,Two,World Development Indicators (WDI),Annual,Units,Normal value,Public,52.488,52.356,52.249,52.115,52.183,52.129,51.938,51.791,51.664,51.491,51.294,51.112,51.027,50.969,50.86,51.347,51.078,50.657,50.381,50.175,49.961
datastructure,WB.DATA360:DS_DATA360(1.3),I,A,EGY,WB_WDI_SL_UEM_NEET_ME_ZS,_T,_T,_T,PT,_Z,_Z,_Z,_Z,RATIO,2,WB_WDI,P1Y,0,A,PU,Annual,"Egypt, Arab Rep.","Share of youth not in education, employment or training, total (% of youth population) (modeled ILO estimate)",Total,All age ranges or no breakdown by age,Total,Percentage,Not Applicable,Not Applicable,Not Applicable,Not Applicable,Ratio,Two,World Development Indicators (WDI),Annual,Units,Normal value,Public,31.533,31.251,29.884,29.664,29.895,33.084,32.099,31.553,28.396,26.28,27.605,27.61,26.903,27.095,27.959,30.156,28.743,26.92,24.567,24.692,24.817
datastructure,WB.DATA360:DS_DATA360(1.3),I,A,HIC,WB_WDI_SL_UEM_NEET_ME_ZS,_T,_T,_T,PT,_Z,_Z,_Z,_Z,RATIO,2,WB_WDI,P1Y,0,A,PU,Annual,High income,"Share of youth not in education, employment or training, total (% of youth population) (modeled ILO estimate)",Total,All age ranges or no breakdown by age,Total,Percentage,Not Applicable,Not Applicable,Not Applicable,Not Applicable,Ratio,Two,World Development Indicators (WDI),Annual,Units,Normal value,Public,13.515628207550156,13.085443617576043,12.568314267119236,12.622634492175838,14.02067536944496,13.815994683022648,13.446469099252653,13.163881587463141,13.269596076820259,12.733606541942581,12.245868495509297,11.86450119420837,11.333854343212565,11.09838397479205,10.791485200283814,12.612012788211949,11.61978414045548,10.836656001252125,10.623213838385704,10.829166117767798,10.879029486449886
datastructure,WB.DATA360:DS_DATA360(1.3),I,A,TON,WB_WDI_SL_UEM_NEET_ME_ZS,_T,_T,_T,PT,_Z,_Z,_Z,_Z,RATIO,2,WB_WDI,P1Y,0,A,PU,Annual,Tonga,"Share of youth not in education, employment or training, total (% of youth population) (modeled ILO estimate)",Total,All age ranges or no breakdown by age,Total,Percentage,Not Applicable,Not Applicable,Not Applicable,Not Applicable,Ratio,Two,World Development Indicators (WDI),Annual,Units,Normal value,Public,26.973,26.185,26.349,26.422,26.605,26.762,26.888,27.0,27.143,27.308,27.492,27.621,27.763,27.922,28.05,28.554,27.408,26.627,25.611,25.704,25.798
datastructure,WB.DATA360:DS_DATA360(1.3),I,A,LMY,WB_WDI_SL_UEM_NEET_ME_ZS,_T,_T,_T,PT,_Z,_Z,_Z,_Z,RATIO,2,WB_WDI,P1Y,0,A,PU,Annual,Low & middle income,"Share of youth not in education, employment or training, total (% of youth population) (modeled ILO estimate)",Total,All age ranges or no breakdown by age,Total,Percentage,Not Applicable,Not Applicable,Not Applicable,Not Applicable,Ratio,Two,World Development Indicators (WDI),Annual,Units,Normal value,Public,24.509206177251755,24.414027587481314,24.17913841911051,23.922996957252064,23.78852466835727,23.4965993454448,23.02811784034693,22.732715674458635,22.711001011043948,22.698281348609385,22.888723777349657,23.118271661474534,23.22244413463232,23.18956681441075,23.1198450309473,24.40660254647178,22.969753707905,21.953325044588237,20.887001919939475,21.07689051633642,21.217406029497354
datastructure,WB.DATA360:DS_DATA360(1.3),I,A,MRT,WB_WDI_SL_UEM_NEET_ME_ZS,_T,_T,_T,PT,_Z,_Z,_Z,_Z,RATIO,2,WB_WDI,P1Y,0,A,PU,Annual,Mauritania,"Share of youth not in education, employment or training, total (% of youth population) (modeled ILO estimate)",Total,All age ranges or no breakdown by age,Total,Percentage,Not Applicable,Not Applicable,Not Applicable,Not Applicable,Ratio,Two,World Development Indicators (WDI),Annual,Units,Normal value,Public,40.062,39.852,39.981,40.17,40.256,40.14,39.975,39.705,38.785,37.947,37.071,36.375,35.528,35.685,35.824,36.318,36.336,36.25,36.318,36.501,36.684
datastructure,WB.DATA360:DS_DATA360(1.3),I,A,BRN,WB_WDI_SL_UEM_NEET_ME_ZS,_T,_T,_T,PT,_Z,_Z,_Z,_Z,RATIO,2,WB_WDI,P1Y,0,A,PU,Annual,Brunei Darussalam,"Share of youth not in education, employment or training, total (% of youth population) (modeled ILO estimate)",Total,All age ranges or no breakdown by age,Total,Percentage,Not Applicable,Not Applicable,Not Applicable,Not Applicable,Ratio,Two,World Development Indicators (WDI),Annual,Units,Normal value,Public,17.192,17.287,17.489,17.76,17.905,18.129,17.963,17.536,17.544,17.111,18.267,19.278,19.966,20.716,20.092,21.433,18.679,20.004,16.524,16.595,16.666
datastructure,WB.DATA360:DS_DATA360(1.3),I,A,AUT,WB_WDI_SL_UEM_NEET_ME_ZS,_T,_T,_T,PT,_Z,_Z,_Z,_Z,RATIO,2,WB_WDI,P1Y,0,A,PU,Annual,Austria,"Share of youth not in education, employment or training, total (% of youth population) (modeled ILO estimate)",Total,All age ranges or no breakdown by age,Total,Percentage,Not Applicable,Not Applicable,Not Applicable,Not Applicable,Ratio,Two,World Development Indicators (WDI),Annual,Units,Normal value,Public,11.842,11.22,10.706,10.366,11.726,10.788,10.559,10.158,10.341,10.758,11.038,10.914,10.454,10.422,11.008,11.419,12.257,12.155,13.118,13.125,13.132
datastructure,WB.DATA360:DS_DATA360(1.3),I,A,PRE,WB_WDI_SL_UEM_NEET_ME_ZS,_T,_T,_T,PT,_Z,_Z,_Z,_Z,RATIO,2,WB_WDI,P1Y,0,A,PU,Annual,Pre-demographic dividend,"Share of youth not in education, employment or training, total (% of youth population) (modeled ILO estimate)",Total,All age ranges or no breakdown by age,Total,Percentage,Not Applicable,Not Applicable,Not Applicable,Not Applicable,Ratio,Two,World Development Indicators (WDI),Annual,Units,Normal value,Public,21.538167135931538,21.567499618233583,21.612207917503525,21.638881077907403,21.557739781406685,21.693374637412006,21.579577089107538,21.92462750003693,21.89423652670054,22.32528728233968,22.6276749477891,23.212845281931102,23.687041128487454,23.954434759792864,24.25355975184337,25.115509014836658,24.527343350177546,24.129099562984866,22.880409671201082,22.85436449219769,22.873517084799573
datastructure,WB.DATA360:DS_DATA360(1.3),I,A,HTI,WB_WDI_SL_UEM_NEET_ME_ZS,_T,_T,_T,PT,_Z,_Z,_Z,_Z,RATIO,2,WB_WDI,P1Y,0,A,PU,Annual,Haiti,"Share of youth not in education, employment or training, total (% of youth population) (modeled ILO estimate)",Total,All age ranges or no breakdown by age,Total,Percentage,Not Applicable,Not Applicable,Not Applicable,Not Applicable,Ratio,Two,World Development Indicators (WDI),Annual,Units,Normal value,Public,21.209,22.018,22.573,22.272,21.774,21.848,21.351,21.086,20.806,20.757,20.684,20.651,20.553,20.464,20.532,21.57,21.186,20.887,20.917,21.131,21.37
datastructure,WB.DATA360:DS_DATA360(1.3),I,A,FRA,WB_WDI_SL_UEM_NEET_ME_ZS,_T,_T,_T,PT,_Z,_Z,_Z,_Z,RATIO,2,WB_WDI,P1Y,0,A,PU,Annual,France,"Share of youth not in education, employment or training, total (% of youth population) (modeled ILO estimate)",Total,All age ranges or no breakdown by age,Total,Percentage,Not Applicable,Not Applicable,Not Applicable,Not Applicable,Ratio,Two,World Development Indicators (WDI),Annual,Units,Normal value,Public,11.348,11.784,10.996,10.866,14.338,12.876,12.415,12.843,13.434,13.5,13.967,13.94,13.425,13.082,12.618,12.701,11.483,11.557,11.804,12.571,12.568
datastructure,WB.DATA360:DS_DATA360(1.3),I,A,DZA,WB_WDI_SL_UEM_NEET_ME_ZS,_T,_T,_T,PT,_Z,_Z,_Z,_Z,RATIO,2,WB_WDI,P1Y,0,A,PU,Annual,Algeria,"Share of youth not in education, employment or training, total (% of youth population) (modeled ILO estimate)",Total,All age ranges or no breakdown by age,Total,Percentage,Not Applicable,Not Applicable,Not Applicable,Not Applicable,Ratio,Two,World Development Indicators (WDI),Annual,Units,Normal value,Public,29.29,27.614,28.113,26.688,25.45,24.53,26.0,22.7,21.5,22.8,21.2,20.435,20.95,20.336,20.084,20.869,20.36,19.89,19.56,19.632,19.704
datastructure,WB.DATA360:DS_DATA360(1.3),I,A,SYR,WB_WDI_SL_UEM_NEET_ME_ZS,_T,_T,_T,PT,_Z,_Z,_Z,_Z,RATIO,2,WB_WDI,P1Y,0,A,PU,Annual,Syrian Arab Republic,"Share of youth not in education, employment or training, total (% of youth population) (modeled ILO estimate)",Total,All age ranges or no breakdown by age,Total,Percentage,Not Applicable,Not Applicable,Not Applicable,Not Applicable,Ratio,Two,World Development Indicators (WDI),Annual,Units,Normal value,Public,30.307,30.311,31.012,31.781,29.813,30.3,29.867,31.893,31.59,31.128,30.724,30.921,31.528,32.184,32.943,34.838,34.567,34.135,34.404,34.552,34.36
datastructure,WB.DATA360:DS_DATA360(1.3),I,A,NIC,WB_WDI_SL_UEM_NEET_ME_ZS,_T,_T,_T,PT,_Z,_Z,_Z,_Z,RATIO,2,WB_WDI,P1Y,0,A,PU,Annual,Nicaragua,"Share of youth not in education, employment or training, total (% of youth population) (modeled ILO estimate)",Total,All age ranges or no breakdown by age,Total,Percentage,Not Applicable,Not Applicable,Not Applicable,Not Applicable,Ratio,Two,World Development Indicators (WDI),Annual,Units,Normal value,Public,22.817,23.058,23.087,24.018,25.268,25.298,24.797,24.178,24.65,24.488,24.451,23.723,23.085,24.036,24.152,24.628,24.131,23.246,21.818,21.875,21.932
datastructure,WB.DATA360:DS_DATA360(1.3),I,A,BHR,WB_WDI_SL_UEM_NEET_ME_ZS,_T,_T,_T,PT,_Z,_Z,_Z,_Z,RATIO,2,WB_WDI,P1Y,0,A,PU,Annual,Bahrain,"Share of youth not in education, employment or training, total (% of youth population) (modeled ILO estimate)",Total,All age ranges or no breakdown by age,Total,Percentage,Not Applicable,Not Applicable,Not Applicable,Not Applicable,Ratio,Two,World Development Indicators (WDI),Annual,Units,Normal value,Public,23.199,22.486,21.222,19.693,18.122,16.861,16.508,15.079,13.644,13.308,12.105,11.795,11.546,11.375,10.943,13.026,13.209,11.621,10.173,10.207,10.34
datastructure,WB.DATA360:DS_DATA360(1.3),I,A,TMN,WB_WDI_SL_UEM_NEET_ME_ZS,_T,_T,_T,PT,_Z,_Z,_Z,_Z,RATIO,2,WB_WDI,P1Y,0,A,PU,Annual,"Middle East, North Africa, Afghanistan & Pakistan (IDA & IBRD)","Share of youth not in education, employment or training, total (% of youth population) (modeled ILO estimate)",Total,All age ranges or no breakdown by age,Total,Percentage,Not Applicable,Not Applicable,Not Applicable,Not Applicable,Ratio,Two,World Development Indicators (WDI),Annual,Units,Normal value,Public,35.43407820093605,35.379185415313955,34.5922565051527,33.917397437047185,33.228178528972435,33.45222935343616,33.55985537332607,33.36230555380559,32.48441979963065,32.210196329148125,32.20051264510252,32.04155933886609,32.16832478100657,32.25640611800547,31.716776533785417,34.86887471214164,34.06780608129607,33.73951447522668,33.14917005015261,33.320783407838654,33.39752453789123
datastructure,WB.DATA360:DS_DATA360(1.3),I,A,SLB,WB_WDI_SL_UEM_NEET_ME_ZS,_T,_T,_T,PT,_Z,_Z,_Z,_Z,RATIO,2,WB_WDI,P1Y,0,A,PU,Annual,Solomon Islands,"Share of youth not in education, employment or training, total (% of youth population) (modeled ILO estimate)",Total,All age ranges or no breakdown by age,Total,Percentage,Not Applicable,Not Applicable,Not Applicable,Not Applicable,Ratio,Two,World Development Indicators (WDI),Annual,Units,Normal value,Public,8.417,8.215,8.097,8.039,7.946,7.718,7.521,7.257,7.044,7.028,7.025,7.097,7.142,7.192,7.244,7.599,7.546,8.201,8.228,8.259,8.29
datastructure,WB.DATA360:DS_DATA360(1.3),I,A,OSS,WB_WDI_SL_UEM_NEET_ME_ZS,_T,_T,_T,PT,_Z,_Z,_Z,_Z,RATIO,2,WB_WDI,P1Y,0,A,PU,Annual,Other small states,"Share of youth not in education, employment or training, total (% of youth population) (modeled ILO estimate)",Total,All age ranges or no breakdown by age,Total,Percentage,Not Applicable,Not Applicable,Not Applicable,Not Applicable,Ratio,Two,World Development Indicators (WDI),Annual,Units,Normal value,Public,26.1693805222792,25.157337093188474,24.965622057752242,24.770410946685182,25.308563267332744,24.981580482246894,24.947201747727643,25.105507468493943,25.21210613212349,24.969258294595527,24.77082109456932,24.79456181629431,25.021691295788255,25.18045683783189,24.756892271146224,26.094121994503425,26.087062701259327,26.30227001076849,25.89410091548758,25.759452635095062,25.816252954656232
datastructure,WB.DATA360:DS_DATA360(1.3),I,A,BLZ,WB_WDI_SL_UEM_NEET_ME_ZS,_T,_T,_T,PT,_Z,_Z,_Z,_Z,RATIO,2,WB_WDI,P1Y,0,A,PU,Annual,Belize,"Share of youth not in education, employment or training, total (% of youth population) (modeled ILO estimate)",Total,All age ranges or no breakdown by age,Total,Percentage,Not Applicable,Not Applicable,Not Applicable,Not Applicable,Ratio,Two,World Development Indicators (WDI),Annual,Units,Normal value,Public,29.996,28.863,28.228,27.996,27.835,28.043,28.186,27.885,27.928,27.785,27.679,27.378,27.378,24.714,24.884,26.186,26.05,24.472,24.525,24.641,24.757
datastructure,WB.DATA360:DS_DATA360(1.3),I,A,CRI,WB_WDI_SL_UEM_NEET_ME_ZS,_T,_T,_T,PT,_Z,_Z,_Z,_Z,RATIO,2,WB_WDI,P1Y,0,A,PU,Annual,Costa Rica,"Share of youth not in education, employment or training, total (% of youth population) (modeled ILO estimate)",Total,All age ranges or no breakdown by age,Total,Percentage,Not Applicable,Not Applicable,Not Applicable,Not Applicable,Ratio,Two,World Development Indicators (WDI),Annual,Units,Normal value,Public,18.655,18.468,17.472,17.325,19.637,19.087,21.144,17.571,17.966,18.306,18.648,20.447,19.96,18.678,17.582,19.946,18.991,17.181,20.883,18.282,18.348
datastructure,WB.DATA360:DS_DATA360(1.3),I,A,BWA,WB_WDI_SL_UEM_NEET_ME_ZS,_T,_T,_T,PT,_Z,_Z,_Z,_Z,RATIO,2,WB_WDI,P1Y,0,A,PU,Annual,Botswana,"Share of youth not in education, employment or training, total (% of youth population) (modeled ILO estimate)",Total,All age ranges or no breakdown by age,Total,Percentage,Not Applicable,Not Applicable,Not Applicable,Not Applicable,Ratio,Two,World Development Indicators (WDI),Annual,Units,Normal value,Public,44.122,42.338,40.332,37.984,35.668,36.032,35.615,34.521,33.562,33.35,32.941,33.064,32.866,32.282,31.985,37.144,35.168,37.003,37.581,37.998,38.134
datastructure,WB.DATA360:DS_DATA360(1.3),I,A,PRT,WB_WDI_SL_UEM_NEET_ME_ZS,_T,_T,_T,PT,_Z,_Z,_Z,_Z,RATIO,2,WB_WDI,P1Y,0,A,PU,Annual,Portugal,"Share of youth not in education, employment or training, total (% of youth population) (modeled ILO estimate)",Total,All age ranges or no breakdown by age,Total,Percentage,Not Applicable,Not Applicable,Not Applicable,Not Applicable,Ratio,Two,World Development Indicators (WDI),Annual,Units,Normal value,Public,11.091,10.61,11.156,10.23,11.207,11.438,12.565,13.901,14.127,12.195,11.161,10.456,9.325,8.32,7.966,9.125,8.057,7.774,8.531,7.761,7.808
datastructure,WB.DATA360:DS_DATA360(1.3),I,A,PSE,WB_WDI_SL_UEM_NEET_ME_ZS,_T,_T,_T,PT,_Z,_Z,_Z,_Z,RATIO,2,WB_WDI,P1Y,0,A,PU,Annual,West Bank and Gaza,"Share of youth not in education, employment or training, total (% of youth population) (modeled ILO estimate)",Total,All age ranges or no breakdown by age,Total,Percentage,Not Applicable,Not Applicable,Not Applicable,Not Applicable,Ratio,Two,World Development Indicators (WDI),Annual,Units,Normal value,Public,28.946,28.207,28.141,28.369,27.293,28.034,26.309,28.519,30.301,31.594,29.854,30.648,31.484,31.749,29.11,30.344,28.062,25.443,,,
datastructure,WB.DATA360:DS_DATA360(1.3),I,A,FJI,WB_WDI_SL_UEM_NEET_ME_ZS,_T,_T,_T,PT,_Z,_Z,_Z,_Z,RATIO,2,WB_WDI,P1Y,0,A,PU,Annual,Fiji,"Share of youth not in education, employment or training, total (% of youth population) (modeled ILO estimate)",Total,All age ranges or no breakdown by age,Total,Percentage,Not Applicable,Not Applicable,Not Applicable,Not Applicable,Ratio,Two,World Development Indicators (WDI),Annual,Units,Normal value,Public,20.549,24.213,27.983,25.558,23.254,20.79,18.404,18.725,18.935,19.09,19.55,20.086,20.071,20.093,20.199,21.786,21.847,20.787,20.701,20.786,20.732
datastructure,WB.DATA360:DS_DATA360(1.3),I,A,ALB,WB_WDI_SL_UEM_NEET_ME_ZS,_T,_T,_T,PT,_Z,_Z,_Z,_Z,RATIO,2,WB_WDI,P1Y,0,A,PU,Annual,Albania,"Share of youth not in education, employment or training, total (% of youth population) (modeled ILO estimate)",Total,All age ranges or no breakdown by age,Total,Percentage,Not Applicable,Not Applicable,Not Applicable,Not Applicable,Ratio,Two,World Development Indicators (WDI),Annual,Units,Normal value,Public,35.186,32.648,30.37,28.166,30.734,29.72,30.011,27.654,30.977,31.392,29.816,27.391,26.227,26.614,25.824,26.943,24.084,23.714,23.16,23.258,23.355
datastructure,WB.DATA360:DS_DATA360(1.3),I,A,ROU,WB_WDI_SL_UEM_NEET_ME_ZS,_T,_T,_T,PT,_Z,_Z,_Z,_Z,RATIO,2,WB_WDI,P1Y,0,A,PU,Annual,Romania,"Share of youth not in education, employment or training, total (% of youth population) (modeled ILO estimate)",Total,All age ranges or no breakdown by age,Total,Percentage,Not Applicable,Not Applicable,Not Applicable,Not Applicable,Ratio,Two,World Development Indicators (WDI),Annual,Units,Normal value,Public,20.809,19.894,19.327,18.559,19.59,16.605,17.47,16.807,16.959,17.013,18.084,17.382,15.154,14.517,14.657,14.754,18.015,17.518,16.541,17.037,17.108
datastructure,WB.DATA360:DS_DATA360(1.3),I,A,MYS,WB_WDI_SL_UEM_NEET_ME_ZS,_T,_T,_T,PT,_Z,_Z,_Z,_Z,RATIO,2,WB_WDI,P1Y,0,A,PU,Annual,Malaysia,"Share of youth not in education, employment or training, total (% of youth population) (modeled ILO estimate)",Total,All age ranges or no breakdown by age,Total,Percentage,Not Applicable,Not Applicable,Not Applicable,Not Applicable,Ratio,Two,World Development Indicators (WDI),Annual,Units,Normal value,Public,15.576,15.546,15.423,15.002,14.981,14.603,14.37,13.95,13.65,12.77,12.245,11.69,11.8,12.47,11.41,13.63,9.25,10.22,10.129,10.197,10.264
datastructure,WB.DATA360:DS_DATA360(1.3),I,A,AUS,WB_WDI_SL_UEM_NEET_ME_ZS,_T,_T,_T,PT,_Z,_Z,_Z,_Z,RATIO,2,WB_WDI,P1Y,0,A,PU,Annual,Australia,"Share of youth not in education, employment or training, total (% of youth population) (modeled ILO estimate)",Total,All age ranges or no breakdown by age,Total,Percentage,Not Applicable,Not Applicable,Not Applicable,Not Applicable,Ratio,Two,World Development Indicators (WDI),Annual,Units,Normal value,Public,10.63,10.273,9.87,9.541,11.4,11.32,10.59,9.91,11.02,10.09,9.8,8.69,8.96,9.419,9.361,10.706,9.27,8.389,7.913,8.53,8.59
datastructure,WB.DATA360:DS_DATA360(1.3),I,A,EAP,WB_WDI_SL_UEM_NEET_ME_ZS,_T,_T,_T,PT,_Z,_Z,_Z,_Z,RATIO,2,WB_WDI,P1Y,0,A,PU,Annual,East Asia & Pacific (excluding high income),"Share of youth not in education, employment or training, total (% of youth population) (modeled ILO estimate)",Total,All age ranges or no breakdown by age,Total,Percentage,Not Applicable,Not Applicable,Not Applicable,Not Applicable,Ratio,Two,World Development Indicators (WDI),Annual,Units,Normal value,Public,18.746995622654826,18.68290009174713,18.44617788505099,18.17285059786396,18.038936318629535,17.41939613349322,16.97920016100585,16.346946774994187,15.976395163467437,15.355411098841225,15.139202208211072,14.826350005706441,14.380214419089352,13.548799525361565,13.564169927217721,14.931615258248957,14.034052827878698,13.308893837699994,13.143930825093236,13.140923226449507,13.398005757855081
datastructure,WB.DATA360:DS_DATA360(1.3),I,A,ERI,WB_WDI_SL_UEM_NEET_ME_ZS,_T,_T,_T,PT,_Z,_Z,_Z,_Z,RATIO,2,WB_WDI,P1Y,0,A,PU,Annual,Eritrea,"Share of youth not in education, employment or training, total (% of youth population) (modeled ILO estimate)",Total,All age ranges or no breakdown by age,Total,Percentage,Not Applicable,Not Applicable,Not Applicable,Not Applicable,Ratio,Two,World Development Indicators (WDI),Annual,Units,Normal value,Public,22.348,22.095,21.967,22.211,22.509,23.062,23.009,23.026,23.043,22.76,23.57,23.696,23.994,24.198,24.665,25.984,25.952,25.52,25.445,25.649,25.841
datastructure,WB.DATA360:DS_DATA360(1.3),I,A,OED,WB_WDI_SL_UEM_NEET_ME_ZS,_T,_T,_T,PT,_Z,_Z,_Z,_Z,RATIO,2,WB_WDI,P1Y,0,A,PU,Annual,OECD members,"Share of youth not in education, employment or training, total (% of youth population) (modeled ILO estimate)",Total,All age ranges or no breakdown by age,Total,Percentage,Not Applicable,Not Applicable,Not Applicable,Not Applicable,Ratio,Two,World Development Indicators (WDI),Annual,Units,Normal value,Public,16.004688780695634,15.45081969196551,15.109661158927508,15.246916082847887,16.31276389328372,16.113331773413602,15.709430128504692,15.451776714909341,15.308809007555316,14.577774234254388,14.055881666083206,13.741396671081153,13.25762263272834,13.151809496645361,13.086013005830505,15.097835340819778,13.70404585582241,12.713150184016126,12.370109801094086,12.570263150052911,12.59488224095604
datastructure,WB.DATA360:DS_DATA360(1.3),I,A,GNQ,WB_WDI_SL_UEM_NEET_ME_ZS,_T,_T,_T,PT,_Z,_Z,_Z,_Z,RATIO,2,WB_WDI,P1Y,0,A,PU,Annual,Equatorial Guinea,"Share of youth not in education, employment or training, total (% of youth population) (modeled ILO estimate)",Total,All age ranges or no breakdown by age,Total,Percentage,Not Applicable,Not Applicable,Not Applicable,Not Applicable,Ratio,Two,World Development Indicators (WDI),Annual,Units,Normal value,Public,24.299,24.336,24.177,23.863,23.879,24.039,23.621,23.165,22.862,22.631,22.745,22.883,22.904,23.033,23.346,24.625,24.437,23.964,24.182,24.614,25.147
datastructure,WB.DATA360:DS_DATA360(1.3),I,A,TSA,WB_WDI_SL_UEM_NEET_ME_ZS,_T,_T,_T,PT,_Z,_Z,_Z,_Z,RATIO,2,WB_WDI,P1Y,0,A,PU,Annual,South Asia (IDA & IBRD),"Share of youth not in education, employment or training, total (% of youth population) (modeled ILO estimate)",Total,All age ranges or no breakdown by age,Total,Percentage,Not Applicable,Not Applicable,Not Applicable,Not Applicable,Ratio,Two,World Development Indicators (WDI),Annual,Units,Normal value,Public,29.671534540690818,29.714652215458905,29.540166675863112,29.32966237530163,29.233349622379347,28.8052418747272,27.687647699798816,27.049004469277573,27.62790102539551,27.989867716052654,28.35292230759773,28.820734510979324,29.17931017197625,29.463233426879327,29.008139615265936,29.50700162105604,26.854164443932575,24.619589005969427,22.571564236700382,23.267919409946412,23.37474031150628
datastructure,WB.DATA360:DS_DATA360(1.3),I,A,COM,WB_WDI_SL_UEM_NEET_ME_ZS,_T,_T,_T,PT,_Z,_Z,_Z,_Z,RATIO,2,WB_WDI,P1Y,0,A,PU,Annual,Comoros,"Share of youth not in education, employment or training, total (% of youth population) (modeled ILO estimate)",Total,All age ranges or no breakdown by age,Total,Percentage,Not Applicable,Not Applicable,Not Applicable,Not Applicable,Ratio,Two,World Development Indicators (WDI),Annual,Units,Normal value,Public,28.049,28.241,28.422,28.442,28.402,28.45,28.187,28.085,27.895,27.584,26.39,25.286,24.326,23.511,22.71,22.093,21.168,21.099,21.116,21.233,21.349
datastructure,WB.DATA360:DS_DATA360(1.3),I,A,NLD,WB_WDI_SL_UEM_NEET_ME_ZS,_T,_T,_T,PT,_Z,_Z,_Z,_Z,RATIO,2,WB_WDI,P1Y,0,A,PU,Annual,Netherlands,"Share of youth not in education, employment or training, total (% of youth population) (modeled ILO estimate)",Total,All age ranges or no breakdown by age,Total,Percentage,Not Applicable,Not Applicable,Not Applicable,Not Applicable,Ratio,Two,World Development Indicators (WDI),Annual,Units,Normal value,Public,6.431,5.122,4.583,4.593,4.865,4.691,4.201,5.036,5.969,5.829,4.22,4.594,4.182,4.027,4.256,4.673,3.079,3.259,3.717,3.579,3.583
datastructure,WB.DATA360:DS_DATA360(1.3),I,A,EAR,WB_WDI_SL_UEM_NEET_ME_ZS,_T,_T,_T,PT,_Z,_Z,_Z,_Z,RATIO,2,WB_WDI,P1Y,0,A,PU,Annual,Early-demographic dividend,"Share of youth not in education, employment or training, total (% of youth population) (modeled ILO estimate)",Total,All age ranges or no breakdown by age,Total,Percentage,Not Applicable,Not Applicable,Not Applicable,Not Applicable,Ratio,Two,World Development Indicators (WDI),Annual,Units,Normal value,Public,29.16359214528358,28.930735875748205,28.59370405401055,28.155116443414776,27.84957546459092,27.51917763280627,26.783113393931707,26.145049145032814,26.15428510628515,26.163277840357026,26.378296005781753,26.478210227240854,26.534246221315975,26.629065303061356,26.29696317616084,27.614740074557023,25.852524340928703,24.4762505898712,23.117256924043062,23.523360240160446,23.634495998329395
datastructure,WB.DATA360:DS_DATA360(1.3),I,A,SWE,WB_WDI_SL_UEM_NEET_ME_ZS,_T,_T,_T,PT,_Z,_Z,_Z,_Z,RATIO,2,WB_WDI,P1Y,0,A,PU,Annual,Sweden,"Share of youth not in education, employment or training, total (% of youth population) (modeled ILO estimate)",Total,All age ranges or no breakdown by age,Total,Percentage,Not Applicable,Not Applicable,Not Applicable,Not Applicable,Ratio,Two,World Development Indicators (WDI),Annual,Units,Normal value,Public,9.869,9.355,7.54,7.872,9.639,7.786,7.644,7.898,7.517,7.254,6.809,6.589,6.273,6.174,5.527,6.517,5.061,4.948,5.12,5.51,5.551
datastructure,WB.DATA360:DS_DATA360(1.3),I,A,LAC,WB_WDI_SL_UEM_NEET_ME_ZS,_T,_T,_T,PT,_Z,_Z,_Z,_Z,RATIO,2,WB_WDI,P1Y,0,A,PU,Annual,Latin America & Caribbean (excluding high income),"Share of youth not in education, employment or training, total (% of youth population) (modeled ILO estimate)",Total,All age ranges or no breakdown by age,Total,Percentage,Not Applicable,Not Applicable,Not Applicable,Not Applicable,Ratio,Two,World Development Indicators (WDI),Annual,Units,Normal value,Public,21.088907430421223,20.687485631435347,20.49398664124315,20.192788680168597,20.50700930712549,20.42831289950764,20.34470095457041,20.46184984798245,20.66904356904891,20.695311598749004,21.146207308417697,21.616680402919993,21.676535562141027,21.56711393281236,21.437427319019843,24.115712491067804,21.63693668126713,20.28289298274679,19.544819248711477,19.179001370173474,19.224981455470775
datastructure,WB.DATA360:DS_DATA360(1.3),I,A,SST,WB_WDI_SL_UEM_NEET_ME_ZS,_T,_T,_T,PT,_Z,_Z,_Z,_Z,RATIO,2,WB_WDI,P1Y,0,A,PU,Annual,Small states,"Share of youth not in education, employment or training, total (% of youth population) (modeled ILO estimate)",Total,All age ranges or no breakdown by age,Total,Percentage,Not Applicable,Not Applicable,Not Applicable,Not Applicable,Ratio,Two,World Development Indicators (WDI),Annual,Units,Normal value,Public,25.101433576269446,24.40707202244292,24.434573750285097,24.14230324603418,24.582515426286886,24.3226625002146,24.222460270389377,24.37132916229908,24.468273498393287,24.240199965220135,24.049512142945165,24.24097762049741,24.330143156160055,24.37009763733949,24.176050559453433,25.764944288944058,25.325951784808158,25.119017767673633,24.63950510660961,24.485393967492023,24.55394199866062
datastructure,WB.DATA360:DS_DATA360(1.3),I,A,ECS,WB_WDI_SL_UEM_NEET_ME_ZS,_T,_T,_T,PT,_Z,_Z,_Z,_Z,RATIO,2,WB_WDI,P1Y,0,A,PU,Annual,Europe & Central Asia,"Share of youth not in education, employment or training, total (% of youth population) (modeled ILO estimate)",Total,All age ranges or no breakdown by age,Total,Percentage,Not Applicable,Not Applicable,Not Applicable,Not Applicable,Ratio,Two,World Development Indicators (WDI),Annual,Units,Normal value,Public,18.612110604237184,18.044059461516284,17.33972020747056,16.92138688043165,17.75767165930798,17.348606675767098,16.85564888023937,16.710351224534982,16.492262786214567,15.912912735277864,15.338964530430687,15.110292709721302,14.712022285482636,14.410126559118334,14.232500790282126,15.133832487791267,14.274217289575425,13.417723718946418,12.852965800339614,12.98227272010619,13.001735119126176
datastructure,WB.DATA360:DS_DATA360(1.3),I,A,HUN,WB_WDI_SL_UEM_NEET_ME_ZS,_T,_T,_T,PT,_Z,_Z,_Z,_Z,RATIO,2,WB_WDI,P1Y,0,A,PU,Annual,Hungary,"Share of youth not in education, employment or training, total (% of youth population) (modeled ILO estimate)",Total,All age ranges or no breakdown by age,Total,Percentage,Not Applicable,Not Applicable,Not Applicable,Not Applicable,Ratio,Two,World Development Indicators (WDI),Annual,Units,Normal value,Public,12.722,12.435,11.458,11.463,13.605,12.555,13.213,14.785,15.466,13.619,11.581,11.047,11.039,10.741,11.015,11.743,10.615,9.841,9.832,9.98,10.014
datastructure,WB.DATA360:DS_DATA360(1.3),I,A,CAF,WB_WDI_SL_UEM_NEET_ME_ZS,_T,_T,_T,PT,_Z,_Z,_Z,_Z,RATIO,2,WB_WDI,P1Y,0,A,PU,Annual,Central African Republic,"Share of youth not in education, employment or training, total (% of youth population) (modeled ILO estimate)",Total,All age ranges or no breakdown by age,Total,Percentage,Not Applicable,Not Applicable,Not Applicable,Not Applicable,Ratio,Two,World Development Indicators (WDI),Annual,Units,Normal value,Public,29.793,29.672,29.576,29.523,29.558,29.331,28.844,28.517,28.573,28.323,28.379,28.675,28.833,28.954,29.203,30.227,30.219,29.818,29.757,29.845,29.933
datastructure,WB.DATA360:DS_DATA360(1.3),I,A,TLA,WB_WDI_SL_UEM_NEET_ME_ZS,_T,_T,_T,PT,_Z,_Z,_Z,_Z,RATIO,2,WB_WDI,P1Y,0,A,PU,Annual,Latin America & Caribbean (IDA & IBRD),"Share of youth not in education, employment or training, total (% of youth population) (modeled ILO estimate)",Total,All age ranges or no breakdown by age,Total,Percentage,Not Applicable,Not Applicable,Not Applicable,Not Applicable,Ratio,Two,World Development Indicators (WDI),Annual,Units,Normal value,Public,21.38753018006858,20.977831154073357,20.746757784302222,20.525783617541713,20.73347082197729,20.432745322099844,20.345636264034162,20.400996465222757,20.631806279502126,20.69289974266956,21.118661054563713,21.51739041619522,21.725024419894684,21.595938059010294,21.472906703378975,24.060322222207425,21.66190582521277,20.35283377386206,19.71350900202315,19.33030571968892,19.38646476104984
datastructure,WB.DATA360:DS_DATA360(1.3),I,A,MDA,WB_WDI_SL_UEM_NEET_ME_ZS,_T,_T,_T,PT,_Z,_Z,_Z,_Z,RATIO,2,WB_WDI,P1Y,0,A,PU,Annual,Moldova,"Share of youth not in education, employment or training, total (% of youth population) (modeled ILO estimate)",Total,All age ranges or no breakdown by age,Total,Percentage,Not Applicable,Not Applicable,Not Applicable,Not Applicable,Ratio,Two,World Development Indicators (WDI),Annual,Units,Normal value,Public,26.443,23.602,22.853,20.543,21.234,19.453,19.724,19.282,18.627,16.386,15.689,16.272,16.922,17.83,17.479,15.592,13.55,14.963,13.308,11.491,11.581
datastructure,WB.DATA360:DS_DATA360(1.3),I,A,CAN,WB_WDI_SL_UEM_NEET_ME_ZS,_T,_T,_T,PT,_Z,_Z,_Z,_Z,RATIO,2,WB_WDI,P1Y,0,A,PU,Annual,Canada,"Share of youth not in education, employment or training, total (% of youth population) (modeled ILO estimate)",Total,All age ranges or no breakdown by age,Total,Percentage,Not Applicable,Not Applicable,Not Applicable,Not Applicable,Ratio,Two,World Development Indicators (WDI),Annual,Units,Normal value,Public,12.78,12.207,11.942,12.42,13.928,13.697,13.192,13.252,12.914,13.55,13.272,12.889,12.072,12.211,12.043,17.865,12.815,11.599,11.735,12.988,13.014
datastructure,WB.DATA360:DS_DATA360(1.3),I,A,GRC,WB_WDI_SL_UEM_NEET_ME_ZS,_T,_T,_T,PT,_Z,_Z,_Z,_Z,RATIO,2,WB_WDI,P1Y,0,A,PU,Annual,Greece,"Share of youth not in education, employment or training, total (% of youth population) (modeled ILO estimate)",Total,All age ranges or no breakdown by age,Total,Percentage,Not Applicable,Not Applicable,Not Applicable,Not Applicable,Ratio,Two,World Development Indicators (WDI),Annual,Units,Normal value,Public,13.847,13.328,13.051,13.097,13.467,15.767,18.311,21.134,21.244,19.869,17.896,16.239,15.885,14.688,12.977,13.53,12.048,11.352,12.505,10.43,10.438
datastructure,WB.DATA360:DS_DATA360(1.3),I,A,KOR,WB_WDI_SL_UEM_NEET_ME_ZS,_T,_T,_T,PT,_Z,_Z,_Z,_Z,RATIO,2,WB_WDI,P1Y,0,A,PU,Annual,"Korea, Rep.","Share of youth not in education, employment or training, total (% of youth population) (modeled ILO estimate)",Total,All age ranges or no breakdown by age,Total,Percentage,Not Applicable,Not Applicable,Not Applicable,Not Applicable,Ratio,Two,World Development Indicators (WDI),Annual,Units,Normal value,Public,12.45,11.49,10.14,10.29,10.79,10.9,11.17,10.93,10.92,10.59,12.07,12.12,12.1,12.43,12.5,13.31,12.57,11.122,11.052,11.035,11.019
datastructure,WB.DATA360:DS_DATA360(1.3),I,A,TUN,WB_WDI_SL_UEM_NEET_ME_ZS,_T,_T,_T,PT,_Z,_Z,_Z,_Z,RATIO,2,WB_WDI,P1Y,0,A,PU,Annual,Tunisia,"Share of youth not in education, employment or training, total (% of youth population) (modeled ILO estimate)",Total,All age ranges or no breakdown by age,Total,Percentage,Not Applicable,Not Applicable,Not Applicable,Not Applicable,Ratio,Two,World Development Indicators (WDI),Annual,Units,Normal value,Public,26.698,26.418,26.119,25.846,26.003,25.227,28.792,28.684,28.927,30.417,29.271,28.62,27.926,26.934,26.788,26.587,25.223,23.768,22.648,22.78,22.911
datastructure,WB.DATA360:DS_DATA360(1.3),I,A,TJK,WB_WDI_SL_UEM_NEET_ME_ZS,_T,_T,_T,PT,_Z,_Z,_Z,_Z,RATIO,2,WB_WDI,P1Y,0,A,PU,Annual,Tajikistan,"Share of youth not in education, employment or training, total (% of youth population) (modeled ILO estimate)",Total,All age ranges or no breakdown by age,Total,Percentage,Not Applicable,Not Applicable,Not Applicable,Not Applicable,Ratio,Two,World Development Indicators (WDI),Annual,Units,Normal value,Public,37.205,37.996,38.319,40.255,42.2,42.248,42.306,42.212,42.179,41.943,41.668,41.328,41.036,40.764,40.466,40.256,39.563,39.236,39.329,39.459,39.59
datastructure,WB.DATA360:DS_DATA360(1.3),I,A,IDB,WB_WDI_SL_UEM_NEET_ME_ZS,_T,_T,_T,PT,_Z,_Z,_Z,_Z,RATIO,2,WB_WDI,P1Y,0,A,PU,Annual,IDA blend,"Share of youth not in education, employment or training, total (% of youth population) (modeled ILO estimate)",Total,All age ranges or no breakdown by age,Total,Percentage,Not Applicable,Not Applicable,Not Applicable,Not Applicable,Ratio,Two,World Development Indicators (WDI),Annual,Units,Normal value,Public,24.615737771454018,24.816256518583735,24.35832394699548,23.819972793194957,22.980628268903466,22.847579556728085,23.04244214753634,23.080725670618296,22.38411008268275,22.27145866117222,22.090071574491652,22.08308094116277,22.58629201165417,22.96812812576793,22.729326602955418,24.954444357798884,24.37423617407396,23.635230171314017,23.285103208415723,23.272128537052073,23.29001599835171
datastructure,WB.DATA360:DS_DATA360(1.3),I,A,VCT,WB_WDI_SL_UEM_NEET_ME_ZS,_T,_T,_T,PT,_Z,_Z,_Z,_Z,RATIO,2,WB_WDI,P1Y,0,A,PU,Annual,St. Vincent and the Grenadines,"Share of youth not in education, employment or training, total (% of youth population) (modeled ILO estimate)",Total,All age ranges or no breakdown by age,Total,Percentage,Not Applicable,Not Applicable,Not Applicable,Not Applicable,Ratio,Two,World Development Indicators (WDI),Annual,Units,Normal value,Public,30.0,29.45,28.992,28.747,29.382,29.792,29.85,29.508,29.204,29.163,28.596,28.404,28.136,27.679,27.65,29.858,28.625,27.145,26.133,25.703,25.738
datastructure,WB.DATA360:DS_DATA360(1.3),I,A,DNK,WB_WDI_SL_UEM_NEET_ME_ZS,_T,_T,_T,PT,_Z,_Z,_Z,_Z,RATIO,2,WB_WDI,P1Y,0,A,PU,Annual,Denmark,"Share of youth not in education, employment or training, total (% of youth population) (modeled ILO estimate)",Total,All age ranges or no breakdown by age,Total,Percentage,Not Applicable,Not Applicable,Not Applicable,Not Applicable,Ratio,Two,World Development Indicators (WDI),Annual,Units,Normal value,Public,4.366,3.642,4.326,5.214,6.48,6.857,7.186,7.346,6.633,6.394,7.032,6.72,7.582,7.683,7.722,7.464,7.111,6.766,7.155,6.848,6.862
datastructure,WB.DATA360:DS_DATA360(1.3),I,A,GUY,WB_WDI_SL_UEM_NEET_ME_ZS,_T,_T,_T,PT,_Z,_Z,_Z,_Z,RATIO,2,WB_WDI,P1Y,0,A,PU,Annual,Guyana,"Share of youth not in education, employment or training, total (% of youth population) (modeled ILO estimate)",Total,All age ranges or no breakdown by age,Total,Percentage,Not Applicable,Not Applicable,Not Applicable,Not Applicable,Ratio,Two,World Development Indicators (WDI),Annual,Units,Normal value,Public,41.695,41.475,41.601,41.817,42.117,42.218,42.238,42.363,42.542,42.735,42.902,42.936,42.898,42.926,45.662,46.614,45.659,43.253,42.715,42.853,42.992
datastructure,WB.DATA360:DS_DATA360(1.3),I,A,SLE,WB_WDI_SL_UEM_NEET_ME_ZS,_T,_T,_T,PT,_Z,_Z,_Z,_Z,RATIO,2,WB_WDI,P1Y,0,A,PU,Annual,Sierra Leone,"Share of youth not in education, employment or training, total (% of youth population) (modeled ILO estimate)",Total,All age ranges or no breakdown by age,Total,Percentage,Not Applicable,Not Applicable,Not Applicable,Not Applicable,Ratio,Two,World Development Indicators (WDI),Annual,Units,Normal value,Public,29.096,29.505,29.916,30.325,30.806,31.106,31.338,31.477,31.499,32.31,32.203,31.706,31.246,30.784,30.866,31.185,31.03,30.914,30.835,30.802,30.755
datastructure,WB.DATA360:DS_DATA360(1.3),I,A,LBY,WB_WDI_SL_UEM_NEET_ME_ZS,_T,_T,_T,PT,_Z,_Z,_Z,_Z,RATIO,2,WB_WDI,P1Y,0,A,PU,Annual,Libya,"Share of youth not in education, employment or training, total (% of youth population) (modeled ILO estimate)",Total,All age ranges or no breakdown by age,Total,Percentage,Not Applicable,Not Applicable,Not Applicable,Not Applicable,Ratio,Two,World Development Indicators (WDI),Annual,Units,Normal value,Public,35.667,35.095,34.413,33.949,33.588,33.022,33.459,30.822,31.079,31.489,31.376,31.218,30.477,30.14,30.391,31.849,30.896,30.837,30.422,30.681,30.467
datastructure,WB.DATA360:DS_DATA360(1.3),I,A,THA,WB_WDI_SL_UEM_NEET_ME_ZS,_T,_T,_T,PT,_Z,_Z,_Z,_Z,RATIO,2,WB_WDI,P1Y,0,A,PU,Annual,Thailand,"Share of youth not in education, employment or training, total (% of youth population) (modeled ILO estimate)",Total,All age ranges or no breakdown by age,Total,Percentage,Not Applicable,Not Applicable,Not Applicable,Not Applicable,Ratio,Two,World Development Indicators (WDI),Annual,Units,Normal value,Public,10.514,10.853,10.154,11.905,13.71,12.52,12.55,12.85,14.373,13.324,13.591,14.966,15.585,14.782,14.88,15.135,14.751,13.347,12.463,12.824,12.889
datastructure,WB.DATA360:DS_DATA360(1.3),I,A,BGD,WB_WDI_SL_UEM_NEET_ME_ZS,_T,_T,_T,PT,_Z,_Z,_Z,_Z,RATIO,2,WB_WDI,P1Y,0,A,PU,Annual,Bangladesh,"Share of youth not in education, employment or training, total (% of youth population) (modeled ILO estimate)",Total,All age ranges or no breakdown by age,Total,Percentage,Not Applicable,Not Applicable,Not Applicable,Not Applicable,Ratio,Two,World Development Indicators (WDI),Annual,Units,Normal value,Public,30.99,32.256,32.168,32.086,31.753,30.06,29.686,29.479,29.311,29.345,29.124,28.88,27.386,24.753,22.067,20.161,17.505,14.958,14.338,15.431,15.598
datastructure,WB.DATA360:DS_DATA360(1.3),I,A,AGO,WB_WDI_SL_UEM_NEET_ME_ZS,_T,_T,_T,PT,_Z,_Z,_Z,_Z,RATIO,2,WB_WDI,P1Y,0,A,PU,Annual,Angola,"Share of youth not in education, employment or training, total (% of youth population) (modeled ILO estimate)",Total,All age ranges or no breakdown by age,Total,Percentage,Not Applicable,Not Applicable,Not Applicable,Not Applicable,Ratio,Two,World Development Indicators (WDI),Annual,Units,Normal value,Public,26.231,26.046,25.839,25.744,25.812,27.273,28.431,29.047,29.767,30.622,29.109,27.521,26.03,24.582,22.922,23.591,21.639,24.766,24.68,24.739,24.799
datastructure,WB.DATA360:DS_DATA360(1.3),I,A,MMR,WB_WDI_SL_UEM_NEET_ME_ZS,_T,_T,_T,PT,_Z,_Z,_Z,_Z,RATIO,2,WB_WDI,P1Y,0,A,PU,Annual,Myanmar,"Share of youth not in education, employment or training, total (% of youth population) (modeled ILO estimate)",Total,All age ranges or no breakdown by age,Total,Percentage,Not Applicable,Not Applicable,Not Applicable,Not Applicable,Ratio,Two,World Development Indicators (WDI),Annual,Units,Normal value,Public,17.298,17.648,17.972,18.076,18.178,18.249,18.228,18.486,18.554,18.609,18.62,17.799,16.586,12.786,13.782,15.02,16.922,16.171,16.127,16.227,16.326
datastructure,WB.DATA360:DS_DATA360(1.3),I,A,KHM,WB_WDI_SL_UEM_NEET_ME_ZS,_T,_T,_T,PT,_Z,_Z,_Z,_Z,RATIO,2,WB_WDI,P1Y,0,A,PU,Annual,Cambodia,"Share of youth not in education, employment or training, total (% of youth population) (modeled ILO estimate)",Total,All age ranges or no breakdown by age,Total,Percentage,Not Applicable,Not Applicable,Not Applicable,Not Applicable,Ratio,Two,World Development Indicators (WDI),Annual,Units,Normal value,Public,8.159,7.933,7.738,7.864,7.13,8.564,10.045,12.718,13.658,13.499,13.053,12.586,12.196,11.741,11.383,11.625,13.067,11.43,11.023,11.015,11.008
datastructure,WB.DATA360:DS_DATA360(1.3),I,A,VNM,WB_WDI_SL_UEM_NEET_ME_ZS,_T,_T,_T,PT,_Z,_Z,_Z,_Z,RATIO,2,WB_WDI,P1Y,0,A,PU,Annual,Vietnam,"Share of youth not in education, employment or training, total (% of youth population) (modeled ILO estimate)",Total,All age ranges or no breakdown by age,Total,Percentage,Not Applicable,Not Applicable,Not Applicable,Not Applicable,Ratio,Two,World Development Indicators (WDI),Annual,Units,Normal value,Public,10.884,10.812,10.6,10.518,10.271,8.242,8.292,9.438,9.987,9.727,9.884,9.47,9.702,8.305,13.237,14.184,14.922,11.062,10.818,10.847,10.877
datastructure,WB.DATA360:DS_DATA360(1.3),I,A,MAC,WB_WDI_SL_UEM_NEET_ME_ZS,_T,_T,_T,PT,_Z,_Z,_Z,_Z,RATIO,2,WB_WDI,P1Y,0,A,PU,Annual,"Macao SAR, China","Share of youth not in education, employment or training, total (% of youth population) (modeled ILO estimate)",Total,All age ranges or no breakdown by age,Total,Percentage,Not Applicable,Not Applicable,Not Applicable,Not Applicable,Ratio,Two,World Development Indicators (WDI),Annual,Units,Normal value,Public,8.875,8.766,8.015,7.514,7.19,6.19,6.3,5.76,5.27,5.0,5.31,4.96,5.142,5.876,6.024,6.871,5.76,4.83,3.623,3.657,3.691
datastructure,WB.DATA360:DS_DATA360(1.3),I,A,HND,WB_WDI_SL_UEM_NEET_ME_ZS,_T,_T,_T,PT,_Z,_Z,_Z,_Z,RATIO,2,WB_WDI,P1Y,0,A,PU,Annual,Honduras,"Share of youth not in education, employment or training, total (% of youth population) (modeled ILO estimate)",Total,All age ranges or no breakdown by age,Total,Percentage,Not Applicable,Not Applicable,Not Applicable,Not Applicable,Ratio,Two,World Development Indicators (WDI),Annual,Units,Normal value,Public,27.019,26.837,27.581,25.887,26.62,26.206,27.552,28.668,26.81,28.674,26.957,27.817,27.716,26.681,28.106,32.136,31.916,31.232,30.39,30.75,30.808
datastructure,WB.DATA360:DS_DATA360(1.3),I,A,PER,WB_WDI_SL_UEM_NEET_ME_ZS,_T,_T,_T,PT,_Z,_Z,_Z,_Z,RATIO,2,WB_WDI,P1Y,0,A,PU,Annual,Peru,"Share of youth not in education, employment or training, total (% of youth population) (modeled ILO estimate)",Total,All age ranges or no breakdown by age,Total,Percentage,Not Applicable,Not Applicable,Not Applicable,Not Applicable,Ratio,Two,World Development Indicators (WDI),Annual,Units,Normal value,Public,23.986,18.744,16.991,16.643,16.084,15.191,15.83,15.244,16.327,16.647,18.586,19.196,17.353,17.749,16.873,25.676,22.695,22.779,24.061,24.015,23.971
datastructure,WB.DATA360:DS_DATA360(1.3),I,A,SOM,WB_WDI_SL_UEM_NEET_ME_ZS,_T,_T,_T,PT,_Z,_Z,_Z,_Z,RATIO,2,WB_WDI,P1Y,0,A,PU,Annual,"Somalia, Federal Republic of","Share of youth not in education, employment or training, total (% of youth population) (modeled ILO estimate)",Total,All age ranges or no breakdown by age,Total,Percentage,Not Applicable,Not Applicable,Not Applicable,Not Applicable,Ratio,Two,World Development Indicators (WDI),Annual,Units,Normal value,Public,44.727,44.389,44.098,43.974,43.918,43.876,43.876,43.885,43.725,43.654,43.58,43.697,43.517,43.677,43.734,44.157,44.092,43.994,43.914,43.8,43.641
datastructure,WB.DATA360:DS_DATA360(1.3),I,A,NAC,WB_WDI_SL_UEM_NEET_ME_ZS,_T,_T,_T,PT,_Z,_Z,_Z,_Z,RATIO,2,WB_WDI,P1Y,0,A,PU,Annual,North America,"Share of youth not in education, employment or training, total (% of youth population) (modeled ILO estimate)",Total,All age ranges or no breakdown by age,Total,Percentage,Not Applicable,Not Applicable,Not Applicable,Not Applicable,Ratio,Two,World Development Indicators (WDI),Annual,Units,Normal value,Public,13.112499321158866,12.432592471669171,12.258222219465868,12.973646079040778,14.930023758228618,15.086319675215018,14.299406739851875,13.845941093084148,14.243272764163123,13.403257026568093,12.519709628835233,12.09867459561352,11.075674076602631,11.044725791367387,10.565593040552177,14.27146266327269,12.261677069822666,11.277554708559036,11.24325240005963,11.731940492759826,11.783000329845253
datastructure,WB.DATA360:DS_DATA360(1.3),I,A,OMN,WB_WDI_SL_UEM_NEET_ME_ZS,_T,_T,_T,PT,_Z,_Z,_Z,_Z,RATIO,2,WB_WDI,P1Y,0,A,PU,Annual,Oman,"Share of youth not in education, employment or training, total (% of youth population) (modeled ILO estimate)",Total,All age ranges or no breakdown by age,Total,Percentage,Not Applicable,Not Applicable,Not Applicable,Not Applicable,Ratio,Two,World Development Indicators (WDI),Annual,Units,Normal value,Public,34.111,33.831,33.64,33.358,32.663,31.439,30.444,29.555,28.675,27.424,26.425,25.623,24.886,23.673,23.863,25.249,24.6,25.5,25.37,25.463,25.557
datastructure,WB.DATA360:DS_DATA360(1.3),I,A,WSM,WB_WDI_SL_UEM_NEET_ME_ZS,_T,_T,_T,PT,_Z,_Z,_Z,_Z,RATIO,2,WB_WDI,P1Y,0,A,PU,Annual,Samoa,"Share of youth not in education, employment or training, total (% of youth population) (modeled ILO estimate)",Total,All age ranges or no breakdown by age,Total,Percentage,Not Applicable,Not Applicable,Not Applicable,Not Applicable,Ratio,Two,World Development Indicators (WDI),Annual,Units,Normal value,Public,27.329,27.417,27.594,27.772,27.95,27.956,28.019,28.844,28.854,28.782,28.798,28.719,28.737,28.84,28.921,29.569,29.928,30.09,29.984,30.02,30.063
datastructure,WB.DATA360:DS_DATA360(1.3),I,A,SAS,WB_WDI_SL_UEM_NEET_ME_ZS,_T,_T,_T,PT,_Z,_Z,_Z,_Z,RATIO,2,WB_WDI,P1Y,0,A,PU,Annual,South Asia,"Share of youth not in education, employment or training, total (% of youth population) (modeled ILO estimate)",Total,All age ranges or no breakdown by age,Total,Percentage,Not Applicable,Not Applicable,Not Applicable,Not Applicable,Ratio,Two,World Development Indicators (WDI),Annual,Units,Normal value,Public,29.671534540690818,29.714652215458905,29.540166675863112,29.32966237530163,29.233349622379347,28.8052418747272,27.687647699798816,27.049004469277573,27.627901025395506,27.989867716052654,28.35292230759773,28.820734510979324,29.17931017197625,29.463233426879327,29.008139615265936,29.507001621056048,26.85416444393258,24.61958900596943,22.571564236700386,23.267919409946412,23.37474031150628
datastructure,WB.DATA360:DS_DATA360(1.3),I,A,TZA,WB_WDI_SL_UEM_NEET_ME_ZS,_T,_T,_T,PT,_Z,_Z,_Z,_Z,RATIO,2,WB_WDI,P1Y,0,A,PU,Annual,Tanzania,"Share of youth not in education, employment or training, total (% of youth population) (modeled ILO estimate)",Total,All age ranges or no breakdown by age,Total,Percentage,Not Applicable,Not Applicable,Not Applicable,Not Applicable,Ratio,Two,World Development Indicators (WDI),Annual,Units,Normal value,Public,9.01,9.005,9.639,10.265,10.859,12.265,13.699,14.401,15.209,14.932,14.497,13.941,13.305,12.646,11.981,11.671,11.526,11.069,11.062,11.095,11.128
datastructure,WB.DATA360:DS_DATA360(1.3),I,A,NPL,WB_WDI_SL_UEM_NEET_ME_ZS,_T,_T,_T,PT,_Z,_Z,_Z,_Z,RATIO,2,WB_WDI,P1Y,0,A,PU,Annual,Nepal,"Share of youth not in education, employment or training, total (% of youth population) (modeled ILO estimate)",Total,All age ranges or no breakdown by age,Total,Percentage,Not Applicable,Not Applicable,Not Applicable,Not Applicable,Ratio,Two,World Development Indicators (WDI),Annual,Units,Normal value,Public,14.347,14.169,13.968,13.779,15.969,17.907,20.173,22.407,24.666,27.165,29.859,32.485,34.763,34.261,33.485,33.997,32.922,32.166,30.834,30.748,30.665
datastructure,WB.DATA360:DS_DATA360(1.3),I,A,GEO,WB_WDI_SL_UEM_NEET_ME_ZS,_T,_T,_T,PT,_Z,_Z,_Z,_Z,RATIO,2,WB_WDI,P1Y,0,A,PU,Annual,Georgia,"Share of youth not in education, employment or training, total (% of youth population) (modeled ILO estimate)",Total,All age ranges or no breakdown by age,Total,Percentage,Not Applicable,Not Applicable,Not Applicable,Not Applicable,Ratio,Two,World Development Indicators (WDI),Annual,Units,Normal value,Public,27.852,29.276,29.847,32.442,35.608,34.141,33.696,32.562,30.954,28.772,27.436,26.815,24.758,26.851,25.998,24.906,24.317,23.708,23.81,23.89,23.97
datastructure,WB.DATA360:DS_DATA360(1.3),I,A,KGZ,WB_WDI_SL_UEM_NEET_ME_ZS,_T,_T,_T,PT,_Z,_Z,_Z,_Z,RATIO,2,WB_WDI,P1Y,0,A,PU,Annual,Kyrgyz Republic,"Share of youth not in education, employment or training, total (% of youth population) (modeled ILO estimate)",Total,All age ranges or no breakdown by age,Total,Percentage,Not Applicable,Not Applicable,Not Applicable,Not Applicable,Ratio,Two,World Development Indicators (WDI),Annual,Units,Normal value,Public,16.681,16.825,17.371,17.475,17.8,19.072,17.691,18.043,22.592,21.43,21.674,20.545,21.523,20.691,21.553,22.719,19.964,19.826,19.307,19.382,19.458
datastructure,WB.DATA360:DS_DATA360(1.3),I,A,SVN,WB_WDI_SL_UEM_NEET_ME_ZS,_T,_T,_T,PT,_Z,_Z,_Z,_Z,RATIO,2,WB_WDI,P1Y,0,A,PU,Annual,Slovenia,"Share of youth not in education, employment or training, total (% of youth population) (modeled ILO estimate)",Total,All age ranges or no breakdown by age,Total,Percentage,Not Applicable,Not Applicable,Not Applicable,Not Applicable,Ratio,Two,World Development Indicators (WDI),Annual,Units,Normal value,Public,8.934,8.518,6.697,6.498,7.457,7.11,7.076,9.277,9.239,9.417,9.506,8.032,6.518,6.619,7.029,7.683,6.597,8.234,7.27,7.125,7.144
datastructure,WB.DATA360:DS_DATA360(1.3),I,A,EAS,WB_WDI_SL_UEM_NEET_ME_ZS,_T,_T,_T,PT,_Z,_Z,_Z,_Z,RATIO,2,WB_WDI,P1Y,0,A,PU,Annual,East Asia & Pacific,"Share of youth not in education, employment or training, total (% of youth population) (modeled ILO estimate)",Total,All age ranges or no breakdown by age,Total,Percentage,Not Applicable,Not Applicable,Not Applicable,Not Applicable,Ratio,Two,World Development Indicators (WDI),Annual,Units,Normal value,Public,17.94564636960497,17.881920327137276,17.636155507451893,17.384622102327548,17.327794321445086,16.74008618605197,16.31670390759056,15.712206872591139,15.354523824246542,14.739494346682779,14.542930382824041,14.224061500465107,13.796472742802136,13.02057960041857,13.031288096566861,14.333247883662954,13.468363769606533,12.754847328817036,12.590485153881291,12.598248035773345,12.837546919827258
datastructure,WB.DATA360:DS_DATA360(1.3),I,A,CUB,WB_WDI_SL_UEM_NEET_ME_ZS,_T,_T,_T,PT,_Z,_Z,_Z,_Z,RATIO,2,WB_WDI,P1Y,0,A,PU,Annual,Cuba,"Share of youth not in education, employment or training, total (% of youth population) (modeled ILO estimate)",Total,All age ranges or no breakdown by age,Total,Percentage,Not Applicable,Not Applicable,Not Applicable,Not Applicable,Ratio,Two,World Development Indicators (WDI),Annual,Units,Normal value,Public,14.583,13.63,12.713,12.077,11.73,13.3,14.43,15.169,15.436,14.542,14.021,13.49,12.751,12.381,12.173,13.855,12.965,12.02,11.845,11.603,11.532
datastructure,WB.DATA360:DS_DATA360(1.3),I,A,GBR,WB_WDI_SL_UEM_NEET_ME_ZS,_T,_T,_T,PT,_Z,_Z,_Z,_Z,RATIO,2,WB_WDI,P1Y,0,A,PU,Annual,United Kingdom,"Share of youth not in education, employment or training, total (% of youth population) (modeled ILO estimate)",Total,All age ranges or no breakdown by age,Total,Percentage,Not Applicable,Not Applicable,Not Applicable,Not Applicable,Ratio,Two,World Development Indicators (WDI),Annual,Units,Normal value,Public,13.896,14.299,14.285,14.545,15.89,16.189,16.565,16.193,15.399,13.992,12.895,12.692,12.261,12.333,12.335,12.607,11.41,11.809,12.802,14.3,14.292
datastructure,WB.DATA360:DS_DATA360(1.3),I,A,MDG,WB_WDI_SL_UEM_NEET_ME_ZS,_T,_T,_T,PT,_Z,_Z,_Z,_Z,RATIO,2,WB_WDI,P1Y,0,A,PU,Annual,Madagascar,"Share of youth not in education, employment or training, total (% of youth population) (modeled ILO estimate)",Total,All age ranges or no breakdown by age,Total,Percentage,Not Applicable,Not Applicable,Not Applicable,Not Applicable,Ratio,Two,World Development Indicators (WDI),Annual,Units,Normal value,Public,22.252,22.325,22.391,22.493,22.761,23.191,22.456,21.414,21.863,22.25,22.662,23.034,23.308,23.591,23.903,24.764,24.7,24.327,24.176,24.265,24.354
datastructure,WB.DATA360:DS_DATA360(1.3),I,A,IDA,WB_WDI_SL_UEM_NEET_ME_ZS,_T,_T,_T,PT,_Z,_Z,_Z,_Z,RATIO,2,WB_WDI,P1Y,0,A,PU,Annual,IDA total,"Share of youth not in education, employment or training, total (% of youth population) (modeled ILO estimate)",Total,All age ranges or no breakdown by age,Total,Percentage,Not Applicable,Not Applicable,Not Applicable,Not Applicable,Ratio,Two,World Development Indicators (WDI),Annual,Units,Normal value,Public,24.12620351917936,24.30979150078443,24.13116605492515,23.89476066679812,23.534693490828534,23.353935478130815,23.408901759783113,23.730097853068166,23.50907968482226,23.835964471025978,24.058397167374324,24.343301666509554,24.50359270375941,24.41787713213419,24.27133231111263,25.471183534755177,24.9277338512888,24.37524026370478,23.538960499839845,23.6265245055775,23.6794305744294
datastructure,WB.DATA360:DS_DATA360(1.3),I,A,SGP,WB_WDI_SL_UEM_NEET_ME_ZS,_T,_T,_T,PT,_Z,_Z,_Z,_Z,RATIO,2,WB_WDI,P1Y,0,A,PU,Annual,Singapore,"Share of youth not in education, employment or training, total (% of youth population) (modeled ILO estimate)",Total,All age ranges or no breakdown by age,Total,Percentage,Not Applicable,Not Applicable,Not Applicable,Not Applicable,Ratio,Two,World Development Indicators (WDI),Annual,Units,Normal value,Public,9.717,8.914,8.645,8.318,9.225,7.923,7.798,7.448,7.68,7.531,7.533,7.76,8.15,7.657,7.419,8.541,7.543,6.623,6.757,6.009,6.048
datastructure,WB.DATA360:DS_DATA360(1.3),I,A,TKM,WB_WDI_SL_UEM_NEET_ME_ZS,_T,_T,_T,PT,_Z,_Z,_Z,_Z,RATIO,2,WB_WDI,P1Y,0,A,PU,Annual,Turkmenistan,"Share of youth not in education, employment or training, total (% of youth population) (modeled ILO estimate)",Total,All age ranges or no breakdown by age,Total,Percentage,Not Applicable,Not Applicable,Not Applicable,Not Applicable,Ratio,Two,World Development Indicators (WDI),Annual,Units,Normal value,Public,25.79,25.235,24.506,24.233,24.346,24.262,24.112,23.983,23.759,23.365,22.705,22.021,21.227,20.398,19.645,19.301,18.424,17.474,17.002,16.82,17.027
datastructure,WB.DATA360:DS_DATA360(1.3),I,A,BFA,WB_WDI_SL_UEM_NEET_ME_ZS,_T,_T,_T,PT,_Z,_Z,_Z,_Z,RATIO,2,WB_WDI,P1Y,0,A,PU,Annual,Burkina Faso,"Share of youth not in education, employment or training, total (% of youth population) (modeled ILO estimate)",Total,All age ranges or no breakdown by age,Total,Percentage,Not Applicable,Not Applicable,Not Applicable,Not Applicable,Ratio,Two,World Development Indicators (WDI),Annual,Units,Normal value,Public,22.955,22.693,22.701,23.041,23.447,23.767,24.066,24.378,24.844,25.34,25.893,26.332,26.759,27.181,24.297,23.942,22.865,21.942,24.804,24.804,24.909
datastructure,WB.DATA360:DS_DATA360(1.3),I,A,ETH,WB_WDI_SL_UEM_NEET_ME_ZS,_T,_T,_T,PT,_Z,_Z,_Z,_Z,RATIO,2,WB_WDI,P1Y,0,A,PU,Annual,Ethiopia,"Share of youth not in education, employment or training, total (% of youth population) (modeled ILO estimate)",Total,All age ranges or no breakdown by age,Total,Percentage,Not Applicable,Not Applicable,Not Applicable,Not Applicable,Ratio,Two,World Development Indicators (WDI),Annual,Units,Normal value,Public,10.654,10.524,10.498,10.496,10.487,10.394,10.413,10.457,10.482,11.421,12.223,13.07,13.921,14.806,15.636,17.2,17.529,17.175,17.101,17.151,17.201
datastructure,WB.DATA360:DS_DATA360(1.3),I,A,IRQ,WB_WDI_SL_UEM_NEET_ME_ZS,_T,_T,_T,PT,_Z,_Z,_Z,_Z,RATIO,2,WB_WDI,P1Y,0,A,PU,Annual,Iraq,"Share of youth not in education, employment or training, total (% of youth population) (modeled ILO estimate)",Total,All age ranges or no breakdown by age,Total,Percentage,Not Applicable,Not Applicable,Not Applicable,Not Applicable,Ratio,Two,World Development Indicators (WDI),Annual,Units,Normal value,Public,45.972,45.99,46.236,45.055,44.14,43.059,41.955,40.645,40.054,39.618,39.22,38.377,38.323,37.845,37.322,37.565,36.932,36.326,36.429,36.692,36.894
datastructure,WB.DATA360:DS_DATA360(1.3),I,A,TCD,WB_WDI_SL_UEM_NEET_ME_ZS,_T,_T,_T,PT,_Z,_Z,_Z,_Z,RATIO,2,WB_WDI,P1Y,0,A,PU,Annual,Chad,"Share of youth not in education, employment or training, total (% of youth population) (modeled ILO estimate)",Total,All age ranges or no breakdown by age,Total,Percentage,Not Applicable,Not Applicable,Not Applicable,Not Applicable,Ratio,Two,World Development Indicators (WDI),Annual,Units,Normal value,Public,34.607,34.816,35.024,35.223,35.385,35.507,35.647,35.761,35.922,36.07,36.429,36.67,36.894,37.047,37.069,37.317,37.376,37.252,37.399,37.537,37.674
datastructure,WB.DATA360:DS_DATA360(1.3),I,A,GAB,WB_WDI_SL_UEM_NEET_ME_ZS,_T,_T,_T,PT,_Z,_Z,_Z,_Z,RATIO,2,WB_WDI,P1Y,0,A,PU,Annual,Gabon,"Share of youth not in education, employment or training, total (% of youth population) (modeled ILO estimate)",Total,All age ranges or no breakdown by age,Total,Percentage,Not Applicable,Not Applicable,Not Applicable,Not Applicable,Ratio,Two,World Development Indicators (WDI),Annual,Units,Normal value,Public,30.849,31.045,30.94,31.126,31.101,30.904,30.505,30.268,29.97,29.818,29.665,29.559,29.352,29.202,28.995,29.486,29.169,28.939,28.903,29.086,29.369
datastructure,WB.DATA360:DS_DATA360(1.3),I,A,BIH,WB_WDI_SL_UEM_NEET_ME_ZS,_T,_T,_T,PT,_Z,_Z,_Z,_Z,RATIO,2,WB_WDI,P1Y,0,A,PU,Annual,Bosnia and Herzegovina,"Share of youth not in education, employment or training, total (% of youth population) (modeled ILO estimate)",Total,All age ranges or no breakdown by age,Total,Percentage,Not Applicable,Not Applicable,Not Applicable,Not Applicable,Ratio,Two,World Development Indicators (WDI),Annual,Units,Normal value,Public,35.629,35.488,32.357,27.375,26.628,28.728,28.304,28.923,26.634,27.097,28.348,27.09,25.506,22.605,22.598,21.805,19.302,17.623,15.98,16.114,16.247
datastructure,WB.DATA360:DS_DATA360(1.3),I,A,BOL,WB_WDI_SL_UEM_NEET_ME_ZS,_T,_T,_T,PT,_Z,_Z,_Z,_Z,RATIO,2,WB_WDI,P1Y,0,A,PU,Annual,Bolivia,"Share of youth not in education, employment or training, total (% of youth population) (modeled ILO estimate)",Total,All age ranges or no breakdown by age,Total,Percentage,Not Applicable,Not Applicable,Not Applicable,Not Applicable,Ratio,Two,World Development Indicators (WDI),Annual,Units,Normal value,Public,12.08,10.786,11.019,9.685,9.179,10.029,10.854,10.414,10.45,11.158,14.561,10.791,11.577,10.834,11.606,13.702,10.976,9.969,9.597,8.021,7.746
datastructure,WB.DATA360:DS_DATA360(1.3),I,A,NAM,WB_WDI_SL_UEM_NEET_ME_ZS,_T,_T,_T,PT,_Z,_Z,_Z,_Z,RATIO,2,WB_WDI,P1Y,0,A,PU,Annual,Namibia,"Share of youth not in education, employment or training, total (% of youth population) (modeled ILO estimate)",Total,All age ranges or no breakdown by age,Total,Percentage,Not Applicable,Not Applicable,Not Applicable,Not Applicable,Ratio,Two,World Development Indicators (WDI),Annual,Units,Normal value,Public,29.441,29.534,29.602,29.538,29.55,29.345,30.378,31.15,32.007,30.471,31.944,33.545,32.745,31.884,31.41,31.94,31.459,30.793,30.527,30.597,30.667
datastructure,WB.DATA360:DS_DATA360(1.3),I,A,MEX,WB_WDI_SL_UEM_NEET_ME_ZS,_T,_T,_T,PT,_Z,_Z,_Z,_Z,RATIO,2,WB_WDI,P1Y,0,A,PU,Annual,Mexico,"Share of youth not in education, employment or training, total (% of youth population) (modeled ILO estimate)",Total,All age ranges or no breakdown by age,Total,Percentage,Not Applicable,Not Applicable,Not Applicable,Not Applicable,Ratio,Two,World Development Indicators (WDI),Annual,Units,Normal value,Public,21.458,21.3,21.089,21.913,22.144,22.177,21.77,21.099,20.437,20.25,19.716,19.498,18.701,18.412,18.299,20.052,17.918,16.824,15.913,15.885,15.976
datastructure,WB.DATA360:DS_DATA360(1.3),I,A,PYF,WB_WDI_SL_UEM_NEET_ME_ZS,_T,_T,_T,PT,_Z,_Z,_Z,_Z,RATIO,2,WB_WDI,P1Y,0,A,PU,Annual,French Polynesia,"Share of youth not in education, employment or training, total (% of youth population) (modeled ILO estimate)",Total,All age ranges or no breakdown by age,Total,Percentage,Not Applicable,Not Applicable,Not Applicable,Not Applicable,Ratio,Two,World Development Indicators (WDI),Annual,Units,Normal value,Public,25.399,25.571,25.637,25.409,25.386,25.212,24.977,24.644,24.362,23.88,23.568,23.382,23.044,22.541,22.382,24.563,23.182,22.076,21.846,21.886,21.859
datastructure,WB.DATA360:DS_DATA360(1.3),I,A,MEA,WB_WDI_SL_UEM_NEET_ME_ZS,_T,_T,_T,PT,_Z,_Z,_Z,_Z,RATIO,2,WB_WDI,P1Y,0,A,PU,Annual,"Middle East, North Africa, Afghanistan & Pakistan","Share of youth not in education, employment or training, total (% of youth population) (modeled ILO estimate)",Total,All age ranges or no breakdown by age,Total,Percentage,Not Applicable,Not Applicable,Not Applicable,Not Applicable,Ratio,Two,World Development Indicators (WDI),Annual,Units,Normal value,Public,34.54799995415742,34.48204253060523,33.70283193268717,33.02818204797229,32.37249330623512,32.548797682584755,32.596969580594724,32.36346812953113,31.49607961513725,31.190048853618475,31.10360202206448,30.87736137592325,31.009043320761915,31.083421048328734,30.563945985044025,33.70982731164228,32.919296371209654,32.51589602641914,31.942803645071002,32.056007272330234,32.12150524272492
datastructure,WB.DATA360:DS_DATA360(1.3),I,A,VUT,WB_WDI_SL_UEM_NEET_ME_ZS,_T,_T,_T,PT,_Z,_Z,_Z,_Z,RATIO,2,WB_WDI,P1Y,0,A,PU,Annual,Vanuatu,"Share of youth not in education, employment or training, total (% of youth population) (modeled ILO estimate)",Total,All age ranges or no breakdown by age,Total,Percentage,Not Applicable,Not Applicable,Not Applicable,Not Applicable,Ratio,Two,World Development Indicators (WDI),Annual,Units,Normal value,Public,24.362,24.236,24.895,25.537,26.33,31.847,32.256,32.673,33.053,33.333,33.528,33.735,33.919,34.192,34.5,47.532,34.323,34.399,34.561,34.624,34.816
datastructure,WB.DATA360:DS_DATA360(1.3),I,A,EMU,WB_WDI_SL_UEM_NEET_ME_ZS,_T,_T,_T,PT,_Z,_Z,_Z,_Z,RATIO,2,WB_WDI,P1Y,0,A,PU,Annual,Euro area,"Share of youth not in education, employment or training, total (% of youth population) (modeled ILO estimate)",Total,All age ranges or no breakdown by age,Total,Percentage,Not Applicable,Not Applicable,Not Applicable,Not Applicable,Ratio,Two,World Development Indicators (WDI),Annual,Units,Normal value,Public,12.38125550362126,11.515572774675563,11.007216584416998,11.067599406522183,12.857856350886822,12.875690513634241,12.964333511337934,13.13794209357138,13.494881841138257,13.062674748927229,12.64224825812781,12.166618337373857,11.65330201635185,11.139622233862193,10.680292385131725,11.736860814338106,11.114134498059254,9.998109856619582,9.727354064978146,9.78349682873074,9.82813773747396
datastructure,WB.DATA360:DS_DATA360(1.3),I,A,RUS,WB_WDI_SL_UEM_NEET_ME_ZS,_T,_T,_T,PT,_Z,_Z,_Z,_Z,RATIO,2,WB_WDI,P1Y,0,A,PU,Annual,Russian Federation,"Share of youth not in education, employment or training, total (% of youth population) (modeled ILO estimate)",Total,All age ranges or no breakdown by age,Total,Percentage,Not Applicable,Not Applicable,Not Applicable,Not Applicable,Ratio,Two,World Development Indicators (WDI),Annual,Units,Normal value,Public,16.444,16.46,15.383,14.405,15.283,14.53,12.97,12.26,12.08,12.29,12.32,12.71,13.017,13.248,13.022,13.58,13.15,12.967,11.707,11.74,11.774
datastructure,WB.DATA360:DS_DATA360(1.3),I,A,WLD,WB_WDI_SL_UEM_NEET_ME_ZS,_T,_T,_T,PT,_Z,_Z,_Z,_Z,RATIO,2,WB_WDI,P1Y,0,A,PU,Annual,World,"Share of youth not in education, employment or training, total (% of youth population) (modeled ILO estimate)",Total,All age ranges or no breakdown by age,Total,Percentage,Not Applicable,Not Applicable,Not Applicable,Not Applicable,Ratio,Two,World Development Indicators (WDI),Annual,Units,Normal value,Public,22.69702835901323,22.56335228581116,22.293617025553264,22.095176877056453,22.181338233302743,21.9053354477161,21.467052739760263,21.18800300909042,21.192296302816512,21.12901122381736,21.240818508898066,21.40339967300941,21.458423537679096,21.427507207654365,21.353897902268653,22.72566417312148,21.40090376401017,20.428893982169868,19.486929107859282,19.66924392411864,19.79573510554566
datastructure,WB.DATA360:DS_DATA360(1.3),I,A,QAT,WB_WDI_SL_UEM_NEET_ME_ZS,_T,_T,_T,PT,_Z,_Z,_Z,_Z,RATIO,2,WB_WDI,P1Y,0,A,PU,Annual,Qatar,"Share of youth not in education, employment or training, total (% of youth population) (modeled ILO estimate)",Total,All age ranges or no breakdown by age,Total,Percentage,Not Applicable,Not Applicable,Not Applicable,Not Applicable,Ratio,Two,World Development Indicators (WDI),Annual,Units,Normal value,Public,10.038,10.244,10.21,9.774,9.4,9.345,8.911,8.9,8.279,7.703,7.545,7.467,7.048,6.722,6.066,5.932,6.968,5.565,5.547,5.568,5.588
datastructure,WB.DATA360:DS_DATA360(1.3),I,A,MNG,WB_WDI_SL_UEM_NEET_ME_ZS,_T,_T,_T,PT,_Z,_Z,_Z,_Z,RATIO,2,WB_WDI,P1Y,0,A,PU,Annual,Mongolia,"Share of youth not in education, employment or training, total (% of youth population) (modeled ILO estimate)",Total,All age ranges or no breakdown by age,Total,Percentage,Not Applicable,Not Applicable,Not Applicable,Not Applicable,Ratio,Two,World Development Indicators (WDI),Annual,Units,Normal value,Public,18.693,18.506,18.375,17.838,18.704,17.629,16.539,17.586,18.39,17.452,16.806,20.454,19.822,18.884,19.528,19.173,17.331,15.318,14.622,14.689,14.756
datastructure,WB.DATA360:DS_DATA360(1.3),I,A,ARM,WB_WDI_SL_UEM_NEET_ME_ZS,_T,_T,_T,PT,_Z,_Z,_Z,_Z,RATIO,2,WB_WDI,P1Y,0,A,PU,Annual,Armenia,"Share of youth not in education, employment or training, total (% of youth population) (modeled ILO estimate)",Total,All age ranges or no breakdown by age,Total,Percentage,Not Applicable,Not Applicable,Not Applicable,Not Applicable,Ratio,Two,World Development Indicators (WDI),Annual,Units,Normal value,Public,24.348,23.842,23.357,30.112,30.701,29.564,29.309,28.54,28.346,28.028,26.208,26.252,26.316,24.746,25.461,25.984,21.892,24.533,20.177,20.302,20.426
datastructure,WB.DATA360:DS_DATA360(1.3),I,A,MLT,WB_WDI_SL_UEM_NEET_ME_ZS,_T,_T,_T,PT,_Z,_Z,_Z,_Z,RATIO,2,WB_WDI,P1Y,0,A,PU,Annual,Malta,"Share of youth not in education, employment or training, total (% of youth population) (modeled ILO estimate)",Total,All age ranges or no breakdown by age,Total,Percentage,Not Applicable,Not Applicable,Not Applicable,Not Applicable,Ratio,Two,World Development Indicators (WDI),Annual,Units,Normal value,Public,11.904,10.337,11.542,8.27,9.881,9.534,10.175,10.818,9.915,10.269,10.538,8.758,8.585,7.365,9.113,9.638,11.61,6.177,7.882,7.629,7.653
datastructure,WB.DATA360:DS_DATA360(1.3),I,A,SSF,WB_WDI_SL_UEM_NEET_ME_ZS,_T,_T,_T,PT,_Z,_Z,_Z,_Z,RATIO,2,WB_WDI,P1Y,0,A,PU,Annual,Sub-Saharan Africa,"Share of youth not in education, employment or training, total (% of youth population) (modeled ILO estimate)",Total,All age ranges or no breakdown by age,Total,Percentage,Not Applicable,Not Applicable,Not Applicable,Not Applicable,Ratio,Two,World Development Indicators (WDI),Annual,Units,Normal value,Public,20.36478301889122,20.237514266270527,20.13199478994747,20.07250717178892,19.917473429246012,19.93836362004165,19.801468273240992,20.099584795116137,20.044823241183316,20.52536593501557,20.925160872439456,21.46525904785745,21.827269930103512,22.230988318568436,22.688697870584587,23.18387826790826,22.85862203377641,22.609524203025583,21.380784705985832,21.35668554922696,21.38963795023587
datastructure,WB.DATA360:DS_DATA360(1.3),I,A,BLR,WB_WDI_SL_UEM_NEET_ME_ZS,_T,_T,_T,PT,_Z,_Z,_Z,_Z,RATIO,2,WB_WDI,P1Y,0,A,PU,Annual,Belarus,"Share of youth not in education, employment or training, total (% of youth population) (modeled ILO estimate)",Total,All age ranges or no breakdown by age,Total,Percentage,Not Applicable,Not Applicable,Not Applicable,Not Applicable,Ratio,Two,World Development Indicators (WDI),Annual,Units,Normal value,Public,16.079,15.1,14.095,13.333,12.08,10.805,9.143,7.713,6.956,6.612,6.276,6.147,5.529,6.649,6.897,6.79,5.476,5.149,6.059,6.122,6.185
datastructure,WB.DATA360:DS_DATA360(1.3),I,A,UMC,WB_WDI_SL_UEM_NEET_ME_ZS,_T,_T,_T,PT,_Z,_Z,_Z,_Z,RATIO,2,WB_WDI,P1Y,0,A,PU,Annual,Upper middle income,"Share of youth not in education, employment or training, total (% of youth population) (modeled ILO estimate)",Total,All age ranges or no breakdown by age,Total,Percentage,Not Applicable,Not Applicable,Not Applicable,Not Applicable,Ratio,Two,World Development Indicators (WDI),Annual,Units,Normal value,Public,21.778302005949737,21.4736240509945,21.12979099102428,20.756996156661955,20.66982813152105,20.10275850401049,19.625326307275895,18.99470456063816,18.701216153729245,18.229300855571918,18.08307804838002,18.043328219187714,17.751503371544942,17.376989262738856,17.214135054809624,18.783711545994795,17.466857932324327,17.068373150722852,16.67874848503494,16.61864839029815,16.82929905125475
datastructure,WB.DATA360:DS_DATA360(1.3),I,A,MIC,WB_WDI_SL_UEM_NEET_ME_ZS,_T,_T,_T,PT,_Z,_Z,_Z,_Z,RATIO,2,WB_WDI,P1Y,0,A,PU,Annual,Middle income,"Share of youth not in education, employment or training, total (% of youth population) (modeled ILO estimate)",Total,All age ranges or no breakdown by age,Total,Percentage,Not Applicable,Not Applicable,Not Applicable,Not Applicable,Ratio,Two,World Development Indicators (WDI),Annual,Units,Normal value,Public,24.445462311471438,24.335700922623545,24.070598973818207,23.783204673191875,23.65402685106383,23.333104592577275,22.83619405181322,22.436625307972474,22.42336541648009,22.339490704015837,22.47777708661565,22.601550413771115,22.642341451819558,22.545947965890743,22.3894148496025,23.64570348767081,22.065089633988723,20.911096382814858,19.95286367513366,20.1826291904107,20.3221138749935
datastructure,WB.DATA360:DS_DATA360(1.3),I,A,NCL,WB_WDI_SL_UEM_NEET_ME_ZS,_T,_T,_T,PT,_Z,_Z,_Z,_Z,RATIO,2,WB_WDI,P1Y,0,A,PU,Annual,New Caledonia,"Share of youth not in education, employment or training, total (% of youth population) (modeled ILO estimate)",Total,All age ranges or no breakdown by age,Total,Percentage,Not Applicable,Not Applicable,Not Applicable,Not Applicable,Ratio,Two,World Development Indicators (WDI),Annual,Units,Normal value,Public,40.114,39.698,39.248,38.956,38.653,38.723,38.819,39.042,39.35,39.587,39.462,39.401,39.239,32.432,27.912,33.022,27.111,23.618,23.503,23.829,24.263
datastructure,WB.DATA360:DS_DATA360(1.3),I,A,NZL,WB_WDI_SL_UEM_NEET_ME_ZS,_T,_T,_T,PT,_Z,_Z,_Z,_Z,RATIO,2,WB_WDI,P1Y,0,A,PU,Annual,New Zealand,"Share of youth not in education, employment or training, total (% of youth population) (modeled ILO estimate)",Total,All age ranges or no breakdown by age,Total,Percentage,Not Applicable,Not Applicable,Not Applicable,Not Applicable,Ratio,Two,World Development Indicators (WDI),Annual,Units,Normal value,Public,11.12,10.73,10.98,11.24,14.25,13.64,13.47,13.78,12.21,11.66,11.54,12.18,11.92,12.04,11.62,12.94,11.88,11.56,11.68,12.75,12.78
datastructure,WB.DATA360:DS_DATA360(1.3),I,A,VEN,WB_WDI_SL_UEM_NEET_ME_ZS,_T,_T,_T,PT,_Z,_Z,_Z,_Z,RATIO,2,WB_WDI,P1Y,0,A,PU,Annual,"Venezuela, RB","Share of youth not in education, employment or training, total (% of youth population) (modeled ILO estimate)",Total,All age ranges or no breakdown by age,Total,Percentage,Not Applicable,Not Applicable,Not Applicable,Not Applicable,Ratio,Two,World Development Indicators (WDI),Annual,Units,Normal value,Public,25.496,24.451,23.391,23.489,20.849,18.797,18.905,19.635,20.354,20.282,20.248,20.253,22.847,22.814,22.947,24.478,24.181,23.615,23.676,23.753,23.831
datastructure,WB.DATA360:DS_DATA360(1.3),I,A,NER,WB_WDI_SL_UEM_NEET_ME_ZS,_T,_T,_T,PT,_Z,_Z,_Z,_Z,RATIO,2,WB_WDI,P1Y,0,A,PU,Annual,Niger,"Share of youth not in education, employment or training, total (% of youth population) (modeled ILO estimate)",Total,All age ranges or no breakdown by age,Total,Percentage,Not Applicable,Not Applicable,Not Applicable,Not Applicable,Ratio,Two,World Development Indicators (WDI),Annual,Units,Normal value,Public,22.906,22.202,21.578,20.943,20.404,19.831,19.429,22.764,23.943,25.199,24.983,24.77,24.593,24.373,24.261,21.375,18.442,15.657,15.841,15.975,16.108
datastructure,WB.DATA360:DS_DATA360(1.3),I,A,NOR,WB_WDI_SL_UEM_NEET_ME_ZS,_T,_T,_T,PT,_Z,_Z,_Z,_Z,RATIO,2,WB_WDI,P1Y,0,A,PU,Annual,Norway,"Share of youth not in education, employment or training, total (% of youth population) (modeled ILO estimate)",Total,All age ranges or no breakdown by age,Total,Percentage,Not Applicable,Not Applicable,Not Applicable,Not Applicable,Ratio,Two,World Development Indicators (WDI),Annual,Units,Normal value,Public,6.359,5.415,4.903,4.462,5.396,5.808,5.564,6.235,6.152,6.43,6.239,6.434,5.905,5.566,5.443,6.152,6.692,6.225,5.717,5.987,5.991
datastructure,WB.DATA360:DS_DATA360(1.3),I,A,PHL,WB_WDI_SL_UEM_NEET_ME_ZS,_T,_T,_T,PT,_Z,_Z,_Z,_Z,RATIO,2,WB_WDI,P1Y,0,A,PU,Annual,Philippines,"Share of youth not in education, employment or training, total (% of youth population) (modeled ILO estimate)",Total,All age ranges or no breakdown by age,Total,Percentage,Not Applicable,Not Applicable,Not Applicable,Not Applicable,Ratio,Two,World Development Indicators (WDI),Annual,Units,Normal value,Public,24.878,25.267,25.624,25.411,25.498,25.941,25.031,24.828,24.441,23.529,23.156,22.808,22.294,20.376,19.338,21.406,17.721,12.96,12.362,12.546,12.73
datastructure,WB.DATA360:DS_DATA360(1.3),I,A,TLS,WB_WDI_SL_UEM_NEET_ME_ZS,_T,_T,_T,PT,_Z,_Z,_Z,_Z,RATIO,2,WB_WDI,P1Y,0,A,PU,Annual,Timor-Leste,"Share of youth not in education, employment or training, total (% of youth population) (modeled ILO estimate)",Total,All age ranges or no breakdown by age,Total,Percentage,Not Applicable,Not Applicable,Not Applicable,Not Applicable,Ratio,Two,World Development Indicators (WDI),Annual,Units,Normal value,Public,25.906,25.797,25.888,23.665,21.401,19.037,19.203,19.349,19.502,19.68,19.831,20.951,23.144,25.209,27.518,29.517,31.171,29.122,28.997,28.99,28.985
datastructure,WB.DATA360:DS_DATA360(1.3),I,A,GIN,WB_WDI_SL_UEM_NEET_ME_ZS,_T,_T,_T,PT,_Z,_Z,_Z,_Z,RATIO,2,WB_WDI,P1Y,0,A,PU,Annual,Guinea,"Share of youth not in education, employment or training, total (% of youth population) (modeled ILO estimate)",Total,All age ranges or no breakdown by age,Total,Percentage,Not Applicable,Not Applicable,Not Applicable,Not Applicable,Ratio,Two,World Development Indicators (WDI),Annual,Units,Normal value,Public,23.495,23.552,23.539,23.723,24.035,24.175,24.377,24.614,24.768,24.885,27.047,28.753,30.472,32.323,34.301,34.578,34.212,33.947,33.817,33.862,33.909
